drive,frame,baseline_idx,baseline_score,baseline_x,baseline_y,baseline_z,matched,warm_idx,warm_score,iou,center_dist,warm_x,warm_y,warm_z,n_carried_over,n_freshly_refilled
2011_09_26_drive_0001_sync,0000000000,0,0.8281156420707703,25.189311981201172,8.581962585449219,-1.6370322704315186,True,7,0.8281156420707703,1.000000238418579,0.0,25.189311981201172,8.581962585449219,-1.6370322704315186,0,0
2011_09_26_drive_0001_sync,0000000000,1,0.5092338919639587,42.61431884765625,7.407992362976074,-1.456986665725708,True,22,0.5092338919639587,1.0,0.0,42.61431884765625,7.407992362976074,-1.456986665725708,0,0
2011_09_26_drive_0001_sync,0000000000,2,0.7618128657341003,33.4407958984375,7.9200215339660645,-1.738966464996338,True,51,0.7618128657341003,0.9999998211860657,0.0,33.4407958984375,7.9200215339660645,-1.738966464996338,0,0
2011_09_26_drive_0001_sync,0000000001,0,0.3668552041053772,32.00936508178711,7.475829124450684,-1.76702880859375,True,84,0.2573283612728119,0.7419602274894714,0.20238324999809265,31.856719970703125,7.348171234130859,-1.8039329051971436,2574,1522
2011_09_26_drive_0001_sync,0000000001,1,0.5543375611305237,41.49570846557617,7.5351176261901855,-1.6307120323181152,True,92,0.6710472702980042,0.7189486026763916,0.03907148912549019,41.51266860961914,7.56912899017334,-1.639776349067688,2574,1522
2011_09_26_drive_0001_sync,0000000001,2,0.36533302068710327,21.3790283203125,15.90073013305664,-0.9728602170944214,True,81,0.07256530225276947,0.8515934944152832,0.13805867731571198,21.277183532714844,15.80752182006836,-0.972640335559845,2574,1522
2011_09_26_drive_0001_sync,0000000001,3,0.7760445475578308,23.821434020996094,8.688435554504395,-1.5695985555648804,True,58,0.6542708277702332,0.8403964042663574,0.1555447280406952,23.925813674926758,8.610486030578613,-1.6545863151550293,2574,1522
2011_09_26_drive_0001_sync,0000000002,0,0.6845588088035583,22.496492385864258,8.637484550476074,-1.6023612022399902,True,76,0.8014737367630005,0.8737478256225586,0.10191039741039276,22.41516876220703,8.633320808410645,-1.6636381149291992,2593,1503
2011_09_26_drive_0001_sync,0000000002,1,0.6403313279151917,30.764938354492188,8.230831146240234,-1.8251906633377075,True,59,0.7850654721260071,0.7768116593360901,0.19344794750213623,30.71416664123535,8.044184684753418,-1.827917218208313,2593,1503
2011_09_26_drive_0001_sync,0000000002,2,0.47294262051582336,39.92009735107422,7.139434337615967,-1.665832757949829,True,91,0.5323060154914856,0.7491720914840698,0.1976880580186844,40.09254455566406,7.10304594039917,-1.5762871503829956,2593,1503
2011_09_26_drive_0001_sync,0000000003,0,0.8932310342788696,21.113855361938477,8.726282119750977,-1.7142407894134521,True,78,0.7391869425773621,0.8923947811126709,0.0998019352555275,21.09578514099121,8.74502182006836,-1.8105876445770264,2597,1499
2011_09_26_drive_0001_sync,0000000003,1,0.48610106110572815,45.44639205932617,6.288912296295166,-1.680220127105713,True,20,0.4464547634124756,0.9303331971168518,0.05373392999172211,45.486820220947266,6.2555928230285645,-1.66827392578125,2597,1499
2011_09_26_drive_0001_sync,0000000003,2,0.7338807582855225,29.3187313079834,7.906735897064209,-1.9023555517196655,True,72,0.6844940185546875,0.8293062448501587,0.1263294368982315,29.41086196899414,7.974075794219971,-1.8481669425964355,2597,1499
2011_09_26_drive_0001_sync,0000000004,0,0.8172647953033447,19.75916290283203,8.806441307067871,-1.707251787185669,True,33,0.8086467385292053,0.9244421124458313,0.0342363566160202,19.781890869140625,8.783286094665527,-1.7181789875030518,2575,1521
2011_09_26_drive_0001_sync,0000000004,1,0.7205445170402527,37.37213134765625,7.453200817108154,-1.6482722759246826,True,72,0.6796075105667114,0.8921958804130554,0.06575268507003784,37.32602310180664,7.415968894958496,-1.676754355430603,2575,1521
2011_09_26_drive_0001_sync,0000000004,2,0.882334291934967,28.162277221679688,8.137608528137207,-1.9076000452041626,True,69,0.7726616859436035,0.7648335099220276,0.10934634506702423,28.177997589111328,8.059767723083496,-1.9827685356140137,2575,1521
2011_09_26_drive_0001_sync,0000000005,0,0.5359342098236084,35.90731430053711,7.609724044799805,-1.595177412033081,True,58,0.6598177552223206,0.8669251799583435,0.06562367081642151,35.87013626098633,7.622048854827881,-1.5425242185592651,2532,1564
2011_09_26_drive_0001_sync,0000000005,1,0.8726440668106079,18.35086441040039,8.785945892333984,-1.5802385807037354,True,66,0.8864195942878723,0.9363011121749878,0.07806263118982315,18.352609634399414,8.782054901123047,-1.6581846475601196,2532,1564
2011_09_26_drive_0001_sync,0000000005,2,0.8662533760070801,26.643945693969727,8.2142915725708,-1.797212839126587,True,60,0.8750178217887878,0.8718025088310242,0.07039603590965271,26.65688705444336,8.249826431274414,-1.737837791442871,2532,1564
2011_09_26_drive_0001_sync,0000000006,0,0.6924287676811218,34.56719207763672,7.979795455932617,-1.6481927633285522,True,18,0.7630955576896667,0.7401458024978638,0.1999131441116333,34.64855194091797,7.798766613006592,-1.6242262125015259,2619,1477
2011_09_26_drive_0001_sync,0000000006,1,0.8834019899368286,17.082544326782227,8.808485984802246,-1.66526198387146,True,44,0.9000059366226196,0.8878882527351379,0.0664646327495575,17.028432846069336,8.816971778869629,-1.7029114961624146,2619,1477
2011_09_26_drive_0001_sync,0000000006,2,0.7419902682304382,25.454782485961914,8.325282096862793,-1.7763721942901611,True,43,0.832077145576477,0.9053654074668884,0.07475464046001434,25.496484756469727,8.265780448913574,-1.793942928314209,2619,1477
2011_09_26_drive_0001_sync,0000000007,0,0.8613219261169434,23.89423370361328,8.339245796203613,-1.8361634016036987,True,66,0.8490812182426453,0.8982436656951904,0.07569728046655655,23.96302032470703,8.33919620513916,-1.8677620887756348,2567,1529
2011_09_26_drive_0001_sync,0000000007,1,0.5230857133865356,40.379295349121094,7.016176223754883,-1.597991704940796,True,47,0.6493474245071411,0.7346677780151367,0.22644548118114471,40.297698974609375,6.8107428550720215,-1.548831582069397,2567,1529
2011_09_26_drive_0001_sync,0000000007,2,0.7603557705879211,33.244022369384766,7.948061466217041,-1.675363540649414,True,72,0.7920699119567871,0.8943504691123962,0.056508660316467285,33.20912170410156,7.903707027435303,-1.672560691833496,2567,1529
2011_09_26_drive_0001_sync,0000000007,3,0.871258020401001,15.665444374084473,8.899816513061523,-1.6990611553192139,True,95,0.8582046627998352,0.8487962484359741,0.1330520212650299,15.73127555847168,8.903620719909668,-1.8146233558654785,2567,1529
2011_09_26_drive_0001_sync,0000000008,0,0.3400225043296814,38.75862503051758,7.421421527862549,-1.8012715578079224,True,39,0.0566614605486393,0.6372323632240295,0.2954317033290863,38.75754928588867,7.712709426879883,-1.7519755363464355,2588,1508
2011_09_26_drive_0001_sync,0000000008,1,0.605226457118988,31.840784072875977,7.746779441833496,-1.8511602878570557,True,60,0.7081964612007141,0.7126924395561218,0.19625024497509003,31.893983840942383,7.9104485511779785,-1.7568397521972656,2588,1508
2011_09_26_drive_0001_sync,0000000008,2,0.8804703950881958,14.360441207885742,8.91677474975586,-1.6857041120529175,True,66,0.86744225025177,0.9004946947097778,0.06308364123106003,14.382108688354492,8.954228401184082,-1.639798879623413,2588,1508
2011_09_26_drive_0001_sync,0000000008,3,0.8521543145179749,22.71446990966797,8.447748184204102,-1.84373140335083,True,24,0.8507457375526428,0.8988833427429199,0.05511321499943733,22.70574378967285,8.470444679260254,-1.8931903839111328,2588,1508
2011_09_26_drive_0001_sync,0000000009,0,0.54042649269104,37.50130081176758,7.303348541259766,-1.5981531143188477,True,23,0.5148658752441406,0.72503262758255,0.20424889028072357,37.38474655151367,7.1744866371154785,-1.7055184841156006,2552,1544
2011_09_26_drive_0001_sync,0000000009,1,0.8619251251220703,13.009904861450195,8.948171615600586,-1.6559784412384033,True,88,0.7643745541572571,0.8370391130447388,0.1647363305091858,13.05265998840332,8.99576473236084,-1.807784080505371,2552,1544
2011_09_26_drive_0001_sync,0000000009,2,0.8832268714904785,21.411296844482422,8.567828178405762,-1.7954845428466797,True,26,0.8526865839958191,0.8968256115913391,0.07250873744487762,21.4198055267334,8.52371883392334,-1.7385680675506592,2552,1544
2011_09_26_drive_0001_sync,0000000009,3,0.8028018474578857,30.513090133666992,7.982475757598877,-1.5958120822906494,True,80,0.7672376036643982,0.9227372407913208,0.055362094193696976,30.563133239746094,7.996395587921143,-1.576657772064209,2552,1544
2011_09_26_drive_0001_sync,0000000010,0,0.5205070376396179,36.31195068359375,7.507796764373779,-1.4962713718414307,True,54,0.6192270517349243,0.8172845244407654,0.1673963963985443,36.184051513671875,7.595131874084473,-1.559800386428833,2535,1561
2011_09_26_drive_0001_sync,0000000010,1,0.8625219464302063,20.06913185119629,8.582399368286133,-1.7693955898284912,True,38,0.873853862285614,0.9254533052444458,0.054769132286310196,20.08489990234375,8.5673189163208,-1.8196310997009277,2535,1561
2011_09_26_drive_0001_sync,0000000010,2,0.7191501259803772,29.335979461669922,8.188782691955566,-1.5920860767364502,True,49,0.8052443265914917,0.7937127947807312,0.12784971296787262,29.3270263671875,8.067543983459473,-1.5525062084197998,2535,1561
2011_09_26_drive_0001_sync,0000000010,3,0.8804095983505249,11.738821029663086,8.963706016540527,-1.7594523429870605,True,98,0.8802086710929871,0.9012327194213867,0.09816774725914001,11.688756942749023,8.98102855682373,-1.6768059730529785,2535,1561
2011_09_26_drive_0001_sync,0000000011,0,0.9047074913978577,10.390447616577148,9.092342376708984,-1.7081929445266724,True,81,0.8549995422363281,0.8731786012649536,0.0681767612695694,10.441498756408691,9.071417808532715,-1.7482430934906006,2572,1524
2011_09_26_drive_0001_sync,0000000011,1,0.8305771946907043,28.169553756713867,8.302286148071289,-1.4849567413330078,True,67,0.8513236045837402,0.7565357685089111,0.20187057554721832,27.97723388671875,8.249907493591309,-1.4529993534088135,2572,1524
2011_09_26_drive_0001_sync,0000000011,2,0.8750806450843811,18.602792739868164,8.719793319702148,-1.699228286743164,True,76,0.8815571665763855,0.8866879940032959,0.044276557862758636,18.644073486328125,8.71389102935791,-1.7141103744506836,2572,1524
2011_09_26_drive_0001_sync,0000000012,0,0.8786641359329224,17.35110855102539,8.780538558959961,-1.7182835340499878,True,18,0.8881306648254395,0.9041117429733276,0.06053023412823677,17.369712829589844,8.784236907958984,-1.7757649421691895,2500,1596
2011_09_26_drive_0001_sync,0000000012,1,0.8369751572608948,26.864261627197266,8.358674049377441,-1.5337402820587158,True,40,0.8419854044914246,0.9158400893211365,0.03032856248319149,26.84977149963379,8.378641128540039,-1.5161001682281494,2500,1596
2011_09_26_drive_0001_sync,0000000012,2,0.8839393258094788,9.139066696166992,9.0963134765625,-1.767571210861206,True,25,0.9050791263580322,0.8804213404655457,0.12028654664754868,9.139934539794922,9.109210014343262,-1.6479811668395996,2500,1596
2011_09_26_drive_0001_sync,0000000013,0,0.44404318928718567,31.84091567993164,8.733818054199219,-1.6458930969238281,True,71,0.4908975064754486,0.7186790704727173,0.25064173340797424,31.675355911254883,8.921804428100586,-1.637386441230774,2532,1564
2011_09_26_drive_0001_sync,0000000013,1,0.3998549282550812,51.84131622314453,6.25294303894043,-1.4432190656661987,True,29,0.49921363592147827,0.7543660402297974,0.18217451870441437,51.78900146484375,6.092001914978027,-1.5106629133224487,2532,1564
2011_09_26_drive_0001_sync,0000000013,2,0.8925057649612427,7.842313766479492,9.08233642578125,-1.7416504621505737,True,17,0.8797758221626282,0.9329656362533569,0.045493852347135544,7.813989639282227,9.077208518981934,-1.7768802642822266,2532,1564
2011_09_26_drive_0001_sync,0000000013,3,0.8675689101219177,25.517066955566406,8.441816329956055,-1.6180591583251953,True,40,0.8602647185325623,0.8965196013450623,0.049888256937265396,25.54070472717285,8.42354679107666,-1.658013105392456,2532,1564
2011_09_26_drive_0001_sync,0000000013,4,0.8737449645996094,16.125019073486328,8.849481582641602,-1.79521644115448,True,94,0.8833245038986206,0.8889141082763672,0.08214941620826721,16.054410934448242,8.825021743774414,-1.829344630241394,2532,1564
2011_09_26_drive_0001_sync,0000000014,0,0.8229129314422607,6.600185394287109,9.177330017089844,-1.8211194276809692,True,28,0.8551617860794067,0.9096146821975708,0.049847476184368134,6.576976776123047,9.133356094360352,-1.8175945281982422,2530,1566
2011_09_26_drive_0001_sync,0000000014,1,0.7875015735626221,30.945497512817383,8.050293922424316,-1.646211862564087,True,25,0.7659972310066223,0.8009376525878906,0.12400785088539124,30.9935302734375,8.159685134887695,-1.6129798889160156,2530,1566
2011_09_26_drive_0001_sync,0000000014,2,0.8981679081916809,24.224651336669922,8.534858703613281,-1.6577273607254028,True,82,0.8861724734306335,0.9204788208007812,0.04808441922068596,24.189414978027344,8.560543060302734,-1.6374585628509521,2530,1566
2011_09_26_drive_0001_sync,0000000014,3,0.5781006217002869,50.40743637084961,6.321379661560059,-1.5251498222351074,True,11,0.5983869433403015,0.9520785808563232,0.044680606573820114,50.382232666015625,6.341603755950928,-1.5560061931610107,2530,1566
2011_09_26_drive_0001_sync,0000000014,4,0.8891887068748474,14.813908576965332,8.858738899230957,-1.8193879127502441,True,30,0.8947102427482605,0.9152774810791016,0.05944766104221344,14.846348762512207,8.810948371887207,-1.833449363708496,2530,1566
2011_09_26_drive_0001_sync,0000000015,0,0.7418596148490906,5.2745466232299805,9.198019027709961,-1.8266212940216064,True,32,0.5548446178436279,0.89234459400177,0.08831387013196945,5.29393196105957,9.154479026794434,-1.9009705781936646,2567,1529
2011_09_26_drive_0001_sync,0000000015,1,0.6520422101020813,29.839275360107422,8.180742263793945,-1.6066619157791138,False,,,0.0,,,,,2567,1529
2011_09_26_drive_0001_sync,0000000015,2,0.36357155442237854,34.96379470825195,8.213404655456543,-1.6527900695800781,True,28,0.3492213785648346,0.8287969827651978,0.21667702496051788,35.17067337036133,8.160737037658691,-1.6898882389068604,2567,1529
2011_09_26_drive_0001_sync,0000000015,3,0.8941735029220581,22.99549674987793,8.586673736572266,-1.6247819662094116,True,33,0.8775337338447571,0.8902043104171753,0.06701268255710602,22.977821350097656,8.624066352844238,-1.5720555782318115,2567,1529
2011_09_26_drive_0001_sync,0000000015,4,0.8841378688812256,13.520013809204102,8.918838500976562,-1.7901952266693115,True,73,0.892997145652771,0.9227357506752014,0.02811427414417267,13.5419340133667,8.916869163513184,-1.8076891899108887,2567,1529
2011_09_26_drive_0001_sync,0000000016,0,0.9071146249771118,12.331588745117188,8.970804214477539,-1.8745546340942383,True,48,0.8875854015350342,0.8990373015403748,0.06646817177534103,12.320318222045898,8.979135513305664,-1.9395283460617065,2532,1564
2011_09_26_drive_0001_sync,0000000016,1,0.8684782385826111,21.684362411499023,8.655173301696777,-1.601656198501587,True,39,0.877138078212738,0.8936024308204651,0.05603046342730522,21.667133331298828,8.68813705444336,-1.6435604095458984,2532,1564
2011_09_26_drive_0001_sync,0000000016,2,0.8200945854187012,28.39703941345215,8.347783088684082,-1.692861557006836,True,66,0.7382210493087769,0.785098671913147,0.2238255739212036,28.601282119750977,8.438234329223633,-1.70705246925354,2532,1564
2011_09_26_drive_0001_sync,0000000016,3,0.838833212852478,4.058074951171875,9.214458465576172,-1.9102675914764404,True,72,0.8065796494483948,0.929045557975769,0.04890451580286026,4.037527561187744,9.20694351196289,-1.866529941558838,2532,1564
2011_09_26_drive_0001_sync,0000000017,0,0.584751307964325,27.308502197265625,8.57681655883789,-1.6421897411346436,True,51,0.5361959934234619,0.7653021812438965,0.11059867590665817,27.405256271362305,8.532519340515137,-1.612048864364624,2593,1503
2011_09_26_drive_0001_sync,0000000017,1,0.8949387073516846,20.536434173583984,8.740582466125488,-1.6794439554214478,True,88,0.8914555311203003,0.9174972772598267,0.07491184026002884,20.47169303894043,8.7647705078125,-1.708345651626587,2593,1503
2011_09_26_drive_0001_sync,0000000017,2,0.4440663158893585,46.67181396484375,7.2840094566345215,-1.6570435762405396,False,,,0.0,,,,,2593,1503
2011_09_26_drive_0001_sync,0000000017,3,0.7310950756072998,2.7713723182678223,9.28161334991455,-1.8056304454803467,True,55,0.8787103891372681,0.9028793573379517,0.07166828960180283,2.7893588542938232,9.258943557739258,-1.7400643825531006,2593,1503
2011_09_26_drive_0001_sync,0000000017,4,0.9078323841094971,11.015498161315918,8.98001766204834,-1.874511480331421,True,25,0.9129003286361694,0.900772213935852,0.05977868288755417,11.048609733581543,9.015921592712402,-1.8400437831878662,2593,1503
2011_09_26_drive_0001_sync,0000000018,0,0.5461602807044983,31.229549407958984,8.28209114074707,-1.72342848777771,True,28,0.6292572617530823,0.8883963227272034,0.06176318600773811,31.23029899597168,8.313896179199219,-1.6704891920089722,2578,1518
2011_09_26_drive_0001_sync,0000000018,1,0.9104494452476501,9.834546089172363,9.032925605773926,-1.918227195739746,True,82,0.9104085564613342,0.8685242533683777,0.05198196694254875,9.864377975463867,8.990819931030273,-1.9119585752487183,2578,1518
2011_09_26_drive_0001_sync,0000000018,2,0.8455122709274292,26.03254508972168,8.516777992248535,-1.7234948873519897,True,96,0.8623077869415283,0.8820996284484863,0.058228086680173874,26.066913604736328,8.561004638671875,-1.7075788974761963,2578,1518
2011_09_26_drive_0001_sync,0000000018,3,0.8423912525177002,1.6818922758102417,9.208462715148926,-1.667985439300537,True,98,0.8645558953285217,0.8701427578926086,0.14641839265823364,1.6623200178146362,9.22813606262207,-1.8117499351501465,2578,1518
2011_09_26_drive_0001_sync,0000000018,4,0.8654677867889404,19.436748504638672,8.784988403320312,-1.6829190254211426,True,63,0.884276270866394,0.8889443278312683,0.09966025501489639,19.351490020751953,8.832772254943848,-1.6634290218353271,2578,1518
2011_09_26_drive_0001_sync,0000000019,0,0.8541373610496521,24.7745304107666,8.546736717224121,-1.6509201526641846,True,64,0.8393486142158508,0.8893606066703796,0.08216708898544312,24.79268455505371,8.596500396728516,-1.7137328386306763,2542,1554
2011_09_26_drive_0001_sync,0000000019,1,0.31967854499816895,34.35370635986328,8.208830833435059,-1.7285622358322144,True,81,0.37566107511520386,0.7366940975189209,0.23508431017398834,34.472373962402344,8.006125450134277,-1.7189102172851562,2542,1554
2011_09_26_drive_0001_sync,0000000019,2,0.898591160774231,17.945863723754883,8.830279350280762,-1.6763100624084473,True,56,0.9043296575546265,0.9060139060020447,0.04823664203286171,17.966297149658203,8.871747016906738,-1.6625375747680664,2542,1554
2011_09_26_drive_0001_sync,0000000019,3,0.5852205157279968,0.5861558318138123,9.249588012695312,-1.651721715927124,True,96,0.7485702037811279,0.9137809872627258,0.06770049035549164,0.5210214853286743,9.238636016845703,-1.6368581056594849,2542,1554
2011_09_26_drive_0001_sync,0000000019,4,0.9071707725524902,8.576436042785645,9.028014183044434,-1.8773081302642822,True,58,0.9175442457199097,0.8545767664909363,0.0518527515232563,8.55330753326416,9.059836387634277,-1.9110887050628662,2542,1554
2011_09_26_drive_0001_sync,0000000020,0,0.6953420639038086,23.565641403198242,8.611221313476562,-1.6540417671203613,True,41,0.8498441576957703,0.9101400375366211,0.02519398368895054,23.544015884399414,8.600449562072754,-1.646897315979004,2583,1513
2011_09_26_drive_0001_sync,0000000020,1,0.6401088833808899,33.31550598144531,8.257171630859375,-1.7036327123641968,True,66,0.689813494682312,0.8105605840682983,0.12777964770793915,33.38169479370117,8.154889106750488,-1.6650974750518799,2583,1513
2011_09_26_drive_0001_sync,0000000020,2,0.8925226330757141,16.66790008544922,8.901869773864746,-1.6754001379013062,True,59,0.9004334211349487,0.9252306818962097,0.051566895097494125,16.717687606811523,8.897100448608398,-1.6628462076187134,2583,1513
2011_09_26_drive_0001_sync,0000000020,3,0.8993024826049805,7.356657028198242,9.079696655273438,-1.8553415536880493,True,56,0.9019443988800049,0.9525861740112305,0.035861026495695114,7.33800745010376,9.073539733886719,-1.885346531867981,2583,1513
2011_09_26_drive_0001_sync,0000000020,4,0.6927846670150757,28.594541549682617,8.395840644836426,-1.682164192199707,True,86,0.56742262840271,0.8769464492797852,0.0717424675822258,28.529361724853516,8.376832962036133,-1.658984899520874,2583,1513
2011_09_26_drive_0001_sync,0000000021,0,0.8963727951049805,15.494287490844727,8.867583274841309,-1.7195239067077637,True,87,0.8924686312675476,0.8821917176246643,0.08716326206922531,15.508779525756836,8.950915336608887,-1.7405757904052734,2590,1506
2011_09_26_drive_0001_sync,0000000021,1,0.8703376650810242,22.221664428710938,8.669593811035156,-1.6494464874267578,True,85,0.8466278314590454,0.9028101563453674,0.06723283976316452,22.252498626708984,8.624615669250488,-1.6887717247009277,2590,1506
2011_09_26_drive_0001_sync,0000000021,2,0.776650071144104,27.282522201538086,8.561708450317383,-1.6948567628860474,True,83,0.7330251336097717,0.8529604077339172,0.09651107341051102,27.35054588317871,8.560307502746582,-1.6264082193374634,2590,1506
2011_09_26_drive_0001_sync,0000000021,3,0.9004559516906738,6.180695056915283,9.068415641784668,-1.8589751720428467,True,91,0.9120967984199524,0.8788706064224243,0.08479674160480499,6.124935150146484,9.0988130569458,-1.9151651859283447,2590,1506
2011_09_26_drive_0001_sync,0000000022,0,0.8166823983192444,26.041309356689453,8.595867156982422,-1.6910958290100098,True,66,0.7982022762298584,0.865868091583252,0.08463602513074875,26.105876922607422,8.541666030883789,-1.6986141204833984,2608,1488
2011_09_26_drive_0001_sync,0000000022,1,0.4607503414154053,30.818309783935547,8.280965805053711,-1.6704046726226807,True,29,0.4864998459815979,0.8099348545074463,0.30457648634910583,31.122163772583008,8.261612892150879,-1.6784703731536865,2608,1488
2011_09_26_drive_0001_sync,0000000022,2,0.9019205570220947,4.935800552368164,9.074684143066406,-1.9079298973083496,True,63,0.9063663482666016,0.9196023344993591,0.037938427180051804,4.925125598907471,9.06355094909668,-1.9425914287567139,2608,1488
2011_09_26_drive_0001_sync,0000000022,3,0.8462774753570557,21.05172348022461,8.679937362670898,-1.6534230709075928,True,91,0.8698865175247192,0.8977622389793396,0.04622597247362137,21.033306121826172,8.696763038635254,-1.6145060062408447,2608,1488
2011_09_26_drive_0001_sync,0000000022,4,0.9025219678878784,14.269661903381348,8.949908256530762,-1.6907742023468018,True,89,0.9030382037162781,0.908913791179657,0.06192948669195175,14.30356502532959,9.000682830810547,-1.6803923845291138,2608,1488
2011_09_26_drive_0001_sync,0000000023,0,0.820605993270874,24.860132217407227,8.573953628540039,-1.6597986221313477,True,61,0.800624430179596,0.9346581697463989,0.0750768780708313,24.9312801361084,8.550546646118164,-1.6649584770202637,2573,1523
2011_09_26_drive_0001_sync,0000000023,1,0.9064910411834717,3.758993625640869,9.096545219421387,-2.0049924850463867,True,28,0.8979384303092957,0.890779972076416,0.07480057328939438,3.7460505962371826,9.124663352966309,-1.9368971586227417,2573,1523
2011_09_26_drive_0001_sync,0000000023,2,0.8710051774978638,19.85902976989746,8.826252937316895,-1.6935555934906006,True,93,0.871320366859436,0.8525764346122742,0.07487671077251434,19.872941970825195,8.753320693969727,-1.6838674545288086,2573,1523
2011_09_26_drive_0001_sync,0000000023,3,0.9041971564292908,13.060076713562012,8.99588394165039,-1.7244019508361816,True,97,0.896191418170929,0.9233049154281616,0.051839057356119156,13.091046333312988,9.02760124206543,-1.6975284814834595,2573,1523
2011_09_26_drive_0001_sync,0000000023,4,0.6650795936584473,29.388673782348633,8.283550262451172,-1.6121658086776733,True,58,0.6551663279533386,0.9165712594985962,0.04027196392416954,29.3703670501709,8.250016212463379,-1.5994315147399902,2573,1523
2011_09_26_drive_0001_sync,0000000024,0,0.8615346550941467,18.579362869262695,8.830093383789062,-1.6982438564300537,True,92,0.8673282265663147,0.9157546162605286,0.04728365316987038,18.61998176574707,8.832432746887207,-1.722334861755371,2548,1548
2011_09_26_drive_0001_sync,0000000024,1,0.8981271982192993,2.652676820755005,9.126523971557617,-1.883819341659546,True,64,0.8955339789390564,0.9055555462837219,0.06346244364976883,2.59474515914917,9.104757308959961,-1.8978769779205322,2548,1548
2011_09_26_drive_0001_sync,0000000024,2,0.8346543312072754,28.34560775756836,8.343729019165039,-1.636770486831665,True,61,0.7712829113006592,0.9295294284820557,0.046142444014549255,28.331159591674805,8.387393951416016,-1.633062481880188,2548,1548
2011_09_26_drive_0001_sync,0000000024,3,0.9033861756324768,11.85690689086914,9.047317504882812,-1.7627280950546265,True,35,0.9126229286193848,0.9005918502807617,0.07656809687614441,11.912225723266602,8.994392395019531,-1.763925313949585,2548,1548
2011_09_26_drive_0001_sync,0000000024,4,0.5315679311752319,38.26396560668945,7.997592449188232,-1.6862610578536987,True,27,0.49541613459587097,0.5234084129333496,0.17178282141685486,38.18051528930664,8.064449310302734,-1.5518157482147217,2548,1548
2011_09_26_drive_0001_sync,0000000024,5,0.7008484601974487,23.402467727661133,8.597967147827148,-1.7674146890640259,True,62,0.7359037399291992,0.6641125679016113,0.26682406663894653,23.604877471923828,8.754833221435547,-1.6924586296081543,2548,1548
2011_09_26_drive_0001_sync,0000000025,0,0.37556737661361694,61.68048095703125,7.3458075523376465,-1.3050992488861084,True,87,0.34972769021987915,0.6849331259727478,0.2828693389892578,61.52913284301758,7.581541538238525,-1.2658779621124268,2514,1582
2011_09_26_drive_0001_sync,0000000025,1,0.9058184623718262,10.6444091796875,9.05225658416748,-1.7552140951156616,True,92,0.9061597585678101,0.9426490068435669,0.07870914787054062,10.719819068908691,9.046174049377441,-1.7335004806518555,2514,1582
2011_09_26_drive_0001_sync,0000000025,2,0.864067792892456,22.410371780395508,8.676079750061035,-1.7503939867019653,True,73,0.835918128490448,0.9026668667793274,0.119916170835495,22.29437255859375,8.70628833770752,-1.7537868022918701,2514,1582
2011_09_26_drive_0001_sync,0000000025,3,0.46691280603408813,36.691741943359375,8.129785537719727,-1.6281347274780273,True,41,0.46822935342788696,0.7343670725822449,0.2260749638080597,36.71094512939453,8.354776382446289,-1.6391005516052246,2514,1582
2011_09_26_drive_0001_sync,0000000025,4,0.8328258991241455,17.408458709716797,8.893648147583008,-1.6724975109100342,True,80,0.855296790599823,0.9162023663520813,0.06482971459627151,17.440813064575195,8.896492004394531,-1.7286045551300049,2514,1582
2011_09_26_drive_0001_sync,0000000025,5,0.7150004506111145,27.017995834350586,8.496393203735352,-1.6490612030029297,True,68,0.7163664102554321,0.8491743803024292,0.08104418218135834,27.063844680786133,8.482897758483887,-1.714512825012207,2514,1582
2011_09_26_drive_0001_sync,0000000025,6,0.8786308169364929,1.517756700515747,9.122010231018066,-1.9210811853408813,True,78,0.8719223737716675,0.927152693271637,0.08648411929607391,1.6026585102081299,9.119508743286133,-1.9048045873641968,2514,1582
2011_09_26_drive_0001_sync,0000000026,0,0.6056365966796875,35.46985626220703,8.43964958190918,-1.6674351692199707,True,2,0.5812046527862549,0.5773255825042725,0.18544268608093262,35.526493072509766,8.286779403686523,-1.579049825668335,2590,1506
2011_09_26_drive_0001_sync,0000000026,1,0.906434178352356,9.479975700378418,9.085128784179688,-1.7478501796722412,True,82,0.9030646085739136,0.9068540334701538,0.058265320956707,9.453285217285156,9.044736862182617,-1.7154316902160645,2590,1506
2011_09_26_drive_0001_sync,0000000026,2,0.8921126127243042,16.213674545288086,8.925041198730469,-1.6485011577606201,True,79,0.8843810558319092,0.9147727489471436,0.04393456131219864,16.253726959228516,8.910504341125488,-1.659212350845337,2590,1506
2011_09_26_drive_0001_sync,0000000026,3,0.8119379281997681,25.889699935913086,8.510740280151367,-1.5179829597473145,True,68,0.7883263826370239,0.8621035218238831,0.09910004585981369,25.794401168823242,8.531755447387695,-1.5352261066436768,2590,1506
2011_09_26_drive_0001_sync,0000000026,4,0.8282240033149719,0.23841078579425812,9.079614639282227,-1.873967170715332,True,46,0.8142499923706055,0.8515975475311279,0.21110288798809052,0.4461807608604431,9.115577697753906,-1.8638317584991455,2590,1506
2011_09_26_drive_0001_sync,0000000026,5,0.8405098915100098,21.24197006225586,8.759124755859375,-1.6420023441314697,True,96,0.8595197200775146,0.8928182125091553,0.03840615972876549,21.244129180908203,8.72143840789795,-1.6349234580993652,2590,1506
2011_09_26_drive_0001_sync,0000000027,0,0.8998187780380249,8.223522186279297,9.05410099029541,-1.746669888496399,True,46,0.9093633890151978,0.9285832643508911,0.05920875072479248,8.243733406066895,9.073577880859375,-1.7988027334213257,2642,1454
2011_09_26_drive_0001_sync,0000000027,1,0.8075456619262695,24.85840606689453,8.59158706665039,-1.5582351684570312,True,77,0.8536064028739929,0.8144280910491943,0.1874045878648758,24.72956085205078,8.63528823852539,-1.6871134042739868,2642,1454
2011_09_26_drive_0001_sync,0000000027,2,0.6956798434257507,34.384334564208984,8.388851165771484,-1.556262731552124,True,76,0.7218260765075684,0.9303798079490662,0.040307071059942245,34.409889221191406,8.416154861450195,-1.5713002681732178,2642,1454
2011_09_26_drive_0001_sync,0000000027,3,0.8566336631774902,20.025476455688477,8.772499084472656,-1.7459006309509277,True,47,0.880388081073761,0.9189273118972778,0.04753595218062401,19.991870880126953,8.761841773986816,-1.7140140533447266,2642,1454
2011_09_26_drive_0001_sync,0000000027,4,0.8886417746543884,14.999092102050781,8.963309288024902,-1.6871592998504639,True,53,0.9072301387786865,0.8955540060997009,0.06055055931210518,14.966444969177246,8.920244216918945,-1.7144711017608643,2642,1454
2011_09_26_drive_0001_sync,0000000027,5,0.6773644685745239,-0.9201057553291321,9.1935396194458,-1.840448021888733,True,62,0.7533718943595886,0.8645829558372498,0.1154441386461258,-0.9672402739524841,9.153227806091309,-1.9378166198730469,2642,1454
2011_09_26_drive_0001_sync,0000000028,0,0.6213377714157104,33.401790618896484,7.807181358337402,-1.5251719951629639,True,17,0.5801604986190796,0.8065111041069031,0.15702247619628906,33.339927673339844,7.942840099334717,-1.4759202003479004,2594,1502
2011_09_26_drive_0001_sync,0000000028,1,0.8680734634399414,13.701139450073242,8.95487117767334,-1.7126989364624023,True,27,0.8811327219009399,0.9639890789985657,0.032890841364860535,13.73351764678955,8.949737548828125,-1.7100332975387573,2594,1502
2011_09_26_drive_0001_sync,0000000028,2,0.9052483439445496,7.116588592529297,9.088231086730957,-1.780948519706726,True,16,0.9027641415596008,0.9213274717330933,0.029611753299832344,7.125938415527344,9.095556259155273,-1.8080737590789795,2594,1502
2011_09_26_drive_0001_sync,0000000028,3,0.8152648210525513,23.621387481689453,8.673014640808105,-1.6569557189941406,True,58,0.7901034951210022,0.9331939220428467,0.05720585584640503,23.586191177368164,8.688554763793945,-1.6992905139923096,2594,1502
2011_09_26_drive_0001_sync,0000000028,4,0.8887932300567627,18.766456604003906,8.78465747833252,-1.7288615703582764,True,70,0.8807334899902344,0.893216609954834,0.0604887530207634,18.740278244018555,8.822562217712402,-1.6896593570709229,2594,1502
2011_09_26_drive_0001_sync,0000000029,0,0.9075254201889038,12.537088394165039,8.978428840637207,-1.7647790908813477,True,84,0.9134575128555298,0.9261148571968079,0.05714993551373482,12.51278305053711,8.964756965637207,-1.7148947715759277,2604,1492
2011_09_26_drive_0001_sync,0000000029,1,0.7604503035545349,32.19910430908203,8.37543773651123,-1.6916563510894775,True,82,0.7821221947669983,0.9003949761390686,0.09392241388559341,32.11537551879883,8.3513822555542,-1.656553030014038,2604,1492
2011_09_26_drive_0001_sync,0000000029,2,0.896091878414154,17.49820327758789,8.848000526428223,-1.7742068767547607,True,59,0.8851544857025146,0.8909292221069336,0.08913502097129822,17.58272361755371,8.85694694519043,-1.7473493814468384,2604,1492
2011_09_26_drive_0001_sync,0000000029,3,0.7337769269943237,37.27389907836914,7.926211357116699,-1.471083641052246,True,21,0.6616286039352417,0.9231704473495483,0.06566281616687775,37.21862030029297,7.936427116394043,-1.4371498823165894,2604,1492
2011_09_26_drive_0001_sync,0000000029,4,0.8431239128112793,22.362445831298828,8.689525604248047,-1.7329537868499756,True,73,0.8772496581077576,0.9465047717094421,0.031150303781032562,22.354904174804688,8.719745635986328,-1.7334169149398804,2604,1492
2011_09_26_drive_0001_sync,0000000029,5,0.8921440839767456,5.890530586242676,9.060781478881836,-1.7731468677520752,True,51,0.9048593640327454,0.8898494243621826,0.04632506147027016,5.886105060577393,9.09833812713623,-1.7999036312103271,2604,1492
2011_09_26_drive_0001_sync,0000000030,0,0.7291480898857117,21.14249038696289,8.790616035461426,-1.712674617767334,True,83,0.8099068999290466,0.8616992235183716,0.0932399109005928,21.210437774658203,8.744569778442383,-1.6684414148330688,2565,1531
2011_09_26_drive_0001_sync,0000000030,1,0.8890081644058228,4.724606513977051,9.113856315612793,-1.8003710508346558,True,39,0.9048842191696167,0.9063307642936707,0.03353419899940491,4.734423637390137,9.09899616241455,-1.8287848234176636,2565,1531
2011_09_26_drive_0001_sync,0000000030,2,0.8231540322303772,30.913270950317383,8.37790584564209,-1.6084654331207275,True,12,0.8353902697563171,0.8638023734092712,0.08376715332269669,30.91554069519043,8.332549095153809,-1.678853988647461,2565,1531
2011_09_26_drive_0001_sync,0000000030,3,0.9061863422393799,11.43010425567627,8.980152130126953,-1.7886003255844116,True,70,0.9074011445045471,0.9065141677856445,0.06690706312656403,11.383662223815918,9.025477409362793,-1.7723119258880615,2565,1531
2011_09_26_drive_0001_sync,0000000030,4,0.7016343474388123,36.043724060058594,8.031603813171387,-1.525368332862854,True,24,0.6543830037117004,0.8877031207084656,0.11348147690296173,36.153385162353516,8.00284194946289,-1.5303926467895508,2565,1531
2011_09_26_drive_0001_sync,0000000030,5,0.8892045617103577,16.315237045288086,8.894668579101562,-1.7656140327453613,True,26,0.9089756608009338,0.9340530037879944,0.01074099913239479,16.325191497802734,8.898682594299316,-1.7660210132598877,2565,1531
2011_09_26_drive_0001_sync,0000000031,0,0.9019511938095093,3.5406506061553955,9.124979972839355,-1.805206537246704,True,92,0.893772304058075,0.8922802805900574,0.038247764110565186,3.5119619369506836,9.138830184936523,-1.8263731002807617,2575,1521
2011_09_26_drive_0001_sync,0000000031,1,0.8952584266662598,10.14787769317627,9.031149864196777,-1.7667421102523804,True,14,0.8985005021095276,0.9211363792419434,0.021064236760139465,10.140926361083984,9.045490264892578,-1.780516505241394,2575,1521
2011_09_26_drive_0001_sync,0000000031,2,0.6480209827423096,29.647594451904297,8.659404754638672,-1.6320536136627197,True,15,0.593446671962738,0.8488295078277588,0.11276259273290634,29.59889030456543,8.557707786560059,-1.6310365200042725,2575,1521
2011_09_26_drive_0001_sync,0000000031,3,0.4718523919582367,34.916263580322266,8.018330574035645,-1.5493735074996948,True,38,0.20209842920303345,0.8457546234130859,0.10367366671562195,34.916664123535156,8.116514205932617,-1.5826607942581177,2575,1521
2011_09_26_drive_0001_sync,0000000031,4,0.8870148658752441,15.172760963439941,8.920722961425781,-1.7709252834320068,True,89,0.9009170532226562,0.9260630011558533,0.057377781718969345,15.144693374633789,8.9320707321167,-1.8196659088134766,2575,1521
2011_09_26_drive_0001_sync,0000000031,5,0.8642827868461609,19.984355926513672,8.80190372467041,-1.7178597450256348,True,45,0.872060239315033,0.8553471565246582,0.11989768594503403,19.885122299194336,8.855918884277344,-1.757990837097168,2575,1521
2011_09_26_drive_0001_sync,0000000032,0,0.8941128849983215,13.959248542785645,8.979430198669434,-1.829100489616394,True,58,0.8984383940696716,0.9420363903045654,0.044403646141290665,13.92245864868164,8.963272094726562,-1.8479976654052734,2565,1531
2011_09_26_drive_0001_sync,0000000032,1,0.8180712461471558,28.65341567993164,8.518668174743652,-1.6863678693771362,True,33,0.7836688160896301,0.8307569026947021,0.047003015875816345,28.661720275878906,8.481843948364258,-1.658362627029419,2565,1531
2011_09_26_drive_0001_sync,0000000032,2,0.9154388904571533,8.994121551513672,8.995706558227539,-1.7254384756088257,True,87,0.9013732671737671,0.8636519908905029,0.09084107726812363,9.018633842468262,9.060624122619629,-1.7840640544891357,2565,1531
2011_09_26_drive_0001_sync,0000000032,3,0.4797726571559906,33.78765106201172,8.246269226074219,-1.6026816368103027,True,25,0.3464275598526001,0.8726985454559326,0.07756644487380981,33.85503387451172,8.27708625793457,-1.625625491142273,2565,1531
2011_09_26_drive_0001_sync,0000000032,4,0.8832891583442688,18.66655921936035,8.84608268737793,-1.7826385498046875,True,31,0.8709344267845154,0.9069270491600037,0.0669570043683052,18.73347282409668,8.84422492980957,-1.7811027765274048,2565,1531
2011_09_26_drive_0001_sync,0000000032,5,0.9034703969955444,2.3442819118499756,9.121088027954102,-1.8685367107391357,True,29,0.8891152143478394,0.9267892837524414,0.03664686158299446,2.35495662689209,9.15542221069336,-1.8614510297775269,2565,1531
2011_09_26_drive_0001_sync,0000000033,0,0.8708879947662354,17.50819969177246,8.884867668151855,-1.843083381652832,True,45,0.868943452835083,0.9541705846786499,0.03288983553647995,17.51179313659668,8.917133331298828,-1.8378150463104248,2535,1561
2011_09_26_drive_0001_sync,0000000033,1,0.7080813646316528,27.134807586669922,8.375350952148438,-1.7248203754425049,True,70,0.7681065201759338,0.8948916792869568,0.05791529268026352,27.14719009399414,8.4212646484375,-1.6917630434036255,2535,1561
2011_09_26_drive_0001_sync,0000000033,2,0.8714290857315063,1.3487420082092285,9.146758079528809,-1.8785459995269775,True,62,0.8495870232582092,0.9107087254524231,0.0683128610253334,1.2813884019851685,9.139731407165527,-1.8875329494476318,2535,1561
2011_09_26_drive_0001_sync,0000000033,3,0.9115492701530457,7.752573490142822,9.064159393310547,-1.843616008758545,True,30,0.8983927965164185,0.9258852005004883,0.04411795735359192,7.774937152862549,9.061574935913086,-1.8056741952896118,2535,1561
2011_09_26_drive_0001_sync,0000000033,4,0.9016837477684021,12.765254020690918,8.974828720092773,-1.8596056699752808,True,43,0.9111748933792114,0.8987423181533813,0.037506185472011566,12.741898536682129,8.999532699584961,-1.843764305114746,2535,1561
2011_09_26_drive_0001_sync,0000000033,5,0.7355561256408691,32.41827392578125,8.27283763885498,-1.6984353065490723,True,10,0.8005858063697815,0.7954289317131042,0.1349530667066574,32.445980072021484,8.151972770690918,-1.6451776027679443,2535,1561
2011_09_26_drive_0001_sync,0000000034,0,0.8399276733398438,31.375720977783203,8.424206733703613,-1.5927207469940186,True,93,0.771639883518219,0.8454915285110474,0.09944746643304825,31.461496353149414,8.469685554504395,-1.6142628192901611,2619,1477
2011_09_26_drive_0001_sync,0000000034,1,0.8500956892967224,16.36564826965332,8.98071002960205,-1.762239933013916,True,36,0.8456032276153564,0.9285489320755005,0.06348281353712082,16.368257522583008,8.973594665527344,-1.8252687454223633,2619,1477
2011_09_26_drive_0001_sync,0000000034,2,0.9008262157440186,11.55466365814209,8.977810859680176,-1.8513762950897217,True,16,0.9014198780059814,0.8882949948310852,0.049814894795417786,11.570326805114746,9.00992488861084,-1.8860876560211182,2619,1477
2011_09_26_drive_0001_sync,0000000034,3,0.8093528747558594,0.02884666621685028,9.051470756530762,-1.9151487350463867,True,29,0.8297781944274902,0.826526939868927,0.1185966432094574,-0.04591549560427666,9.137751579284668,-1.9472641944885254,2619,1477
2011_09_26_drive_0001_sync,0000000034,4,0.8124865293502808,26.14527702331543,8.624226570129395,-1.7620413303375244,True,25,0.8293992877006531,0.7947766780853271,0.128032386302948,26.171937942504883,8.522184371948242,-1.6894543170928955,2619,1477
2011_09_26_drive_0001_sync,0000000034,5,0.9067692756652832,6.680848598480225,9.049782752990723,-1.8611912727355957,True,3,0.9117651581764221,0.9422323703765869,0.028676865622401237,6.690566539764404,9.072885513305664,-1.8472561836242676,2619,1477
2011_09_26_drive_0001_sync,0000000035,0,0.876209020614624,15.167250633239746,8.96015739440918,-1.8578741550445557,True,39,0.8640477061271667,0.8611408472061157,0.09281259030103683,15.105857849121094,8.996604919433594,-1.7985725402832031,2531,1565
2011_09_26_drive_0001_sync,0000000035,1,0.6050096750259399,-1.0137137174606323,9.10219669342041,-1.8886712789535522,True,72,0.5926052927970886,0.8394263386726379,0.06790512055158615,-1.0453370809555054,9.161946296691895,-1.8822640180587769,2531,1565
2011_09_26_drive_0001_sync,0000000035,2,0.7974801063537598,30.141576766967773,8.351699829101562,-1.5593581199645996,True,79,0.8387334942817688,0.7575663924217224,0.1549883633852005,30.144651412963867,8.436467170715332,-1.6890748739242554,2531,1565
2011_09_26_drive_0001_sync,0000000035,3,0.8488181829452515,24.928253173828125,8.707688331604004,-1.6206419467926025,True,37,0.8589099645614624,0.8022111058235168,0.10295473784208298,24.99031639099121,8.760079383850098,-1.6839113235473633,2531,1565
2011_09_26_drive_0001_sync,0000000035,4,0.8974958062171936,10.35317325592041,9.028554916381836,-1.8635419607162476,True,55,0.8992930054664612,0.9527090191841125,0.016932494938373566,10.358722686767578,9.036051750183105,-1.849410057067871,2531,1565
2011_09_26_drive_0001_sync,0000000035,5,0.8952193260192871,5.498398303985596,9.103619575500488,-1.8694498538970947,True,81,0.9108082056045532,0.8817874789237976,0.06799307465553284,5.454510688781738,9.055253028869629,-1.850539207458496,2531,1565
2011_09_26_drive_0001_sync,0000000036,0,0.9097762107849121,4.316452503204346,9.048840522766113,-1.8818727731704712,True,34,0.9091904163360596,0.8938413858413696,0.054174408316612244,4.331322193145752,9.079632759094238,-1.8398537635803223,2590,1506
2011_09_26_drive_0001_sync,0000000036,1,0.768688440322876,29.143381118774414,8.48201847076416,-1.6226965188980103,True,87,0.6756444573402405,0.7763391733169556,0.2262025624513626,28.95639419555664,8.60747241973877,-1.601137399673462,2590,1506
2011_09_26_drive_0001_sync,0000000036,2,0.859057605266571,14.013650894165039,9.012331008911133,-1.7723983526229858,True,39,0.8653984069824219,0.8808510303497314,0.12316432595252991,13.972443580627441,9.025335311889648,-1.8877339363098145,2590,1506
2011_09_26_drive_0001_sync,0000000036,3,0.8619626760482788,23.780338287353516,8.736324310302734,-1.7050199508666992,True,80,0.8648117184638977,0.8954243659973145,0.006107622291892767,23.78109359741211,8.732906341552734,-1.7000149488449097,2590,1506
2011_09_26_drive_0001_sync,0000000036,4,0.9002386331558228,9.183053970336914,9.071861267089844,-1.8329523801803589,True,89,0.91129070520401,0.9034871459007263,0.07509520649909973,9.251256942749023,9.049440383911133,-1.8549739122390747,2590,1506
2011_09_26_drive_0001_sync,0000000037,0,0.9087076187133789,3.164259910583496,9.07949161529541,-1.9333486557006836,True,43,0.8980334997177124,0.8696930408477783,0.07536300271749496,3.1331627368927,9.096182823181152,-1.8667607307434082,2587,1509
2011_09_26_drive_0001_sync,0000000037,1,0.7949478030204773,27.77332305908203,8.569607734680176,-1.614743947982788,True,40,0.853696882724762,0.8961836695671082,0.07451503723859787,27.71540641784668,8.594212532043457,-1.6546533107757568,2587,1509
2011_09_26_drive_0001_sync,0000000037,2,0.9045982360839844,12.80115795135498,9.048049926757812,-1.8816254138946533,True,49,0.882872998714447,0.8816732168197632,0.06197860836982727,12.848170280456543,9.013827323913574,-1.9030730724334717,2587,1509
2011_09_26_drive_0001_sync,0000000037,3,0.8588482737541199,22.476463317871094,8.79444408416748,-1.6934728622436523,True,54,0.8451893925666809,0.909116268157959,0.05959874019026756,22.529294967651367,8.770760536193848,-1.6793336868286133,2587,1509
2011_09_26_drive_0001_sync,0000000037,4,0.7669693827629089,47.34116744995117,8.204967498779297,-1.4102195501327515,True,47,0.7914237976074219,0.8600736260414124,0.1552744358778,47.186790466308594,8.19480037689209,-1.3970086574554443,2587,1509
2011_09_26_drive_0001_sync,0000000037,5,0.906964898109436,8.043741226196289,9.041690826416016,-1.8895800113677979,True,36,0.9001530408859253,0.9314219355583191,0.05527869239449501,8.00136947631836,9.041083335876465,-1.9250764846801758,2587,1509
2011_09_26_drive_0001_sync,0000000038,0,0.8244218826293945,26.850725173950195,8.662936210632324,-1.6256816387176514,True,82,0.8362972140312195,0.9008995294570923,0.08717765659093857,26.763763427734375,8.668761253356934,-1.6237666606903076,2548,1548
2011_09_26_drive_0001_sync,0000000038,1,0.8782946467399597,21.51178741455078,8.81641674041748,-1.7103911638259888,True,68,0.8845365643501282,0.8774721026420593,0.11165120452642441,21.415325164794922,8.810911178588867,-1.7663439512252808,2548,1548
2011_09_26_drive_0001_sync,0000000038,2,0.8955324292182922,2.0502798557281494,9.108277320861816,-1.922368049621582,True,64,0.89659583568573,0.9141113758087158,0.020839877426624298,2.058973550796509,9.124043464660645,-1.9118728637695312,2548,1548
2011_09_26_drive_0001_sync,0000000038,3,0.8904364109039307,11.639107704162598,9.076369285583496,-1.9162585735321045,True,59,0.8838131427764893,0.9410520195960999,0.009082769975066185,11.637153625488281,9.06945514678955,-1.9218149185180664,2548,1548
2011_09_26_drive_0001_sync,0000000038,4,0.6368713974952698,45.94643783569336,8.433761596679688,-1.3866841793060303,True,66,0.6476437449455261,0.9680532813072205,0.02105247601866722,45.92729568481445,8.431681632995605,-1.3781719207763672,2548,1548
2011_09_26_drive_0001_sync,0000000038,5,0.907010555267334,6.9244489669799805,9.101061820983887,-1.9256911277770996,True,92,0.911435067653656,0.9725624322891235,0.02272394672036171,6.910022258758545,9.096561431884766,-1.9087207317352295,2548,1548
2011_09_26_drive_0001_sync,0000000039,0,0.8670065402984619,20.363924026489258,8.897318840026855,-1.762406826019287,True,45,0.8857188820838928,0.8853806257247925,0.05667521804571152,20.32381248474121,8.861270904541016,-1.7798335552215576,2579,1517
2011_09_26_drive_0001_sync,0000000039,1,0.8436340689659119,0.8881576061248779,9.055811882019043,-1.9020229578018188,True,64,0.8552849888801575,0.8891593813896179,0.09714119136333466,0.9761016368865967,9.063389778137207,-1.861466407775879,2579,1517
2011_09_26_drive_0001_sync,0000000039,2,0.8587870001792908,25.3803653717041,8.715127944946289,-1.6943929195404053,True,51,0.836047887802124,0.8427218198776245,0.13290753960609436,25.50446891784668,8.67034912109375,-1.6783435344696045,2579,1517
2011_09_26_drive_0001_sync,0000000039,3,0.9064297080039978,5.725467205047607,9.061971664428711,-1.9587278366088867,True,87,0.9106776714324951,0.8753198981285095,0.09281670302152634,5.797054767608643,9.117086410522461,-1.9800004959106445,2579,1517
2011_09_26_drive_0001_sync,0000000039,4,0.8889098763465881,10.436372756958008,9.067694664001465,-1.9715690612792969,True,97,0.8963561058044434,0.9135294556617737,0.05311519280076027,10.456154823303223,9.082873344421387,-1.9246702194213867,2579,1517
2011_09_26_drive_0001_sync,0000000040,0,0.9004875421524048,4.617408752441406,9.068188667297363,-1.9961432218551636,True,68,0.8817692995071411,0.861405611038208,0.10515764355659485,4.699883460998535,9.132790565490723,-2.0052342414855957,2521,1575
2011_09_26_drive_0001_sync,0000000040,1,0.8538200855255127,24.244230270385742,8.77512264251709,-1.7063417434692383,True,59,0.8794263601303101,0.897901713848114,0.04806504398584366,24.230854034423828,8.784761428833008,-1.751490592956543,2521,1575
2011_09_26_drive_0001_sync,0000000040,2,0.90008544921875,9.29563045501709,9.083470344543457,-1.9443042278289795,True,63,0.8806601166725159,0.8905218839645386,0.0669955238699913,9.261804580688477,9.126151084899902,-1.9833242893218994,2521,1575
2011_09_26_drive_0001_sync,0000000040,3,0.8962387442588806,19.085634231567383,8.961525917053223,-1.7992725372314453,True,72,0.9079030156135559,0.8468503355979919,0.09718994051218033,19.012235641479492,8.918159484863281,-1.845940351486206,2521,1575
2011_09_26_drive_0001_sync,0000000040,4,0.5680381059646606,43.63554000854492,8.331356048583984,-1.5381215810775757,True,90,0.5330728888511658,0.8548884391784668,0.08425182104110718,43.644195556640625,8.257266998291016,-1.4989519119262695,2521,1575
2011_09_26_drive_0001_sync,0000000040,5,0.6253875494003296,-0.40607383847236633,9.085668563842773,-2.004584789276123,True,22,0.7031033635139465,0.762448787689209,0.19725251197814941,-0.23340463638305664,9.08504867553711,-1.9092248678207397,2521,1575
2011_09_26_drive_0001_sync,0000000041,0,0.5460977554321289,42.67695236206055,8.906265258789062,-1.498508334159851,True,27,0.4861534535884857,0.9028512835502625,0.050918951630592346,42.6927490234375,8.867445945739746,-1.5274266004562378,2578,1518
2011_09_26_drive_0001_sync,0000000041,1,0.8891583681106567,3.4816291332244873,9.146812438964844,-1.9416929483413696,True,25,0.8992394208908081,0.8497085571289062,0.06915472447872162,3.4553394317626953,9.105018615722656,-1.9901130199432373,2578,1518
2011_09_26_drive_0001_sync,0000000041,2,0.8907479643821716,8.161042213439941,9.11630916595459,-2.0475192070007324,True,58,0.9062882661819458,0.9008991122245789,0.06307409703731537,8.150023460388184,9.125840187072754,-1.9861507415771484,2578,1518
2011_09_26_drive_0001_sync,0000000041,3,0.8634566068649292,23.117813110351562,8.811582565307617,-1.7177226543426514,True,62,0.873177170753479,0.8408188819885254,0.0650901198387146,23.13319206237793,8.867646217346191,-1.6884467601776123,2578,1518
2011_09_26_drive_0001_sync,0000000041,4,0.5291761755943298,-1.29929518699646,9.089662551879883,-1.9260542392730713,True,64,0.18956345319747925,0.6576074957847595,0.2351657748222351,-1.2864456176757812,8.854869842529297,-1.9292504787445068,2578,1518
2011_09_26_drive_0001_sync,0000000041,5,0.9022513628005981,17.913787841796875,8.936175346374512,-1.823465347290039,True,35,0.8732677102088928,0.8796559572219849,0.07772999256849289,17.85460662841797,8.984009742736816,-1.8076095581054688,2578,1518
2011_09_26_drive_0001_sync,0000000042,0,0.8877796530723572,22.094728469848633,8.886992454528809,-1.731921672821045,True,53,0.8915296792984009,0.9421566128730774,0.0179293230175972,22.106613159179688,8.900416374206543,-1.7320363521575928,2622,1474
2011_09_26_drive_0001_sync,0000000042,1,0.9021898508071899,7.075962066650391,9.121788024902344,-2.009244680404663,True,77,0.8819535970687866,0.9039000272750854,0.08495648950338364,7.090600967407227,9.123810768127441,-1.9255833625793457,2622,1474
2011_09_26_drive_0001_sync,0000000042,2,0.8964487314224243,2.337759256362915,9.16987419128418,-1.970260500907898,True,55,0.8952582478523254,0.912355363368988,0.04871698468923569,2.305058479309082,9.160283088684082,-2.0050745010375977,2622,1474
2011_09_26_drive_0001_sync,0000000042,3,0.9036280512809753,16.748510360717773,8.949454307556152,-1.835716962814331,True,76,0.9007566571235657,0.8845786452293396,0.061968524008989334,16.697486877441406,8.919609069824219,-1.8171168565750122,2622,1474
2011_09_26_drive_0001_sync,0000000043,0,0.8819504976272583,5.844696521759033,9.123696327209473,-2.024221181869507,True,72,0.8645106554031372,0.9278570413589478,0.04278096556663513,5.882101058959961,9.115281105041504,-2.005239725112915,2544,1552
2011_09_26_drive_0001_sync,0000000043,1,0.8721076250076294,1.293623924255371,9.085822105407715,-2.0071396827697754,True,29,0.8660932183265686,0.9019098877906799,0.0625213161110878,1.2577341794967651,9.11283016204834,-1.9636493921279907,2544,1552
2011_09_26_drive_0001_sync,0000000043,2,0.9060468077659607,15.625703811645508,9.020005226135254,-1.8213388919830322,True,1,0.9019433259963989,0.9251953363418579,0.0786462277173996,15.548921585083008,9.0061674118042,-1.8114275932312012,2544,1552
2011_09_26_drive_0001_sync,0000000043,3,0.8762698769569397,20.77707290649414,8.958634376525879,-1.6978116035461426,True,37,0.8917945027351379,0.8832942247390747,0.06861170381307602,20.789119720458984,8.93538761138916,-1.7612310647964478,2544,1552
2011_09_26_drive_0001_sync,0000000043,4,0.6389278173446655,40.30331039428711,8.803377151489258,-1.534005880355835,True,81,0.6261958479881287,0.9064292907714844,0.06744103878736496,40.34162902832031,8.74893856048584,-1.5232162475585938,2544,1552
2011_09_26_drive_0001_sync,0000000044,0,0.8697770237922668,19.61631965637207,8.939647674560547,-1.7332149744033813,True,47,0.8672632575035095,0.8634145855903625,0.062209900468587875,19.599390029907227,8.999480247497559,-1.7350919246673584,2552,1544
2011_09_26_drive_0001_sync,0000000044,1,0.5958212614059448,39.114803314208984,8.997735023498535,-1.633273959159851,True,12,0.6387717723846436,0.8889635801315308,0.09078966081142426,39.0337028503418,9.019597053527832,-1.5988134145736694,2552,1544
2011_09_26_drive_0001_sync,0000000044,2,0.9003068208694458,4.812468528747559,9.15758991241455,-2.042233467102051,True,52,0.8530882000923157,0.9713978171348572,0.0267228614538908,4.787447929382324,9.156302452087402,-2.0329370498657227,2552,1544
2011_09_26_drive_0001_sync,0000000044,3,0.7663215398788452,-0.21047115325927734,9.069512367248535,-2.051083564758301,True,10,0.7979040145874023,0.9315799474716187,0.07868292182683945,-0.2846212089061737,9.092403411865234,-2.0380923748016357,2552,1544
2011_09_26_drive_0001_sync,0000000044,4,0.8944202065467834,14.429021835327148,9.042881965637207,-1.8208699226379395,True,55,0.9018435478210449,0.8968450427055359,0.06005163863301277,14.432164192199707,9.073624610900879,-1.8723598718643188,2552,1544
2011_09_26_drive_0001_sync,0000000045,0,0.7622801065444946,38.00645446777344,8.924736976623535,-1.4885754585266113,True,87,0.7472261190414429,0.9202267527580261,0.05462642014026642,38.010555267333984,8.870745658874512,-1.495798110961914,2606,1490
2011_09_26_drive_0001_sync,0000000045,1,0.705011785030365,-1.1679203510284424,9.100194931030273,-2.084420680999756,True,71,0.4424736201763153,0.6962214112281799,0.2875673174858093,-1.3806294202804565,8.906716346740723,-2.0884032249450684,2606,1490
2011_09_26_drive_0001_sync,0000000045,2,0.8717603087425232,18.435258865356445,9.030985832214355,-1.7545297145843506,True,59,0.8961606025695801,0.9445276856422424,0.031075909733772278,18.42453384399414,9.057947158813477,-1.7434043884277344,2606,1490
2011_09_26_drive_0001_sync,0000000045,3,0.8985481858253479,13.26819133758545,9.07892894744873,-1.8452787399291992,True,97,0.9116147756576538,0.9196275472640991,0.07770587503910065,13.196962356567383,9.066349029541016,-1.8736755847930908,2606,1490
2011_09_26_drive_0001_sync,0000000045,4,0.8964447379112244,3.6592025756835938,9.230635643005371,-2.0848305225372314,True,98,0.9014458656311035,0.8623427748680115,0.09490209072828293,3.640756845474243,9.157476425170898,-2.02726411819458,2606,1490
2011_09_26_drive_0001_sync,0000000046,0,0.8257735967636108,37.09547805786133,8.945463180541992,-1.4561454057693481,True,70,0.8606052994728088,0.8874378800392151,0.0754915326833725,37.03936767578125,8.97935676574707,-1.4935863018035889,2614,1482
2011_09_26_drive_0001_sync,0000000046,1,0.9004623293876648,17.266279220581055,9.03179931640625,-1.7811167240142822,True,32,0.902873158454895,0.9033682346343994,0.06055452674627304,17.25511360168457,9.089532852172852,-1.7666592597961426,2614,1482
2011_09_26_drive_0001_sync,0000000046,2,0.8864955902099609,2.5156452655792236,9.218480110168457,-2.057131767272949,True,24,0.8950371742248535,0.935415506362915,0.040445465594530106,2.5168237686157227,9.19031810760498,-2.0861377716064453,2614,1482
2011_09_26_drive_0001_sync,0000000046,3,0.9012420773506165,12.118046760559082,9.126595497131348,-1.8883424997329712,True,54,0.9034157991409302,0.9301069974899292,0.03471866250038147,12.116823196411133,9.097701072692871,-1.8691331148147583,2614,1482
2011_09_26_drive_0001_sync,0000000047,0,0.9008200168609619,16.14048957824707,9.089401245117188,-1.7688639163970947,True,44,0.9036325216293335,0.9473096132278442,0.036037709563970566,16.17549705505371,9.08558177947998,-1.7612085342407227,2581,1515
2011_09_26_drive_0001_sync,0000000047,1,0.8666406273841858,35.84867858886719,9.107324600219727,-1.5166562795639038,True,98,0.8832796216011047,0.9389790892601013,0.05625647306442261,35.880889892578125,9.122720718383789,-1.5601325035095215,2581,1515
2011_09_26_drive_0001_sync,0000000047,2,0.872397780418396,1.647858738899231,9.22797966003418,-2.017354965209961,True,93,0.8700409531593323,0.9068352580070496,0.1098097562789917,1.5536887645721436,9.222254753112793,-1.9611639976501465,2581,1515
2011_09_26_drive_0001_sync,0000000047,3,0.9175514578819275,11.022866249084473,9.132827758789062,-1.8643425703048706,True,61,0.9136291146278381,0.9381535649299622,0.051725346595048904,11.06997013092041,9.154104232788086,-1.8623307943344116,2581,1515
2011_09_26_drive_0001_sync,0000000048,0,0.9038461446762085,9.860392570495605,9.128908157348633,-1.8597192764282227,True,38,0.913517951965332,0.9299043416976929,0.04399355500936508,9.876786231994629,9.13896656036377,-1.8992857933044434,2600,1496
2011_09_26_drive_0001_sync,0000000048,1,0.8243013024330139,0.3909861743450165,9.233595848083496,-2.0033082962036133,True,28,0.8521769046783447,0.8945165276527405,0.0715029165148735,0.44833606481552124,9.190923690795898,-2.0016517639160156,2600,1496
2011_09_26_drive_0001_sync,0000000048,2,0.8965522050857544,14.992137908935547,9.113641738891602,-1.779547929763794,True,4,0.9140003323554993,0.9470439553260803,0.03371930867433548,15.00668716430664,9.143999099731445,-1.781482219696045,2600,1496
2011_09_26_drive_0001_sync,0000000048,3,0.8447450995445251,34.8882942199707,9.245733261108398,-1.578119158744812,True,64,0.8641312122344971,0.8719222545623779,0.07104265689849854,34.86320877075195,9.181802749633789,-1.5963034629821777,2600,1496
2011_09_26_drive_0001_sync,0000000049,0,0.6280216574668884,33.374629974365234,9.209213256835938,-1.5382542610168457,True,20,0.7001845836639404,0.8717634081840515,0.11062940955162048,33.477176666259766,9.247580528259277,-1.5224114656448364,2629,1467
2011_09_26_drive_0001_sync,0000000049,1,0.9036896824836731,13.91970443725586,9.201353073120117,-1.7802692651748657,True,45,0.8864412307739258,0.8940104842185974,0.07948976755142212,13.855449676513672,9.164031982421875,-1.808501958847046,2629,1467
2011_09_26_drive_0001_sync,0000000049,2,0.7641041874885559,-0.6733934283256531,9.288000106811523,-1.944884181022644,True,28,0.7362518906593323,0.848212480545044,0.061428412795066833,-0.6833354234695435,9.233564376831055,-1.971555471420288,2629,1467
2011_09_26_drive_0001_sync,0000000049,3,0.9054749608039856,8.752083778381348,9.157526969909668,-1.8303583860397339,True,69,0.9111009836196899,0.9361532926559448,0.03987235203385353,8.714659690856934,9.17105484008789,-1.8328561782836914,2629,1467
2011_09_26_drive_0001_sync,0000000050,0,0.9142599105834961,7.6400580406188965,9.192606925964355,-1.9262933731079102,True,12,0.9100359678268433,0.8734692931175232,0.06693394482135773,7.663427352905273,9.143779754638672,-1.886924147605896,2616,1480
2011_09_26_drive_0001_sync,0000000050,1,0.80426424741745,32.30841827392578,9.326199531555176,-1.584475040435791,True,58,0.8636521697044373,0.8771390914916992,0.09328338503837585,32.37321090698242,9.279975891113281,-1.6331276893615723,2616,1480
2011_09_26_drive_0001_sync,0000000050,2,0.905149519443512,12.853129386901855,9.1656494140625,-1.8231573104858398,True,94,0.898033857345581,0.9451584219932556,0.059499457478523254,12.79583740234375,9.180724143981934,-1.828685998916626,2616,1480
2011_09_26_drive_0001_sync,0000000050,3,0.35787683725357056,-1.0372426509857178,9.834736824035645,-1.8665289878845215,True,20,0.4020613431930542,0.5780389308929443,0.11152350157499313,-1.096506118774414,9.918755531311035,-1.8233295679092407,2616,1480
2011_09_26_drive_0001_sync,0000000051,0,0.8964568972587585,11.738131523132324,9.230141639709473,-1.855211853981018,True,28,0.9061029553413391,0.9344241619110107,0.04034706950187683,11.699972152709961,9.230635643005371,-1.842115879058838,2603,1493
2011_09_26_drive_0001_sync,0000000051,1,0.9090075492858887,6.586572647094727,9.217517852783203,-1.9239630699157715,True,90,0.9099379777908325,0.9137053489685059,0.05702655017375946,6.568774700164795,9.200440406799316,-1.872546911239624,2603,1493
2011_09_26_drive_0001_sync,0000000051,2,0.8287360668182373,31.372112274169922,9.338032722473145,-1.8293718099594116,True,18,0.8669058084487915,0.8853579759597778,0.053931865841150284,31.329147338867188,9.341801643371582,-1.7969919443130493,2603,1493
2011_09_26_drive_0001_sync,0000000052,0,0.914984405040741,5.5143723487854,9.157026290893555,-1.9216339588165283,True,17,0.9092408418655396,0.8813456892967224,0.05083524063229561,5.539809703826904,9.192407608032227,-1.895455241203308,2647,1449
2011_09_26_drive_0001_sync,0000000052,1,0.8464169502258301,30.21225357055664,9.322344779968262,-1.6763739585876465,True,21,0.8457114696502686,0.8826770782470703,0.1126789078116417,30.108482360839844,9.366240501403809,-1.6774866580963135,2647,1449
2011_09_26_drive_0001_sync,0000000052,2,0.9071730375289917,10.65883731842041,9.240006446838379,-1.9135407209396362,True,43,0.9018319249153137,0.8900101184844971,0.0787070170044899,10.659560203552246,9.221839904785156,-1.836962342262268,2647,1449
2011_09_26_drive_0001_sync,0000000053,0,0.903807520866394,4.488681316375732,9.233823776245117,-1.884312391281128,True,99,0.9071798920631409,0.9426804184913635,0.03500666841864586,4.494139194488525,9.206625938415527,-1.9056655168533325,2628,1468
2011_09_26_drive_0001_sync,0000000053,1,0.910976231098175,9.541885375976562,9.211845397949219,-1.8617496490478516,True,90,0.9053462743759155,0.8986352682113647,0.057089682668447495,9.583102226257324,9.220521926879883,-1.8232123851776123,2628,1468
2011_09_26_drive_0001_sync,0000000053,2,0.8613358736038208,29.300983428955078,9.385068893432617,-1.7013604640960693,True,89,0.816717803478241,0.8970778584480286,0.11536669731140137,29.410816192626953,9.353684425354004,-1.685197114944458,2628,1468
2011_09_26_drive_0001_sync,0000000054,0,0.9111545085906982,3.430689811706543,9.19635009765625,-1.9473750591278076,True,92,0.897654116153717,0.9239768981933594,0.04312589764595032,3.3986546993255615,9.167590141296387,-1.9499166011810303,2657,1439
2011_09_26_drive_0001_sync,0000000054,1,0.9109610915184021,8.49651050567627,9.15225601196289,-1.8291016817092896,True,66,0.9073964357376099,0.8653126358985901,0.09757938235998154,8.516263008117676,9.247069358825684,-1.8410181999206543,2657,1439
2011_09_26_drive_0001_sync,0000000054,2,0.8356567025184631,28.506961822509766,9.417540550231934,-1.6524628400802612,True,64,0.8255749344825745,0.9337761402130127,0.02503165788948536,28.517925262451172,9.416410446166992,-1.6749374866485596,2657,1439
2011_09_26_drive_0001_sync,0000000055,0,0.8564607501029968,27.233579635620117,9.424944877624512,-1.6386151313781738,True,67,0.8471634387969971,0.8056696653366089,0.2051662653684616,27.043554306030273,9.358757019042969,-1.5985809564590454,2606,1490
2011_09_26_drive_0001_sync,0000000055,1,0.8887864351272583,2.388291358947754,9.179069519042969,-1.9087378978729248,True,25,0.9075038433074951,0.9208549857139587,0.03960265591740608,2.4081594944000244,9.198420524597168,-1.9370074272155762,2606,1490
2011_09_26_drive_0001_sync,0000000055,2,0.9080626368522644,7.4940314292907715,9.218331336975098,-1.8796327114105225,True,58,0.9070369601249695,0.9272666573524475,0.040391091257333755,7.4842634201049805,9.254926681518555,-1.8936614990234375,2606,1490
2011_09_26_drive_0001_sync,0000000056,0,0.3706871271133423,45.47428512573242,-11.954107284545898,-1.0315358638763428,True,80,0.40538346767425537,0.7109319567680359,0.18106602132320404,45.558143615722656,-11.883977890014648,-0.8871941566467285,2639,1457
2011_09_26_drive_0001_sync,0000000056,1,0.9113080501556396,6.459867000579834,9.200512886047363,-1.9275450706481934,True,95,0.9163901805877686,0.9255257248878479,0.03902697190642357,6.483391761779785,9.22804069519043,-1.9129879474639893,2639,1457
2011_09_26_drive_0001_sync,0000000056,2,0.8897775411605835,26.153764724731445,9.459900856018066,-1.6470271348953247,True,58,0.8856217861175537,0.9601085782051086,0.036541786044836044,26.124696731567383,9.468127250671387,-1.667586326599121,2639,1457
2011_09_26_drive_0001_sync,0000000056,3,0.8785464763641357,1.5575299263000488,9.107563018798828,-1.9141809940338135,True,31,0.869201123714447,0.8303278088569641,0.12492616474628448,1.542525053024292,9.229793548583984,-1.9351832866668701,2639,1457
2011_09_26_drive_0001_sync,0000000057,0,0.8411973118782043,0.4119855761528015,9.1767578125,-1.9363949298858643,True,49,0.839166522026062,0.8710692524909973,0.0632624626159668,0.3535405099391937,9.175422668457031,-1.9605720043182373,2604,1492
2011_09_26_drive_0001_sync,0000000057,1,0.9177190065383911,5.394093036651611,9.226278305053711,-1.8966922760009766,True,78,0.9130692481994629,0.9155645966529846,0.06001396104693413,5.449052810668945,9.246136665344238,-1.8830268383026123,2604,1492
2011_09_26_drive_0001_sync,0000000057,2,0.8765889406204224,25.074960708618164,9.502306938171387,-1.7142302989959717,True,54,0.8882346749305725,0.9407421946525574,0.04613293334841728,25.113996505737305,9.478464126586914,-1.7202281951904297,2604,1492
2011_09_26_drive_0001_sync,0000000058,0,0.697681725025177,-0.6757441163063049,9.191102027893066,-1.9752960205078125,True,48,0.6614529490470886,0.9175951480865479,0.048130735754966736,-0.6993846297264099,9.217679977416992,-1.942872166633606,2622,1474
2011_09_26_drive_0001_sync,0000000058,1,0.9021124243736267,4.442362308502197,9.217598915100098,-1.8828580379486084,True,87,0.9121251702308655,0.9049826860427856,0.05919234827160835,4.451324462890625,9.159090042114258,-1.8832123279571533,2622,1474
2011_09_26_drive_0001_sync,0000000058,2,0.8718886375427246,23.97138023376465,9.510247230529785,-1.7668628692626953,True,32,0.8641147017478943,0.8040269613265991,0.1067032590508461,24.020706176757812,9.479598045349121,-1.6773465871810913,2622,1474
2011_09_26_drive_0001_sync,0000000059,0,0.3671036660671234,-1.5292177200317383,9.082571983337402,-1.9794634580612183,True,65,0.4702177345752716,0.731549859046936,0.24056598544120789,-1.4647216796875,9.314002990722656,-1.9671368598937988,2627,1469
2011_09_26_drive_0001_sync,0000000059,1,0.8677517175674438,23.14080810546875,9.523805618286133,-1.714964509010315,True,68,0.8673845529556274,0.944882869720459,0.0698196291923523,23.072614669799805,9.53279972076416,-1.7029836177825928,2627,1469
2011_09_26_drive_0001_sync,0000000059,2,0.9173738956451416,3.4496865272521973,9.195798873901367,-1.9387887716293335,True,50,0.9083436131477356,0.9301303625106812,0.04435868561267853,3.4684295654296875,9.160454750061035,-1.9579508304595947,2627,1469
2011_09_26_drive_0001_sync,0000000060,0,0.8930270671844482,21.7906494140625,9.516304016113281,-1.7308536767959595,True,30,0.8993712067604065,0.9181970357894897,0.1101582795381546,21.900428771972656,9.507193565368652,-1.7314348220825195,2690,1406
2011_09_26_drive_0001_sync,0000000060,1,0.9012059569358826,2.4574239253997803,9.23166561126709,-1.9194622039794922,True,95,0.9072384834289551,0.946602463722229,0.014530865475535393,2.446117639541626,9.222945213317871,-1.9221582412719727,2690,1406
2011_09_26_drive_0001_sync,0000000061,0,0.8666449785232544,1.5717966556549072,9.245345115661621,-1.9403491020202637,True,44,0.8821805119514465,0.9160009622573853,0.0502295196056366,1.592237949371338,9.202713966369629,-1.9573121070861816,2617,1479
2011_09_26_drive_0001_sync,0000000061,1,0.899491012096405,21.109220504760742,9.474910736083984,-1.72029709815979,True,46,0.8563125133514404,0.8816927075386047,0.15000054240226746,20.968793869018555,9.49249267578125,-1.670583963394165,2617,1479
2011_09_26_drive_0001_sync,0000000062,0,0.8900249600410461,20.10314178466797,9.504715919494629,-1.685877799987793,True,41,0.8887167572975159,0.924460232257843,0.044286683201789856,20.089853286743164,9.54190731048584,-1.705915927886963,2686,1410
2011_09_26_drive_0001_sync,0000000062,1,0.8588225245475769,0.5912390947341919,9.233421325683594,-1.9164832830429077,True,70,0.8486431241035461,0.9130449295043945,0.07232310622930527,0.5218666791915894,9.228348731994629,-1.9362915754318237,2686,1410
2011_09_26_drive_0001_sync,0000000063,0,0.6585201025009155,-0.33805108070373535,9.283219337463379,-1.9306899309158325,True,55,0.794363260269165,0.9297787547111511,0.06501075625419617,-0.37324386835098267,9.275035858154297,-1.9847352504730225,2598,1498
2011_09_26_drive_0001_sync,0000000063,1,0.8914538025856018,18.96952247619629,9.499381065368652,-1.736719012260437,True,33,0.8742784261703491,0.9086289405822754,0.08286675810813904,19.049734115600586,9.503035545349121,-1.7162339687347412,2598,1498
2011_09_26_drive_0001_sync,0000000064,0,0.6630853414535522,-1.0166414976119995,9.092794418334961,-1.9375133514404297,True,94,0.6153317093849182,0.7831847667694092,0.14193326234817505,-1.151249647140503,9.050589561462402,-1.9531482458114624,2663,1433
2011_09_26_drive_0001_sync,0000000064,1,0.9076899290084839,18.054414749145508,9.538315773010254,-1.7582948207855225,True,68,0.8816031217575073,0.8890091776847839,0.07599151134490967,18.02454948425293,9.512678146362305,-1.8232985734939575,2663,1433
2011_09_26_drive_0001_sync,0000000065,0,0.8925394415855408,17.232181549072266,9.549300193786621,-1.7808302640914917,True,97,0.8661791086196899,0.953059732913971,0.04071269556879997,17.266115188598633,9.54004192352295,-1.7603286504745483,2639,1457
2011_09_26_drive_0001_sync,0000000066,0,0.8780264258384705,16.11742401123047,9.492987632751465,-1.7867742776870728,True,75,0.8857182860374451,0.9014872312545776,0.11485852301120758,16.222143173217773,9.4708251953125,-1.8284300565719604,2599,1497
2011_09_26_drive_0001_sync,0000000067,0,0.9025452136993408,15.43411922454834,9.49966812133789,-1.8034851551055908,True,49,0.8793197274208069,0.957385241985321,0.04352962598204613,15.392355918884277,9.5040922164917,-1.814934253692627,2621,1475
2011_09_26_drive_0001_sync,0000000068,0,0.9017735719680786,14.403996467590332,9.491911888122559,-1.8444523811340332,True,60,0.893531322479248,0.906765341758728,0.048170916736125946,14.374307632446289,9.468490600585938,-1.8742928504943848,2649,1447
2011_09_26_drive_0001_sync,0000000069,0,0.904056191444397,13.469292640686035,9.46820068359375,-1.8695122003555298,True,49,0.9002750515937805,0.9117981195449829,0.13706929981708527,13.605274200439453,9.476147651672363,-1.854219913482666,2651,1445
2011_09_26_drive_0001_sync,0000000069,1,0.4998031556606293,22.123620986938477,28.511550903320312,-0.5539484024047852,True,80,0.046860549598932266,0.6893150806427002,0.21832214295864105,21.962581634521484,28.51845932006836,-0.7012004256248474,2651,1445
2011_09_26_drive_0001_sync,0000000070,0,0.893022358417511,12.545572280883789,9.471221923828125,-1.877045750617981,True,63,0.9064155220985413,0.9285198450088501,0.07570967823266983,12.611671447753906,9.463937759399414,-1.8408546447753906,2671,1425
2011_09_26_drive_0001_sync,0000000071,0,0.903901219367981,11.73798656463623,9.449507713317871,-1.823304533958435,True,80,0.8903467059135437,0.8866947889328003,0.061808306723833084,11.699080467224121,9.408971786499023,-1.8490614891052246,2655,1441
2011_09_26_drive_0001_sync,0000000072,0,0.8818773627281189,10.920430183410645,9.478275299072266,-1.8073835372924805,True,82,0.8880406022071838,0.863981306552887,0.08038335293531418,10.865155220031738,9.42721939086914,-1.8356581926345825,2692,1404
2011_09_26_drive_0001_sync,0000000073,0,0.9007914662361145,9.879875183105469,9.405194282531738,-1.8066728115081787,True,12,0.9070322513580322,0.8561828136444092,0.08312933146953583,9.912909507751465,9.46968936920166,-1.847411036491394,2723,1373
2011_09_26_drive_0001_sync,0000000074,0,0.9006938934326172,9.061392784118652,9.472966194152832,-1.7700303792953491,True,61,0.9056821465492249,0.8321252465248108,0.11359461396932602,9.012917518615723,9.404589653015137,-1.846701979637146,2701,1395
2011_09_26_drive_0001_sync,0000000075,0,0.8700760006904602,8.268497467041016,9.420619010925293,-1.7822391986846924,True,68,0.897405207157135,0.8906428813934326,0.08054765313863754,8.20358657836914,9.401752471923828,-1.7384378910064697,2699,1397
2011_09_26_drive_0001_sync,0000000076,0,0.9058364629745483,7.32354736328125,9.435288429260254,-1.7717560529708862,True,94,0.9114511609077454,0.9166333079338074,0.04110445827245712,7.357856273651123,9.428388595581055,-1.7933168411254883,2623,1473
2011_09_26_drive_0001_sync,0000000077,0,0.8987618088722229,6.546729564666748,9.425271987915039,-1.7806124687194824,True,60,0.9061861038208008,0.9172620177268982,0.07127074897289276,6.476205348968506,9.415081024169922,-1.7791985273361206,2718,1378
2011_09_26_drive_0001_sync,0000000078,0,0.8941082954406738,5.715087413787842,9.370924949645996,-1.7497260570526123,True,98,0.9065327644348145,0.8868409395217896,0.07518409937620163,5.766077995300293,9.419232368469238,-1.7765402793884277,2680,1416
2011_09_26_drive_0001_sync,0000000079,0,0.8994852304458618,4.808257579803467,9.36402702331543,-1.7900054454803467,True,50,0.8651409149169922,0.9400248527526855,0.06949090957641602,4.873143196105957,9.374882698059082,-1.767622470855713,2670,1426
2011_09_26_drive_0001_sync,0000000080,0,0.8940393924713135,4.111004829406738,9.388514518737793,-1.8384732007980347,True,79,0.8974612355232239,0.9074141979217529,0.07643279433250427,4.150583744049072,9.432443618774414,-1.7900406122207642,2618,1478
2011_09_26_drive_0001_sync,0000000081,0,0.8920150995254517,3.242110252380371,9.368185997009277,-1.8135756254196167,True,75,0.8995107412338257,0.8782545924186707,0.08489590883255005,3.1910207271575928,9.431275367736816,-1.8384132385253906,2603,1493
2011_09_26_drive_0001_sync,0000000082,0,0.8878170847892761,2.483327627182007,9.41571044921875,-1.8454079627990723,True,98,0.8838141560554504,0.9087690114974976,0.10861387848854065,2.3803658485412598,9.383096694946289,-1.833910584449768,2634,1462
2011_09_26_drive_0001_sync,0000000083,0,0.8735731244087219,1.8137974739074707,9.380890846252441,-1.8468589782714844,True,60,0.8730776906013489,0.9023373126983643,0.05860723927617073,1.831722617149353,9.435688018798828,-1.8363343477249146,2595,1501
2011_09_26_drive_0001_sync,0000000084,0,0.8223465085029602,0.9723833799362183,9.354769706726074,-1.8948371410369873,True,80,0.8249247670173645,0.8308956027030945,0.26930364966392517,1.2408965826034546,9.338071823120117,-1.8827416896820068,2664,1432
2011_09_26_drive_0001_sync,0000000085,0,0.8063274025917053,0.3011792302131653,9.380735397338867,-1.8945648670196533,True,41,0.7974965572357178,0.9360294938087463,0.023419439792633057,0.29565802216529846,9.358124732971191,-1.897161841392517,2631,1465
2011_09_26_drive_0001_sync,0000000086,0,0.7679184675216675,-0.3042960464954376,9.46016788482666,-1.8261386156082153,True,66,0.7018054127693176,0.8586550354957581,0.09491542726755142,-0.36559706926345825,9.405305862426758,-1.8734807968139648,2671,1425
2011_09_26_drive_0001_sync,0000000087,0,0.5986217260360718,-0.9462572932243347,9.333369255065918,-1.8554327487945557,True,94,0.5910680294036865,0.6326147317886353,0.4086839556694031,-0.6172149181365967,9.575728416442871,-1.8514684438705444,2718,1378
2011_09_26_drive_0001_sync,0000000088,0,0.6334334015846252,-0.6899517774581909,10.33568286895752,-1.9668240547180176,False,,,0.0,,,,,2647,1449
2011_09_26_drive_0001_sync,0000000090,0,0.5305270552635193,42.799522399902344,19.715341567993164,-1.5389587879180908,True,69,0.5554776191711426,0.9627522230148315,0.030003080144524574,42.80949401855469,19.69901466369629,-1.5158463716506958,2584,1512
2011_09_26_drive_0001_sync,0000000092,0,0.34968963265419006,24.889665603637695,18.369386672973633,-1.5187232494354248,True,54,0.5600258111953735,0.6756322383880615,0.17407645285129547,24.964757919311523,18.493284225463867,-1.6152279376983643,2723,1373
2011_09_26_drive_0001_sync,0000000094,0,0.5170676112174988,38.797576904296875,20.9543514251709,-1.66777765750885,True,91,0.39318394660949707,0.6881989240646362,0.49237415194511414,38.6821174621582,21.432958602905273,-1.6738266944885254,2726,1370
2011_09_26_drive_0001_sync,0000000095,0,0.7396226525306702,22.758432388305664,18.724679946899414,-1.6628942489624023,True,11,0.6502847075462341,0.875964343547821,0.12090214341878891,22.756044387817383,18.604150772094727,-1.6537103652954102,2690,1406
2011_09_26_drive_0001_sync,0000000096,0,0.4014555513858795,21.995718002319336,18.10512924194336,-1.668652892112732,True,36,0.6826871633529663,0.8956294655799866,0.1038513109087944,22.002649307250977,18.202970504760742,-1.7027723789215088,2708,1388
2011_09_26_drive_0001_sync,0000000096,1,0.34738659858703613,30.23908805847168,-10.963373184204102,-0.924634575843811,True,35,0.3117888569831848,0.6263697743415833,0.3443974554538727,30.217512130737305,-10.619682312011719,-0.929180920124054,2708,1388
2011_09_26_drive_0001_sync,0000000097,0,0.3469507396221161,55.88396072387695,2.7690489292144775,-0.5433515310287476,True,72,0.17039509117603302,0.7714684009552002,0.15642401576042175,55.92264938354492,2.8864693641662598,-0.6391852498054504,2708,1388
2011_09_26_drive_0001_sync,0000000097,1,0.37250128388404846,37.06025314331055,21.259563446044922,-1.6531703472137451,True,33,0.23422685265541077,0.875450849533081,0.09860683232545853,37.066322326660156,21.192691802978516,-1.5809577703475952,2708,1388
2011_09_26_drive_0001_sync,0000000097,2,0.6149263978004456,21.610340118408203,19.57908821105957,-1.578294038772583,True,73,0.3593135178089142,0.6762775778770447,0.29426416754722595,21.661991119384766,19.290241241455078,-1.6004525423049927,2708,1388
2011_09_26_drive_0001_sync,0000000098,0,0.3571062684059143,30.307586669921875,19.07965850830078,-1.4321926832199097,False,,,0.0,,,,,2653,1443
2011_09_26_drive_0001_sync,0000000098,1,0.6121445298194885,20.748611450195312,18.552949905395508,-1.6762484312057495,True,40,0.6922711133956909,0.846944272518158,0.10142135620117188,20.7133846282959,18.516952514648438,-1.5882169008255005,2653,1443
2011_09_26_drive_0001_sync,0000000100,0,0.43519553542137146,35.071102142333984,21.420307159423828,-1.6250925064086914,True,73,0.23218388855457306,0.9097133278846741,0.08628594875335693,35.04575729370117,21.337968826293945,-1.6299197673797607,2686,1410
2011_09_26_drive_0001_sync,0000000101,0,0.4563993811607361,34.36448287963867,21.288677215576172,-1.7965281009674072,True,84,0.4755179286003113,0.7599320411682129,0.21395841240882874,34.43181228637695,21.4764404296875,-1.7191334962844849,2563,1533
2011_09_26_drive_0001_sync,0000000101,1,0.6232807040214539,18.948333740234375,18.553085327148438,-1.5525838136672974,True,70,0.7369223237037659,0.8434000611305237,0.09238564968109131,19.02695655822754,18.5474910736084,-1.6007736921310425,2563,1533
2011_09_26_drive_0001_sync,0000000101,2,0.37869760394096375,37.789794921875,21.210660934448242,-1.8419491052627563,False,,,0.0,,,,,2563,1533
2011_09_26_drive_0001_sync,0000000102,0,0.38178113102912903,33.842464447021484,21.549283981323242,-1.7491538524627686,True,57,0.5039073824882507,0.5751873850822449,0.6947472095489502,33.61219787597656,22.204601287841797,-1.734653353691101,2559,1537
2011_09_26_drive_0001_sync,0000000102,1,0.8275871872901917,18.577009201049805,19.1362361907959,-1.7967933416366577,True,75,0.8459570407867432,0.8063632249832153,0.2897624671459198,18.622875213623047,18.850587844848633,-1.8130292892456055,2559,1537
2011_09_26_drive_0001_sync,0000000102,2,0.41297176480293274,28.033327102661133,19.268129348754883,-1.460235357284546,True,25,0.07773976773023605,0.6921396255493164,0.2464754432439804,27.975582122802734,19.480619430541992,-1.3494940996170044,2559,1537
2011_09_26_drive_0001_sync,0000000103,0,0.5690292716026306,33.216033935546875,21.206594467163086,-1.6712689399719238,True,77,0.7293169498443604,0.8519718647003174,0.13400614261627197,33.18505096435547,21.076234817504883,-1.6692535877227783,2719,1377
2011_09_26_drive_0001_sync,0000000103,1,0.7838708758354187,17.82614517211914,18.414457321166992,-1.8612619638442993,True,73,0.7924708127975464,0.714583158493042,0.21625563502311707,17.97347640991211,18.339685440063477,-1.7217299938201904,2719,1377
2011_09_26_drive_0001_sync,0000000103,2,0.45137542486190796,18.01988983154297,23.097476959228516,-1.7714143991470337,False,,,0.0,,,,,2719,1377
2011_09_26_drive_0001_sync,0000000104,0,0.6224254369735718,17.30156898498535,18.217529296875,-1.8353526592254639,True,99,0.5678139328956604,0.6205230951309204,0.5066525340080261,17.221088409423828,17.7304744720459,-1.7213472127914429,2635,1461
2011_09_26_drive_0001_sync,0000000104,1,0.529475748538971,32.69759750366211,21.429584503173828,-1.8491090536117554,True,48,0.6459715962409973,0.9005135893821716,0.11334092170000076,32.687782287597656,21.537912368774414,-1.8809665441513062,2635,1461
2011_09_26_drive_0001_sync,0000000105,0,0.6298730969429016,16.885059356689453,18.697843551635742,-1.8547431230545044,True,73,0.6595465540885925,0.8277571201324463,0.12403152883052826,16.843862533569336,18.607954025268555,-1.9296197891235352,2593,1503
2011_09_26_drive_0001_sync,0000000105,1,0.5075963139533997,32.32004928588867,21.172691345214844,-2.0089492797851562,True,47,0.6982213854789734,0.7394313216209412,0.14314788579940796,32.33071517944336,21.10084342956543,-1.8855984210968018,2593,1503
2011_09_26_drive_0001_sync,0000000106,0,0.6694458723068237,16.689828872680664,23.47626304626465,-2.2220683097839355,True,24,0.5888022780418396,0.8952375054359436,0.0781862884759903,16.656253814697266,23.46610450744629,-2.1521925926208496,2672,1424
2011_09_26_drive_0001_sync,0000000106,1,0.8011106848716736,31.918920516967773,21.153270721435547,-1.8794220685958862,True,82,0.7768251299858093,0.8695999383926392,0.07302235066890717,31.906389236450195,21.18869972229004,-1.9420320987701416,2672,1424
2011_09_26_drive_0001_sync,0000000107,0,0.8172234892845154,15.888162612915039,18.33519744873047,-1.850144863128662,True,11,0.8168928623199463,0.900352418422699,0.06618518382310867,15.917768478393555,18.30889892578125,-1.9031765460968018,2572,1524
2011_09_26_drive_0001_sync,0000000107,1,0.32496944069862366,25.469650268554688,19.372577667236328,-1.7176843881607056,True,48,0.2820284068584442,0.5378135442733765,0.41437187790870667,25.594310760498047,19.16449546813965,-1.3817296028137207,2572,1524
2011_09_26_drive_0001_sync,0000000107,2,0.8130810856819153,31.311262130737305,21.251018524169922,-1.7956364154815674,True,43,0.7196854948997498,0.8953048586845398,0.08043782413005829,31.322132110595703,21.172697067260742,-1.7808771133422852,2572,1524
2011_09_26_drive_0015_sync,0000000000,0,0.655053973197937,-0.046039313077926636,20.246484756469727,-1.5375303030014038,True,15,0.655053973197937,1.0,0.0,-0.046039313077926636,20.246484756469727,-1.5375303030014038,0,0
2011_09_26_drive_0015_sync,0000000000,1,0.472648561000824,58.28073501586914,21.99199867248535,-1.0357682704925537,True,21,0.472648561000824,1.0000003576278687,0.0,58.28073501586914,21.99199867248535,-1.0357682704925537,0,0
2011_09_26_drive_0015_sync,0000000000,2,0.7660248875617981,34.86838150024414,0.7608113288879395,-1.3951808214187622,True,43,0.7660248875617981,0.9999998211860657,0.0,34.86838150024414,0.7608113288879395,-1.3951808214187622,0,0
2011_09_26_drive_0015_sync,0000000001,0,0.6884819269180298,45.12940979003906,21.746688842773438,-1.2616543769836426,True,70,0.5775008797645569,0.7790654897689819,0.1579110324382782,45.182369232177734,21.608251571655273,-1.2071905136108398,2553,1543
2011_09_26_drive_0015_sync,0000000001,1,0.7849335670471191,34.82948303222656,1.046748399734497,-1.28787100315094,True,59,0.7525908350944519,0.944789469242096,0.03753473609685898,34.85319137573242,1.063219428062439,-1.3118600845336914,2553,1543
2011_09_26_drive_0015_sync,0000000002,0,0.6338295936584473,43.4648551940918,21.336423873901367,-1.1806588172912598,True,31,0.5452789068222046,0.8680441379547119,0.08988677710294724,43.464805603027344,21.248376846313477,-1.1625659465789795,2602,1494
2011_09_26_drive_0015_sync,0000000002,1,0.759935200214386,34.677486419677734,0.7519519925117493,-1.2196747064590454,True,8,0.7553975582122803,0.8761966228485107,0.13225916028022766,34.55331039428711,0.7876291275024414,-1.2479579448699951,2602,1494
2011_09_26_drive_0015_sync,0000000003,0,0.5868952870368958,34.23267364501953,1.4268025159835815,-1.3843152523040771,True,16,0.2673397958278656,0.5924475193023682,0.31949344277381897,34.02721405029297,1.5886285305023193,-1.2008084058761597,2562,1534
2011_09_26_drive_0015_sync,0000000003,1,0.5511292219161987,41.74303436279297,21.34820556640625,-1.0448799133300781,True,46,0.4716894328594208,0.6777052879333496,0.28616687655448914,41.51724624633789,21.502012252807617,-0.9597053527832031,2562,1534
2011_09_26_drive_0015_sync,0000000004,0,0.8433029055595398,34.288726806640625,0.825455904006958,-1.3340141773223877,True,97,0.8423545360565186,0.9136477708816528,0.062404897063970566,34.282779693603516,0.8616800904273987,-1.2835482358932495,2601,1495
2011_09_26_drive_0015_sync,0000000004,1,0.46441853046417236,39.801177978515625,20.771121978759766,-0.9812794327735901,True,11,0.2578733265399933,0.5975724458694458,0.27947723865509033,39.84428405761719,21.02081871032715,-1.0991816520690918,2601,1495
2011_09_26_drive_0015_sync,0000000005,0,0.7116112112998962,34.080955505371094,1.0424607992172241,-1.1703221797943115,True,30,0.6903039216995239,0.8549469709396362,0.13677461445331573,34.20795440673828,0.9918042421340942,-1.1738560199737549,2605,1491
2011_09_26_drive_0015_sync,0000000005,1,0.5085361003875732,38.16363525390625,21.142404556274414,-0.9194226861000061,True,65,0.5858266949653625,0.775578498840332,0.13480782508850098,38.09613800048828,21.061073303222656,-1.0031036138534546,2605,1491
2011_09_26_drive_0015_sync,0000000006,0,0.7458359003067017,36.54681396484375,21.01606559753418,-0.9430270195007324,True,64,0.5438852310180664,0.7250469923019409,0.23724426329135895,36.48277282714844,21.244470596313477,-0.9391883611679077,2605,1491
2011_09_26_drive_0015_sync,0000000006,1,0.6015454530715942,33.82966232299805,0.9640790224075317,-1.2916077375411987,True,45,0.696296215057373,0.7156313061714172,0.2553020715713501,33.94211196899414,1.1898611783981323,-1.3310620784759521,2605,1491
2011_09_26_drive_0015_sync,0000000007,0,0.8187979459762573,34.53889083862305,20.961963653564453,-1.0029473304748535,True,39,0.6706244349479675,0.7705142498016357,0.24901041388511658,34.76279830932617,21.040348052978516,-1.0786277055740356,2584,1512
2011_09_26_drive_0015_sync,0000000007,1,0.7035010457038879,33.570980072021484,0.7174394130706787,-1.3618255853652954,True,27,0.7837399244308472,0.881995677947998,0.08197799324989319,33.60261535644531,0.7878817915916443,-1.334303379058838,2584,1512
2011_09_26_drive_0015_sync,0000000008,0,0.7114179730415344,32.921268463134766,21.08793067932129,-1.1003568172454834,True,8,0.8214792609214783,0.7678526639938354,0.18088731169700623,32.96184158325195,20.91401481628418,-1.0715937614440918,2544,1552
2011_09_26_drive_0015_sync,0000000008,1,0.6250283718109131,33.69796371459961,0.6261382699012756,-1.4565224647521973,True,40,0.6140499711036682,0.7905141711235046,0.13733452558517456,33.772335052490234,0.7335032224655151,-1.414067268371582,2544,1552
2011_09_26_drive_0015_sync,0000000009,0,0.8577496409416199,33.56551742553711,0.7515817880630493,-1.4286839962005615,True,41,0.8616588115692139,0.9451318383216858,0.04799792170524597,33.52035140991211,0.7411526441574097,-1.4411364793777466,2508,1588
2011_09_26_drive_0015_sync,0000000009,1,0.8224025368690491,31.280378341674805,20.874120712280273,-1.1503456830978394,True,29,0.6383615136146545,0.6895194053649902,0.17023524641990662,31.286657333374023,20.85719108581543,-1.3196206092834473,2508,1588
2011_09_26_drive_0015_sync,0000000010,0,0.844814121723175,29.392242431640625,20.808521270751953,-1.1914088726043701,True,11,0.7945559620857239,0.8975534439086914,0.09636370092630386,29.450956344604492,20.815038681030273,-1.1152763366699219,2588,1508
2011_09_26_drive_0015_sync,0000000010,1,0.5937371253967285,32.892730712890625,1.2041877508163452,-1.3789827823638916,True,64,0.502906084060669,0.8431458473205566,0.15015767514705658,33.035343170166016,1.2387993335723877,-1.347185730934143,2588,1508
2011_09_26_drive_0015_sync,0000000011,0,0.6721574068069458,38.62773513793945,20.983928680419922,-1.1217048168182373,True,40,0.7202563285827637,0.8672704696655273,0.18720661103725433,38.813777923583984,20.975889205932617,-1.1409339904785156,2604,1492
2011_09_26_drive_0015_sync,0000000011,1,0.824633777141571,27.506580352783203,20.815519332885742,-1.24884033203125,True,99,0.8568391799926758,0.7691236138343811,0.3025621771812439,27.80221939086914,20.790512084960938,-1.1895438432693481,2604,1492
2011_09_26_drive_0015_sync,0000000011,2,0.7834930419921875,33.016563415527344,0.6793001294136047,-1.597267985343933,True,71,0.7612476944923401,0.8965867161750793,0.07495039701461792,32.9648551940918,0.7304028272628784,-1.5790379047393799,2604,1492
2011_09_26_drive_0015_sync,0000000012,0,0.7858502268791199,32.863704681396484,0.9316951036453247,-1.4963215589523315,True,66,0.7851554155349731,0.8114348649978638,0.14068661630153656,32.91257095336914,0.8078693747520447,-1.5418407917022705,2621,1475
2011_09_26_drive_0015_sync,0000000012,1,0.8755165934562683,25.92474937438965,20.757186889648438,-1.2095921039581299,True,38,0.8102781772613525,0.8605198860168457,0.1545219123363495,26.071603775024414,20.747800827026367,-1.1624464988708496,2621,1475
2011_09_26_drive_0015_sync,0000000013,0,0.8420956134796143,24.255887985229492,20.767026901245117,-1.1663357019424438,True,19,0.8532440066337585,0.9383619427680969,0.02883940376341343,24.23103904724121,20.770687103271484,-1.1521637439727783,2633,1463
2011_09_26_drive_0015_sync,0000000013,1,0.8133508563041687,32.68110656738281,1.0343353748321533,-1.5722401142120361,True,44,0.8205145001411438,0.9334365725517273,0.036093927919864655,32.66183090209961,1.0647817850112915,-1.57429838180542,2633,1463
2011_09_26_drive_0015_sync,0000000013,2,0.7422938346862793,35.04800033569336,20.796653747558594,-1.2064001560211182,True,63,0.7748680114746094,0.8734846711158752,0.08860854059457779,34.97228240966797,20.758663177490234,-1.2323806285858154,2633,1463
2011_09_26_drive_0015_sync,0000000014,0,0.7620669603347778,32.52259826660156,0.6746954917907715,-1.638458490371704,True,71,0.7692486643791199,0.9078091979026794,0.05752576142549515,32.56264114379883,0.7159926295280457,-1.6378862857818604,2611,1485
2011_09_26_drive_0015_sync,0000000014,1,0.8746992349624634,22.389240264892578,20.643795013427734,-1.1457544565200806,True,64,0.8598225712776184,0.8919194340705872,0.09339074045419693,22.46077537536621,20.659631729125977,-1.203666090965271,2611,1485
2011_09_26_drive_0015_sync,0000000014,2,0.7495563626289368,33.263946533203125,20.738107681274414,-1.091665267944336,True,83,0.8434995412826538,0.9131660461425781,0.03273390978574753,33.24857711791992,20.727073669433594,-1.118377447128296,2611,1485
2011_09_26_drive_0015_sync,0000000015,0,0.8713106513023376,32.548179626464844,0.74274080991745,-1.445476770401001,True,73,0.842612087726593,0.7973811626434326,0.13219623267650604,32.451446533203125,0.8238813877105713,-1.4063007831573486,2572,1524
2011_09_26_drive_0015_sync,0000000015,1,0.7050748467445374,31.754709243774414,20.672245025634766,-1.079369068145752,True,64,0.6619879603385925,0.8611802458763123,0.08426535129547119,31.69211196899414,20.723386764526367,-1.1031756401062012,2572,1524
2011_09_26_drive_0015_sync,0000000015,2,0.8356386423110962,20.800457000732422,20.674081802368164,-1.1670312881469727,True,15,0.8749116063117981,0.8984071016311646,0.11214914172887802,20.689176559448242,20.683259963989258,-1.1565501689910889,2572,1524
2011_09_26_drive_0015_sync,0000000016,0,0.7898465394973755,32.175418853759766,0.5585997700691223,-1.4368221759796143,True,96,0.7718096971511841,0.8363443613052368,0.10295930504798889,32.14836120605469,0.6574362516403198,-1.446814775466919,2573,1523
2011_09_26_drive_0015_sync,0000000016,1,0.8366408348083496,29.75904655456543,20.679187774658203,-1.113690733909607,True,41,0.8166130781173706,0.875408947467804,0.08167540282011032,29.692989349365234,20.640792846679688,-1.1425549983978271,2573,1523
2011_09_26_drive_0015_sync,0000000016,2,0.8452094197273254,18.90251922607422,20.619672775268555,-1.222122311592102,True,95,0.854284405708313,0.9191268682479858,0.06744519621133804,18.925601959228516,20.62368392944336,-1.1588771343231201,2573,1523
2011_09_26_drive_0015_sync,0000000017,0,0.7354289293289185,32.16176986694336,0.775603175163269,-1.4868862628936768,True,86,0.7776195406913757,0.805182158946991,0.1792105734348297,32.093223571777344,0.9411182403564453,-1.4916398525238037,2598,1498
2011_09_26_drive_0015_sync,0000000017,1,0.8551102876663208,27.85394859313965,20.694610595703125,-1.0936884880065918,True,55,0.8547593355178833,0.9119278192520142,0.05608838051557541,27.904035568237305,20.673370361328125,-1.0800483226776123,2598,1498
2011_09_26_drive_0015_sync,0000000017,2,0.855139434337616,17.201719284057617,20.707765579223633,-1.2310806512832642,True,39,0.8599996566772461,0.8868469595909119,0.09903125464916229,17.28189468383789,20.669727325439453,-1.1871240139007568,2598,1498
2011_09_26_drive_0015_sync,0000000018,0,0.7318810820579529,31.686046600341797,1.2261079549789429,-1.309135913848877,True,29,0.5440238118171692,0.7144793272018433,0.2358585149049759,31.563264846801758,1.0301138162612915,-1.262873888015747,2540,1556
2011_09_26_drive_0015_sync,0000000018,1,0.8563287258148193,15.468324661254883,20.634122848510742,-1.2894794940948486,True,40,0.8707783818244934,0.9098621010780334,0.05296596139669418,15.422158241271973,20.626895904541016,-1.264543056488037,2540,1556
2011_09_26_drive_0015_sync,0000000018,2,0.7999171614646912,26.21168327331543,20.71099281311035,-1.0914828777313232,True,71,0.8501162528991699,0.8361660838127136,0.11128230392932892,26.139867782592773,20.630117416381836,-1.117664098739624,2540,1556
2011_09_26_drive_0015_sync,0000000019,0,0.8665531277656555,13.77263355255127,20.665800094604492,-1.2414155006408691,True,55,0.8920775055885315,0.9349749684333801,0.01657545007765293,13.765798568725586,20.650997161865234,-1.244399070739746,2542,1554
2011_09_26_drive_0015_sync,0000000019,1,0.810555100440979,31.738431930541992,0.6931362152099609,-1.3325369358062744,True,27,0.7399330735206604,0.7441157698631287,0.18772682547569275,31.831523895263672,0.8230915665626526,-1.4309587478637695,2542,1554
2011_09_26_drive_0015_sync,0000000019,2,0.8352674841880798,24.512548446655273,20.635011672973633,-1.143465280532837,True,16,0.8640855550765991,0.8304883241653442,0.13629907369613647,24.603553771972656,20.718544006347656,-1.085864782333374,2542,1554
2011_09_26_drive_0015_sync,0000000020,0,0.8226158618927002,23.012889862060547,20.649274826049805,-1.0579708814620972,True,72,0.8116101026535034,0.8016008138656616,0.12051450461149216,23.071908950805664,20.671934127807617,-1.1605722904205322,2552,1544
2011_09_26_drive_0015_sync,0000000020,1,0.8844268321990967,12.004423141479492,20.669654846191406,-1.3121836185455322,True,34,0.8932150602340698,0.9465728402137756,0.039939820766448975,11.966850280761719,20.657764434814453,-1.3186711072921753,2552,1544
2011_09_26_drive_0015_sync,0000000020,2,0.5755925178527832,31.419095993041992,0.6820844411849976,-1.3574130535125732,True,67,0.6772863268852234,0.7685564160346985,0.14377881586551666,31.34517478942871,0.5799756646156311,-1.4265636205673218,2552,1544
2011_09_26_drive_0015_sync,0000000020,3,0.35647162795066833,53.490318298339844,21.788606643676758,-1.0326952934265137,True,95,0.4313886761665344,0.9649010896682739,0.025609055534005165,53.47013854980469,21.781326293945312,-1.018709659576416,2552,1544
2011_09_26_drive_0015_sync,0000000021,0,0.7569814324378967,21.03311538696289,20.680477142333984,-1.278053641319275,True,88,0.80363929271698,0.9142209887504578,0.050854723900556564,21.019859313964844,20.65391731262207,-1.3193459510803223,2589,1507
2011_09_26_drive_0015_sync,0000000021,1,0.8343874216079712,31.381298065185547,0.8599916696548462,-1.4250222444534302,True,35,0.8480086922645569,0.8835257887840271,0.07815390080213547,31.326444625854492,0.8079416751861572,-1.405275583267212,2589,1507
2011_09_26_drive_0015_sync,0000000021,2,0.890131413936615,10.238516807556152,20.640138626098633,-1.3886300325393677,True,8,0.8822409510612488,0.9136202335357666,0.03960588946938515,10.255921363830566,20.60625648498535,-1.3994793891906738,2589,1507
2011_09_26_drive_0015_sync,0000000022,0,0.8378022909164429,8.55482292175293,20.531307220458984,-1.4542198181152344,True,42,0.9007563591003418,0.8557088375091553,0.0864589735865593,8.54029655456543,20.60903549194336,-1.4192562103271484,2577,1519
2011_09_26_drive_0015_sync,0000000022,1,0.8659382462501526,31.233760833740234,0.8198530077934265,-1.3942012786865234,True,67,0.8517630696296692,0.9210633635520935,0.05825338885188103,31.27488899230957,0.8604544401168823,-1.386889934539795,2577,1519
2011_09_26_drive_0015_sync,0000000022,2,0.7856561541557312,19.521018981933594,20.592308044433594,-1.2841591835021973,True,72,0.8079442381858826,0.8745819330215454,0.08932876586914062,19.433732986450195,20.599729537963867,-1.2666747570037842,2577,1519
2011_09_26_drive_0015_sync,0000000023,0,0.8049298524856567,30.86515235900879,0.8551138639450073,-1.3427340984344482,True,41,0.7592675685882568,0.7422537803649902,0.23755386471748352,30.706520080566406,0.694362998008728,-1.2690672874450684,2605,1491
2011_09_26_drive_0015_sync,0000000023,1,0.882045567035675,17.518238067626953,20.619510650634766,-1.231885313987732,True,78,0.9019123315811157,0.7861994504928589,0.2124384194612503,17.677534103393555,20.67508316040039,-1.3609843254089355,2605,1491
2011_09_26_drive_0015_sync,0000000023,2,0.901118278503418,6.843949794769287,20.685571670532227,-1.4477674961090088,True,99,0.9049399495124817,0.8975034952163696,0.05453866347670555,6.857468128204346,20.636764526367188,-1.4275293350219727,2605,1491
2011_09_26_drive_0015_sync,0000000024,0,0.7714287042617798,30.447011947631836,0.7334897518157959,-1.2521588802337646,True,40,0.8073657155036926,0.7570981383323669,0.14840631186962128,30.41204833984375,0.7925370335578918,-1.383746862411499,2635,1461
2011_09_26_drive_0015_sync,0000000024,1,0.42026767134666443,46.680931091308594,21.675186157226562,-0.8725442886352539,True,5,0.35741356015205383,0.9098450541496277,0.04922153428196907,46.721309661865234,21.69702911376953,-0.89029860496521,2635,1461
2011_09_26_drive_0015_sync,0000000024,2,0.8712557554244995,15.873208999633789,20.567047119140625,-1.2817308902740479,True,57,0.8935678601264954,0.8662639856338501,0.07423190027475357,15.931205749511719,20.594039916992188,-1.244072675704956,2635,1461
2011_09_26_drive_0015_sync,0000000024,3,0.8929166197776794,5.242316246032715,20.64352035522461,-1.3744547367095947,True,85,0.9045065641403198,0.9046475291252136,0.07041118294000626,5.186767101287842,20.61271858215332,-1.4048402309417725,2635,1461
2011_09_26_drive_0015_sync,0000000025,0,0.37772896885871887,30.006288528442383,0.6345855593681335,-1.280696153640747,True,85,0.4298839867115021,0.8627791404724121,0.07246554642915726,29.961956024169922,0.6205575466156006,-1.3362758159637451,2588,1508
2011_09_26_drive_0015_sync,0000000025,1,0.8457795977592468,3.570220470428467,20.607688903808594,-1.4331114292144775,True,79,0.8568102717399597,0.8653061389923096,0.134220689535141,3.694683074951172,20.573759078979492,-1.470165729522705,2588,1508
2011_09_26_drive_0015_sync,0000000025,2,0.8839951157569885,14.292923927307129,20.572067260742188,-1.336326003074646,True,38,0.8916071057319641,0.8744874000549316,0.054526954889297485,14.27185344696045,20.60745620727539,-1.3720589876174927,2588,1508
2011_09_26_drive_0015_sync,0000000026,0,0.8474887609481812,30.366256713867188,0.6094616651535034,-1.318730354309082,True,44,0.8417960405349731,0.8326858282089233,0.12750720977783203,30.34285545349121,0.7347996234893799,-1.3177999258041382,2594,1502
2011_09_26_drive_0015_sync,0000000026,1,0.8486256003379822,1.985752820968628,20.615394592285156,-1.4900530576705933,True,75,0.867340087890625,0.9073628187179565,0.07763117551803589,1.9274747371673584,20.643529891967773,-1.5329327583312988,2594,1502
2011_09_26_drive_0015_sync,0000000026,2,0.8894522190093994,12.60722541809082,20.563846588134766,-1.4020841121673584,True,53,0.8788087964057922,0.8486056327819824,0.18349507451057434,12.7860689163208,20.584562301635742,-1.4375284910202026,2594,1502
2011_09_26_drive_0015_sync,0000000027,0,0.8616333603858948,11.008584022521973,20.55085563659668,-1.3478094339370728,True,53,0.8683361411094666,0.9340184330940247,0.03558911383152008,11.01159381866455,20.5666561126709,-1.37955641746521,2626,1470
2011_09_26_drive_0015_sync,0000000027,1,0.6217015385627747,30.101457595825195,0.8161308765411377,-1.3777827024459839,True,94,0.7668253779411316,0.8279317617416382,0.10178074240684509,30.17106819152832,0.7830275297164917,-1.3113157749176025,2626,1470
2011_09_26_drive_0015_sync,0000000027,2,0.620962917804718,0.24941828846931458,20.552722930908203,-1.4796085357666016,True,80,0.616604745388031,0.8143733739852905,0.23548133671283722,0.031888872385025024,20.463672637939453,-1.4938373565673828,2626,1470
2011_09_26_drive_0015_sync,0000000028,0,0.7013049721717834,39.9925651550293,21.57298469543457,-1.1095975637435913,True,59,0.6225576400756836,0.8413669466972351,0.08817259222269058,40.07798385620117,21.58687973022461,-1.0927162170410156,2598,1498
2011_09_26_drive_0015_sync,0000000028,1,0.8408927321434021,29.930545806884766,0.7608564496040344,-1.3443458080291748,True,81,0.8544431924819946,0.8917406797409058,0.07100360095500946,29.952098846435547,0.6932143568992615,-1.345580816268921,2598,1498
2011_09_26_drive_0015_sync,0000000028,2,0.8778578042984009,9.256217002868652,20.53689956665039,-1.3803040981292725,True,84,0.8744231462478638,0.8619282841682434,0.09036272764205933,9.318947792053223,20.50678062438965,-1.437950611114502,2598,1498
2011_09_26_drive_0015_sync,0000000029,0,0.8953460454940796,7.743697643280029,20.556900024414062,-1.389940619468689,True,67,0.8985949158668518,0.9420387148857117,0.032174002379179,7.733650207519531,20.54154396057129,-1.416368007659912,2618,1478
2011_09_26_drive_0015_sync,0000000029,1,0.6811845302581787,38.2462158203125,21.693227767944336,-1.0813058614730835,True,81,0.7028993368148804,0.7178833484649658,0.22128033638000488,38.26585388183594,21.47754669189453,-1.035907506942749,2618,1478
2011_09_26_drive_0015_sync,0000000029,2,0.7933358550071716,29.456912994384766,0.8321670889854431,-1.334925651550293,True,92,0.8099374771118164,0.8801875114440918,0.0737806111574173,29.517894744873047,0.7906381487846375,-1.335315465927124,2618,1478
2011_09_26_drive_0015_sync,0000000030,0,0.8743868470191956,6.144290924072266,20.482492446899414,-1.4137914180755615,True,91,0.9047448635101318,0.9022442102432251,0.050438202917575836,6.133971691131592,20.525920867919922,-1.4372754096984863,2600,1496
2011_09_26_drive_0015_sync,0000000030,1,0.8301312923431396,29.451126098632812,0.559744119644165,-1.318192958831787,True,80,0.8503729701042175,0.9402177929878235,0.035004232078790665,29.432571411132812,0.5721741318702698,-1.345146894454956,2600,1496
2011_09_26_drive_0015_sync,0000000031,0,0.8621784448623657,4.5433430671691895,20.56818389892578,-1.451507568359375,True,45,0.8815785646438599,0.8660261631011963,0.10258853435516357,4.633538246154785,20.5336856842041,-1.416879415512085,2634,1462
2011_09_26_drive_0015_sync,0000000031,1,0.840337336063385,29.180423736572266,0.6386593580245972,-1.174363613128662,True,8,0.770596981048584,0.8214741349220276,0.1105242371559143,29.182531356811523,0.7483158707618713,-1.1607029438018799,2634,1462
2011_09_26_drive_0015_sync,0000000032,0,0.8631327748298645,29.180421829223633,0.5637713074684143,-1.2513759136199951,True,29,0.835094690322876,0.8682411313056946,0.08707763254642487,29.25315284729004,0.5896859765052795,-1.2111124992370605,2606,1490
2011_09_26_drive_0015_sync,0000000032,1,0.8246066570281982,3.080090045928955,20.476177215576172,-1.425370216369629,True,42,0.8554096221923828,0.888733983039856,0.08422479033470154,3.124589204788208,20.54759407043457,-1.4290134906768799,2606,1490
2011_09_26_drive_0015_sync,0000000033,0,0.7701651453971863,28.880693435668945,0.735013484954834,-1.1936599016189575,True,18,0.5753511786460876,0.7066705822944641,0.23200426995754242,28.713064193725586,0.8682964444160461,-1.2828903198242188,2624,1472
2011_09_26_drive_0015_sync,0000000033,1,0.8250142335891724,1.3948613405227661,20.470577239990234,-1.5019835233688354,True,46,0.798953652381897,0.8908814191818237,0.1047469899058342,1.2903175354003906,20.464157104492188,-1.5008405447006226,2624,1472
2011_09_26_drive_0015_sync,0000000033,2,0.7574812769889832,31.995832443237305,21.286319732666016,-1.1256914138793945,True,25,0.7987179756164551,0.8826344609260559,0.03191239386796951,31.96833610534668,21.302011489868164,-1.1216763257980347,2624,1472
2011_09_26_drive_0015_sync,0000000034,0,0.8758748173713684,28.81365203857422,0.7158556580543518,-1.3060861825942993,True,41,0.8816601037979126,0.8014853000640869,0.20169441401958466,28.977352142333984,0.810758113861084,-1.375917673110962,2644,1452
2011_09_26_drive_0015_sync,0000000034,1,0.6123119592666626,-0.4204633831977844,20.500385284423828,-1.4227168560028076,True,97,0.4944956302642822,0.6889310479164124,0.3034553527832031,-0.17346206307411194,20.670747756958008,-1.4680172204971313,2644,1452
2011_09_26_drive_0015_sync,0000000035,0,0.8330808281898499,28.590354919433594,0.7846006751060486,-1.3137624263763428,True,96,0.7628517150878906,0.8388485908508301,0.11949466168880463,28.608911514282227,0.8961706161499023,-1.3523211479187012,2548,1548
2011_09_26_drive_0015_sync,0000000035,1,0.685001015663147,29.08003807067871,21.183134078979492,-1.248323678970337,True,45,0.6648361086845398,0.7886032462120056,0.1473117619752884,29.201433181762695,21.23807144165039,-1.1855075359344482,2548,1548
2011_09_26_drive_0015_sync,0000000036,0,0.7721316814422607,27.632448196411133,21.15403175354004,-1.2212631702423096,True,47,0.8050692081451416,0.9295822381973267,0.05578203499317169,27.687477111816406,21.151098251342773,-1.229914665222168,2574,1522
2011_09_26_drive_0015_sync,0000000036,1,0.6395544409751892,28.47089385986328,0.7996430397033691,-1.3558926582336426,True,98,0.42926493287086487,0.7630887031555176,0.32567298412323,28.165252685546875,0.8790161609649658,-1.2762291431427002,2574,1522
2011_09_26_drive_0015_sync,0000000037,0,0.86641925573349,28.423110961914062,0.8239144086837769,-1.3438026905059814,True,41,0.8559305667877197,0.8715541958808899,0.11364767700433731,28.474275588989258,0.7224535942077637,-1.3418848514556885,2628,1468
2011_09_26_drive_0015_sync,0000000037,1,0.7122921943664551,25.930973052978516,21.071748733520508,-1.1917122602462769,True,80,0.7080959677696228,0.8667404651641846,0.10056499391794205,26.01280403137207,21.12625503540039,-1.2128326892852783,2628,1468
2011_09_26_drive_0015_sync,0000000038,0,0.8661202192306519,28.089107513427734,0.4447914659976959,-1.333700180053711,True,67,0.8685439825057983,0.9278030395507812,0.04812536761164665,28.09854507446289,0.4884593188762665,-1.3515915870666504,2575,1521
2011_09_26_drive_0015_sync,0000000038,1,0.7272067666053772,24.64847755432129,21.162174224853516,-1.1394675970077515,True,8,0.6045389771461487,0.8209277987480164,0.05306992679834366,24.625038146972656,21.203161239624023,-1.1636972427368164,2575,1521
2011_09_26_drive_0015_sync,0000000039,0,0.8558482527732849,28.010908126831055,0.7874318361282349,-1.3250923156738281,True,71,0.8583035469055176,0.8827800750732422,0.09163996577262878,28.028297424316406,0.6975528001785278,-1.3209383487701416,2626,1470
2011_09_26_drive_0015_sync,0000000039,1,0.8290491104125977,23.305219650268555,21.13199234008789,-1.2256619930267334,True,44,0.8693985342979431,0.8792504072189331,0.06680881232023239,23.355571746826172,21.117107391357422,-1.184351921081543,2626,1470
2011_09_26_drive_0015_sync,0000000040,0,0.7995226979255676,27.835081100463867,0.9505404829978943,-1.3339145183563232,True,88,0.790099024772644,0.8268802762031555,0.11285589635372162,27.853404998779297,0.850053071975708,-1.285925269126892,2596,1500
2011_09_26_drive_0015_sync,0000000040,1,0.8699781894683838,21.96540069580078,21.057266235351562,-1.2597992420196533,True,56,0.8508656620979309,0.9192992448806763,0.055454470217227936,21.918079376220703,21.079910278320312,-1.2418231964111328,2596,1500
2011_09_26_drive_0015_sync,0000000041,0,0.8744465112686157,27.795944213867188,0.7492648959159851,-1.3627114295959473,True,50,0.8686675429344177,0.9224337339401245,0.05260634422302246,27.831031799316406,0.767463207244873,-1.3974261283874512,2597,1499
2011_09_26_drive_0015_sync,0000000041,1,0.7922899723052979,20.389427185058594,21.031213760375977,-1.2222477197647095,True,38,0.8333805799484253,0.8277769088745117,0.12723419070243835,20.454742431640625,21.094451904296875,-1.3112611770629883,2597,1499
2011_09_26_drive_0015_sync,0000000042,0,0.8636503219604492,18.967548370361328,20.90376091003418,-1.317199945449829,True,28,0.835695743560791,0.7971007227897644,0.12725050747394562,18.9809513092041,21.0280818939209,-1.3408081531524658,2559,1537
2011_09_26_drive_0015_sync,0000000042,1,0.664721667766571,27.401546478271484,0.6435682773590088,-1.3401525020599365,True,92,0.7846620082855225,0.8495899438858032,0.09729956090450287,27.43532943725586,0.6866652369499207,-1.2597250938415527,2559,1537
2011_09_26_drive_0015_sync,0000000043,0,0.8450733423233032,27.331384658813477,0.594414472579956,-1.2876759767532349,True,87,0.865260660648346,0.7853736281394958,0.17539292573928833,27.434940338134766,0.6411165595054626,-1.4213091135025024,2580,1516
2011_09_26_drive_0015_sync,0000000043,1,0.8174123764038086,17.680166244506836,20.880468368530273,-1.357129454612732,True,99,0.8206513524055481,0.8357192873954773,0.11710071563720703,17.63094139099121,20.98478126525879,-1.3773361444473267,2580,1516
2011_09_26_drive_0015_sync,0000000044,0,0.8548586368560791,16.287109375,20.938661575317383,-1.367136836051941,True,72,0.8560606837272644,0.8680369853973389,0.08727853000164032,16.20118522644043,20.928070068359375,-1.3782004117965698,2566,1530
2011_09_26_drive_0015_sync,0000000044,1,0.8720061779022217,27.45768928527832,0.5644996166229248,-1.4532792568206787,True,53,0.8787882924079895,0.9232512712478638,0.05977072939276695,27.41258430480957,0.6034746170043945,-1.4576416015625,2566,1530
2011_09_26_drive_0015_sync,0000000044,2,0.34690314531326294,47.80638122558594,22.39334487915039,-1.0158531665802002,True,26,0.32883942127227783,0.6257494688034058,0.3330567479133606,47.7227668762207,22.083328247070312,-1.1043128967285156,2566,1530
2011_09_26_drive_0015_sync,0000000045,0,0.32118967175483704,46.19780349731445,22.286853790283203,-0.9289158582687378,True,27,0.49778321385383606,0.8555665016174316,0.09451614320278168,46.165279388427734,22.20351791381836,-0.9594218730926514,2630,1466
2011_09_26_drive_0015_sync,0000000045,1,0.8722895383834839,14.915993690490723,20.9417781829834,-1.4330368041992188,True,66,0.8432493805885315,0.8176106810569763,0.06716801971197128,14.905353546142578,20.877544403076172,-1.4495398998260498,2630,1466
2011_09_26_drive_0015_sync,0000000045,2,0.846635103225708,27.01828384399414,0.47906219959259033,-1.4408704042434692,True,40,0.8544609546661377,0.8455784916877747,0.1610933542251587,27.169809341430664,0.5337502956390381,-1.4403197765350342,2630,1466
2011_09_26_drive_0015_sync,0000000046,0,0.8676479458808899,13.515953063964844,20.911943435668945,-1.4485669136047363,True,72,0.854352593421936,0.9060442447662354,0.026351211592555046,13.507269859313965,20.928857803344727,-1.4303215742111206,2642,1454
2011_09_26_drive_0015_sync,0000000046,1,0.8425078392028809,26.85069465637207,0.5095596313476562,-1.3453552722930908,True,45,0.8207049369812012,0.7481460571289062,0.2071554809808731,26.848230361938477,0.7139385938644409,-1.3790682554244995,2642,1454
2011_09_26_drive_0015_sync,0000000047,0,0.8713155388832092,12.28416633605957,20.83662986755371,-1.4557136297225952,True,86,0.8777887225151062,0.9394131898880005,0.0523451529443264,12.234086990356445,20.82192611694336,-1.4596978425979614,2600,1496
2011_09_26_drive_0015_sync,0000000047,1,0.838094174861908,26.747394561767578,0.49061140418052673,-1.4762541055679321,True,76,0.7832719087600708,0.7121861577033997,0.18629297614097595,26.704923629760742,0.6597620248794556,-1.4107608795166016,2600,1496
2011_09_26_drive_0015_sync,0000000048,0,0.3459320366382599,43.48588180541992,27.998733520507812,-0.6733154058456421,True,55,0.1487593948841095,0.8630269765853882,0.08511126041412354,43.529624938964844,28.02903175354004,-0.7397419214248657,2639,1457
2011_09_26_drive_0015_sync,0000000048,1,0.8669019341468811,10.757495880126953,20.84657859802246,-1.5809109210968018,True,25,0.8646799921989441,0.839523196220398,0.07184688746929169,10.808873176574707,20.825927734375,-1.5351300239562988,2639,1457
2011_09_26_drive_0015_sync,0000000048,2,0.5918828248977661,42.197227478027344,22.092159271240234,-1.145912766456604,True,70,0.598455548286438,0.7244675159454346,0.23499193787574768,42.043697357177734,21.914445877075195,-1.1376869678497314,2639,1457
2011_09_26_drive_0015_sync,0000000048,3,0.8711299896240234,26.675634384155273,0.5506008863449097,-1.4772236347198486,True,87,0.878329336643219,0.7728829979896545,0.19469158351421356,26.80858039855957,0.42652076482772827,-1.546752691268921,2639,1457
2011_09_26_drive_0015_sync,0000000049,0,0.6733217239379883,40.67044448852539,22.097257614135742,-1.0715426206588745,True,26,0.6546510457992554,0.9080857634544373,0.029494214802980423,40.68946075439453,22.09757423400879,-1.094085693359375,2652,1444
2011_09_26_drive_0015_sync,0000000049,1,0.7532922029495239,26.251718521118164,0.4779190719127655,-1.3268121480941772,True,82,0.8528286814689636,0.7973669767379761,0.30245864391326904,26.553680419921875,0.48667311668395996,-1.3417656421661377,2652,1444
2011_09_26_drive_0015_sync,0000000049,2,0.859728991985321,9.416252136230469,20.84379768371582,-1.5498138666152954,True,66,0.8839098811149597,0.8379450440406799,0.11925996840000153,9.311665534973145,20.790796279907227,-1.5280094146728516,2652,1444
2011_09_26_drive_0015_sync,0000000050,0,0.321377158164978,44.52333450317383,22.397014617919922,-1.095365047454834,True,86,0.44575437903404236,0.8821991682052612,0.12212185561656952,44.644073486328125,22.414356231689453,-1.0894393920898438,2653,1443
2011_09_26_drive_0015_sync,0000000050,1,0.8789845108985901,8.04820728302002,20.7967529296875,-1.5173795223236084,True,98,0.8460757732391357,0.8805971741676331,0.1050887256860733,7.959178447723389,20.834774017333984,-1.558268427848816,2653,1443
2011_09_26_drive_0015_sync,0000000050,2,0.43030285835266113,40.841949462890625,27.674055099487305,-0.951604962348938,True,67,0.38584253191947937,0.898908257484436,0.1334349811077118,40.77565383911133,27.658145904541016,-0.836902379989624,2653,1443
2011_09_26_drive_0015_sync,0000000050,3,0.858805775642395,26.426471710205078,0.6572613716125488,-1.4706627130508423,True,81,0.8394904136657715,0.8678102493286133,0.11505603045225143,26.352628707885742,0.5702529549598694,-1.45601224899292,2653,1443
2011_09_26_drive_0015_sync,0000000050,4,0.5844658613204956,39.20058822631836,22.224960327148438,-1.0397425889968872,True,82,0.6173160672187805,0.8561418652534485,0.11335185915231705,39.305816650390625,22.234872817993164,-1.0806982517242432,2653,1443
2011_09_26_drive_0015_sync,0000000051,0,0.8438583612442017,6.722804069519043,20.829280853271484,-1.5252264738082886,True,98,0.8736070990562439,0.8924293518066406,0.11642841249704361,6.611268520355225,20.79947280883789,-1.5101640224456787,2657,1439
2011_09_26_drive_0015_sync,0000000051,1,0.8269503116607666,26.093063354492188,0.6606498956680298,-1.4389126300811768,True,42,0.8486360907554626,0.9350975155830383,0.03738749399781227,26.122447967529297,0.6434271335601807,-1.454331636428833,2657,1439
2011_09_26_drive_0015_sync,0000000051,2,0.3964501917362213,38.06235122680664,22.460311889648438,-0.9440560340881348,True,5,0.6225937604904175,0.5264725685119629,0.30723118782043457,38.02027130126953,22.166088104248047,-1.0218547582626343,2657,1439
2011_09_26_drive_0015_sync,0000000052,0,0.8568273782730103,5.335247993469238,20.802413940429688,-1.4892191886901855,True,88,0.8685775399208069,0.8564940690994263,0.16327527165412903,5.49583101272583,20.825820922851562,-1.5072197914123535,2586,1510
2011_09_26_drive_0015_sync,0000000052,1,0.826081395149231,25.873472213745117,0.5101830959320068,-1.475806713104248,True,94,0.8088124990463257,0.7619445323944092,0.17533358931541443,25.91563606262207,0.6796489953994751,-1.460141897201538,2586,1510
2011_09_26_drive_0015_sync,0000000053,0,0.8643189668655396,25.785663604736328,0.5253299474716187,-1.453341007232666,True,78,0.8690639138221741,0.8497695326805115,0.1081518903374672,25.711074829101562,0.5731787085533142,-1.391342282295227,2669,1427
2011_09_26_drive_0015_sync,0000000053,1,0.8433099389076233,4.072561740875244,20.782512664794922,-1.5358079671859741,True,94,0.856615424156189,0.8810037970542908,0.07231297343969345,4.039459228515625,20.718276977539062,-1.538484811782837,2669,1427
2011_09_26_drive_0015_sync,0000000054,0,0.3422509729862213,34.0714225769043,22.236120223999023,-1.1330196857452393,True,52,0.3472868800163269,0.6321814656257629,0.3292279541492462,33.96928787231445,21.924591064453125,-1.1631712913513184,2548,1548
2011_09_26_drive_0015_sync,0000000054,1,0.854503870010376,25.494138717651367,0.39697742462158203,-1.4109582901000977,True,14,0.8623254299163818,0.933452844619751,0.04137395694851875,25.50607681274414,0.3580736815929413,-1.403489351272583,2548,1548
2011_09_26_drive_0015_sync,0000000054,2,0.8305432200431824,2.780648708343506,20.70694351196289,-1.5567963123321533,True,71,0.7923551201820374,0.8679332733154297,0.05528325214982033,2.789665699005127,20.75978660583496,-1.5703070163726807,2548,1548
2011_09_26_drive_0015_sync,0000000055,0,0.858543336391449,25.356998443603516,0.4664941430091858,-1.442846655845642,True,73,0.8673788905143738,0.8872981071472168,0.0774744302034378,25.33269691467285,0.3931436240673065,-1.4372408390045166,2638,1458
2011_09_26_drive_0015_sync,0000000055,1,0.3505195379257202,37.98295974731445,22.380441665649414,-1.0389232635498047,True,53,0.11433785408735275,0.6526259183883667,0.24452385306358337,38.18494415283203,22.357147216796875,-1.174759864807129,2638,1458
2011_09_26_drive_0015_sync,0000000055,2,0.8610198497772217,1.5382174253463745,20.706710815429688,-1.5560636520385742,True,91,0.8728074431419373,0.9017031192779541,0.062488920986652374,1.550746202468872,20.757200241088867,-1.5906860828399658,2638,1458
2011_09_26_drive_0015_sync,0000000055,3,0.6643548011779785,32.957244873046875,21.723526000976562,-1.0176563262939453,False,,,0.0,,,,,2638,1458
2011_09_26_drive_0015_sync,0000000056,0,0.31228479743003845,36.81856155395508,22.157482147216797,-1.0708701610565186,True,22,0.13274261355400085,0.5747408270835876,0.5185717344284058,37.2905158996582,21.964956283569336,-1.1663140058517456,2662,1434
2011_09_26_drive_0015_sync,0000000056,1,0.8209943771362305,25.278430938720703,0.5241737961769104,-1.3804042339324951,True,79,0.8332005143165588,0.8202723860740662,0.1318545639514923,25.2276554107666,0.4164721369743347,-1.4370418787002563,2662,1434
2011_09_26_drive_0015_sync,0000000056,2,0.573403000831604,0.2637941241264343,20.788646697998047,-1.5652631521224976,True,68,0.45409220457077026,0.8344002962112427,0.14106185734272003,0.37571901082992554,20.703214645385742,-1.5567407608032227,2662,1434
2011_09_26_drive_0015_sync,0000000057,0,0.8841946125030518,25.179107666015625,0.46380335092544556,-1.4355781078338623,True,95,0.8617282509803772,0.7761512398719788,0.16677242517471313,25.098543167114258,0.3370068669319153,-1.3631553649902344,2628,1468
2011_09_26_drive_0015_sync,0000000058,0,0.7245036959648132,28.673057556152344,21.61122703552246,-1.270530104637146,True,57,0.7752296328544617,0.8941802978515625,0.05661357194185257,28.622922897338867,21.586742401123047,-1.280127763748169,2624,1472
2011_09_26_drive_0015_sync,0000000058,1,0.8542145490646362,24.955455780029297,0.34552809596061707,-1.4349150657653809,True,78,0.8457690477371216,0.8853216171264648,0.1263340711593628,25.06610107421875,0.4061162769794464,-1.4417698383331299,2624,1472
2011_09_26_drive_0015_sync,0000000059,0,0.6114363074302673,27.59902000427246,21.66349220275879,-1.3114471435546875,True,45,0.02504928968846798,0.6629620790481567,0.2535577118396759,27.48233985900879,21.487735748291016,-1.452113151550293,2601,1495
2011_09_26_drive_0015_sync,0000000059,1,0.8763794898986816,24.742168426513672,0.3037925362586975,-1.3402533531188965,True,31,0.8782354593276978,0.9094094634056091,0.05591724067926407,24.757238388061523,0.3232296109199524,-1.3904712200164795,2601,1495
2011_09_26_drive_0015_sync,0000000060,0,0.6067678332328796,31.711429595947266,21.936349868774414,-1.076131820678711,True,84,0.6606072783470154,0.910853385925293,0.06109350547194481,31.66609764099121,21.947690963745117,-1.0367769002914429,2654,1442
2011_09_26_drive_0015_sync,0000000060,1,0.8587316870689392,24.72498321533203,0.3401294946670532,-1.3775405883789062,True,9,0.8627314567565918,0.8920782804489136,0.06548923999071121,24.7233829498291,0.302626371383667,-1.4312043190002441,2654,1442
2011_09_26_drive_0015_sync,0000000061,0,0.8068793416023254,25.24089813232422,21.524168014526367,-1.274373173713684,True,79,0.7845070362091064,0.8725376129150391,0.07185830175876617,25.209293365478516,21.478778839111328,-1.2284975051879883,2562,1534
2011_09_26_drive_0015_sync,0000000061,1,0.8643339276313782,24.556917190551758,0.28372886776924133,-1.4635332822799683,True,99,0.8638291954994202,0.7770789265632629,0.18426671624183655,24.618032455444336,0.11136536300182343,-1.4409507513046265,2562,1534
2011_09_26_drive_0015_sync,0000000062,0,0.32345035672187805,68.7532730102539,22.29620933532715,-0.506470263004303,True,48,0.3713906407356262,0.9233388304710388,0.04019050672650337,68.73066711425781,22.265531539916992,-0.4936982989311218,2666,1430
2011_09_26_drive_0015_sync,0000000062,1,0.7878422141075134,23.929302215576172,21.433061599731445,-1.1742064952850342,True,78,0.8416965007781982,0.8874675035476685,0.039127808064222336,23.93023681640625,21.47116470336914,-1.1653597354888916,2666,1430
2011_09_26_drive_0015_sync,0000000062,2,0.33140596747398376,29.18102264404297,22.158946990966797,-0.999123215675354,True,39,0.2514789402484894,0.7180624008178711,0.19751976430416107,29.221263885498047,22.316102981567383,-1.1118028163909912,2666,1430
2011_09_26_drive_0015_sync,0000000062,3,0.8477141857147217,24.445524215698242,0.201329305768013,-1.2664978504180908,True,57,0.8543787002563477,0.7045192718505859,0.24341009557247162,24.23671531677246,0.09923301637172699,-1.3387727737426758,2666,1430
2011_09_26_drive_0015_sync,0000000063,0,0.37383168935775757,67.61250305175781,22.825281143188477,-0.5161514282226562,True,81,0.2466476857662201,0.6720719933509827,0.233561173081398,67.6955795288086,22.607208251953125,-0.5064903497695923,2640,1456
2011_09_26_drive_0015_sync,0000000063,1,0.7821486592292786,22.875652313232422,21.482715606689453,-1.0927783250808716,True,63,0.8070794343948364,0.8056936264038086,0.1198924332857132,22.802988052368164,21.45970916748047,-1.1853245496749878,2640,1456
2011_09_26_drive_0015_sync,0000000063,2,0.8257361650466919,28.31942367553711,21.80550765991211,-1.0830451250076294,True,89,0.8284792900085449,0.8061479926109314,0.14126962423324585,28.26473045349121,21.919923782348633,-1.1452922821044922,2640,1456
2011_09_26_drive_0015_sync,0000000063,3,0.8866746425628662,24.4217472076416,0.10217630118131638,-1.4377202987670898,True,62,0.8574886918067932,0.850787341594696,0.09085843712091446,24.432764053344727,0.1854729950428009,-1.4031436443328857,2640,1456
2011_09_26_drive_0015_sync,0000000064,0,0.7889071106910706,27.107913970947266,21.867151260375977,-1.0917333364486694,True,68,0.80223548412323,0.8209025263786316,0.12748798727989197,26.999937057495117,21.799585342407227,-1.0971202850341797,2584,1512
2011_09_26_drive_0015_sync,0000000064,1,0.8610417246818542,24.219947814941406,0.13732866942882538,-1.407764196395874,True,38,0.8850921988487244,0.9073657989501953,0.06723491847515106,24.276369094848633,0.16891439259052277,-1.4261901378631592,2584,1512
2011_09_26_drive_0015_sync,0000000064,2,0.6531882286071777,21.54074478149414,21.599334716796875,-1.1707311868667603,True,73,0.3362835645675659,0.688072144985199,0.2604605257511139,21.754310607910156,21.554109573364258,-1.3128015995025635,2584,1512
2011_09_26_drive_0015_sync,0000000065,0,0.8042405843734741,25.845121383666992,21.804397583007812,-1.2260138988494873,True,60,0.6728756427764893,0.8023642301559448,0.17890413105487823,26.014705657958984,21.765005111694336,-1.1848301887512207,2577,1519
2011_09_26_drive_0015_sync,0000000065,1,0.45285338163375854,21.5339298248291,27.244884490966797,-0.8999006152153015,True,61,0.4384024739265442,0.7480048537254333,0.401488333940506,21.796859741210938,27.25111198425293,-1.203251838684082,2577,1519
2011_09_26_drive_0015_sync,0000000065,2,0.84865802526474,24.15711784362793,0.2716267704963684,-1.439035177230835,True,29,0.8634287118911743,0.8634346723556519,0.04448102042078972,24.150772094726562,0.3012995719909668,-1.4715592861175537,2577,1519
2011_09_26_drive_0015_sync,0000000065,3,0.8551781177520752,20.446998596191406,21.414533615112305,-1.3092703819274902,True,37,0.8726396560668945,0.9375854134559631,0.04096709191799164,20.46324348449707,21.382049560546875,-1.2903180122375488,2577,1519
2011_09_26_drive_0015_sync,0000000066,0,0.8000746369361877,19.458465576171875,21.383180618286133,-1.2487562894821167,True,67,0.7850829362869263,0.7979052066802979,0.18269822001457214,19.306678771972656,21.330848693847656,-1.3359386920928955,2667,1429
2011_09_26_drive_0015_sync,0000000066,1,0.7510461807250977,24.71702766418457,21.703922271728516,-1.1776529550552368,True,97,0.7534125447273254,0.824775218963623,0.12547534704208374,24.613588333129883,21.769350051879883,-1.2052857875823975,2667,1429
2011_09_26_drive_0015_sync,0000000066,2,0.866546630859375,24.078834533691406,0.21802504360675812,-1.4703623056411743,True,61,0.8677129745483398,0.893010139465332,0.04588478431105614,24.03706169128418,0.2214098572731018,-1.451681137084961,2667,1429
2011_09_26_drive_0015_sync,0000000067,0,0.7802931070327759,18.265941619873047,21.350997924804688,-1.3193557262420654,True,46,0.8203127980232239,0.8798503875732422,0.0576830692589283,18.288415908813477,21.337390899658203,-1.3707083463668823,2619,1477
2011_09_26_drive_0015_sync,0000000067,1,0.7656941413879395,23.561813354492188,21.782150268554688,-1.248854398727417,True,60,0.843973696231842,0.8788183331489563,0.15000148117542267,23.703798294067383,21.814821243286133,-1.2131706476211548,2619,1477
2011_09_26_drive_0015_sync,0000000067,2,0.8826892375946045,24.08574676513672,0.14026755094528198,-1.4782133102416992,True,70,0.861855685710907,0.8656218647956848,0.1003430113196373,24.00992202758789,0.18569453060626984,-1.4307188987731934,2619,1477
2011_09_26_drive_0015_sync,0000000068,0,0.8065742254257202,22.67426300048828,21.717853546142578,-1.138386845588684,True,57,0.6607527136802673,0.9344411492347717,0.06393678486347198,22.737960815429688,21.721017837524414,-1.133860468864441,2586,1510
2011_09_26_drive_0015_sync,0000000068,1,0.7615237832069397,17.211076736450195,21.307785034179688,-1.4421755075454712,True,21,0.5079954266548157,0.7966468930244446,0.13248303532600403,17.203346252441406,21.32341194152832,-1.3108446598052979,2586,1510
2011_09_26_drive_0015_sync,0000000068,2,0.8683149218559265,24.11941909790039,0.32747066020965576,-1.3824255466461182,True,24,0.8716433048248291,0.8316922783851624,0.10238870978355408,24.145660400390625,0.24385568499565125,-1.4353724718093872,2586,1510
2011_09_26_drive_0015_sync,0000000069,0,0.7530196905136108,16.086116790771484,21.290889739990234,-1.3821697235107422,True,64,0.6429896950721741,0.9096997380256653,0.03584505245089531,16.063636779785156,21.276714324951172,-1.3581161499023438,2661,1435
2011_09_26_drive_0015_sync,0000000069,1,0.8571085333824158,24.196008682250977,0.24771727621555328,-1.4815669059753418,True,30,0.8761160373687744,0.8188340067863464,0.13177205622196198,24.12481689453125,0.14412371814250946,-1.4420197010040283,2661,1435
2011_09_26_drive_0015_sync,0000000069,2,0.67778480052948,21.654226303100586,21.652671813964844,-1.228121280670166,True,48,0.8147832751274109,0.8239045143127441,0.2290915995836258,21.426645278930664,21.66674041748047,-1.250300407409668,2661,1435
2011_09_26_drive_0015_sync,0000000070,0,0.320840984582901,32.2949104309082,27.525527954101562,-0.8697773218154907,True,92,0.04922349750995636,0.6448588967323303,0.2340930998325348,32.190494537353516,27.55781364440918,-1.076790690422058,2654,1442
2011_09_26_drive_0015_sync,0000000070,1,0.851832926273346,24.201492309570312,0.16958369314670563,-1.3918612003326416,True,34,0.8285852074623108,0.823207676410675,0.23615816235542297,23.96611976623535,0.17684635519981384,-1.3740371465682983,2654,1442
2011_09_26_drive_0015_sync,0000000070,2,0.8797697424888611,20.30948257446289,21.67251205444336,-1.2522634267807007,True,53,0.8379482626914978,0.890191912651062,0.06861661374568939,20.247303009033203,21.675119400024414,-1.2233645915985107,2654,1442
2011_09_26_drive_0015_sync,0000000070,3,0.31906917691230774,16.288911819458008,27.26500701904297,-0.9897941946983337,True,8,0.3947211802005768,0.7419547438621521,0.20795881748199463,16.41581153869629,27.119741439819336,-0.912068784236908,2654,1442
2011_09_26_drive_0015_sync,0000000070,4,0.8116612434387207,15.06165599822998,21.28618621826172,-1.3242671489715576,True,91,0.8786830902099609,0.9191661477088928,0.04749511927366257,15.063813209533691,21.248613357543945,-1.2952945232391357,2654,1442
2011_09_26_drive_0015_sync,0000000071,0,0.8768547177314758,14.030447959899902,21.27107048034668,-1.3313653469085693,True,34,0.8910696506500244,0.9193113446235657,0.06347812712192535,14.008793830871582,21.254423141479492,-1.3886666297912598,2712,1384
2011_09_26_drive_0015_sync,0000000071,1,0.8721325993537903,23.948848724365234,0.23494508862495422,-1.4376211166381836,True,5,0.8569520115852356,0.9182369709014893,0.0342794731259346,23.91798973083496,0.23643788695335388,-1.4524729251861572,2712,1384
2011_09_26_drive_0015_sync,0000000071,2,0.8481481671333313,19.266029357910156,21.55923080444336,-1.250345230102539,True,41,0.8594056367874146,0.8448184132575989,0.07040475308895111,19.329378128051758,21.577425003051758,-1.225591778755188,2712,1384
2011_09_26_drive_0015_sync,0000000072,0,0.8661805391311646,24.034833908081055,0.3413894772529602,-1.3999205827713013,True,69,0.827567458152771,0.7978742718696594,0.16685108840465546,23.96563720703125,0.4929591417312622,-1.3911035060882568,2680,1416
2011_09_26_drive_0015_sync,0000000072,1,0.8533653616905212,12.868951797485352,21.213815689086914,-1.2821555137634277,True,81,0.8695677518844604,0.877030074596405,0.11717484891414642,12.966195106506348,21.248451232910156,-1.337599754333496,2680,1416
2011_09_26_drive_0015_sync,0000000072,2,0.8358952403068542,18.300046920776367,21.5709171295166,-1.2589468955993652,True,39,0.8532447814941406,0.7608035206794739,0.11671169847249985,18.293415069580078,21.68572998046875,-1.27883780002594,2680,1416
2011_09_26_drive_0015_sync,0000000073,0,0.4991762042045593,29.168128967285156,27.333093643188477,-0.9972214698791504,True,32,0.2098219096660614,0.736032247543335,0.22628039121627808,29.316219329833984,27.438213348388672,-0.8622329235076904,2674,1422
2011_09_26_drive_0015_sync,0000000073,1,0.8663535118103027,11.94498062133789,21.21739387512207,-1.4066327810287476,True,26,0.8638630509376526,0.9356089234352112,0.06381838023662567,11.885889053344727,21.204801559448242,-1.386080265045166,2674,1422
2011_09_26_drive_0015_sync,0000000073,2,0.8762170076370239,17.261001586914062,21.61879539489746,-1.2052932977676392,True,0,0.783814549446106,0.8725946545600891,0.04325598105788231,17.237804412841797,21.644533157348633,-1.2311880588531494,2674,1422
2011_09_26_drive_0015_sync,0000000073,3,0.8852263689041138,24.06513214111328,0.0887298434972763,-1.5024776458740234,True,67,0.8731541037559509,0.8489866256713867,0.1141238585114479,24.156326293945312,0.09117642790079117,-1.4339072704315186,2674,1422
2011_09_26_drive_0015_sync,0000000074,0,0.5415593385696411,12.369800567626953,26.929643630981445,-1.0458306074142456,True,84,0.6015947461128235,0.9205523133277893,0.05780307203531265,12.31383991241455,26.941465377807617,-1.0541880130767822,2681,1415
2011_09_26_drive_0015_sync,0000000074,1,0.8549380898475647,10.933357238769531,21.212635040283203,-1.4928829669952393,True,68,0.8303053379058838,0.8685466647148132,0.07390257716178894,10.91096019744873,21.251379013061523,-1.4340708255767822,2681,1415
2011_09_26_drive_0015_sync,0000000074,2,0.8647754192352295,23.999183654785156,0.17528453469276428,-1.4291337728500366,True,94,0.8689153790473938,0.9321393370628357,0.08661904186010361,23.914306640625,0.19008952379226685,-1.4202139377593994,2681,1415
2011_09_26_drive_0015_sync,0000000074,3,0.8325270414352417,16.15283203125,21.581806182861328,-1.3145161867141724,True,23,0.848250687122345,0.9127480983734131,0.09613122045993805,16.239927291870117,21.56182098388672,-1.2790729999542236,2681,1415
2011_09_26_drive_0015_sync,0000000074,4,0.4061034619808197,55.552188873291016,21.459423065185547,-0.8259145021438599,True,39,0.37916845083236694,0.9377030730247498,0.026955904439091682,55.53266525268555,21.443580627441406,-0.8356338739395142,2681,1415
2011_09_26_drive_0015_sync,0000000075,0,0.8797796964645386,9.766425132751465,21.19556999206543,-1.3936771154403687,True,36,0.8630963563919067,0.9395405054092407,0.04853879660367966,9.805126190185547,21.184921264648438,-1.420969009399414,2656,1440
2011_09_26_drive_0015_sync,0000000075,1,0.5721887350082397,46.717227935791016,21.30752944946289,-0.8972907066345215,True,35,0.6064485907554626,0.8446494936943054,0.07981176674365997,46.695716857910156,21.379600524902344,-0.870589554309845,2656,1440
2011_09_26_drive_0015_sync,0000000075,2,0.5473219752311707,54.4434928894043,22.13327980041504,-0.7088510990142822,True,43,0.5801681876182556,0.7601699829101562,0.1708390861749649,54.57007598876953,22.234601974487305,-0.7626705169677734,2656,1440
2011_09_26_drive_0015_sync,0000000075,3,0.830215334892273,15.201722145080566,21.52036476135254,-1.3022007942199707,True,32,0.8108887076377869,0.8890354037284851,0.049117036163806915,15.207977294921875,21.568984985351562,-1.3052716255187988,2656,1440
2011_09_26_drive_0015_sync,0000000075,4,0.8742688894271851,24.097999572753906,0.2727694511413574,-1.5180206298828125,True,52,0.8778443932533264,0.8310571312904358,0.13535930216312408,24.12495231628418,0.14413322508335114,-1.5503997802734375,2656,1440
2011_09_26_drive_0015_sync,0000000075,5,0.4458407461643219,11.201688766479492,26.90938949584961,-1.004845380783081,True,88,0.29134735465049744,0.8622003197669983,0.09126314520835876,11.267806053161621,26.961469650268555,-1.040131688117981,2656,1440
2011_09_26_drive_0015_sync,0000000076,0,0.8289334774017334,8.99852466583252,21.162593841552734,-1.4680356979370117,True,88,0.8761720657348633,0.9661281108856201,0.021944070234894753,9.013768196105957,21.14971351623535,-1.4589102268218994,2669,1427
2011_09_26_drive_0015_sync,0000000076,1,0.8632212281227112,14.176637649536133,21.548175811767578,-1.318458080291748,True,97,0.8678247928619385,0.9351345896720886,0.046139754354953766,14.139861106872559,21.521276473999023,-1.311192512512207,2669,1427
2011_09_26_drive_0015_sync,0000000076,2,0.8505840301513672,24.05824851989746,0.08906307816505432,-1.4750781059265137,True,75,0.8488514423370361,0.859825611114502,0.11225154995918274,23.985836029052734,0.17121103405952454,-1.4997470378875732,2669,1427
2011_09_26_drive_0015_sync,0000000076,3,0.7356138825416565,25.949384689331055,27.281309127807617,-0.9587122201919556,True,25,0.6597235798835754,0.8605471849441528,0.10105396062135696,26.046777725219727,27.26801109313965,-0.9352673292160034,2669,1427
2011_09_26_drive_0015_sync,0000000077,0,0.6398600935935974,44.622283935546875,21.209840774536133,-0.8724260330200195,True,42,0.6722545027732849,0.852375328540802,0.0836980789899826,44.63291549682617,21.232179641723633,-0.9523842334747314,2643,1453
2011_09_26_drive_0015_sync,0000000077,1,0.8876721858978271,13.141074180603027,21.49495506286621,-1.2205026149749756,True,83,0.8215237855911255,0.8694548606872559,0.14243753254413605,13.162540435791016,21.513845443725586,-1.3600404262542725,2643,1453
2011_09_26_drive_0015_sync,0000000077,2,0.8556499481201172,24.0629940032959,-0.21791759133338928,-1.4438645839691162,True,98,0.8629067540168762,0.8878373503684998,0.04558044672012329,24.03560447692871,-0.1873343586921692,-1.4240641593933105,2643,1453
2011_09_26_drive_0015_sync,0000000077,3,0.3347629904747009,59.1830940246582,-20.80489730834961,0.06378108263015747,True,74,0.2599371373653412,0.896248459815979,0.09857293218374252,59.27899169921875,-20.782812118530273,0.05807995796203613,2643,1453
2011_09_26_drive_0015_sync,0000000077,4,0.8811672329902649,7.852783679962158,21.236392974853516,-1.4259113073349,True,23,0.8531689643859863,0.9253208637237549,0.06182510033249855,7.80057954788208,21.244386672973633,-1.4580543041229248,2643,1453
2011_09_26_drive_0015_sync,0000000078,0,0.8270965218544006,6.996819972991943,21.204633712768555,-1.5276556015014648,True,94,0.8210146427154541,0.8905321359634399,0.07557416707277298,6.976085186004639,21.205257415771484,-1.454984188079834,2667,1429
2011_09_26_drive_0015_sync,0000000078,1,0.37842297554016113,24.252370834350586,27.290822982788086,-1.116097092628479,True,16,0.35758891701698303,0.7013857960700989,0.23362590372562408,24.05975914001465,27.1890926361084,-1.0316416025161743,2667,1429
2011_09_26_drive_0015_sync,0000000078,2,0.8809091448783875,24.227218627929688,0.07814528793096542,-1.4449965953826904,True,24,0.8691911101341248,0.8784669637680054,0.13673736155033112,24.093753814697266,0.10750336945056915,-1.449724793434143,2667,1429
2011_09_26_drive_0015_sync,0000000078,3,0.8285324573516846,12.201333045959473,21.448511123657227,-1.3885655403137207,True,87,0.8696720600128174,0.8590599894523621,0.0890924409031868,12.25375747680664,21.445812225341797,-1.3165804147720337,2667,1429
2011_09_26_drive_0015_sync,0000000079,0,0.7198743224143982,57.959075927734375,22.028854370117188,-0.8839653134346008,True,14,0.5989611744880676,0.7051082253456116,0.2581058442592621,57.77784729003906,21.853923797607422,-0.8276262283325195,2661,1435
2011_09_26_drive_0015_sync,0000000079,1,0.8707414269447327,24.10225486755371,0.00139666348695755,-1.5279288291931152,True,84,0.8539585471153259,0.7782884240150452,0.17715314030647278,24.086624145507812,0.007831089198589325,-1.3515839576721191,2661,1435
2011_09_26_drive_0015_sync,0000000079,2,0.7126211524009705,7.469422817230225,26.899080276489258,-1.3523352146148682,True,65,0.22618626058101654,0.8311861157417297,0.2648310661315918,7.268127918243408,26.90816307067871,-1.1804825067520142,2661,1435
2011_09_26_drive_0015_sync,0000000079,3,0.4840354919433594,23.30370330810547,27.092512130737305,-0.8778259754180908,True,85,0.17569932341575623,0.7358958721160889,0.23483897745609283,23.206506729125977,27.104127883911133,-1.091290831565857,2661,1435
2011_09_26_drive_0015_sync,0000000079,4,0.8369917273521423,5.787246227264404,21.20153045654297,-1.454174518585205,True,32,0.7742149233818054,0.9249461889266968,0.05886964499950409,5.84158992767334,21.201765060424805,-1.4768095016479492,2661,1435
2011_09_26_drive_0015_sync,0000000079,5,0.8740447759628296,11.248385429382324,21.459959030151367,-1.3450381755828857,True,80,0.8795872926712036,0.8924617171287537,0.06477281451225281,11.283230781555176,21.475732803344727,-1.3973115682601929,2661,1435
2011_09_26_drive_0015_sync,0000000080,0,0.8569361567497253,24.20611572265625,0.15156733989715576,-1.4894955158233643,True,48,0.8582759499549866,0.8545002341270447,0.09624005854129791,24.14399528503418,0.21316997706890106,-1.4493917226791382,2715,1381
2011_09_26_drive_0015_sync,0000000080,1,0.8349081873893738,5.024126052856445,21.1073055267334,-1.562023401260376,True,19,0.4884876012802124,0.7720749378204346,0.20008596777915955,4.841275215148926,21.1721134185791,-1.6110122203826904,2715,1381
2011_09_26_drive_0015_sync,0000000080,2,0.5811042189598083,49.35392379760742,21.639320373535156,-0.8599563837051392,True,70,0.44850942492485046,0.8810157775878906,0.1327156275510788,49.48331832885742,21.63831901550293,-0.8894435167312622,2715,1381
2011_09_26_drive_0015_sync,0000000080,3,0.7325404286384583,10.096034049987793,21.462970733642578,-1.3772395849227905,True,72,0.7667106986045837,0.8630682826042175,0.12156269699335098,10.211236953735352,21.45703887939453,-1.4155879020690918,2715,1381
2011_09_26_drive_0015_sync,0000000080,4,0.7747949957847595,6.478862762451172,26.88890266418457,-1.217339038848877,True,94,0.3399471938610077,0.8100558519363403,0.14926797151565552,6.376394748687744,26.889606475830078,-1.108799934387207,2715,1381
2011_09_26_drive_0015_sync,0000000080,5,0.6880178451538086,22.358280181884766,27.11277198791504,-0.9700767993927002,True,31,0.10001226514577866,0.7997798323631287,0.28709676861763,22.642864227294922,27.088449478149414,-0.9991438388824463,2715,1381
2011_09_26_drive_0015_sync,0000000080,6,0.4961945116519928,41.727237701416016,21.10706901550293,-1.1052519083023071,True,68,0.0924333781003952,0.7403602600097656,0.22400307655334473,41.898983001708984,21.243181228637695,-1.1516673564910889,2715,1381
2011_09_26_drive_0015_sync,0000000081,0,0.8733953833580017,9.22138786315918,21.40545082092285,-1.3761900663375854,True,43,0.8863874077796936,0.8909189105033875,0.0431051105260849,9.18950080871582,21.4344539642334,-1.376480221748352,2654,1442
2011_09_26_drive_0015_sync,0000000081,1,0.8430970311164856,3.979050636291504,21.14375877380371,-1.544862151145935,True,94,0.8257194757461548,0.8847399950027466,0.15147046744823456,3.829148054122925,21.163423538208008,-1.5541257858276367,2654,1442
2011_09_26_drive_0015_sync,0000000081,2,0.8739815950393677,24.17917251586914,0.04607293754816055,-1.5276753902435303,True,42,0.8760660886764526,0.8976395130157471,0.03606791794300079,24.178869247436523,0.04317988455295563,-1.5636258125305176,2654,1442
2011_09_26_drive_0015_sync,0000000081,3,0.4571606516838074,5.221192836761475,26.878400802612305,-1.1355814933776855,True,30,0.039182789623737335,0.9107497334480286,0.09552216529846191,5.186989784240723,26.8697452545166,-1.046813726425171,2654,1442
2011_09_26_drive_0015_sync,0000000082,0,0.5029501914978027,4.593530654907227,26.73264503479004,-1.2422397136688232,True,42,0.7399975657463074,0.81645268201828,0.18005838990211487,4.533929347991943,26.81244659423828,-1.39224112033844,2675,1421
2011_09_26_drive_0015_sync,0000000082,1,0.8332428336143494,3.0071868896484375,21.074504852294922,-1.5838732719421387,True,89,0.7984984517097473,0.8295138478279114,0.28053945302963257,2.7293496131896973,21.111215591430664,-1.5965683460235596,2675,1421
2011_09_26_drive_0015_sync,0000000082,2,0.8811883330345154,24.24859046936035,0.03849957138299942,-1.5172345638275146,True,59,0.866905927658081,0.8424363136291504,0.17147082090377808,24.082237243652344,0.03827033191919327,-1.4756557941436768,2675,1421
2011_09_26_drive_0015_sync,0000000082,3,0.8707523941993713,8.236693382263184,21.387527465820312,-1.340863585472107,True,68,0.8397840857505798,0.8516315221786499,0.09889078140258789,8.269546508789062,21.477048873901367,-1.3670547008514404,2675,1421
2011_09_26_drive_0015_sync,0000000083,0,0.8652852177619934,24.162813186645508,0.08680029958486557,-1.4702117443084717,True,30,0.830034077167511,0.8749222159385681,0.10161864757537842,24.07882308959961,0.14343708753585815,-1.4621937274932861,2688,1408
2011_09_26_drive_0015_sync,0000000083,1,0.8270914554595947,7.274509906768799,21.44684600830078,-1.447139024734497,True,85,0.8501315116882324,0.9021949768066406,0.07795091718435287,7.345180511474609,21.430953979492188,-1.4183387756347656,2688,1408
2011_09_26_drive_0015_sync,0000000083,2,0.3406858742237091,46.57948303222656,21.272104263305664,-0.8727500438690186,True,46,0.14854367077350616,0.8866258263587952,0.059129856526851654,46.59196853637695,21.292341232299805,-0.8186120986938477,2688,1408
2011_09_26_drive_0015_sync,0000000083,3,0.8715777397155762,2.024390935897827,21.140789031982422,-1.6437678337097168,True,81,0.856546938419342,0.9134072661399841,0.08978241682052612,2.10653018951416,21.125673294067383,-1.6108202934265137,2688,1408
2011_09_26_drive_0015_sync,0000000084,0,0.8430302739143372,24.02793312072754,0.07733191549777985,-1.4217357635498047,True,93,0.8553751707077026,0.8367385268211365,0.12364570051431656,23.961843490600586,0.18105195462703705,-1.4089853763580322,2721,1375
2011_09_26_drive_0015_sync,0000000084,1,0.8503959774971008,6.2296857833862305,21.46153450012207,-1.4331384897232056,True,49,0.8145892024040222,0.8342680931091309,0.13891072571277618,6.302548408508301,21.56612205505371,-1.3779237270355225,2721,1375
2011_09_26_drive_0015_sync,0000000084,2,0.7201023697853088,1.4313950538635254,21.09081268310547,-1.5588784217834473,True,86,0.7670812606811523,0.894284725189209,0.10759422928094864,1.5368088483810425,21.07391929626465,-1.5722599029541016,2721,1375
2011_09_26_drive_0015_sync,0000000084,3,0.4496527314186096,38.05937957763672,20.885034561157227,-1.048231601715088,True,98,0.15119846165180206,0.6422196626663208,0.29838308691978455,38.04532241821289,21.18117904663086,-1.081896185874939,2721,1375
2011_09_26_drive_0015_sync,0000000084,4,0.4514029622077942,18.525339126586914,27.26923179626465,-1.157309889793396,True,55,0.23815865814685822,0.8972306847572327,0.0745743066072464,18.490345001220703,27.20340919494629,-1.1593406200408936,2721,1375
2011_09_26_drive_0015_sync,0000000085,0,0.8729522824287415,23.954553604125977,0.024540219455957413,-1.4793965816497803,True,42,0.8808080554008484,0.900991678237915,0.04689134657382965,23.997961044311523,0.039987340569496155,-1.4706799983978271,2756,1340
2011_09_26_drive_0015_sync,0000000085,1,0.36218681931495667,44.47836685180664,21.11737632751465,-0.8698161840438843,True,83,0.3607521951198578,0.8943583965301514,0.07328516244888306,44.506011962890625,21.051647186279297,-0.8867319226264954,2756,1340
2011_09_26_drive_0015_sync,0000000085,2,0.8708325624465942,5.369205951690674,21.39006996154785,-1.381468415260315,True,88,0.8095882534980774,0.8407971858978271,0.02297108806669712,5.368582725524902,21.409997940063477,-1.3700597286224365,2756,1340
2011_09_26_drive_0015_sync,0000000085,3,0.5038855671882629,-0.017708532512187958,21.109424591064453,-1.554229497909546,True,52,0.7820932865142822,0.7478441596031189,0.23333504796028137,0.202394500374794,21.040756225585938,-1.5900702476501465,2756,1340
2011_09_26_drive_0015_sync,0000000086,0,0.8407368063926697,4.416797161102295,21.401762008666992,-1.4067285060882568,True,55,0.8521830439567566,0.8734323382377625,0.08832203596830368,4.467498302459717,21.45969581604004,-1.4500164985656738,2724,1372
2011_09_26_drive_0015_sync,0000000086,1,0.7323989868164062,35.88455581665039,20.985057830810547,-0.9942201375961304,True,54,0.7077844142913818,0.7633028030395508,0.18911737203598022,36.050655364990234,20.89923095703125,-1.0226818323135376,2724,1372
2011_09_26_drive_0015_sync,0000000086,2,0.853554904460907,23.997346878051758,-0.03604763746261597,-1.4062365293502808,True,78,0.8735828399658203,0.9377806782722473,0.015512808226048946,23.99620246887207,-0.029416680335998535,-1.4202139377593994,2724,1372
2011_09_26_drive_0015_sync,0000000086,3,0.5525985956192017,43.62044143676758,21.204214096069336,-0.7789270877838135,True,97,0.4260668158531189,0.8932186961174011,0.08236003667116165,43.55965805053711,21.217042922973633,-0.833000898361206,2724,1372
2011_09_26_drive_0015_sync,0000000087,0,0.605482816696167,42.64482879638672,21.348922729492188,-0.8273462653160095,True,38,0.3014480471611023,0.8664859533309937,0.14541134238243103,42.782005310058594,21.381000518798828,-0.8633751273155212,2740,1356
2011_09_26_drive_0015_sync,0000000087,1,0.7392491102218628,35.057918548583984,20.88140106201172,-1.0400190353393555,True,93,0.6634856462478638,0.8421687483787537,0.13366417586803436,35.169219970703125,20.955045700073242,-1.032631754875183,2740,1356
2011_09_26_drive_0015_sync,0000000087,2,0.6497510075569153,23.691011428833008,0.14321120083332062,-1.3701629638671875,True,34,0.5232882499694824,0.8508558869361877,0.10963860899209976,23.617109298706055,0.22296564280986786,-1.3842458724975586,2740,1356
2011_09_26_drive_0015_sync,0000000087,3,0.8506103754043579,3.4688103199005127,21.405559539794922,-1.4635863304138184,True,25,0.8572514057159424,0.8927409052848816,0.08251142501831055,3.4342918395996094,21.471799850463867,-1.4285316467285156,2740,1356
2011_09_26_drive_0015_sync,0000000088,0,0.8384474515914917,23.815935134887695,0.13577477633953094,-1.3618112802505493,True,78,0.8598068356513977,0.8177706003189087,0.11247400939464569,23.83340835571289,0.23630189895629883,-1.4091334342956543,2696,1400
2011_09_26_drive_0015_sync,0000000088,1,0.4031246602535248,41.58989334106445,21.243623733520508,-0.8491255640983582,False,,,0.0,,,,,2696,1400
2011_09_26_drive_0015_sync,0000000088,2,0.8216135501861572,34.07705307006836,20.89000701904297,-1.0001816749572754,True,22,0.6840738654136658,0.8289548754692078,0.11830116808414459,34.146209716796875,20.943965911865234,-1.0795602798461914,2696,1400
2011_09_26_drive_0015_sync,0000000088,3,0.8324376344680786,2.453254222869873,21.397499084472656,-1.3670092821121216,True,95,0.8346483111381531,0.8790842890739441,0.06229126453399658,2.4882583618164062,21.42854118347168,-1.4081346988677979,2696,1400
2011_09_26_drive_0015_sync,0000000089,0,0.6875925660133362,33.15297317504883,20.822193145751953,-1.0648030042648315,True,16,0.6625590920448303,0.8944902420043945,0.038995642215013504,33.124263763427734,20.81699562072754,-1.0906760692596436,2727,1369
2011_09_26_drive_0015_sync,0000000089,1,0.7611544132232666,1.7435554265975952,21.334516525268555,-1.459119439125061,True,94,0.8424044847488403,0.8112450838088989,0.13321717083454132,1.727057933807373,21.32754898071289,-1.3271114826202393,2727,1369
2011_09_26_drive_0015_sync,0000000089,2,0.8477373123168945,23.868083953857422,-0.06795201450586319,-1.4569523334503174,True,7,0.8574767708778381,0.8442476391792297,0.11390191316604614,23.79267120361328,-0.01695825718343258,-1.3884965181350708,2727,1369
2011_09_26_drive_0015_sync,0000000089,3,0.42833882570266724,40.76170349121094,21.350744247436523,-0.8917855620384216,True,56,0.44696348905563354,0.80503910779953,0.11481419205665588,40.810001373291016,21.252355575561523,-0.8575907945632935,2727,1369
2011_09_26_drive_0015_sync,0000000090,0,0.7036157250404358,32.17591857910156,20.977684020996094,-1.0244455337524414,True,69,0.689526379108429,0.9062844514846802,0.047641512006521225,32.13356399536133,20.963905334472656,-1.0413556098937988,2712,1384
2011_09_26_drive_0015_sync,0000000090,1,0.8770754337310791,23.780061721801758,0.17495958507061005,-1.388980746269226,True,42,0.8824083805084229,0.8514702320098877,0.100733183324337,23.74513053894043,0.2529284954071045,-1.4423458576202393,2712,1384
2011_09_26_drive_0015_sync,0000000090,2,0.428200364112854,0.5375981330871582,21.450042724609375,-1.4487926959991455,True,79,0.727526843547821,0.794854462146759,0.1278754621744156,0.5489978194236755,21.33209228515625,-1.4968538284301758,2712,1384
2011_09_26_drive_0015_sync,0000000091,0,0.8291917443275452,23.711109161376953,0.33551377058029175,-1.352652668952942,True,29,0.8604641556739807,0.8745743036270142,0.08235696703195572,23.72639274597168,0.3388434648513794,-1.4335105419158936,2725,1371
2011_09_26_drive_0015_sync,0000000091,1,0.4460863769054413,-0.3691190481185913,21.451854705810547,-1.3919169902801514,True,67,0.6509234309196472,0.7288618683815002,0.2630150318145752,-0.1775396466255188,21.31940460205078,-1.5141103267669678,2725,1371
2011_09_26_drive_0015_sync,0000000092,0,0.8637639880180359,23.600210189819336,0.11915145814418793,-1.4402387142181396,True,18,0.8622944951057434,0.8439578413963318,0.1223459541797638,23.680980682373047,0.07928779721260071,-1.35744047164917,2678,1418
2011_09_26_drive_0015_sync,0000000092,1,0.6391782164573669,30.48733139038086,20.868074417114258,-1.0423583984375,True,44,0.6550719738006592,0.8509134650230408,0.07817782461643219,30.52887535095215,20.92345428466797,-1.006041169166565,2678,1418
2011_09_26_drive_0015_sync,0000000092,2,0.4543083906173706,38.2082633972168,21.163928985595703,-0.9495834112167358,True,56,0.060376692563295364,0.5858140587806702,0.41232818365097046,38.543575286865234,20.96122169494629,-1.0779976844787598,2678,1418
2011_09_26_drive_0015_sync,0000000093,0,0.5681009292602539,29.485445022583008,20.921083450317383,-1.020544409751892,True,77,0.6089971661567688,0.8004135489463806,0.11998884379863739,29.582744598388672,20.98735809326172,-0.9973542094230652,2702,1394
2011_09_26_drive_0015_sync,0000000093,1,0.866254448890686,23.37442398071289,0.2546408772468567,-1.4371323585510254,True,92,0.8493432998657227,0.9591767191886902,0.03902900591492653,23.40502166748047,0.27886611223220825,-1.437559962272644,2702,1394
2011_09_26_drive_0015_sync,0000000094,0,0.8672807216644287,23.39215660095215,0.03379783779382706,-1.4077563285827637,True,31,0.8485525250434875,0.8507158160209656,0.13453127443790436,23.273696899414062,0.09751486778259277,-1.4102270603179932,2632,1464
2011_09_26_drive_0015_sync,0000000094,1,0.7878671884536743,36.2523307800293,21.092073440551758,-0.8876643776893616,True,69,0.7780554294586182,0.8511883020401001,0.1212657168507576,36.14565658569336,21.130239486694336,-0.9309002757072449,2632,1464
2011_09_26_drive_0015_sync,0000000094,2,0.8461272716522217,28.543664932250977,20.85409164428711,-1.0437313318252563,True,90,0.802450954914093,0.8074232339859009,0.07979598641395569,28.48899269104004,20.84103012084961,-1.1003682613372803,2632,1464
2011_09_26_drive_0015_sync,0000000095,0,0.8575746417045593,23.267061233520508,0.22645477950572968,-1.4372975826263428,True,33,0.8580565452575684,0.8088970184326172,0.1353301852941513,23.286375045776367,0.10089168697595596,-1.3906590938568115,2598,1498
2011_09_26_drive_0015_sync,0000000095,1,0.6839079856872559,27.87652015686035,20.868383407592773,-0.9927706718444824,True,12,0.6906426548957825,0.8270717263221741,0.09073334187269211,27.89617919921875,20.873245239257812,-1.0812151432037354,2598,1498
2011_09_26_drive_0015_sync,0000000095,2,0.6759412884712219,35.2640380859375,21.15228271484375,-0.9675500392913818,True,99,0.6830074191093445,0.9450932145118713,0.06795666366815567,35.196598052978516,21.150712966918945,-0.9593350887298584,2598,1498
2011_09_26_drive_0015_sync,0000000096,0,0.8813409209251404,23.243377685546875,0.08235211670398712,-1.4047092199325562,True,94,0.8486398458480835,0.8331460356712341,0.06603024899959564,23.197017669677734,0.0809197872877121,-1.4517059326171875,2696,1400
2011_09_26_drive_0015_sync,0000000096,1,0.7629972696304321,26.869548797607422,20.833847045898438,-1.133337378501892,True,48,0.8192520141601562,0.8670927286148071,0.08626259863376617,26.934228897094727,20.8695068359375,-1.1779030561447144,2696,1400
2011_09_26_drive_0015_sync,0000000096,2,0.568546712398529,41.76942825317383,21.56198501586914,-0.9501886963844299,True,19,0.624460756778717,0.6836187243461609,0.2282336950302124,41.6287727355957,21.384965896606445,-0.9813476204872131,2696,1400
2011_09_26_drive_0015_sync,0000000096,3,0.7946780323982239,34.2969856262207,21.030109405517578,-0.8346465229988098,True,89,0.6434175372123718,0.8825048208236694,0.12363413721323013,34.41232681274414,21.03720474243164,-0.8785949945449829,2696,1400
2011_09_26_drive_0015_sync,0000000097,0,0.8611320853233337,25.89093589782715,20.896432876586914,-1.0338103771209717,True,86,0.8413237929344177,0.8148815631866455,0.05049696937203407,25.86651039123535,20.878393173217773,-1.07415771484375,2660,1436
2011_09_26_drive_0015_sync,0000000097,1,0.7706308960914612,23.07933807373047,0.3340149223804474,-1.358024001121521,True,79,0.8502122163772583,0.7931217551231384,0.1562867909669876,23.083086013793945,0.19222092628479004,-1.423643946647644,2660,1436
2011_09_26_drive_0015_sync,0000000098,0,0.8576422929763794,23.013864517211914,0.26002049446105957,-1.3790512084960938,True,71,0.8640047311782837,0.8665162920951843,0.07315462082624435,22.980302810668945,0.2217857539653778,-1.326483964920044,2634,1462
2011_09_26_drive_0015_sync,0000000098,1,0.6403994560241699,39.96824645996094,21.36561393737793,-1.0205297470092773,True,47,0.42855536937713623,0.7729984521865845,0.1669682115316391,39.911109924316406,21.517349243164062,-0.9806525111198425,2634,1462
2011_09_26_drive_0015_sync,0000000098,2,0.8089974522590637,25.1069393157959,20.900043487548828,-1.2081398963928223,True,81,0.8261633515357971,0.8212559223175049,0.13268770277500153,25.15302085876465,20.877227783203125,-1.0858207941055298,2634,1462
2011_09_26_drive_0015_sync,0000000098,3,0.7911513447761536,32.58350372314453,21.120685577392578,-1.084337830543518,True,45,0.7573254108428955,0.8158738017082214,0.1414736956357956,32.692405700683594,21.205968856811523,-1.054640531539917,2634,1462
2011_09_26_drive_0015_sync,0000000099,0,0.8714936375617981,22.932191848754883,0.2998494803905487,-1.3922691345214844,True,56,0.8776039481163025,0.9490854144096375,0.02659236639738083,22.934579849243164,0.27743691205978394,-1.4063804149627686,2774,1322
2011_09_26_drive_0015_sync,0000000099,1,0.8359786868095398,24.084379196166992,20.94987678527832,-1.230615496635437,True,46,0.8308671116828918,0.8569505214691162,0.048446279019117355,24.126489639282227,20.931127548217773,-1.2455224990844727,2774,1322
2011_09_26_drive_0015_sync,0000000099,2,0.6853457093238831,31.633804321289062,21.23616600036621,-1.0898427963256836,True,44,0.7270440459251404,0.7777741551399231,0.18640723824501038,31.77753448486328,21.119417190551758,-1.0684181451797485,2774,1322
2011_09_26_drive_0015_sync,0000000099,3,0.6856434345245361,39.122684478759766,21.373144149780273,-0.9176375865936279,True,53,0.49596744775772095,0.7488517165184021,0.17975027859210968,39.02363204956055,21.24458885192871,-0.9949183464050293,2774,1322
2011_09_26_drive_0015_sync,0000000100,0,0.8613705635070801,22.778696060180664,0.2324989140033722,-1.3365709781646729,True,53,0.8642784357070923,0.899337887763977,0.06330369412899017,22.72897720336914,0.22219595313072205,-1.2987656593322754,2711,1385
2011_09_26_drive_0015_sync,0000000100,1,0.8156923055648804,23.328166961669922,20.867273330688477,-1.2278996706008911,True,98,0.838426411151886,0.9138967394828796,0.09329111874103546,23.23495101928711,20.86986541748047,-1.2251973152160645,2711,1385
2011_09_26_drive_0015_sync,0000000100,2,0.5333540439605713,30.56559944152832,21.13777732849121,-1.0923306941986084,True,34,0.4468075931072235,0.6432415246963501,0.30680447816848755,30.826297760009766,21.290407180786133,-1.0387629270553589,2711,1385
2011_09_26_drive_0015_sync,0000000101,0,0.8005800843238831,30.026870727539062,21.133323669433594,-1.0824878215789795,True,89,0.7443084716796875,0.761670708656311,0.09761650860309601,29.975059509277344,21.205562591552734,-1.0421626567840576,2685,1411
2011_09_26_drive_0015_sync,0000000101,1,0.7797719240188599,22.600187301635742,20.883970260620117,-1.178436279296875,True,95,0.831716775894165,0.8574081063270569,0.09350123256444931,22.65802001953125,20.95741844177246,-1.1766414642333984,2685,1411
2011_09_26_drive_0015_sync,0000000101,2,0.8699995875358582,22.78858757019043,0.3758193552494049,-1.4143483638763428,True,29,0.8563608527183533,0.8240965604782104,0.14862161874771118,22.73722267150879,0.23644623160362244,-1.4093319177627563,2685,1411
2011_09_26_drive_0015_sync,0000000102,0,0.8811858296394348,22.68797492980957,0.2310141623020172,-1.4474399089813232,True,13,0.8766705393791199,0.9447365403175354,0.04225093871355057,22.67320442199707,0.24054056406021118,-1.4090182781219482,2697,1399
2011_09_26_drive_0015_sync,0000000102,1,0.8301563858985901,29.079856872558594,21.185686111450195,-1.1211092472076416,True,46,0.8268640637397766,0.85191810131073,0.14341822266578674,28.95292091369629,21.119279861450195,-1.1279106140136719,2697,1399
2011_09_26_drive_0015_sync,0000000102,2,0.8260015249252319,21.71258544921875,20.897998809814453,-1.2661170959472656,True,48,0.8470427393913269,0.8629192113876343,0.10579895228147507,21.799551010131836,20.95581817626953,-1.2830679416656494,2697,1399
2011_09_26_drive_0015_sync,0000000102,3,0.40895509719848633,36.61796951293945,21.117042541503906,-1.112095594406128,False,,,0.0,,,,,2697,1399
2011_09_26_drive_0015_sync,0000000103,0,0.889491081237793,21.01714324951172,20.968570709228516,-1.3455897569656372,True,92,0.8815521597862244,0.8817593455314636,0.1481245756149292,20.87432098388672,20.931968688964844,-1.3313425779342651,2675,1421
2011_09_26_drive_0015_sync,0000000103,1,0.872952938079834,22.59218978881836,0.19318684935569763,-1.496171236038208,True,68,0.8841285109519958,0.9222884178161621,0.053275253623723984,22.621713638305664,0.22573529183864594,-1.5262908935546875,2675,1421
2011_09_26_drive_0015_sync,0000000103,2,0.7818479537963867,35.815677642822266,21.598814010620117,-1.2136256694793701,True,96,0.7803925275802612,0.8315791487693787,0.12940151989459991,35.86628341674805,21.71739387512207,-1.2246991395950317,2675,1421
2011_09_26_drive_0015_sync,0000000103,3,0.7252019047737122,28.45662498474121,21.075332641601562,-1.1747074127197266,True,28,0.7866050004959106,0.8004363775253296,0.1974741518497467,28.618301391601562,21.1851749420166,-1.2028400897979736,2675,1421
2011_09_26_drive_0015_sync,0000000104,0,0.6305941939353943,34.96063232421875,21.46281623840332,-1.2747409343719482,True,85,0.5677174925804138,0.8845582604408264,0.0983731672167778,35.03775405883789,21.520227432250977,-1.2955609560012817,2675,1421
2011_09_26_drive_0015_sync,0000000104,1,0.6784932613372803,22.2703857421875,0.39619556069374084,-1.5184900760650635,True,89,0.8102921843528748,0.8262911438941956,0.13923737406730652,22.230321884155273,0.43505245447158813,-1.390928030014038,2675,1421
2011_09_26_drive_0015_sync,0000000104,2,0.8583691120147705,27.528959274291992,21.193790435791016,-1.1983716487884521,True,48,0.8334758877754211,0.8830639123916626,0.08848115801811218,27.451305389404297,21.15187644958496,-1.2048529386520386,2675,1421
2011_09_26_drive_0015_sync,0000000104,3,0.7908294796943665,20.070669174194336,20.923660278320312,-1.4162626266479492,True,54,0.8487189412117004,0.8995466828346252,0.06954628974199295,20.125961303710938,20.950721740722656,-1.3839030265808105,2675,1421
2011_09_26_drive_0015_sync,0000000105,0,0.8449966311454773,26.69028091430664,21.201128005981445,-1.3158888816833496,True,37,0.8379016518592834,0.9495725035667419,0.03146464005112648,26.667261123657227,21.187469482421875,-1.3324284553527832,2722,1374
2011_09_26_drive_0015_sync,0000000105,1,0.866001546382904,22.3638916015625,0.35018107295036316,-1.4717811346054077,True,54,0.8601307272911072,0.9214799404144287,0.0533745139837265,22.338953018188477,0.38149338960647583,-1.507086157798767,2722,1374
2011_09_26_drive_0015_sync,0000000105,2,0.7039281129837036,34.22998809814453,21.532989501953125,-1.2182841300964355,True,50,0.6326389908790588,0.8219003677368164,0.1260152906179428,34.325748443603516,21.597631454467773,-1.2685954570770264,2722,1374
2011_09_26_drive_0015_sync,0000000105,3,0.7873116731643677,19.4127197265625,20.949302673339844,-1.3083901405334473,True,80,0.7542972564697266,0.8087875843048096,0.13574495911598206,19.516210556030273,20.99114990234375,-1.2311557531356812,2722,1374
2011_09_26_drive_0015_sync,0000000106,0,0.8371145129203796,22.18935775756836,0.42716526985168457,-1.477774739265442,True,99,0.8599830269813538,0.8080432415008545,0.12506715953350067,22.23613739013672,0.31119054555892944,-1.475951910018921,2755,1341
2011_09_26_drive_0015_sync,0000000106,1,0.8150046467781067,25.812442779541016,21.20508575439453,-1.1662784814834595,True,53,0.8549135327339172,0.8415275812149048,0.14857596158981323,25.95541763305664,21.20803451538086,-1.2065812349319458,2755,1341
2011_09_26_drive_0015_sync,0000000106,2,0.5000184774398804,33.379974365234375,21.52348518371582,-1.199023723602295,True,84,0.6587755680084229,0.9208362698554993,0.042651496827602386,33.34950637817383,21.551727294921875,-1.1893678903579712,2755,1341
2011_09_26_drive_0015_sync,0000000106,3,0.8030211329460144,18.580286026000977,20.953048706054688,-1.3150293827056885,True,95,0.7387245893478394,0.8766162395477295,0.13726402819156647,18.445051193237305,20.96063232421875,-1.2927708625793457,2755,1341
2011_09_26_drive_0015_sync,0000000107,0,0.7111093401908875,32.47096252441406,21.656490325927734,-1.2022466659545898,True,47,0.7420281767845154,0.7766578197479248,0.20986559987068176,32.65938949584961,21.564226150512695,-1.2073620557785034,2746,1350
2011_09_26_drive_0015_sync,0000000107,1,0.8534834384918213,24.99955177307129,21.141904830932617,-1.1897815465927124,True,19,0.8565157055854797,0.8679327964782715,0.117338165640831,25.090450286865234,21.215072631835938,-1.2021175622940063,2746,1350
2011_09_26_drive_0015_sync,0000000107,2,0.8610463738441467,17.75234603881836,20.978782653808594,-1.326678991317749,True,80,0.8321957588195801,0.8379344940185547,0.12213707715272903,17.64386558532715,20.933713912963867,-1.3601194620132446,2746,1350
2011_09_26_drive_0015_sync,0000000107,3,0.8755916953086853,22.254310607910156,0.44640177488327026,-1.4372220039367676,True,95,0.865473210811615,0.9062501192092896,0.051517218351364136,22.253644943237305,0.4118701219558716,-1.4754469394683838,2746,1350
2011_09_26_drive_0015_sync,0000000108,0,0.8826830387115479,16.930587768554688,20.933435440063477,-1.305039405822754,True,91,0.872162938117981,0.908747136592865,0.06900321692228317,16.97849464416504,20.965286254882812,-1.2669355869293213,2695,1401
2011_09_26_drive_0015_sync,0000000108,1,0.538476824760437,31.724939346313477,21.53466033935547,-1.1568794250488281,True,97,0.6441195011138916,0.8663155436515808,0.04487394914031029,31.75044822692871,21.511865615844727,-1.1278386116027832,2695,1401
2011_09_26_drive_0015_sync,0000000108,2,0.859804630279541,22.098859786987305,0.32251450419425964,-1.4538021087646484,True,79,0.8609127402305603,0.747279167175293,0.19737480580806732,22.129728317260742,0.5125572681427002,-1.497249722480774,2695,1401
2011_09_26_drive_0015_sync,0000000108,3,0.8620633482933044,24.412464141845703,21.18325424194336,-1.3136579990386963,True,69,0.8620224595069885,0.8618848919868469,0.09987495839595795,24.33150863647461,21.20209312438965,-1.2582837343215942,2695,1401
2011_09_26_drive_0015_sync,0000000109,0,0.8903809189796448,16.094955444335938,20.94849967956543,-1.3112143278121948,True,12,0.8480141162872314,0.9024627208709717,0.10085879266262054,16.18838882446289,20.98352813720703,-1.29652738571167,2672,1424
2011_09_26_drive_0015_sync,0000000109,1,0.8949286341667175,23.70774269104004,21.303945541381836,-1.1885755062103271,True,40,0.902429461479187,0.8651686906814575,0.09814970940351486,23.656841278076172,21.26232147216797,-1.2614442110061646,2672,1424
2011_09_26_drive_0015_sync,0000000109,2,0.879928469657898,21.97169303894043,0.5466295480728149,-1.4770545959472656,True,48,0.8694944977760315,0.9305011630058289,0.04824018105864525,21.931835174560547,0.5575693845748901,-1.5019299983978271,2672,1424
2011_09_26_drive_0015_sync,0000000109,3,0.5226653814315796,31.108854293823242,21.93054962158203,-1.21915864944458,True,85,0.47945719957351685,0.5494953989982605,0.35148611664772034,30.846731185913086,22.163877487182617,-1.238959550857544,2672,1424
2011_09_26_drive_0015_sync,0000000110,0,0.4740017056465149,30.22202491760254,21.570432662963867,-1.2006536722183228,False,,,0.0,,,,,2687,1409
2011_09_26_drive_0015_sync,0000000110,1,0.799004316329956,21.864381790161133,0.6040177941322327,-1.50495445728302,True,61,0.8206596970558167,0.8557631373405457,0.11000672727823257,21.797561645507812,0.5540656447410583,-1.4332513809204102,2687,1409
2011_09_26_drive_0015_sync,0000000110,2,0.8075204491615295,22.936302185058594,21.32139778137207,-1.2371859550476074,True,28,0.8803027272224426,0.8788946270942688,0.10469894111156464,22.83812141418457,21.333126068115234,-1.2716076374053955,2687,1409
2011_09_26_drive_0015_sync,0000000110,3,0.8710527420043945,15.323121070861816,20.9713077545166,-1.3310422897338867,True,68,0.8720414638519287,0.8870792984962463,0.054309945553541183,15.338305473327637,21.015039443969727,-1.3594419956207275,2687,1409
2011_09_26_drive_0015_sync,0000000111,0,0.8576877117156982,22.11138153076172,21.340303421020508,-1.1745657920837402,True,44,0.8695850372314453,0.8320078253746033,0.09566214680671692,22.02685546875,21.325130462646484,-1.2167128324508667,2770,1326
2011_09_26_drive_0015_sync,0000000111,1,0.8730141520500183,21.928152084350586,0.5984426736831665,-1.5301884412765503,True,48,0.8805895447731018,0.8862845301628113,0.06617612391710281,21.940845489501953,0.6206432580947876,-1.4691532850265503,2770,1326
2011_09_26_drive_0015_sync,0000000111,2,0.33207622170448303,29.508678436279297,21.76059913635254,-1.2185393571853638,True,82,0.2330102026462555,0.7329462766647339,0.18613700568675995,29.380783081054688,21.649154663085938,-1.2951545715332031,2770,1326
2011_09_26_drive_0015_sync,0000000111,3,0.884121835231781,14.641829490661621,21.02298927307129,-1.251397728919983,True,94,0.8678614497184753,0.8717953562736511,0.04067473113536835,14.610297203063965,21.003889083862305,-1.2685829401016235,2770,1326
2011_09_26_drive_0015_sync,0000000112,0,0.8502881526947021,21.854164123535156,0.6503936648368835,-1.525915265083313,True,45,0.868318498134613,0.8667182326316833,0.06142612174153328,21.873802185058594,0.6045488119125366,-1.4900577068328857,2757,1339
2011_09_26_drive_0015_sync,0000000112,1,0.869957685470581,21.252498626708984,21.306472778320312,-1.2117928266525269,True,36,0.8801193833351135,0.9227695465087891,0.06251260638237,21.30710792541504,21.30750274658203,-1.1813857555389404,2757,1339
2011_09_26_drive_0015_sync,0000000112,2,0.8773333430290222,13.903736114501953,21.08575439453125,-1.2508389949798584,True,18,0.8723859190940857,0.9518603682518005,0.032113492488861084,13.920170783996582,21.06314468383789,-1.2350282669067383,2757,1339
2011_09_26_drive_0015_sync,0000000112,3,0.7854047417640686,28.75564956665039,22.046649932861328,-1.1934130191802979,True,53,0.7072218060493469,0.7761948704719543,0.23130299150943756,28.528274536132812,22.01062774658203,-1.215864658355713,2757,1339
2011_09_26_drive_0015_sync,0000000113,0,0.8151260614395142,20.322998046875,21.31989097595215,-1.234032392501831,True,8,0.8839522004127502,0.858908474445343,0.13896457850933075,20.442975997924805,21.319852828979492,-1.1639150381088257,2734,1362
2011_09_26_drive_0015_sync,0000000113,1,0.8586596846580505,12.852343559265137,20.987010955810547,-1.3485878705978394,True,94,0.8824800252914429,0.8327541947364807,0.20888593792915344,13.044387817382812,21.019742965698242,-1.2732157707214355,2734,1362
2011_09_26_drive_0015_sync,0000000113,2,0.4532979130744934,27.811843872070312,21.769315719604492,-1.2283824682235718,True,43,0.5976639986038208,0.7244621515274048,0.22976255416870117,28.007333755493164,21.846885681152344,-1.1358760595321655,2734,1362
2011_09_26_drive_0015_sync,0000000113,3,0.872018039226532,21.768171310424805,0.673300564289093,-1.4989218711853027,True,85,0.8297635316848755,0.872079074382782,0.05229153856635094,21.732791900634766,0.6790544986724854,-1.460848331451416,2734,1362
2011_09_26_drive_0015_sync,0000000114,0,0.8741961717605591,12.26968002319336,21.08258056640625,-1.262308955192566,True,77,0.8916939496994019,0.9498789310455322,0.02273344248533249,12.260541915893555,21.081100463867188,-1.2830722332000732,2673,1423
2011_09_26_drive_0015_sync,0000000114,1,0.8619381785392761,21.781360626220703,0.7661927342414856,-1.451480507850647,True,25,0.8664542436599731,0.8860169053077698,0.06415904313325882,21.743310928344727,0.7887378931045532,-1.4979597330093384,2673,1423
2011_09_26_drive_0015_sync,0000000114,2,0.8550252318382263,19.978179931640625,21.43829345703125,-1.1930173635482788,True,66,0.8669384121894836,0.8750599026679993,0.10525265336036682,19.885372161865234,21.38928985595703,-1.1850495338439941,2673,1423
2011_09_26_drive_0015_sync,0000000114,3,0.7957803606987,27.185476303100586,21.634016036987305,-1.2182159423828125,True,97,0.7782591581344604,0.7655228972434998,0.18764761090278625,27.140872955322266,21.815603256225586,-1.2339718341827393,2673,1423
2011_09_26_drive_0015_sync,0000000115,0,0.7527342438697815,26.26123809814453,21.768014907836914,-1.2423714399337769,True,96,0.8305225968360901,0.8902162313461304,0.10134288668632507,26.360498428344727,21.776872634887695,-1.2607917785644531,2752,1344
2011_09_26_drive_0015_sync,0000000115,1,0.8681109547615051,11.612689971923828,21.079896926879883,-1.2851355075836182,True,63,0.8877032995223999,0.892806351184845,0.06508617848157883,11.568951606750488,21.064044952392578,-1.2396175861358643,2752,1344
2011_09_26_drive_0015_sync,0000000115,2,0.8803022503852844,19.285324096679688,21.47112274169922,-1.2724350690841675,True,39,0.8985885381698608,0.8956736326217651,0.04368964210152626,19.250165939331055,21.46648406982422,-1.2469170093536377,2752,1344
2011_09_26_drive_0015_sync,0000000115,3,0.8346341848373413,21.739559173583984,0.9203814268112183,-1.5282992124557495,True,77,0.8504331707954407,0.8904076218605042,0.07387681305408478,21.69666862487793,0.9710951447486877,-1.5606458187103271,2752,1344
2011_09_26_drive_0015_sync,0000000116,0,0.8690840005874634,21.833620071411133,0.7340397238731384,-1.4678354263305664,True,65,0.8550748229026794,0.7691655158996582,0.17875809967517853,21.77373695373535,0.901593029499054,-1.484992265701294,2720,1376
2011_09_26_drive_0015_sync,0000000116,1,0.8748878836631775,18.436054229736328,21.431106567382812,-1.2168538570404053,True,22,0.8422228693962097,0.918388843536377,0.06464703381061554,18.39883804321289,21.43813133239746,-1.2692451477050781,2720,1376
2011_09_26_drive_0015_sync,0000000116,2,0.886713981628418,10.813117027282715,21.1535701751709,-1.3869099617004395,True,36,0.8941677808761597,0.8368638753890991,0.1119920015335083,10.796212196350098,21.056716918945312,-1.333282709121704,2720,1376
2011_09_26_drive_0015_sync,0000000116,3,0.4396362006664276,25.561050415039062,21.857898712158203,-1.3468389511108398,True,80,0.7835597991943359,0.6549139618873596,0.24754571914672852,25.749393463134766,21.976869583129883,-1.2388958930969238,2720,1376
2011_09_26_drive_0015_sync,0000000117,0,0.8729749917984009,21.691661834716797,0.9672800898551941,-1.4463715553283691,True,87,0.8699443340301514,0.876850426197052,0.08529813587665558,21.622175216674805,0.9186161756515503,-1.437471866607666,2731,1365
2011_09_26_drive_0015_sync,0000000117,1,0.37771517038345337,1.31121826171875,-0.33909183740615845,-1.7573810815811157,True,40,0.2759707570075989,0.5650762319564819,0.23386333882808685,1.46733558177948,-0.5132166147232056,-1.7574942111968994,2731,1365
2011_09_26_drive_0015_sync,0000000117,2,0.8956525325775146,17.672119140625,21.477293014526367,-1.244181752204895,True,35,0.8770118951797485,0.9053014516830444,0.08263945579528809,17.59701919555664,21.462509155273438,-1.275338053703308,2731,1365
2011_09_26_drive_0015_sync,0000000117,3,0.8500102162361145,10.047486305236816,21.177858352661133,-1.3598706722259521,True,97,0.8647079467773438,0.8325063586235046,0.12049847841262817,10.11789608001709,21.08359146118164,-1.3338687419891357,2731,1365
2011_09_26_drive_0015_sync,0000000117,4,0.7654604315757751,24.912588119506836,21.776805877685547,-1.2909578084945679,True,39,0.7233810424804688,0.8262929320335388,0.15077000856399536,25.02547836303711,21.7728271484375,-1.3908154964447021,2731,1365
2011_09_26_drive_0015_sync,0000000118,0,0.34000420570373535,23.683387756347656,22.5933895111084,-1.2874348163604736,True,67,0.35617929697036743,0.7199565172195435,0.28169140219688416,23.961179733276367,22.55207061767578,-1.2656538486480713,2735,1361
2011_09_26_drive_0015_sync,0000000118,1,0.892793595790863,16.950050354003906,21.4581298828125,-1.2333028316497803,True,60,0.8654766082763672,0.9167461395263672,0.07625007629394531,16.91375160217285,21.456464767456055,-1.3003379106521606,2735,1361
2011_09_26_drive_0015_sync,0000000118,2,0.8558709621429443,9.442861557006836,21.109811782836914,-1.357213020324707,True,18,0.8504509329795837,0.9118455052375793,0.08712654560804367,9.358500480651855,21.09270477294922,-1.3706886768341064,2735,1361
2011_09_26_drive_0015_sync,0000000118,3,0.8602014780044556,21.753259658813477,0.896192193031311,-1.4729700088500977,True,32,0.810303807258606,0.866970956325531,0.06593746691942215,21.708389282226562,0.9438891410827637,-1.4806771278381348,2735,1361
2011_09_26_drive_0015_sync,0000000119,0,0.8198199272155762,21.67656707763672,0.9300950169563293,-1.4694623947143555,True,97,0.8219051957130432,0.7823195457458496,0.14359135925769806,21.69420623779297,1.052706241607666,-1.542083501815796,2689,1407
2011_09_26_drive_0015_sync,0000000119,1,0.3075854182243347,23.604846954345703,21.955516815185547,-1.3477039337158203,False,,,0.0,,,,,2689,1407
2011_09_26_drive_0015_sync,0000000119,2,0.8789775371551514,16.43592071533203,21.48841094970703,-1.280060052871704,True,30,0.8886482119560242,0.9034731388092041,0.05130842700600624,16.44308090209961,21.534440994262695,-1.3015663623809814,2689,1407
2011_09_26_drive_0015_sync,0000000119,3,0.8932974338531494,8.782123565673828,21.071971893310547,-1.3893330097198486,True,36,0.8166624307632446,0.9149785041809082,0.10657452791929245,8.67812442779541,21.061996459960938,-1.4103758335113525,2689,1407
2011_09_26_drive_0015_sync,0000000120,0,0.8897133469581604,8.129603385925293,21.101558685302734,-1.4230895042419434,True,65,0.8800718188285828,0.9406659603118896,0.01799732632935047,8.136056900024414,21.094282150268555,-1.4079465866088867,2706,1390
2011_09_26_drive_0015_sync,0000000120,1,0.8478675484657288,21.682289123535156,1.026690125465393,-1.5326142311096191,True,35,0.8644604086875916,0.8179984092712402,0.07808622717857361,21.65216636657715,1.073470115661621,-1.4778263568878174,2706,1390
2011_09_26_drive_0015_sync,0000000120,2,0.8530991673469543,22.756303787231445,21.86884117126465,-1.2513161897659302,True,57,0.8370417952537537,0.9024441838264465,0.11688180267810822,22.870603561401367,21.890539169311523,-1.2400860786437988,2706,1390
2011_09_26_drive_0015_sync,0000000120,3,0.8886682391166687,15.570796966552734,21.463764190673828,-1.2833255529403687,True,51,0.8454928398132324,0.8815537095069885,0.05372464656829834,15.595673561096191,21.47804069519043,-1.3287532329559326,2706,1390
2011_09_26_drive_0015_sync,0000000121,0,0.8552112579345703,7.491987705230713,21.08350944519043,-1.3376286029815674,True,14,0.8273534774780273,0.9056533575057983,0.02619912289083004,7.47578239440918,21.0678653717041,-1.3510093688964844,2838,1258
2011_09_26_drive_0015_sync,0000000121,1,0.8272097706794739,21.468292236328125,0.8370664715766907,-1.5317881107330322,True,97,0.7956411242485046,0.8437235355377197,0.08359117060899734,21.4849796295166,0.8734944462776184,-1.4584258794784546,2838,1258
2011_09_26_drive_0015_sync,0000000121,2,0.8712096810340881,15.073299407958984,21.400283813476562,-1.2871372699737549,True,80,0.883960485458374,0.8861933946609497,0.12654006481170654,15.095500946044922,21.414201736450195,-1.410934567451477,2838,1258
2011_09_26_drive_0015_sync,0000000121,3,0.7743380069732666,22.371559143066406,21.82322120666504,-1.1804695129394531,True,68,0.604678213596344,0.8021801710128784,0.11466637253761292,22.325420379638672,21.851543426513672,-1.2815508842468262,2838,1258
2011_09_26_drive_0015_sync,0000000122,0,0.8490058183670044,6.605882167816162,21.1143741607666,-1.493896484375,True,41,0.799322247505188,0.7423168420791626,0.16081462800502777,6.639583587646484,21.020263671875,-1.3679251670837402,2712,1384
2011_09_26_drive_0015_sync,0000000122,1,0.8866515159606934,14.343245506286621,21.36834144592285,-1.2979590892791748,True,95,0.8580603003501892,0.8878934383392334,0.07420112937688828,14.294829368591309,21.375652313232422,-1.2422075271606445,2712,1384
2011_09_26_drive_0015_sync,0000000122,2,0.874732255935669,21.657907485961914,0.9619198441505432,-1.5025235414505005,True,52,0.8696075081825256,0.855719268321991,0.10403874516487122,21.64875030517578,0.8590696454048157,-1.4897938966751099,2712,1384
2011_09_26_drive_0015_sync,0000000122,3,0.8592566251754761,21.46855354309082,21.76933479309082,-1.239284873008728,True,59,0.8848960995674133,0.8914816379547119,0.05464211106300354,21.514793395996094,21.791452407836914,-1.2582175731658936,2712,1384
2011_09_26_drive_0015_sync,0000000123,0,0.8439143300056458,6.037322044372559,21.014217376708984,-1.4075918197631836,True,65,0.8928898572921753,0.8008744716644287,0.14104314148426056,6.1297149658203125,21.101064682006836,-1.4693515300750732,2759,1337
2011_09_26_drive_0015_sync,0000000123,1,0.8430798053741455,20.926111221313477,21.739492416381836,-1.3859705924987793,True,40,0.8405884504318237,0.8623049259185791,0.05995818227529526,20.914783477783203,21.793325424194336,-1.362123727798462,2759,1337
2011_09_26_drive_0015_sync,0000000123,2,0.838771641254425,21.64723777770996,0.8402249813079834,-1.3795526027679443,True,78,0.8668956160545349,0.879784882068634,0.08227000385522842,21.653480529785156,0.9057647585868835,-1.4288873672485352,2759,1337
2011_09_26_drive_0015_sync,0000000123,3,0.8632684946060181,13.698043823242188,21.330442428588867,-1.3112925291061401,True,62,0.871931254863739,0.9242636561393738,0.04255640134215355,13.718997955322266,21.367389678955078,-1.3139140605926514,2759,1337
2011_09_26_drive_0015_sync,0000000124,0,0.8698877692222595,5.559425354003906,21.042125701904297,-1.4280911684036255,True,71,0.8678964376449585,0.931279182434082,0.027096647769212723,5.578259468078613,21.02334213256836,-1.4332566261291504,2659,1437
2011_09_26_drive_0015_sync,0000000124,1,0.874462366104126,21.713130950927734,0.7809661030769348,-1.5627938508987427,True,54,0.8619070053100586,0.8610502481460571,0.11379147320985794,21.635772705078125,0.7975566387176514,-1.4810078144073486,2659,1437
2011_09_26_drive_0015_sync,0000000124,2,0.8003215789794922,20.350370407104492,21.707021713256836,-1.3053250312805176,True,87,0.7893261909484863,0.8478609323501587,0.10392815619707108,20.373920440673828,21.778087615966797,-1.233241081237793,2659,1437
2011_09_26_drive_0015_sync,0000000124,3,0.8923768997192383,13.100364685058594,21.317779541015625,-1.356153964996338,True,66,0.8982244729995728,0.8575890064239502,0.11834044754505157,13.015295028686523,21.26409149169922,-1.2938225269317627,2659,1437
2011_09_26_drive_0015_sync,0000000125,0,0.7300251722335815,19.721101760864258,21.539716720581055,-1.2763108015060425,True,47,0.7607224583625793,0.7753073573112488,0.16357235610485077,19.58523178100586,21.48091697692871,-1.3458654880523682,2738,1358
2011_09_26_drive_0015_sync,0000000125,1,0.8552618026733398,5.003421783447266,21.01734161376953,-1.476026177406311,True,65,0.8103407621383667,0.8769556283950806,0.13141915202140808,4.880222797393799,20.980348587036133,-1.5029430389404297,2738,1358
2011_09_26_drive_0015_sync,0000000125,2,0.3431400656700134,40.81795120239258,27.156007766723633,-0.8711917400360107,True,53,0.2938140034675598,0.9006986021995544,0.05444071814417839,40.81697082519531,27.2083797454834,-0.8563591241836548,2738,1358
2011_09_26_drive_0015_sync,0000000125,3,0.8747866153717041,21.57683753967285,0.886398434638977,-1.5028492212295532,True,86,0.8726782202720642,0.8808406591415405,0.07086993753910065,21.554542541503906,0.825177013874054,-1.530731439590454,2738,1358
2011_09_26_drive_0015_sync,0000000125,4,0.8568642139434814,12.55879020690918,21.262039184570312,-1.3661103248596191,True,78,0.8826343417167664,0.8230884075164795,0.17043620347976685,12.404224395751953,21.332536697387695,-1.3523986339569092,2738,1358
2011_09_26_drive_0015_sync,0000000125,5,0.45992666482925415,29.33687400817871,27.288265228271484,-0.8400508761405945,True,90,0.1369873583316803,0.5124356746673584,0.5241845846176147,29.061386108398438,27.714111328125,-0.7076461315155029,2738,1358
2011_09_26_drive_0015_sync,0000000126,0,0.8895562291145325,21.49909782409668,0.8424032926559448,-1.5938770771026611,True,48,0.8768577575683594,0.8300425410270691,0.11883607506752014,21.490188598632812,0.8121122121810913,-1.4793123006820679,2736,1360
2011_09_26_drive_0015_sync,0000000126,1,0.8829929828643799,11.891215324401855,21.299209594726562,-1.4434220790863037,True,63,0.9078289270401001,0.9191175103187561,0.045191556215286255,11.917474746704102,21.302059173583984,-1.4067533016204834,2736,1360
2011_09_26_drive_0015_sync,0000000126,2,0.8836429119110107,4.288235187530518,20.96577262878418,-1.4407532215118408,True,98,0.8682056069374084,0.8769503235816956,0.0560777373611927,4.294195175170898,21.02152442932129,-1.439789891242981,2736,1360
2011_09_26_drive_0015_sync,0000000126,3,0.8590372800827026,19.018449783325195,21.539140701293945,-1.3127473592758179,True,46,0.8000280857086182,0.8169235587120056,0.11641216278076172,18.974321365356445,21.518787384033203,-1.4185311794281006,2736,1360
2011_09_26_drive_0015_sync,0000000126,4,0.44809505343437195,28.85745620727539,26.918607711791992,-0.7535198330879211,True,9,0.43049904704093933,0.6323407292366028,0.43110188841819763,28.445505142211914,27.015363693237305,-0.8358814716339111,2736,1360
2011_09_26_drive_0015_sync,0000000127,0,0.8386412262916565,18.44658088684082,21.497432708740234,-1.341526746749878,True,68,0.8001383543014526,0.876285970211029,0.11393142491579056,18.559572219848633,21.48537254333496,-1.3332877159118652,2718,1378
2011_09_26_drive_0015_sync,0000000127,1,0.8686193227767944,21.554149627685547,0.7687353491783142,-1.568136215209961,True,41,0.8375619649887085,0.9165955185890198,0.08949387073516846,21.491519927978516,0.7700263261795044,-1.5042221546173096,2718,1378
2011_09_26_drive_0015_sync,0000000127,2,0.8586111664772034,3.6238112449645996,20.9657039642334,-1.4910087585449219,True,97,0.8451188802719116,0.9246903657913208,0.02656356804072857,3.634941577911377,20.976734161376953,-1.512458086013794,2718,1378
2011_09_26_drive_0015_sync,0000000127,3,0.8936595320701599,11.23929214477539,21.24956703186035,-1.3683089017868042,True,92,0.9003875255584717,0.9166979789733887,0.09003745019435883,11.326058387756348,21.27324867248535,-1.364120602607727,2718,1378
2011_09_26_drive_0015_sync,0000000128,0,0.8567484021186829,21.50210952758789,0.6405543684959412,-1.5611069202423096,True,94,0.8826325535774231,0.9346643090248108,0.0540832057595253,21.546215057373047,0.6552397608757019,-1.5887480974197388,2687,1409
2011_09_26_drive_0015_sync,0000000128,1,0.8762913346290588,2.908975601196289,21.038482666015625,-1.4748157262802124,True,59,0.8612687587738037,0.8592999577522278,0.12180507928133011,3.0078775882720947,20.97354507446289,-1.4458677768707275,2687,1409
2011_09_26_drive_0015_sync,0000000128,2,0.8731085658073425,17.601715087890625,21.47502326965332,-1.4465748071670532,True,92,0.8582327365875244,0.8921510577201843,0.08602415770292282,17.6811466217041,21.447223663330078,-1.4287431240081787,2687,1409
2011_09_26_drive_0015_sync,0000000128,3,0.8989222645759583,10.666261672973633,21.26450538635254,-1.4920005798339844,True,87,0.8933758735656738,0.89328932762146,0.07409593462944031,10.643646240234375,21.246543884277344,-1.423764705657959,2687,1409
2011_09_26_drive_0015_sync,0000000128,4,0.5716384053230286,27.931095123291016,26.808147430419922,-0.9059838652610779,True,42,0.2321535348892212,0.6522631645202637,0.5141363143920898,27.53864860534668,27.137847900390625,-0.9462265968322754,2687,1409
2011_09_26_drive_0015_sync,0000000129,0,0.8740615248680115,21.31235694885254,0.7782864570617676,-1.554948091506958,True,88,0.867698073387146,0.8640804886817932,0.0996583104133606,21.365741729736328,0.6963509321212769,-1.5741422176361084,2702,1394
2011_09_26_drive_0015_sync,0000000129,1,0.881198525428772,9.831377983093262,21.185657501220703,-1.4761040210723877,True,82,0.8965305089950562,0.8626293540000916,0.07209279388189316,9.829100608825684,21.25086212158203,-1.5067722797393799,2702,1394
2011_09_26_drive_0015_sync,0000000129,2,0.8499125242233276,2.2950897216796875,20.973302841186523,-1.5503814220428467,True,61,0.8462168574333191,0.9064080715179443,0.05021592229604721,2.302168607711792,20.962936401367188,-1.5990030765533447,2702,1394
2011_09_26_drive_0015_sync,0000000129,3,0.86495441198349,17.077980041503906,21.474031448364258,-1.4109838008880615,True,89,0.887721061706543,0.9389563202857971,0.03573235869407654,17.054210662841797,21.48628044128418,-1.387281894683838,2702,1394
2011_09_26_drive_0015_sync,0000000130,0,0.8301451206207275,9.079986572265625,21.251371383666992,-1.4821676015853882,True,93,0.8498103618621826,0.857193648815155,0.09112387895584106,9.128944396972656,21.178804397583008,-1.456855058670044,2829,1267
2011_09_26_drive_0015_sync,0000000130,1,0.8598562479019165,21.26540184020996,0.8458027243614197,-1.563982367515564,True,56,0.8455344438552856,0.75998854637146,0.2034359574317932,21.4064998626709,0.7107231020927429,-1.6208245754241943,2829,1267
2011_09_26_drive_0015_sync,0000000130,2,0.7654260396957397,1.767507791519165,21.06521224975586,-1.4398610591888428,True,75,0.7920024991035461,0.8123453259468079,0.13268215954303741,1.8156400918960571,21.017553329467773,-1.5539507865905762,2829,1267
2011_09_26_drive_0015_sync,0000000130,3,0.8756101727485657,16.2679443359375,21.520967483520508,-1.4212169647216797,True,48,0.8972066044807434,0.8602577447891235,0.06510776281356812,16.239431381225586,21.4667911529541,-1.3990594148635864,2829,1267
2011_09_26_drive_0015_sync,0000000131,0,0.812910795211792,1.099645972251892,20.95269203186035,-1.5116636753082275,True,64,0.8322951793670654,0.7767528295516968,0.10027364641427994,1.1879818439483643,20.910688400268555,-1.4895894527435303,2803,1293
2011_09_26_drive_0015_sync,0000000131,1,0.8812149167060852,15.810900688171387,21.433610916137695,-1.403395175933838,True,25,0.8574799299240112,0.8120234608650208,0.17208653688430786,15.64548110961914,21.396446228027344,-1.3739176988601685,2803,1293
2011_09_26_drive_0015_sync,0000000131,2,0.7267273664474487,25.548540115356445,26.681468963623047,-0.9307472705841064,True,36,0.5492349863052368,0.7966681122779846,0.07125678658485413,25.534374237060547,26.751291275024414,-0.9294425249099731,2803,1293
2011_09_26_drive_0015_sync,0000000131,3,0.8867743015289307,21.349746704101562,0.7389941215515137,-1.5660040378570557,True,57,0.8717882633209229,0.8755908012390137,0.03611156344413757,21.37503433227539,0.7474793195724487,-1.541661024093628,2803,1293
2011_09_26_drive_0015_sync,0000000131,4,0.7681810855865479,8.418595314025879,21.173900604248047,-1.4300724267959595,True,66,0.7887573838233948,0.9019217491149902,0.058259252458810806,8.451142311096191,21.130868911743164,-1.408092737197876,2803,1293
2011_09_26_drive_0015_sync,0000000132,0,0.8849982619285583,21.377132415771484,0.8023072481155396,-1.6180717945098877,True,98,0.8751319646835327,0.835521936416626,0.11405867338180542,21.3416690826416,0.6982752084732056,-1.5875911712646484,2755,1341
2011_09_26_drive_0015_sync,0000000132,1,0.8723501563072205,14.97706413269043,21.440366744995117,-1.4352085590362549,True,34,0.8778998851776123,0.9118586182594299,0.04546733573079109,14.972840309143066,21.39579200744629,-1.4273009300231934,2755,1341
2011_09_26_drive_0015_sync,0000000132,2,0.8641861081123352,7.930062294006348,21.196495056152344,-1.4585561752319336,True,15,0.8812940716743469,0.9121482372283936,0.050553273409605026,7.912026882171631,21.230754852294922,-1.4910619258880615,2755,1341
2011_09_26_drive_0015_sync,0000000132,3,0.7811013460159302,0.5396757125854492,20.952129364013672,-1.466120958328247,True,89,0.8201688528060913,0.8290356993675232,0.08394289016723633,0.5276345610618591,20.951126098632812,-1.5491896867752075,2755,1341
2011_09_26_drive_0015_sync,0000000133,0,0.8666900396347046,14.421927452087402,21.474994659423828,-1.4141477346420288,True,34,0.8795132040977478,0.8694631457328796,0.06692148000001907,14.418009757995605,21.45427131652832,-1.477658987045288,2720,1376
2011_09_26_drive_0015_sync,0000000133,1,0.8591262102127075,7.426822662353516,21.208110809326172,-1.47151517868042,True,96,0.8327082395553589,0.8906700015068054,0.11053378880023956,7.316538333892822,21.200700759887695,-1.4710948467254639,2720,1376
2011_09_26_drive_0015_sync,0000000133,2,0.8486457467079163,21.098716735839844,0.745881199836731,-1.5240986347198486,True,78,0.8731207251548767,0.7612920999526978,0.28094613552093506,21.36590576171875,0.8066426515579224,-1.4620599746704102,2720,1376
2011_09_26_drive_0015_sync,0000000133,3,0.4369720220565796,24.303468704223633,26.729455947875977,-0.9979778528213501,True,35,0.49616721272468567,0.9111194014549255,0.08344630151987076,24.3604793548584,26.67134666442871,-1.0163185596466064,2720,1376
2011_09_26_drive_0015_sync,0000000133,4,0.614567220211029,-0.03729984164237976,20.875534057617188,-1.530799150466919,True,98,0.6654363870620728,0.8663081526756287,0.09762594848871231,-0.10665437579154968,20.93924331665039,-1.5050716400146484,2720,1376
2011_09_26_drive_0015_sync,0000000134,0,0.8691069483757019,21.274747848510742,0.7177038788795471,-1.5250639915466309,True,70,0.8747737407684326,0.780871570110321,0.1329340934753418,21.306537628173828,0.8426523804664612,-1.5574485063552856,2727,1369
2011_09_26_drive_0015_sync,0000000134,1,0.8877540230751038,13.67897891998291,21.379018783569336,-1.5037109851837158,True,36,0.8814546465873718,0.9137837886810303,0.06026657298207283,13.709908485412598,21.40321922302246,-1.4579970836639404,2727,1369
2011_09_26_drive_0015_sync,0000000134,2,0.8764286637306213,6.573889255523682,21.17357635498047,-1.5111479759216309,True,67,0.8558846712112427,0.8851091861724854,0.12181243300437927,6.651923656463623,21.18971061706543,-1.4190144538879395,2727,1369
2011_09_26_drive_0015_sync,0000000135,0,0.4056699275970459,33.23239517211914,31.11639404296875,-0.8728256225585938,True,97,0.6076564192771912,0.916175127029419,0.04192521050572395,33.191036224365234,31.109542846679688,-0.8732967376708984,2737,1359
2011_09_26_drive_0015_sync,0000000135,1,0.8701009750366211,13.20224380493164,21.48048210144043,-1.4430723190307617,True,60,0.8698204159736633,0.8313038945198059,0.12483977526426315,13.095625877380371,21.42776107788086,-1.4809943437576294,2737,1359
2011_09_26_drive_0015_sync,0000000135,2,0.8588221669197083,21.24295425415039,0.7202061414718628,-1.5628241300582886,True,85,0.8829261660575867,0.8889820575714111,0.07729566097259521,21.306421279907227,0.6956718564033508,-1.5261549949645996,2737,1359
2011_09_26_drive_0015_sync,0000000135,3,0.8553698062896729,5.826772689819336,21.19515037536621,-1.587486743927002,True,80,0.8535575270652771,0.8339651823043823,0.11793464422225952,5.855222702026367,21.2106876373291,-1.4740946292877197,2737,1359
2011_09_26_drive_0015_sync,0000000136,0,0.461823433637619,20.022907257080078,33.10770797729492,-0.840305507183075,True,23,0.1376112699508667,0.5775521993637085,0.38298362493515015,20.377378463745117,33.176395416259766,-0.9680109024047852,2723,1373
2011_09_26_drive_0015_sync,0000000136,1,0.847270131111145,12.477128028869629,21.417469024658203,-1.5315639972686768,True,42,0.867685854434967,0.8529567122459412,0.14435109496116638,12.349079132080078,21.378284454345703,-1.477663278579712,2723,1373
2011_09_26_drive_0015_sync,0000000136,2,0.8301240801811218,21.262144088745117,0.7082558870315552,-1.6045706272125244,True,7,0.869533121585846,0.855833113193512,0.10680226981639862,21.225357055664062,0.651311457157135,-1.522043228149414,2723,1373
2011_09_26_drive_0015_sync,0000000136,3,0.880730390548706,5.247753143310547,21.229045867919922,-1.4734716415405273,True,38,0.8723921775817871,0.875189483165741,0.08439024537801743,5.203055381774902,21.229061126708984,-1.401890754699707,2723,1373
2011_09_26_drive_0015_sync,0000000136,4,0.8433725833892822,22.207796096801758,26.682294845581055,-0.9682254195213318,True,71,0.8499559760093689,0.9463188052177429,0.031783364713191986,22.216976165771484,26.676803588867188,-0.9382962584495544,2723,1373
2011_09_26_drive_0015_sync,0000000137,0,0.8473319411277771,11.71568775177002,21.395185470581055,-1.4499340057373047,True,60,0.8633587956428528,0.8618478775024414,0.1041746735572815,11.798619270324707,21.457643508911133,-1.4585200548171997,2744,1352
2011_09_26_drive_0015_sync,0000000137,1,0.8428078293800354,21.2318172454834,0.7625079154968262,-1.5398722887039185,True,70,0.859325110912323,0.9079081416130066,0.04227335751056671,21.245296478271484,0.8016584515571594,-1.5313527584075928,2744,1352
2011_09_26_drive_0015_sync,0000000137,2,0.7519128918647766,21.413345336914062,26.710243225097656,-0.9991106390953064,True,9,0.7126173377037048,0.8761411905288696,0.039168115705251694,21.377826690673828,26.695537567138672,-0.991606593132019,2744,1352
2011_09_26_drive_0015_sync,0000000137,3,0.8745290040969849,4.6033477783203125,21.178789138793945,-1.4877099990844727,True,54,0.8456776142120361,0.8728518486022949,0.0837789922952652,4.581637382507324,21.156797409057617,-1.5655813217163086,2744,1352
2011_09_26_drive_0015_sync,0000000138,0,0.8283852338790894,20.993837356567383,26.61661720275879,-0.9569034576416016,True,71,0.692008376121521,0.8437750339508057,0.0784868448972702,20.955564498901367,26.570798873901367,-1.00785493850708,2839,1257
2011_09_26_drive_0015_sync,0000000138,1,0.8772077560424805,3.848278522491455,21.14238929748535,-1.4975773096084595,True,92,0.8714509606361389,0.913940966129303,0.056141216307878494,3.8978805541992188,21.135316848754883,-1.5229042768478394,2839,1257
2011_09_26_drive_0015_sync,0000000138,2,0.8718405365943909,10.958284378051758,21.370468139648438,-1.5182981491088867,True,63,0.8715342879295349,0.885395884513855,0.05460059270262718,10.95285701751709,21.408058166503906,-1.5575251579284668,2839,1257
2011_09_26_drive_0015_sync,0000000138,3,0.8579806685447693,21.181732177734375,0.6884075999259949,-1.604353666305542,True,26,0.8624553084373474,0.8559632897377014,0.12176495790481567,21.245534896850586,0.7915766835212708,-1.6149394512176514,2839,1257
2011_09_26_drive_0015_sync,0000000138,4,0.3660290837287903,31.745820999145508,27.484952926635742,-0.9510077238082886,False,,,0.0,,,,,2839,1257
2011_09_26_drive_0015_sync,0000000139,0,0.882569432258606,21.2360897064209,0.8241698741912842,-1.5563969612121582,True,43,0.8680548667907715,0.8743646740913391,0.11631960421800613,21.134605407714844,0.7680827379226685,-1.5656392574310303,2752,1344
2011_09_26_drive_0015_sync,0000000139,1,0.8695068359375,20.13946533203125,26.635841369628906,-0.7969847917556763,True,53,0.8649558424949646,0.8258001208305359,0.08468825370073318,20.19660758972168,26.61459732055664,-0.8557687401771545,2752,1344
2011_09_26_drive_0015_sync,0000000139,2,0.39067280292510986,19.524410247802734,34.33135223388672,-0.8425334692001343,True,56,0.6082041263580322,0.7839886546134949,0.3329797387123108,19.439119338989258,34.0101318359375,-0.822078287601471,2752,1344
2011_09_26_drive_0015_sync,0000000139,3,0.852494478225708,3.2137911319732666,21.16168785095215,-1.5732923746109009,True,39,0.8444977402687073,0.9004008173942566,0.06804642826318741,3.2136292457580566,21.212038040161133,-1.5275195837020874,2752,1344
2011_09_26_drive_0015_sync,0000000139,4,0.8905308246612549,10.382099151611328,21.378337860107422,-1.5367510318756104,True,47,0.894944965839386,0.8431114554405212,0.08131750673055649,10.333285331726074,21.39742088317871,-1.5989248752593994,2752,1344
2011_09_26_drive_0015_sync,0000000140,0,0.8603132963180542,2.4118120670318604,21.098848342895508,-1.5558929443359375,True,49,0.8644750118255615,0.846159815788269,0.13316375017166138,2.5067529678344727,21.191852569580078,-1.5475850105285645,2709,1387
2011_09_26_drive_0015_sync,0000000140,1,0.8282254934310913,21.243999481201172,0.7806506156921387,-1.4749746322631836,True,39,0.8623617887496948,0.7834376096725464,0.15146711468696594,21.269495010375977,0.6577417850494385,-1.559743046760559,2709,1387
2011_09_26_drive_0015_sync,0000000140,2,0.901906430721283,9.522382736206055,21.373743057250977,-1.5366320610046387,True,90,0.8806010484695435,0.880420446395874,0.06275688111782074,9.479072570800781,21.352216720581055,-1.4966411590576172,2709,1387
2011_09_26_drive_0015_sync,0000000140,3,0.7308395504951477,19.646371841430664,26.580896377563477,-0.9270789623260498,True,56,0.7915648221969604,0.7824956774711609,0.3210127353668213,19.365671157836914,26.69978141784668,-0.8264675736427307,2709,1387
2011_09_26_drive_0015_sync,0000000141,0,0.8253523111343384,1.8309345245361328,21.09491729736328,-1.6217706203460693,True,44,0.8393881320953369,0.7839455604553223,0.15260615944862366,1.921050786972046,21.182626724243164,-1.5353139638900757,2694,1402
2011_09_26_drive_0015_sync,0000000141,1,0.8824564218521118,8.94514274597168,21.402408599853516,-1.5031068325042725,True,86,0.8874070048332214,0.8724675178527832,0.06305646896362305,8.90028190612793,21.43834686279297,-1.4771826267242432,2694,1402
2011_09_26_drive_0015_sync,0000000141,2,0.5181841850280762,29.73520278930664,27.00705909729004,-1.019737958908081,True,95,0.44954419136047363,0.8694618344306946,0.06296352297067642,29.7379093170166,27.02420425415039,-1.0802617073059082,2694,1402
2011_09_26_drive_0015_sync,0000000141,3,0.8453633189201355,21.04439353942871,0.9644060134887695,-1.5484436750411987,True,90,0.8645038604736328,0.7539162039756775,0.27994000911712646,21.314348220825195,0.982620894908905,-1.6202704906463623,2694,1402
2011_09_26_drive_0015_sync,0000000141,4,0.7119153141975403,18.719688415527344,26.59147834777832,-0.954018771648407,True,38,0.6878587007522583,0.9445184469223022,0.01332290843129158,18.70640754699707,26.59116554260254,-0.9550290107727051,2694,1402
2011_09_26_drive_0015_sync,0000000142,0,0.8507845401763916,21.19819450378418,0.7625095844268799,-1.5649937391281128,True,56,0.8731511831283569,0.7489728331565857,0.2118876874446869,21.34731101989746,0.9107729196548462,-1.5389430522918701,2750,1346
2011_09_26_drive_0015_sync,0000000142,1,0.885256290435791,8.09282112121582,21.428815841674805,-1.4596097469329834,True,89,0.8631947636604309,0.8900318741798401,0.1008024662733078,8.188703536987305,21.40830421447754,-1.482997179031372,2750,1346
2011_09_26_drive_0015_sync,0000000142,2,0.8188658952713013,1.2394061088562012,21.147933959960938,-1.600865364074707,True,33,0.7801556587219238,0.8788546323776245,0.05171182006597519,1.2444932460784912,21.171306610107422,-1.6467124223709106,2750,1346
2011_09_26_drive_0015_sync,0000000142,3,0.3105979859828949,27.66925621032715,35.3336296081543,-0.5605326890945435,True,45,0.1960497349500656,0.8337150812149048,0.1132524237036705,27.681678771972656,35.427635192871094,-0.6224579811096191,2750,1346
2011_09_26_drive_0015_sync,0000000142,4,0.3030591905117035,15.968868255615234,33.158287048339844,-0.9423990249633789,True,63,0.07257150113582611,0.6224489808082581,0.38475051522254944,16.344331741333008,33.207210540771484,-0.8740862607955933,2750,1346
2011_09_26_drive_0015_sync,0000000142,5,0.7604507803916931,17.910104751586914,26.535802841186523,-1.0493475198745728,True,85,0.6608729362487793,0.8732813596725464,0.13952571153640747,18.009462356567383,26.501300811767578,-0.9576681852340698,2750,1346
2011_09_26_drive_0015_sync,0000000143,0,0.3013889193534851,67.62716674804688,6.57548189163208,-1.2876214981079102,True,5,0.3013889193534851,1.0,0.0,67.62716674804688,6.57548189163208,-1.2876214981079102,2802,1294
2011_09_26_drive_0015_sync,0000000143,1,0.8409062027931213,21.1809024810791,0.8020504117012024,-1.528116226196289,True,66,0.8501383662223816,0.8537188172340393,0.10787630826234818,21.255701065063477,0.8187571167945862,-1.6040329933166504,2802,1294
2011_09_26_drive_0015_sync,0000000143,2,0.43402910232543945,26.73567771911621,35.9287223815918,-0.597324013710022,True,61,0.3920607268810272,0.7236356139183044,0.03864571824669838,26.722410202026367,35.96434783935547,-0.5903748273849487,2802,1294
2011_09_26_drive_0015_sync,0000000143,3,0.845015287399292,7.496711254119873,21.43585777282715,-1.5380442142486572,True,89,0.8625677824020386,0.8469625115394592,0.0821758285164833,7.528614521026611,21.395376205444336,-1.4740419387817383,2802,1294
2011_09_26_drive_0015_sync,0000000143,4,0.6976277828216553,0.3340787887573242,21.11175537109375,-1.567850112915039,True,41,0.7138565182685852,0.7952986359596252,0.12034725397825241,0.39042335748672485,21.10495376586914,-1.4617252349853516,2802,1294
2011_09_26_drive_0015_sync,0000000143,5,0.6558340191841125,16.537927627563477,26.904102325439453,-0.9467277526855469,True,14,0.49017444252967834,0.9444980621337891,0.03997962549328804,16.541364669799805,26.900476455688477,-0.9070615172386169,2802,1294
2011_09_26_drive_0015_sync,0000000144,0,0.7859845757484436,16.762859344482422,26.49299430847168,-0.9977817535400391,True,66,0.8133640885353088,0.8471038937568665,0.16548947989940643,16.641040802001953,26.53781509399414,-1.100437045097351,2746,1350
2011_09_26_drive_0015_sync,0000000144,1,0.8584174513816833,21.338823318481445,0.769768238067627,-1.5105127096176147,True,16,0.8608852624893188,0.8337047696113586,0.11467601358890533,21.297332763671875,0.8749239444732666,-1.4912409782409668,2746,1350
2011_09_26_drive_0015_sync,0000000144,2,0.8670654892921448,6.707808971405029,21.39464569091797,-1.559131145477295,True,35,0.8033108115196228,0.7994369268417358,0.1219998225569725,6.641724109649658,21.40127944946289,-1.4567947387695312,2746,1350
2011_09_26_drive_0015_sync,0000000145,0,0.833634078502655,15.814815521240234,26.58366584777832,-1.0141607522964478,True,87,0.8390363454818726,0.8129825592041016,0.17186497151851654,15.936511039733887,26.587299346923828,-0.8928571343421936,2758,1338
2011_09_26_drive_0015_sync,0000000145,1,0.8747544288635254,6.108802318572998,21.345396041870117,-1.504941701889038,True,69,0.833773136138916,0.8156740069389343,0.239982008934021,5.871279716491699,21.326223373413086,-1.5333456993103027,2758,1338
2011_09_26_drive_0015_sync,0000000145,2,0.8702986240386963,21.321796417236328,1.0438522100448608,-1.5594664812088013,True,85,0.8643388152122498,0.899876058101654,0.07893205434083939,21.25790023803711,1.0572259426116943,-1.5150965452194214,2758,1338
2011_09_26_drive_0015_sync,0000000146,0,0.8320170640945435,15.067198753356934,26.52402114868164,-0.9823801517486572,True,79,0.8079312443733215,0.8747025728225708,0.04489705711603165,15.051609992980957,26.547452926635742,-1.0173614025115967,2794,1302
2011_09_26_drive_0015_sync,0000000146,1,0.8360358476638794,21.266462326049805,0.9369878768920898,-1.530580759048462,True,18,0.8687837719917297,0.8429834842681885,0.11409211158752441,21.197654724121094,0.8660678863525391,-1.4735467433929443,2794,1302
2011_09_26_drive_0015_sync,0000000146,2,0.8211569786071777,5.308860778808594,21.338489532470703,-1.5177364349365234,True,67,0.8474721312522888,0.8712822198867798,0.0720648244023323,5.346039295196533,21.398900985717773,-1.50502610206604,2794,1302
2011_09_26_drive_0015_sync,0000000147,0,0.8654984831809998,4.62094259262085,21.37577247619629,-1.5397104024887085,True,22,0.8556287288665771,0.9372053146362305,0.019149620085954666,4.634792327880859,21.38808822631836,-1.534892201423645,2738,1358
2011_09_26_drive_0015_sync,0000000147,1,0.8376326560974121,21.46976089477539,1.0084850788116455,-1.5549263954162598,True,78,0.8571509718894958,0.9084172248840332,0.09241050481796265,21.54746437072754,1.0170843601226807,-1.6042003631591797,2738,1358
2011_09_26_drive_0015_sync,0000000147,2,0.7862881422042847,14.455338478088379,26.494932174682617,-0.9937096238136292,True,47,0.6930479407310486,0.7576789259910583,0.2602492570877075,14.326942443847656,26.719196319580078,-0.9628918766975403,2738,1358
2011_09_26_drive_0015_sync,0000000148,0,0.7530621886253357,13.793120384216309,26.484655380249023,-0.994037389755249,True,57,0.8532612919807434,0.8717355132102966,0.059919290244579315,13.773521423339844,26.4588623046875,-1.0444449186325073,2695,1401
2011_09_26_drive_0015_sync,0000000148,1,0.8597269058227539,3.7575619220733643,21.422260284423828,-1.5515615940093994,True,60,0.8650140762329102,0.930896520614624,0.05323891341686249,3.805756092071533,21.401962280273438,-1.541576862335205,2695,1401
2011_09_26_drive_0015_sync,0000000148,2,0.872016966342926,21.622573852539062,0.9241483211517334,-1.5972039699554443,True,66,0.8797456622123718,0.7298181056976318,0.23455782234668732,21.49557876586914,1.1173914670944214,-1.5578757524490356,2695,1401
2011_09_26_drive_0015_sync,0000000149,0,0.8917922377586365,3.081705093383789,21.315990447998047,-1.4872336387634277,True,81,0.870093584060669,0.9262954592704773,0.025785338133573532,3.066181182861328,21.322389602661133,-1.5068025588989258,2682,1414
2011_09_26_drive_0015_sync,0000000149,1,0.861469566822052,21.444961547851562,0.9586156606674194,-1.559730887413025,True,35,0.870475172996521,0.8286089301109314,0.12450925260782242,21.476299285888672,0.8389508724212646,-1.5739026069641113,2682,1414
2011_09_26_drive_0015_sync,0000000150,0,0.8426781892776489,2.30961537361145,21.373598098754883,-1.5827922821044922,True,95,0.8792465925216675,0.857203483581543,0.06548255681991577,2.305037021636963,21.363048553466797,-1.5183274745941162,2782,1314
2011_09_26_drive_0015_sync,0000000150,1,0.8162574768066406,12.014108657836914,26.64866065979004,-0.8958448767662048,True,55,0.7880048751831055,0.9465720057487488,0.06439663469791412,12.077189445495605,26.6380558013916,-0.9032797813415527,2782,1314
2011_09_26_drive_0015_sync,0000000150,2,0.8803511261940002,21.692079544067383,0.8742253184318542,-1.5527355670928955,True,66,0.8606359362602234,0.793459951877594,0.15263248980045319,21.728334426879883,1.013883352279663,-1.6025140285491943,2782,1314
2011_09_26_drive_0015_sync,0000000151,0,0.8398986458778381,11.509026527404785,26.494077682495117,-0.9455952048301697,True,74,0.827711284160614,0.842581033706665,0.1273505836725235,11.556273460388184,26.456106185913086,-0.8335949182510376,2720,1376
2011_09_26_drive_0015_sync,0000000151,1,0.8593518733978271,21.888980865478516,0.9933273792266846,-1.514499306678772,True,26,0.8382998108863831,0.8806523084640503,0.07135863602161407,21.868215560913086,0.971479594707489,-1.5791795253753662,2720,1376
2011_09_26_drive_0015_sync,0000000151,2,0.8371168375015259,1.7293375730514526,21.308433532714844,-1.5563931465148926,True,10,0.8778172731399536,0.8924902677536011,0.06386677175760269,1.6669212579727173,21.298860549926758,-1.5468262434005737,2720,1376
2011_09_26_drive_0015_sync,0000000152,0,0.771125078201294,0.6726621389389038,21.302888870239258,-1.4451711177825928,True,25,0.7790440320968628,0.8876326084136963,0.10012808442115784,0.751950740814209,21.33277130126953,-1.498518943786621,2752,1344
2011_09_26_drive_0015_sync,0000000152,1,0.8551657199859619,22.02526092529297,0.976902186870575,-1.5290894508361816,True,77,0.8668000102043152,0.8745675086975098,0.15627309679985046,21.873069763183594,1.010810136795044,-1.5395481586456299,2752,1344
2011_09_26_drive_0015_sync,0000000152,2,0.8496337532997131,10.886302947998047,26.50326919555664,-0.9345844984054565,True,95,0.8020748496055603,0.8337264657020569,0.12872512638568878,10.878026962280273,26.501924514770508,-0.8061327338218689,2752,1344
2011_09_26_drive_0015_sync,0000000153,0,0.4126840829849243,43.59144592285156,5.715743064880371,-1.4413402080535889,True,72,0.34705859422683716,0.9104354977607727,0.049695827066898346,43.61940002441406,5.7483134269714355,-1.4162919521331787,2765,1331
2011_09_26_drive_0015_sync,0000000153,1,0.35135355591773987,20.892879486083984,27.109420776367188,-0.9232572913169861,False,,,0.0,,,,,2765,1331
2011_09_26_drive_0015_sync,0000000153,2,0.8769859075546265,22.07768440246582,1.1221487522125244,-1.5513114929199219,True,31,0.8652935028076172,0.8696061968803406,0.09774777293205261,22.066347122192383,1.0265743732452393,-1.5342342853546143,2765,1331
2011_09_26_drive_0015_sync,0000000153,3,0.8610134124755859,10.21727180480957,26.426008224487305,-0.9891727566719055,True,39,0.8623300790786743,0.881032407283783,0.09757880866527557,10.179899215698242,26.480674743652344,-0.9175034761428833,2765,1331
2011_09_26_drive_0015_sync,0000000153,4,0.7969655394554138,0.0841505229473114,21.362876892089844,-1.5482237339019775,True,63,0.7888155579566956,0.8466759324073792,0.11402683705091476,0.10251101106405258,21.294185638427734,-1.459080457687378,2765,1331
2011_09_26_drive_0015_sync,0000000154,0,0.841218888759613,9.396283149719238,26.43150520324707,-0.8946830034255981,True,67,0.8129205703735352,0.914308488368988,0.07617827504873276,9.425969123840332,26.4271183013916,-0.964701771736145,2758,1338
2011_09_26_drive_0015_sync,0000000154,1,0.34567543864250183,-0.8653786778450012,21.137516021728516,-1.40162992477417,True,51,0.23100167512893677,0.6470333337783813,0.2973010241985321,-0.6509606838226318,21.297718048095703,-1.5310444831848145,2758,1338
2011_09_26_drive_0015_sync,0000000154,2,0.8576757311820984,22.15726089477539,0.9939908981323242,-1.5637907981872559,True,69,0.8467115759849548,0.8980932831764221,0.07523489743471146,22.106531143188477,0.9384320974349976,-1.563834309577942,2758,1338
2011_09_26_drive_0015_sync,0000000155,0,0.5053661465644836,8.826652526855469,26.34536361694336,-0.7917593717575073,False,,,0.0,,,,,2766,1330
2011_09_26_drive_0015_sync,0000000155,1,0.726302981376648,38.84661865234375,5.251062870025635,-1.4677730798721313,True,85,0.765704333782196,0.8562961220741272,0.09648735821247101,38.78291320800781,5.273102283477783,-1.5368070602416992,2766,1330
2011_09_26_drive_0015_sync,0000000155,2,0.8728551864624023,22.334962844848633,0.9343570470809937,-1.5454299449920654,True,45,0.8681012392044067,0.8482107520103455,0.13039962947368622,22.42917251586914,0.8466773629188538,-1.5664269924163818,2766,1330
2011_09_26_drive_0015_sync,0000000155,3,0.3855099081993103,3.801907539367676,35.82746124267578,-0.7377738356590271,True,39,0.5852913856506348,0.8726391792297363,0.08155813068151474,3.877197504043579,35.83805847167969,-0.7082636952400208,2766,1330
2011_09_26_drive_0015_sync,0000000156,0,0.7796167731285095,8.131589889526367,26.41091537475586,-0.9407482147216797,True,59,0.8346742391586304,0.860122799873352,0.14521105587482452,7.990000247955322,26.440387725830078,-0.9277096390724182,2729,1367
2011_09_26_drive_0015_sync,0000000156,1,0.8817266225814819,22.682147979736328,0.9637358784675598,-1.544982671737671,True,54,0.8671044707298279,0.7760942578315735,0.22697535157203674,22.465530395507812,0.9873886108398438,-1.6085057258605957,2729,1367
2011_09_26_drive_0015_sync,0000000157,0,0.85406094789505,22.626663208007812,1.0464954376220703,-1.575571894645691,True,21,0.8470476269721985,0.8313207030296326,0.14481765031814575,22.722610473632812,0.9398091435432434,-1.5559680461883545,2747,1349
2011_09_26_drive_0015_sync,0000000157,1,0.8191032409667969,7.448834419250488,26.28373146057129,-0.892534077167511,True,87,0.6447004675865173,0.8338688611984253,0.08777419477701187,7.4131975173950195,26.27166748046875,-0.9718359112739563,2747,1349
2011_09_26_drive_0015_sync,0000000157,2,0.35027170181274414,2.2964823246002197,35.85134506225586,-0.5653054714202881,True,41,0.19510197639465332,0.8650404214859009,0.0791129320859909,2.345759868621826,35.87539291381836,-0.6223342418670654,2747,1349
2011_09_26_drive_0015_sync,0000000157,3,0.42709043622016907,34.14027404785156,4.791687488555908,-1.2562172412872314,True,53,0.39645975828170776,0.5727440118789673,0.3440834879875183,33.907344818115234,4.894767761230469,-1.4875435829162598,2747,1349
2011_09_26_drive_0015_sync,0000000157,4,0.47397175431251526,17.647539138793945,32.14411926269531,-0.7043677568435669,True,98,0.1425778865814209,0.8069261312484741,0.11504540592432022,17.595373153686523,32.0803337097168,-0.7846519947052002,2747,1349
2011_09_26_drive_0015_sync,0000000157,5,0.6326428055763245,17.053091049194336,35.24879837036133,-0.35082554817199707,True,88,0.5440375804901123,0.8641834259033203,0.16809822618961334,17.191160202026367,35.330841064453125,-0.4004533886909485,2747,1349
2011_09_26_drive_0015_sync,0000000158,0,0.6062803864479065,18.419921875,26.428142547607422,-0.9077526330947876,True,31,0.2801620662212372,0.8693105578422546,0.05816043168306351,18.399934768676758,26.39048957824707,-0.868187427520752,2811,1285
2011_09_26_drive_0015_sync,0000000158,1,0.5795137882232666,0.9403431415557861,35.8399772644043,-0.5616002082824707,True,61,0.5981897711753845,0.8048673272132874,0.13255710899829865,0.9151672720909119,35.722713470458984,-0.6180516481399536,2811,1285
2011_09_26_drive_0015_sync,0000000158,2,0.4187377989292145,16.400653839111328,35.3930549621582,-0.4872032701969147,True,89,0.6330349445343018,0.8144114017486572,0.12867574393749237,16.4514217376709,35.28021240234375,-0.45189571380615234,2811,1285
2011_09_26_drive_0015_sync,0000000158,3,0.7061966061592102,6.756832122802734,26.19879913330078,-0.9828153848648071,True,71,0.5619997382164001,0.7687852382659912,0.23728998005390167,6.604808807373047,26.37019157409668,-1.0446221828460693,2811,1285
2011_09_26_drive_0015_sync,0000000158,4,0.8300962448120117,22.791501998901367,1.0960761308670044,-1.5605753660202026,True,38,0.8303381204605103,0.7922101020812988,0.15479440987110138,22.869779586791992,0.9687381982803345,-1.520338773727417,2811,1285
2011_09_26_drive_0015_sync,0000000159,0,0.6862266063690186,6.147555828094482,26.301300048828125,-0.9157902002334595,True,31,0.5146949291229248,0.8005446195602417,0.2963755428791046,5.89375114440918,26.45353126525879,-0.9315162301063538,2753,1343
2011_09_26_drive_0015_sync,0000000159,1,0.574883759021759,16.048629760742188,32.372371673583984,-0.7463517189025879,False,,,0.0,,,,,2753,1343
2011_09_26_drive_0015_sync,0000000159,2,0.7413303256034851,29.190074920654297,4.483987808227539,-1.4935872554779053,True,15,0.5021157264709473,0.7888466715812683,0.31919604539871216,28.878604888916016,4.478917598724365,-1.4239680767059326,2753,1343
2011_09_26_drive_0015_sync,0000000159,3,0.85146164894104,22.994117736816406,0.7590633034706116,-1.5220774412155151,True,69,0.8190574645996094,0.8765672445297241,0.07212653756141663,22.936140060424805,0.80196213722229,-1.5213584899902344,2753,1343
2011_09_26_drive_0015_sync,0000000160,0,0.6639460921287537,5.199140548706055,26.3281307220459,-0.9503045082092285,True,82,0.6520967483520508,0.8114515542984009,0.10478783398866653,5.185957908630371,26.245338439941406,-1.013170599937439,2657,1439
2011_09_26_drive_0015_sync,0000000160,1,0.8421083092689514,23.229656219482422,0.7669435143470764,-1.6245687007904053,True,88,0.8724240064620972,0.8138403296470642,0.13545459508895874,23.249237060546875,0.8995414972305298,-1.644121527671814,2657,1439
2011_09_26_drive_0015_sync,0000000161,0,0.8585329651832581,23.430400848388672,0.7349547147750854,-1.5640909671783447,True,59,0.8468936681747437,0.8460602760314941,0.12924668192863464,23.353214263916016,0.8005289435386658,-1.6443839073181152,2698,1398
2011_09_26_drive_0015_sync,0000000161,1,0.3650798201560974,13.891925811767578,34.779232025146484,-0.44347649812698364,True,72,0.5579447746276855,0.6338163614273071,0.41824308037757874,14.128966331481934,35.12337875366211,-0.4608577787876129,2698,1398
2011_09_26_drive_0015_sync,0000000161,2,0.45352795720100403,4.494998455047607,26.247943878173828,-0.9768097996711731,True,80,0.7265299558639526,0.8425233364105225,0.12015196681022644,4.435204029083252,26.18718910217285,-1.0614855289459229,2698,1398
2011_09_26_drive_0015_sync,0000000161,3,0.48947596549987793,14.682071685791016,31.931058883666992,-0.8505248427391052,True,95,0.507804811000824,0.7940386533737183,0.17415563762187958,14.806946754455566,32.01771545410156,-0.7655128240585327,2698,1398
2011_09_26_drive_0015_sync,0000000162,0,0.3541971445083618,3.5456364154815674,26.338512420654297,-1.06321382522583,True,44,0.6486361622810364,0.8512498140335083,0.11351428925991058,3.5796263217926025,26.405975341796875,-0.9784852266311646,2713,1383
2011_09_26_drive_0015_sync,0000000162,1,0.8389983177185059,23.560993194580078,0.6779670119285583,-1.6622917652130127,True,67,0.8483495116233826,0.8146153688430786,0.1615346223115921,23.65410041809082,0.553869366645813,-1.7072834968566895,2713,1383
2011_09_26_drive_0015_sync,0000000162,2,0.5498262643814087,48.91534423828125,-21.976743698120117,-2.433814764022827,True,8,0.576426088809967,0.8997713327407837,0.09334459900856018,48.91521453857422,-22.06447982788086,-2.4656827449798584,2713,1383
2011_09_26_drive_0015_sync,0000000162,3,0.539326012134552,21.59339714050293,4.154576778411865,-1.519521713256836,True,89,0.2463608831167221,0.8630080819129944,0.09762208163738251,21.606319427490234,4.074188709259033,-1.5733811855316162,2713,1383
2011_09_26_drive_0015_sync,0000000163,0,0.7010019421577454,2.6719088554382324,26.258934020996094,-1.112841248512268,True,47,0.8241127133369446,0.7220003604888916,0.2827354669570923,2.8825554847717285,26.247840881347656,-0.9245747327804565,2666,1430
2011_09_26_drive_0015_sync,0000000163,1,0.8643239736557007,23.85064697265625,0.8344396948814392,-1.6810497045516968,True,58,0.8609282970428467,0.9443867802619934,0.048652008175849915,23.80428123474121,0.8423669934272766,-1.6934752464294434,2666,1430
2011_09_26_drive_0015_sync,0000000163,2,0.4381393790245056,14.209928512573242,26.171688079833984,-1.0404490232467651,True,49,0.47904473543167114,0.7100439667701721,0.20188291370868683,14.209952354431152,26.247594833374023,-1.2275182008743286,2666,1430
2011_09_26_drive_0015_sync,0000000163,3,0.44251465797424316,48.04292678833008,-22.441579818725586,-2.54193115234375,True,74,0.4896160364151001,0.8786047101020813,0.10161863267421722,48.12782287597656,-22.387657165527344,-2.527393341064453,2666,1430
2011_09_26_drive_0015_sync,0000000164,0,0.38276392221450806,11.732146263122559,34.73257064819336,-0.47978532314300537,False,,,0.0,,,,,2673,1423
2011_09_26_drive_0015_sync,0000000164,1,0.36300256848335266,12.334681510925293,31.85068130493164,-0.8050225973129272,True,82,0.5068803429603577,0.8181907534599304,0.11146867275238037,12.386983871459961,31.905908584594727,-0.8865067958831787,2673,1423
2011_09_26_drive_0015_sync,0000000164,2,0.8570272922515869,23.91088104248047,1.0026203393936157,-1.6644253730773926,True,69,0.8457958102226257,0.858735978603363,0.1003565639257431,23.87361717224121,0.9411473274230957,-1.5943974256515503,2673,1423
2011_09_26_drive_0015_sync,0000000165,0,0.8505656123161316,24.109657287597656,1.0593739748001099,-1.6856043338775635,True,82,0.8697972297668457,0.7734407186508179,0.12106098979711533,24.081348419189453,0.980466902256012,-1.7729430198669434,2680,1416
2011_09_26_drive_0015_sync,0000000165,1,0.4415050446987152,46.39482116699219,-22.70779800415039,-2.6703851222991943,True,98,0.20327985286712646,0.8295405507087708,0.11431234329938889,46.44043731689453,-22.794172286987305,-2.6110053062438965,2680,1416
2011_09_26_drive_0015_sync,0000000165,2,0.6891821026802063,1.4539504051208496,26.194740295410156,-1.1107174158096313,True,95,0.688136100769043,0.9307876825332642,0.061660949140787125,1.4665263891220093,26.203218460083008,-1.170483946800232,2680,1416
2011_09_26_drive_0015_sync,0000000165,3,0.6951859593391418,13.897624969482422,4.084233283996582,-1.672642707824707,True,57,0.7116870284080505,0.9181374907493591,0.10963533073663712,13.788145065307617,4.08752965927124,-1.6678271293640137,2680,1416
2011_09_26_drive_0015_sync,0000000165,4,0.4660511910915375,11.589899063110352,32.006778717041016,-0.9271930456161499,True,94,0.22032874822616577,0.5522699356079102,0.3256931006908417,11.66279411315918,31.86883544921875,-1.2130845785140991,2680,1416
2011_09_26_drive_0015_sync,0000000165,5,0.3162819743156433,10.880264282226562,24.539785385131836,-0.819564700126648,True,42,0.030178941786289215,0.7548900246620178,0.26437750458717346,10.970569610595703,24.61910057067871,-1.0550419092178345,2680,1416
2011_09_26_drive_0015_sync,0000000166,0,0.3141947388648987,10.501449584960938,35.23322296142578,-0.6196067929267883,True,28,0.3091047406196594,0.9258524179458618,0.06655371934175491,10.45335865020752,35.193153381347656,-0.5969995260238647,2650,1446
2011_09_26_drive_0015_sync,0000000166,1,0.8664715886116028,24.400619506835938,0.9989432692527771,-1.6977304220199585,True,90,0.8522247672080994,0.8434849381446838,0.12693431973457336,24.37063217163086,1.1222059726715088,-1.7021336555480957,2650,1446
2011_09_26_drive_0015_sync,0000000167,0,0.6405104994773865,44.396846771240234,-22.66761589050293,-2.6691603660583496,True,62,0.29200175404548645,0.8278435468673706,0.20432434976100922,44.37225341796875,-22.5955753326416,-2.8587751388549805,2597,1499
2011_09_26_drive_0015_sync,0000000167,1,0.8423382043838501,24.44647216796875,0.8339321613311768,-1.683982014656067,True,69,0.8661790490150452,0.7075037956237793,0.2454887181520462,24.578937530517578,1.0322763919830322,-1.742095708847046,2597,1499
2011_09_26_drive_0015_sync,0000000168,0,0.850365936756134,24.581558227539062,0.9344495534896851,-1.622539758682251,True,76,0.8640119433403015,0.8501355648040771,0.07595662772655487,24.63067626953125,0.8994565606117249,-1.6687167882919312,2539,1557
2011_09_26_drive_0015_sync,0000000168,1,0.6574472188949585,10.178218841552734,26.133747100830078,-0.9536938071250916,True,93,0.5915193557739258,0.8835902214050293,0.11382433772087097,10.077281951904297,26.103609085083008,-0.9968148469924927,2539,1557
2011_09_26_drive_0015_sync,0000000168,2,0.7538557052612305,43.60758590698242,-22.825284957885742,-2.687356948852539,True,39,0.7430447936058044,0.8704400658607483,0.03292391076683998,43.62004852294922,-22.795101165771484,-2.6915528774261475,2539,1557
2011_09_26_drive_0015_sync,0000000169,0,0.8504016995429993,24.870445251464844,0.957995593547821,-1.6725910902023315,True,27,0.853816568851471,0.8378221392631531,0.10810837894678116,24.798049926757812,0.8932785391807556,-1.7201099395751953,2430,1666
2011_09_26_drive_0015_sync,0000000169,1,0.4072551727294922,42.57758331298828,-22.460458755493164,-2.651156425476074,True,75,0.7085142731666565,0.8393600583076477,0.19427315890789032,42.55751037597656,-22.648086547851562,-2.6049509048461914,2430,1666
2011_09_26_drive_0015_sync,0000000169,2,0.6526630520820618,12.57620906829834,23.08258819580078,-1.494541883468628,True,78,0.5084034204483032,0.8497167229652405,0.19398680329322815,12.760875701904297,23.118295669555664,-1.4470646381378174,2430,1666
2011_09_26_drive_0015_sync,0000000169,3,0.6018568873405457,9.36212158203125,26.111251831054688,-1.0292192697525024,True,63,0.6431679725646973,0.8843725919723511,0.06039708852767944,9.396554946899414,26.14610481262207,-1.0645381212234497,2430,1666
2011_09_26_drive_0015_sync,0000000170,0,0.8859753012657166,25.00181770324707,0.830073893070221,-1.7359859943389893,True,35,0.8746498823165894,0.9066890478134155,0.08604013174772263,24.93444061279297,0.7785993814468384,-1.7213706970214844,2335,1761
2011_09_26_drive_0015_sync,0000000170,1,0.4741717278957367,58.6912727355957,5.752621173858643,-1.6674919128417969,True,20,0.212495356798172,0.813452959060669,0.1404440999031067,58.6944694519043,5.613192558288574,-1.6509393453598022,2335,1761
2011_09_26_drive_0015_sync,0000000171,0,0.35567882657051086,52.03764724731445,22.184526443481445,-1.3806215524673462,True,50,0.1772286742925644,0.5905694365501404,0.38983482122421265,51.67146301269531,22.051414489746094,-1.3933298587799072,2561,1535
2011_09_26_drive_0015_sync,0000000171,1,0.8812690377235413,25.073890686035156,0.7361778616905212,-1.6591808795928955,True,54,0.8765333890914917,0.8133065104484558,0.1356939822435379,25.12876319885254,0.8446962237358093,-1.7193940877914429,2561,1535
2011_09_26_drive_0015_sync,0000000171,2,0.40001368522644043,40.7255744934082,-22.945383071899414,-2.7781476974487305,True,84,0.24928532540798187,0.910014271736145,0.072017140686512,40.758392333984375,-23.003236770629883,-2.8057594299316406,2561,1535
2011_09_26_drive_0015_sync,0000000172,0,0.8667178750038147,25.353105545043945,0.7198702096939087,-1.6715223789215088,True,11,0.8673608899116516,0.7764698266983032,0.1915987730026245,25.21982765197754,0.8437909483909607,-1.6115995645523071,2631,1465
2011_09_26_drive_0015_sync,0000000172,1,0.38268861174583435,6.649686813354492,26.22815704345703,-0.8693849444389343,True,37,0.13116247951984406,0.6529272794723511,0.07876172661781311,6.66018009185791,26.15053367614746,-0.8776259422302246,2631,1465
2011_09_26_drive_0015_sync,0000000173,0,0.3029039204120636,51.91339111328125,5.209510803222656,-1.463430404663086,True,30,0.3039320707321167,0.5869056582450867,0.0874926894903183,51.87712097167969,5.21543025970459,-1.5428307056427002,2698,1398
2011_09_26_drive_0015_sync,0000000173,1,0.8344866633415222,25.27586555480957,0.660383403301239,-1.5739543437957764,True,87,0.8260663747787476,0.839529812335968,0.11647502332925797,25.22089195251465,0.5597996711730957,-1.5946242809295654,2698,1398
2011_09_26_drive_0015_sync,0000000173,2,0.5569049715995789,39.37934112548828,-28.332307815551758,-2.986799478530884,True,60,0.322755366563797,0.6424470543861389,0.23014767467975616,39.492618560791016,-28.314531326293945,-2.7872495651245117,2698,1398
2011_09_26_drive_0015_sync,0000000173,3,0.3509514331817627,38.81388473510742,-22.875516891479492,-2.7124643325805664,True,23,0.7040771245956421,0.7424306869506836,0.290975958108902,38.72216033935547,-23.150955200195312,-2.7321462631225586,2698,1398
2011_09_26_drive_0015_sync,0000000174,0,0.33484947681427,38.42775344848633,-27.79539680480957,-2.963461399078369,True,74,0.29386189579963684,0.7420976758003235,0.26110872626304626,38.33188247680664,-28.034284591674805,-2.9196534156799316,2720,1376
2011_09_26_drive_0015_sync,0000000174,1,0.6178820729255676,37.80095672607422,-22.90259552001953,-2.6594996452331543,True,19,0.39715448021888733,0.6653971672058105,0.5689634680747986,37.728641510009766,-23.4665584564209,-2.6803736686706543,2720,1376
2011_09_26_drive_0015_sync,0000000174,2,0.8579224348068237,25.544511795043945,0.6216588616371155,-1.6968063116073608,True,69,0.8597225546836853,0.9450456500053406,0.050308555364608765,25.495319366455078,0.6312621235847473,-1.7011460065841675,2720,1376
2011_09_26_drive_0015_sync,0000000175,0,0.3079889118671417,37.350914001464844,-28.264148712158203,-2.9234633445739746,True,88,0.023400936275720596,0.6141088008880615,0.4263400435447693,37.581214904785156,-27.905424118041992,-2.9300966262817383,2627,1469
2011_09_26_drive_0015_sync,0000000175,1,0.8550342917442322,25.483057022094727,0.7009581327438354,-1.598986268043518,True,42,0.8323523998260498,0.8234086036682129,0.13670292496681213,25.562984466552734,0.5915021896362305,-1.6168382167816162,2627,1469
2011_09_26_drive_0015_sync,0000000176,0,0.6147577166557312,44.878501892089844,4.849140167236328,-1.5808906555175781,True,41,0.609341561794281,0.9519346356391907,0.02577546238899231,44.868526458740234,4.844699382781982,-1.557542324066162,2607,1489
2011_09_26_drive_0015_sync,0000000176,1,0.8120470643043518,25.614992141723633,0.7880812883377075,-1.610182523727417,True,39,0.8194220066070557,0.8564353585243225,0.07332044094800949,25.567102432250977,0.7528335452079773,-1.5672866106033325,2607,1489
2011_09_26_drive_0015_sync,0000000176,2,0.527812659740448,35.56230545043945,-22.817188262939453,-2.5736687183380127,True,63,0.5738850235939026,0.7183777093887329,0.34365785121917725,35.613582611083984,-23.136085510253906,-2.691039562225342,2607,1489
2011_09_26_drive_0015_sync,0000000177,0,0.4026181101799011,41.958702087402344,5.508892059326172,-1.6747641563415527,True,94,0.36453089118003845,0.8936084508895874,0.05816484987735748,41.9972038269043,5.5163044929504395,-1.7177271842956543,2654,1442
2011_09_26_drive_0015_sync,0000000177,1,0.6535115838050842,35.15531539916992,-28.34822654724121,-2.926833152770996,True,86,0.4343596398830414,0.8152289390563965,0.14890888333320618,35.109222412109375,-28.37457847595215,-3.0659549236297607,2654,1442
2011_09_26_drive_0015_sync,0000000177,2,0.4999450445175171,34.74846649169922,-22.833581924438477,-2.710040807723999,True,58,0.4277718663215637,0.935616135597229,0.0636705532670021,34.74299621582031,-22.889978408813477,-2.7390830516815186,2654,1442
2011_09_26_drive_0015_sync,0000000177,3,0.8229358196258545,25.73402214050293,0.639782726764679,-1.6520715951919556,True,21,0.8290266394615173,0.9333178400993347,0.04124537110328674,25.740276336669922,0.6012970209121704,-1.6655220985412598,2654,1442
2011_09_26_drive_0015_sync,0000000178,0,0.41570231318473816,40.460147857666016,4.4397149085998535,-1.6439769268035889,True,77,0.4973052144050598,0.6646233201026917,0.26334261894226074,40.27042770385742,4.292527675628662,-1.7521042823791504,2533,1563
2011_09_26_drive_0015_sync,0000000178,1,0.8510283827781677,25.86240005493164,0.6498503684997559,-1.6714203357696533,True,27,0.8714912533760071,0.8888604044914246,0.06422953307628632,25.831724166870117,0.69146728515625,-1.633309245109558,2533,1563
2011_09_26_drive_0015_sync,0000000178,2,0.562776505947113,32.14611053466797,21.74799346923828,-1.4637207984924316,True,37,0.3858938217163086,0.8042848706245422,0.16211286187171936,32.185089111328125,21.9050235748291,-1.4738595485687256,2533,1563
2011_09_26_drive_0015_sync,0000000178,3,0.6864743232727051,33.97086715698242,-28.388774871826172,-2.964676856994629,True,25,0.5596010088920593,0.7352410554885864,0.17846456170082092,34.104644775390625,-28.480810165405273,-2.890631914138794,2533,1563
2011_09_26_drive_0015_sync,0000000178,4,0.37245768308639526,11.810386657714844,25.138452529907227,-1.1568944454193115,True,94,0.214631587266922,0.8315975069999695,0.06870449334383011,11.757098197937012,25.175600051879883,-1.1345179080963135,2533,1563
2011_09_26_drive_0015_sync,0000000179,0,0.3729459047317505,32.47229766845703,-23.31360626220703,-2.746480941772461,True,57,0.604454517364502,0.766690731048584,0.2096414566040039,32.48765563964844,-23.112567901611328,-2.689059257507324,2660,1436
2011_09_26_drive_0015_sync,0000000179,1,0.4862712025642395,37.63661575317383,4.301180839538574,-1.569671630859375,True,29,0.5368446111679077,0.6137106418609619,0.307684063911438,37.8973388671875,4.462496757507324,-1.5955580472946167,2660,1436
2011_09_26_drive_0015_sync,0000000179,2,0.8493720293045044,25.978038787841797,0.5504025816917419,-1.675046682357788,True,83,0.8412536382675171,0.8854349255561829,0.08423732966184616,26.0279483795166,0.6009017825126648,-1.7203764915466309,2660,1436
2011_09_26_drive_0015_sync,0000000179,3,0.7064187526702881,32.89632797241211,-28.255029678344727,-2.9497642517089844,True,64,0.644869863986969,0.8274282217025757,0.09166500717401505,32.9549674987793,-28.26146125793457,-2.879603624343872,2660,1436
2011_09_26_drive_0015_sync,0000000180,0,0.755940318107605,35.51462936401367,4.3431196212768555,-1.5460171699523926,True,12,0.7358614206314087,0.7561204433441162,0.16518110036849976,35.444366455078125,4.487429618835449,-1.5850369930267334,2627,1469
2011_09_26_drive_0015_sync,0000000180,1,0.8411145806312561,25.912399291992188,0.6758936643600464,-1.5771305561065674,True,37,0.8628623485565186,0.8760635256767273,0.07328304648399353,25.955841064453125,0.6241589784622192,-1.5487273931503296,2627,1469
2011_09_26_drive_0015_sync,0000000180,2,0.37095922231674194,31.858675003051758,-28.41120719909668,-2.7935612201690674,True,69,0.18269295990467072,0.7851953506469727,0.2127099335193634,31.949832916259766,-28.223711013793945,-2.8357622623443604,2627,1469
2011_09_26_drive_0015_sync,0000000181,0,0.6478909254074097,35.65730667114258,21.10430145263672,-1.2742888927459717,True,89,0.6850259900093079,0.8167030215263367,0.23703640699386597,35.43619918823242,21.18661880493164,-1.2971272468566895,2547,1549
2011_09_26_drive_0015_sync,0000000181,1,0.7699145674705505,30.446565628051758,-23.23796844482422,-2.6197710037231445,True,51,0.48360753059387207,0.832005500793457,0.0363142266869545,30.41785430908203,-23.2595157623291,-2.6252570152282715,2547,1549
2011_09_26_drive_0015_sync,0000000181,2,0.7989699840545654,25.93174934387207,0.4308010935783386,-1.5301920175552368,True,48,0.8512969017028809,0.9361608028411865,0.03264957666397095,25.901126861572266,0.4404573142528534,-1.536109447479248,2547,1549
2011_09_26_drive_0015_sync,0000000181,3,0.6947532892227173,33.04701232910156,4.233216285705566,-1.5123804807662964,True,29,0.706786572933197,0.7056586146354675,0.22867190837860107,33.09144592285156,4.448824405670166,-1.4504964351654053,2547,1549
2011_09_26_drive_0015_sync,0000000181,4,0.813674807548523,30.693239212036133,-28.34079933166504,-2.8484749794006348,True,50,0.7885396480560303,0.8364671468734741,0.10473473370075226,30.76241111755371,-28.346975326538086,-2.770075559616089,2547,1549
2011_09_26_drive_0015_sync,0000000181,5,0.3801300525665283,0.911556601524353,39.05863571166992,-0.3911331593990326,True,91,0.3716570734977722,0.8608250617980957,0.09862840175628662,0.8131693005561829,39.063873291015625,-0.3956129848957062,2547,1549
2011_09_26_drive_0015_sync,0000000182,0,0.7802668809890747,29.68015480041504,-28.3802547454834,-2.7849960327148438,True,16,0.7756057977676392,0.7613595724105835,0.24823668599128723,29.76616668701172,-28.599742889404297,-2.862767219543457,2470,1626
2011_09_26_drive_0015_sync,0000000182,1,0.8426368236541748,29.167287826538086,-23.224956512451172,-2.5716264247894287,True,52,0.7473329901695251,0.80472332239151,0.16152751445770264,29.098052978515625,-23.079021453857422,-2.5708305835723877,2470,1626
2011_09_26_drive_0015_sync,0000000182,2,0.7973738312721252,30.632373809814453,4.3772807121276855,-1.4499619007110596,True,60,0.7226505279541016,0.8764020800590515,0.0804266408085823,30.603090286254883,4.449166297912598,-1.4710185527801514,2470,1626
2011_09_26_drive_0015_sync,0000000182,3,0.6076037883758545,25.756540298461914,0.3390143811702728,-1.524353265762329,False,,,0.0,,,,,2470,1626
2011_09_26_drive_0015_sync,0000000183,0,0.8086778521537781,26.229110717773438,0.6481086015701294,-1.5191047191619873,True,42,0.6766209006309509,0.8462395071983337,0.139889195561409,26.109254837036133,0.7003092765808105,-1.4693187475204468,2497,1599
2011_09_26_drive_0015_sync,0000000183,1,0.7436972856521606,28.031660079956055,-23.197900772094727,-2.766057014465332,True,24,0.566524863243103,0.9189611673355103,0.04961075633764267,28.02422523498535,-23.23019790649414,-2.802973747253418,2497,1599
2011_09_26_drive_0015_sync,0000000183,2,0.7597914934158325,28.225677490234375,4.386329174041748,-1.5174460411071777,True,95,0.7665563821792603,0.9014303088188171,0.08690657466650009,28.307640075683594,4.3600029945373535,-1.5293548107147217,2497,1599
2011_09_26_drive_0015_sync,0000000184,0,0.6750391721725464,48.228424072265625,4.323984622955322,-1.4655978679656982,True,23,0.7326679825782776,0.829652726650238,0.18453297019004822,48.40765380859375,4.324680805206299,-1.5095140933990479,2528,1568
2011_09_26_drive_0015_sync,0000000184,1,0.8687397241592407,26.408472061157227,0.5099131464958191,-1.625429391860962,True,67,0.8389971256256104,0.7920047640800476,0.11209755390882492,26.35334587097168,0.5434148907661438,-1.5337527990341187,2528,1568
2011_09_26_drive_0015_sync,0000000184,2,0.603456974029541,5.892429351806641,25.096580505371094,-1.0720899105072021,True,61,0.5665549039840698,0.771888256072998,0.12375655770301819,5.778590202331543,25.144956588745117,-1.0761008262634277,2528,1568
2011_09_26_drive_0015_sync,0000000184,3,0.4331096410751343,27.524986267089844,-28.194923400878906,-2.9399189949035645,False,,,0.0,,,,,2528,1568
2011_09_26_drive_0015_sync,0000000184,4,0.8346557021141052,25.511947631835938,4.234395980834961,-1.5193493366241455,True,70,0.7733454704284668,0.794671356678009,0.2696129381656647,25.77389907836914,4.170665740966797,-1.5160272121429443,2528,1568
2011_09_26_drive_0015_sync,0000000184,5,0.6809567809104919,27.00560188293457,-23.347692489624023,-2.7072322368621826,True,91,0.786678671836853,0.8473807573318481,0.10235714167356491,27.037548065185547,-23.259260177612305,-2.7476816177368164,2528,1568
2011_09_26_drive_0015_sync,0000000185,0,0.8729617595672607,23.264129638671875,4.2968950271606445,-1.5389142036437988,True,62,0.8316389322280884,0.8161972165107727,0.14514030516147614,23.126909255981445,4.252606391906738,-1.5223373174667358,2506,1590
2011_09_26_drive_0015_sync,0000000185,1,0.7991756796836853,26.422954559326172,0.2720259726047516,-1.5331532955169678,True,89,0.8286712169647217,0.8845903873443604,0.10261962562799454,26.507156372070312,0.21337416768074036,-1.5322548151016235,2506,1590
2011_09_26_drive_0015_sync,0000000185,2,0.34449535608291626,37.734222412109375,21.216150283813477,-1.3381125926971436,True,35,0.38197633624076843,0.7730650305747986,0.14372418820858002,37.7890625,21.34592628479004,-1.3665273189544678,2506,1590
2011_09_26_drive_0015_sync,0000000185,3,0.5387738943099976,25.918176651000977,-23.354429244995117,-2.6129512786865234,True,59,0.8147593140602112,0.8470399975776672,0.13143767416477203,25.8261775970459,-23.262510299682617,-2.593900203704834,2506,1590
2011_09_26_drive_0015_sync,0000000185,4,0.5846357345581055,26.428455352783203,-28.723541259765625,-2.670494794845581,True,92,0.1849094182252884,0.8336509466171265,0.10932125151157379,26.459068298339844,-28.717933654785156,-2.77529239654541,2506,1590
2011_09_26_drive_0015_sync,0000000186,0,0.8125579953193665,20.820335388183594,4.221739292144775,-1.5096569061279297,True,22,0.8151413798332214,0.8941128849983215,0.06597483903169632,20.87345314025879,4.183261871337891,-1.516775369644165,2503,1593
2011_09_26_drive_0015_sync,0000000186,1,0.6238282918930054,29.945192337036133,20.50735855102539,-1.2805428504943848,True,20,0.31976407766342163,0.6462010145187378,0.2784358263015747,29.94265365600586,20.755308151245117,-1.4071961641311646,2503,1593
2011_09_26_drive_0015_sync,0000000186,2,0.7814730405807495,24.712657928466797,-23.727754592895508,-2.625842809677124,True,41,0.804017186164856,0.748690128326416,0.25497469305992126,24.724288940429688,-23.495927810668945,-2.520328998565674,2503,1593
2011_09_26_drive_0015_sync,0000000186,3,0.6469453573226929,26.357967376708984,0.3018978238105774,-1.5632601976394653,False,,,0.0,,,,,2503,1593
2011_09_26_drive_0015_sync,0000000187,0,0.6503404378890991,40.895538330078125,20.37236785888672,-1.3650856018066406,True,37,0.6490302085876465,0.929327130317688,0.04215109348297119,40.92233657836914,20.399776458740234,-1.382616639137268,2475,1621
2011_09_26_drive_0015_sync,0000000187,1,0.8096396923065186,23.657262802124023,-23.29338836669922,-2.630040168762207,True,62,0.8479732275009155,0.8525946140289307,0.1317317634820938,23.649751663208008,-23.42229652404785,-2.6039724349975586,2475,1621
2011_09_26_drive_0015_sync,0000000187,2,0.8385165333747864,18.433320999145508,4.1842451095581055,-1.5779781341552734,True,29,0.8330422639846802,0.8422498106956482,0.07628591358661652,18.379167556762695,4.13247013092041,-1.563615083694458,2475,1621
2011_09_26_drive_0015_sync,0000000187,3,0.3792216181755066,2.398634910583496,24.70133399963379,-1.2455039024353027,False,,,0.0,,,,,2475,1621
2011_09_26_drive_0015_sync,0000000187,4,0.8620444536209106,26.85715675354004,0.3618270456790924,-1.5776926279067993,True,31,0.8561056852340698,0.8895427584648132,0.08104227483272552,26.892120361328125,0.29843318462371826,-1.6141153573989868,2475,1621
2011_09_26_drive_0015_sync,0000000188,0,0.7576573491096497,22.923044204711914,-28.652328491210938,-2.8117518424987793,True,84,0.6486971974372864,0.8529239296913147,0.17533309757709503,22.934669494628906,-28.82593536376953,-2.833366632461548,2409,1687
2011_09_26_drive_0015_sync,0000000188,1,0.8674555420875549,22.44786834716797,-23.476993560791016,-2.5922164916992188,True,77,0.8382002711296082,0.86830073595047,0.21835342049598694,22.443477630615234,-23.694995880126953,-2.6037890911102295,2409,1687
2011_09_26_drive_0015_sync,0000000188,2,0.7735304236412048,38.62362289428711,4.038435459136963,-1.5296943187713623,True,27,0.7368716597557068,0.8668395280838013,0.03969560191035271,38.631248474121094,4.061021327972412,-1.4979536533355713,2409,1687
2011_09_26_drive_0015_sync,0000000188,3,0.862590491771698,15.882619857788086,4.13194465637207,-1.6124794483184814,True,79,0.877236545085907,0.9042816758155823,0.045581042766571045,15.852952003479004,4.116182327270508,-1.5816736221313477,2409,1687
2011_09_26_drive_0015_sync,0000000188,4,0.877464234828949,27.036149978637695,0.27571725845336914,-1.6283739805221558,True,32,0.8107650279998779,0.7379977107048035,0.22501982748508453,26.86481475830078,0.1298578530550003,-1.6301624774932861,2409,1687
2011_09_26_drive_0015_sync,0000000189,0,0.6484407782554626,26.898988723754883,0.41274675726890564,-1.6425514221191406,True,44,0.7472728490829468,0.791410505771637,0.04519147425889969,26.929813385009766,0.409065842628479,-1.6097099781036377,2447,1649
2011_09_26_drive_0015_sync,0000000189,1,0.7617672085762024,21.759849548339844,-28.609588623046875,-2.7932820320129395,True,7,0.645182728767395,0.8671745657920837,0.08967609703540802,21.789031982421875,-28.687166213989258,-2.7590489387512207,2447,1649
2011_09_26_drive_0015_sync,0000000189,2,0.8238332867622375,21.326173782348633,-23.695106506347656,-2.6628801822662354,True,41,0.8259905576705933,0.8240090608596802,0.1244841068983078,21.422996520996094,-23.76178741455078,-2.6219496726989746,2447,1649
2011_09_26_drive_0015_sync,0000000189,3,0.844588041305542,13.316076278686523,4.073352813720703,-1.6084076166152954,True,49,0.8740953207015991,0.9126778841018677,0.016224458813667297,13.32900333404541,4.063834190368652,-1.606058120727539,2447,1649
2011_09_26_drive_0015_sync,0000000189,4,0.6843429803848267,35.8291015625,4.135838031768799,-1.5612196922302246,True,84,0.6941084861755371,0.7662551403045654,0.23305125534534454,36.03287124633789,4.0239081382751465,-1.5774216651916504,2447,1649
2011_09_26_drive_0015_sync,0000000189,5,0.47173061966896057,0.4695206582546234,25.13644027709961,-1.2123509645462036,True,50,0.4642324447631836,0.7728632092475891,0.1630922257900238,0.5145248770713806,24.988924026489258,-1.265385389328003,2447,1649
2011_09_26_drive_0015_sync,0000000190,0,0.7970960140228271,25.88773536682129,20.821331024169922,-1.4089943170547485,True,38,0.7606061697006226,0.7635749578475952,0.18737518787384033,25.821794509887695,20.647836685180664,-1.4347038269042969,2436,1660
2011_09_26_drive_0015_sync,0000000190,1,0.6175493001937866,37.55984115600586,20.112478256225586,-1.5011950731277466,True,86,0.7115015387535095,0.9270820021629333,0.04811710864305496,37.60432052612305,20.1225528717041,-1.516535997390747,2436,1660
2011_09_26_drive_0015_sync,0000000190,2,0.3946329355239868,19.720478057861328,20.95163917541504,-1.5357508659362793,True,67,0.719011664390564,0.8388481140136719,0.11507388949394226,19.647239685058594,20.86867904663086,-1.5673065185546875,2436,1660
2011_09_26_drive_0015_sync,0000000190,3,0.8923605680465698,10.874686241149902,4.055037975311279,-1.647411823272705,True,96,0.8889958262443542,0.9110626578330994,0.06582514941692352,10.81493854522705,4.049200534820557,-1.6204102039337158,2436,1660
2011_09_26_drive_0015_sync,0000000190,4,0.8385743498802185,20.19569206237793,-23.517942428588867,-2.5318212509155273,True,43,0.8385167717933655,0.8350114226341248,0.09559600800275803,20.16823959350586,-23.56302261352539,-2.611525297164917,2436,1660
2011_09_26_drive_0015_sync,0000000190,5,0.7879574298858643,27.21537971496582,0.21760651469230652,-1.5448518991470337,True,37,0.8148344159126282,0.9382047057151794,0.026359176263213158,27.21922492980957,0.19954976439476013,-1.5636661052703857,2436,1660
2011_09_26_drive_0015_sync,0000000190,6,0.7028143405914307,32.417972564697266,20.94476890563965,-1.4577810764312744,True,80,0.6790242195129395,0.8821703791618347,0.10141106694936752,32.505699157714844,20.96662139892578,-1.5037236213684082,2436,1660
2011_09_26_drive_0015_sync,0000000191,0,0.8225590586662292,27.2709903717041,0.15772698819637299,-1.5206520557403564,True,88,0.7342334389686584,0.6880913376808167,0.2537996768951416,27.053682327270508,0.10971517860889435,-1.642661690711975,2418,1678
2011_09_26_drive_0015_sync,0000000191,1,0.5351462364196777,66.9312744140625,4.387235164642334,-1.6178511381149292,True,21,0.285073846578598,0.7662172913551331,0.167231023311615,67.0439682006836,4.491622447967529,-1.5517480373382568,2418,1678
2011_09_26_drive_0015_sync,0000000191,2,0.8823482394218445,8.36796760559082,4.053217887878418,-1.6815882921218872,True,66,0.8920970559120178,0.929732620716095,0.02684331126511097,8.353252410888672,4.037481307983398,-1.6655762195587158,2418,1678
2011_09_26_drive_0015_sync,0000000191,3,0.7107723951339722,19.065752029418945,-23.554115295410156,-2.6558423042297363,True,31,0.802023708820343,0.8295783400535583,0.07287250459194183,19.094728469848633,-23.520309448242188,-2.598154067993164,2418,1678
2011_09_26_drive_0015_sync,0000000191,4,0.46954914927482605,19.544647216796875,-28.805099487304688,-2.797757863998413,True,27,0.48610156774520874,0.7714059352874756,0.21799999475479126,19.475921630859375,-29.003787994384766,-2.7401065826416016,2418,1678
2011_09_26_drive_0015_sync,0000000191,5,0.6583477854728699,31.12213897705078,4.002294540405273,-1.6612005233764648,True,45,0.7053490877151489,0.8025469779968262,0.150648295879364,31.003528594970703,3.9250621795654297,-1.7127916812896729,2418,1678
2011_09_26_drive_0015_sync,0000000192,0,0.7357001900672913,28.551063537597656,3.8703434467315674,-1.7167482376098633,True,44,0.8004091382026672,0.9010693430900574,0.05986121669411659,28.50982666015625,3.8525609970092773,-1.6771670579910278,2377,1719
2011_09_26_drive_0015_sync,0000000192,1,0.7577274441719055,17.47149085998535,20.76593017578125,-1.578235387802124,True,27,0.680503785610199,0.8670862913131714,0.12044250220060349,17.35828971862793,20.788671493530273,-1.5439610481262207,2377,1719
2011_09_26_drive_0015_sync,0000000192,2,0.7537500858306885,18.338600158691406,-28.794143676757812,-2.8010590076446533,True,99,0.388475626707077,0.7344241142272949,0.17796196043491364,18.30968475341797,-28.670337677001953,-2.925583839416504,2377,1719
2011_09_26_drive_0015_sync,0000000192,3,0.7508527636528015,23.609086990356445,20.71623992919922,-1.6053056716918945,True,98,0.7348775863647461,0.9065707325935364,0.04157702624797821,23.61721420288086,20.677959442138672,-1.6193485260009766,2377,1719
2011_09_26_drive_0015_sync,0000000192,4,0.8767017126083374,17.921619415283203,-23.60140609741211,-2.6560721397399902,True,41,0.8032158613204956,0.8381147384643555,0.09514285624027252,17.856611251831055,-23.66046714782715,-2.619494915008545,2377,1719
2011_09_26_drive_0015_sync,0000000192,5,0.8816385269165039,5.8741135597229,4.0771589279174805,-1.6318063735961914,True,24,0.8906810879707336,0.8792382478713989,0.0752180963754654,5.94407844543457,4.050195217132568,-1.6377758979797363,2377,1719
2011_09_26_drive_0015_sync,0000000192,6,0.8314951062202454,27.35280418395996,0.5417965650558472,-1.5903196334838867,True,6,0.8456710577011108,0.7743453979492188,0.16342465579509735,27.389732360839844,0.38818463683128357,-1.6321203708648682,2377,1719
2011_09_26_drive_0015_sync,0000000193,0,0.8461872339248657,27.624094009399414,0.1288972944021225,-1.6180248260498047,True,20,0.8451551198959351,0.9321421384811401,0.06242944300174713,27.565765380859375,0.11659736931324005,-1.5994797945022583,2376,1720
2011_09_26_drive_0015_sync,0000000193,1,0.6365536451339722,17.12660789489746,-28.92453384399414,-2.550537347793579,True,59,0.3514617383480072,0.6822388172149658,0.2990943491458893,17.146764755249023,-28.67222023010254,-2.709876537322998,2376,1720
2011_09_26_drive_0015_sync,0000000193,2,0.8468249440193176,16.64249610900879,-23.642976760864258,-2.4812140464782715,True,37,0.8240662813186646,0.8258224129676819,0.08158647269010544,16.685956954956055,-23.702333450317383,-2.445939540863037,2376,1720
2011_09_26_drive_0015_sync,0000000193,3,0.8666182160377502,3.465379238128662,3.978543519973755,-1.6551318168640137,True,30,0.8847401738166809,0.9112159013748169,0.0326051339507103,3.4485208988189697,3.950650453567505,-1.6560635566711426,2376,1720
2011_09_26_drive_0015_sync,0000000193,4,0.7152249813079834,16.34400177001953,20.902328491210938,-1.6030771732330322,True,84,0.7814544439315796,0.71610426902771,0.1991845816373825,16.268356323242188,20.727895736694336,-1.543701410293579,2376,1720
2011_09_26_drive_0015_sync,0000000193,5,0.7867836952209473,25.911951065063477,3.7909047603607178,-1.672203540802002,True,80,0.8125308752059937,0.699745774269104,0.2513161301612854,25.755685806274414,3.9870123863220215,-1.6890194416046143,2376,1720
2011_09_26_drive_0015_sync,0000000193,6,0.33702918887138367,34.4651985168457,19.884153366088867,-1.6571377515792847,True,75,0.22683799266815186,0.7808537483215332,0.18242478370666504,34.442955017089844,20.062591552734375,-1.6878597736358643,2376,1720
2011_09_26_drive_0015_sync,0000000194,0,0.7373921871185303,1.2953866720199585,3.9392573833465576,-1.6752359867095947,True,68,0.6670781373977661,0.7658801078796387,0.2594362199306488,1.0441735982894897,4.003310203552246,-1.6850529909133911,2321,1775
2011_09_26_drive_0015_sync,0000000194,1,0.8269827365875244,27.686767578125,0.1305944174528122,-1.659347414970398,True,31,0.8411788940429688,0.765397846698761,0.1530243456363678,27.7780818939209,0.20319323241710663,-1.5603142976760864,2321,1775
2011_09_26_drive_0015_sync,0000000194,2,0.6444674134254456,28.092302322387695,21.25982093811035,-1.5924062728881836,True,80,0.613737940788269,0.7185348868370056,0.13627032935619354,27.974925994873047,21.193904876708984,-1.6135598421096802,2321,1775
2011_09_26_drive_0015_sync,0000000194,3,0.5031375288963318,33.06884765625,20.262630462646484,-1.6592414379119873,True,53,0.7261497974395752,0.6089998483657837,0.36003464460372925,33.17188262939453,19.917654037475586,-1.659097671508789,2321,1775
2011_09_26_drive_0015_sync,0000000194,4,0.5913224816322327,21.313190460205078,20.623098373413086,-1.5209945440292358,True,91,0.6914249658584595,0.7713014483451843,0.15801039338111877,21.370328903198242,20.718908309936523,-1.6329004764556885,2321,1775
2011_09_26_drive_0015_sync,0000000194,5,0.8346480131149292,23.375259399414062,3.827045202255249,-1.7027790546417236,True,39,0.7955884337425232,0.851628303527832,0.11258216947317123,23.4486083984375,3.8797285556793213,-1.635554552078247,2321,1775
2011_09_26_drive_0015_sync,0000000194,6,0.7906622886657715,15.554549217224121,-23.803218841552734,-2.628065824508667,True,43,0.6361281275749207,0.8449262380599976,0.13140398263931274,15.50323486328125,-23.716154098510742,-2.5440802574157715,2321,1775
2011_09_26_drive_0015_sync,0000000195,0,0.7695609331130981,32.31161880493164,20.10201644897461,-1.5214178562164307,True,86,0.2551327645778656,0.7561492323875427,0.22371132671833038,32.12624740600586,20.227176666259766,-1.5170449018478394,2474,1622
2011_09_26_drive_0015_sync,0000000195,1,0.8508157730102539,27.904569625854492,-0.011397574096918106,-1.637183666229248,True,31,0.848615825176239,0.8785648345947266,0.08055787533521652,27.873653411865234,0.04401738941669464,-1.6868116855621338,2474,1622
2011_09_26_drive_0015_sync,0000000195,2,0.8175874352455139,14.345466613769531,-23.747520446777344,-2.542001724243164,True,26,0.7029280066490173,0.6408781409263611,0.2903044521808624,14.189547538757324,-23.565284729003906,-2.7055745124816895,2474,1622
2011_09_26_drive_0015_sync,0000000195,3,0.6232902407646179,14.73754596710205,-28.890846252441406,-2.9067440032958984,True,68,0.460919052362442,0.8101532459259033,0.09532543271780014,14.69298267364502,-28.96009635925293,-2.8587286472320557,2474,1622
2011_09_26_drive_0015_sync,0000000195,4,0.8026617765426636,20.31515884399414,20.502178192138672,-1.4493300914764404,True,77,0.7952728271484375,0.8538428544998169,0.11117454618215561,20.37217140197754,20.593740463256836,-1.4223912954330444,2474,1622
2011_09_26_drive_0015_sync,0000000195,5,0.5619420409202576,26.882307052612305,20.75959587097168,-1.607771635055542,True,55,0.5116711258888245,0.8532593846321106,0.07208465784788132,26.877775192260742,20.808502197265625,-1.5550096035003662,2474,1622
2011_09_26_drive_0015_sync,0000000195,6,0.8166749477386475,21.062297821044922,3.8988046646118164,-1.7421163320541382,True,61,0.7730506062507629,0.7928323745727539,0.13636264204978943,21.00135612487793,3.813173294067383,-1.6552362442016602,2474,1622
2011_09_26_drive_0015_sync,0000000196,0,0.83424973487854,27.99281883239746,0.10201966762542725,-1.6164453029632568,True,45,0.7724981904029846,0.8094852566719055,0.13448524475097656,28.082183837890625,0.1463368982076645,-1.7066459655761719,2553,1543
2011_09_26_drive_0015_sync,0000000196,1,0.3184671998023987,30.99038314819336,19.868019104003906,-1.5772150754928589,True,97,0.025982752442359924,0.5835811495780945,0.5210668444633484,30.521696090698242,20.08285903930664,-1.6526265144348145,2553,1543
2011_09_26_drive_0015_sync,0000000196,2,0.8153497576713562,18.437366485595703,3.750565528869629,-1.6128458976745605,True,19,0.760427713394165,0.88211590051651,0.11950915306806564,18.423248291015625,3.72579288482666,-1.7289037704467773,2553,1543
2011_09_26_drive_0015_sync,0000000196,3,0.4269290268421173,53.73463821411133,3.9916062355041504,-1.600192666053772,True,69,0.48322197794914246,0.9193569421768188,0.05292472243309021,53.68843078613281,4.017395496368408,-1.6010948419570923,2553,1543
2011_09_26_drive_0015_sync,0000000196,4,0.8092303276062012,13.110827445983887,-23.670360565185547,-2.6503992080688477,True,93,0.7703844308853149,0.8887607455253601,0.0757218599319458,13.142655372619629,-23.70502281188965,-2.7097229957580566,2553,1543
2011_09_26_drive_0015_sync,0000000196,5,0.6089901328086853,12.665674209594727,20.940170288085938,-1.529745101928711,True,94,0.4770107567310333,0.7854615449905396,0.1492585688829422,12.544563293457031,20.886566162109375,-1.5985699892044067,2553,1543
2011_09_26_drive_0015_sync,0000000197,0,0.7874535322189331,11.949752807617188,-23.378602981567383,-2.7799246311187744,True,5,0.8383828401565552,0.8514682650566101,0.14414776861667633,11.951020240783691,-23.405941009521484,-2.6383986473083496,2531,1565
2011_09_26_drive_0015_sync,0000000197,1,0.8565884828567505,28.226093292236328,0.06091678515076637,-1.6492254734039307,True,92,0.8252080678939819,0.8541407585144043,0.08354904502630234,28.198102951049805,0.13774757087230682,-1.6320786476135254,2531,1565
2011_09_26_drive_0015_sync,0000000197,2,0.38524314761161804,17.75052261352539,20.592775344848633,-1.500693440437317,False,,,0.0,,,,,2531,1565
2011_09_26_drive_0015_sync,0000000197,3,0.5720250010490417,12.344205856323242,-28.964298248291016,-2.827488899230957,True,90,0.7786498069763184,0.7491747736930847,0.1487860232591629,12.318710327148438,-28.870067596435547,-2.9397735595703125,2531,1565
2011_09_26_drive_0015_sync,0000000197,4,0.8808838129043579,15.771520614624023,3.7968525886535645,-1.6537047624588013,True,82,0.8797716498374939,0.8942011594772339,0.09145472198724747,15.689133644104004,3.79862642288208,-1.6140410900115967,2531,1565
2011_09_26_drive_0015_sync,0000000197,5,0.7306985855102539,11.56223201751709,20.787797927856445,-1.5046733617782593,True,67,0.6974033713340759,0.8481522798538208,0.0976320132613182,11.641413688659668,20.78595542907715,-1.4475867748260498,2531,1565
2011_09_26_drive_0015_sync,0000000198,0,0.7424723505973816,16.707624435424805,20.68977165222168,-1.4149017333984375,True,90,0.8031334280967712,0.7726331949234009,0.14808931946754456,16.67949104309082,20.551376342773438,-1.3703405857086182,2556,1540
2011_09_26_drive_0015_sync,0000000198,1,0.8673081398010254,13.422324180603027,3.8322322368621826,-1.6230854988098145,True,51,0.8557078242301941,0.8737860321998596,0.1566351354122162,13.272772789001465,3.78566312789917,-1.6236021518707275,2556,1540
2011_09_26_drive_0015_sync,0000000198,2,0.44825479388237,28.514177322387695,20.014633178710938,-1.6160738468170166,True,6,0.5230405926704407,0.8310858607292175,0.12249632924795151,28.448806762695312,19.932117462158203,-1.553438425064087,2556,1540
2011_09_26_drive_0015_sync,0000000198,3,0.6501385569572449,11.086211204528809,-28.762638092041016,-2.882249355316162,True,73,0.4978463351726532,0.8005473017692566,0.14345243573188782,11.067046165466309,-28.88283920288086,-2.806334972381592,2556,1540
2011_09_26_drive_0015_sync,0000000198,4,0.8522287011146545,10.586607933044434,-23.478822708129883,-2.777885675430298,True,48,0.8442593216896057,0.8811708688735962,0.05631038919091225,10.617120742797852,-23.519214630126953,-2.7532215118408203,2556,1540
2011_09_26_drive_0015_sync,0000000198,5,0.7455042600631714,28.098047256469727,0.0011157393455505371,-1.6841387748718262,True,86,0.8222488164901733,0.8619353175163269,0.1093926802277565,28.186100006103516,0.06016424298286438,-1.6571805477142334,2556,1540
2011_09_26_drive_0015_sync,0000000198,6,0.7917181253433228,10.508885383605957,20.703937530517578,-1.4597991704940796,True,89,0.8409981727600098,0.9356728792190552,0.03904087096452713,10.519445419311523,20.687456130981445,-1.4260199069976807,2556,1540
2011_09_26_drive_0015_sync,0000000199,0,0.7188257575035095,9.367388725280762,20.69560432434082,-1.3947906494140625,True,87,0.7603545188903809,0.8647094964981079,0.07497717440128326,9.328553199768066,20.75307846069336,-1.3663283586502075,2569,1527
2011_09_26_drive_0015_sync,0000000199,1,0.8531352877616882,9.416268348693848,-23.537216186523438,-2.7915401458740234,True,77,0.8388604521751404,0.7859293222427368,0.16927331686019897,9.376105308532715,-23.509859085083008,-2.953688144683838,2569,1527
2011_09_26_drive_0015_sync,0000000199,2,0.7208809852600098,22.045753479003906,20.733945846557617,-1.367688775062561,True,18,0.5742730498313904,0.712100088596344,0.2074381560087204,22.04372787475586,20.885862350463867,-1.5089256763458252,2569,1527
2011_09_26_drive_0015_sync,0000000199,3,0.7160297632217407,9.932075500488281,-28.852886199951172,-2.880509376525879,True,68,0.7024317979812622,0.7797945141792297,0.1939639151096344,9.911320686340332,-28.776029586791992,-3.0573830604553223,2569,1527
2011_09_26_drive_0015_sync,0000000199,4,0.581184983253479,46.25727844238281,4.309778690338135,-1.5349088907241821,True,27,0.6149997115135193,0.7177123427391052,0.252238005399704,46.099220275878906,4.113258361816406,-1.5302841663360596,2569,1527
2011_09_26_drive_0015_sync,0000000199,5,0.7703618407249451,15.454972267150879,20.559385299682617,-1.3078019618988037,True,79,0.5840986967086792,0.8474242091178894,0.17901580035686493,15.282383918762207,20.60261344909668,-1.2880220413208008,2569,1527
2011_09_26_drive_0015_sync,0000000199,6,0.578715443611145,27.22174835205078,20.022754669189453,-1.5251498222351074,True,67,0.49606746435165405,0.8101625442504883,0.14525198936462402,27.35855484008789,19.974035263061523,-1.5222262144088745,2569,1527
2011_09_26_drive_0015_sync,0000000199,7,0.7013310194015503,28.47592544555664,0.2676159739494324,-1.6513869762420654,True,42,0.7667093873023987,0.7890483736991882,0.13768096268177032,28.422584533691406,0.14216724038124084,-1.670710802078247,2569,1527
2011_09_26_drive_0015_sync,0000000199,8,0.8355915546417236,10.791210174560547,3.7360901832580566,-1.639909029006958,True,13,0.8480370044708252,0.8923414349555969,0.07866298407316208,10.735095024108887,3.7338812351226807,-1.5848265886306763,2569,1527
2011_09_26_drive_0015_sync,0000000200,0,0.5078549385070801,43.11100769042969,4.3467278480529785,-1.67202889919281,True,22,0.02819034829735756,0.6947885751724243,0.1378486156463623,43.248348236083984,4.358461856842041,-1.6705703735351562,2567,1529
2011_09_26_drive_0015_sync,0000000200,1,0.8195865750312805,8.065810203552246,20.643131256103516,-1.3483757972717285,True,96,0.8398056030273438,0.7470642924308777,0.11497291922569275,8.150854110717773,20.643966674804688,-1.425742506980896,2567,1529
2011_09_26_drive_0015_sync,0000000200,2,0.787363588809967,28.64730453491211,-0.027552109211683273,-1.573745608329773,True,4,0.7571488618850708,0.7581333518028259,0.18038348853588104,28.59850311279297,0.11939214169979095,-1.4812036752700806,2567,1529
2011_09_26_drive_0015_sync,0000000200,3,0.8643421530723572,8.12735366821289,3.7999472618103027,-1.668611764907837,True,55,0.8587259650230408,0.8409126996994019,0.08185528963804245,8.09870719909668,3.7262988090515137,-1.6899559497833252,2567,1529
2011_09_26_drive_0015_sync,0000000200,4,0.3064694106578827,20.844440460205078,20.759662628173828,-1.461559534072876,True,39,0.2066269963979721,0.7866524457931519,0.16329017281532288,20.75887107849121,20.897403717041016,-1.4423513412475586,2567,1529
2011_09_26_drive_0015_sync,0000000200,5,0.840356707572937,14.242140769958496,20.52762222290039,-1.3127739429473877,True,86,0.8433097004890442,0.8158585429191589,0.097002312541008,14.215703964233398,20.480405807495117,-1.3932795524597168,2567,1529
2011_09_26_drive_0015_sync,0000000200,6,0.409580796957016,8.919281005859375,-28.663572311401367,-3.0454518795013428,True,87,0.4381330609321594,0.7710276246070862,0.21911194920539856,8.767172813415527,-28.820735931396484,-3.03230881690979,2567,1529
2011_09_26_drive_0015_sync,0000000200,7,0.7426418662071228,26.115215301513672,20.056488037109375,-1.4831011295318604,True,65,0.5921308994293213,0.7747803330421448,0.15725812315940857,26.044235229492188,20.195499420166016,-1.463923454284668,2567,1529
2011_09_26_drive_0015_sync,0000000200,8,0.8246596455574036,8.160746574401855,-23.57786750793457,-2.839895009994507,True,53,0.8163472414016724,0.8413238525390625,0.07989611476659775,8.185807228088379,-23.595256805419922,-2.9137392044067383,2567,1529
2011_09_26_drive_0015_sync,0000000201,0,0.42028525471687317,40.52510452270508,3.915006160736084,-1.5659639835357666,True,17,0.07642655819654465,0.5529100298881531,0.42625072598457336,40.770320892333984,4.2634687423706055,-1.5544557571411133,2581,1515
2011_09_26_drive_0015_sync,0000000201,1,0.7116715908050537,6.779608726501465,20.631006240844727,-1.4586000442504883,True,76,0.7240169644355774,0.8299804329872131,0.059614673256874084,6.80275821685791,20.680286407470703,-1.4828791618347168,2581,1515
2011_09_26_drive_0015_sync,0000000201,2,0.8255425691604614,6.917479038238525,-23.92252540588379,-2.8155951499938965,True,32,0.7408379912376404,0.7073224186897278,0.20217855274677277,7.01161003112793,-23.80925941467285,-2.9541099071502686,2581,1515
2011_09_26_drive_0015_sync,0000000201,3,0.8874954581260681,5.500095367431641,3.698439598083496,-1.6394727230072021,True,89,0.8358672857284546,0.9073560833930969,0.05441794544458389,5.53966760635376,3.701950788497925,-1.6022837162017822,2581,1515
2011_09_26_drive_0015_sync,0000000201,4,0.5019590258598328,24.979408264160156,19.95488166809082,-1.4969720840454102,True,18,0.7783652544021606,0.7622634172439575,0.1676257997751236,24.89195442199707,19.883193969726562,-1.3732340335845947,2581,1515
2011_09_26_drive_0015_sync,0000000201,5,0.7589641809463501,19.57589340209961,20.689167022705078,-1.4154797792434692,True,77,0.7338660955429077,0.6904662847518921,0.24774028360843658,19.72359275817871,20.882593154907227,-1.3691496849060059,2581,1515
2011_09_26_drive_0015_sync,0000000201,6,0.807287871837616,13.121843338012695,20.61517333984375,-1.3305437564849854,True,58,0.7889624238014221,0.8642411231994629,0.07527712732553482,13.090895652770996,20.655731201171875,-1.275190830230713,2581,1515
2011_09_26_drive_0015_sync,0000000201,7,0.8385304808616638,28.813262939453125,0.20235231518745422,-1.6381118297576904,True,48,0.8258196115493774,0.7284039855003357,0.17252090573310852,28.74421501159668,0.3239962160587311,-1.7390999794006348,2581,1515
2011_09_26_drive_0015_sync,0000000201,8,0.5533349514007568,7.340662956237793,-28.923065185546875,-2.934600353240967,True,70,0.4544966220855713,0.6253097057342529,0.6633597016334534,7.417964935302734,-28.27604866027832,-3.058858633041382,2581,1515
2011_09_26_drive_0015_sync,0000000202,0,0.8395283818244934,3.087205648422241,3.6840343475341797,-1.6779589653015137,True,78,0.8661952614784241,0.9244135022163391,0.06094955652952194,3.142136335372925,3.6992475986480713,-1.6995465755462646,2526,1570
2011_09_26_drive_0015_sync,0000000202,1,0.808725118637085,18.409862518310547,20.728317260742188,-1.519007921218872,True,57,0.7886381149291992,0.8450434803962708,0.07357713580131531,18.475887298583984,20.746049880981445,-1.491807222366333,2526,1570
2011_09_26_drive_0015_sync,0000000202,2,0.36514797806739807,28.666879653930664,0.015279684215784073,-1.5748538970947266,True,46,0.26898249983787537,0.765780508518219,0.24801316857337952,28.449623107910156,-0.026069696992635727,-1.4626026153564453,2526,1570
2011_09_26_drive_0015_sync,0000000202,3,0.6599472761154175,38.025691986083984,4.148869514465332,-1.5078175067901611,True,85,0.5632274150848389,0.8420592546463013,0.09812230616807938,37.937744140625,4.154857158660889,-1.5509140491485596,2526,1570
2011_09_26_drive_0015_sync,0000000202,4,0.814854621887207,23.720186233520508,19.894725799560547,-1.6191273927688599,True,37,0.7161036133766174,0.6639412641525269,0.17961959540843964,23.766260147094727,20.023487091064453,-1.502676010131836,2526,1570
2011_09_26_drive_0015_sync,0000000202,5,0.8528378009796143,11.826560020446777,20.532155990600586,-1.4049897193908691,True,61,0.8231509923934937,0.8252990245819092,0.17068584263324738,11.695151329040527,20.481481552124023,-1.3085660934448242,2526,1570
2011_09_26_drive_0015_sync,0000000202,6,0.7661587595939636,5.576291561126709,20.77312660217285,-1.464945673942566,True,32,0.7421198487281799,0.9163581728935242,0.05825844779610634,5.632562637329102,20.777162551879883,-1.479482650756836,2526,1570
2011_09_26_drive_0015_sync,0000000202,7,0.6181326508522034,5.9757304191589355,-23.977710723876953,-2.828688383102417,True,35,0.34185686707496643,0.7064399123191833,0.1624981015920639,5.815627098083496,-24.004703521728516,-2.822059154510498,2526,1570
2011_09_26_drive_0015_sync,0000000203,0,0.7845582962036133,29.03723907470703,0.1405487209558487,-1.4903478622436523,True,23,0.7526831030845642,0.8847033977508545,0.0815310925245285,29.007688522338867,0.17104613780975342,-1.5599466562271118,2512,1584
2011_09_26_drive_0015_sync,0000000203,1,0.810543954372406,35.14063262939453,4.067018985748291,-1.4554336071014404,True,98,0.7814082503318787,0.8168758153915405,0.07445564866065979,35.117408752441406,4.095037460327148,-1.520389437675476,2512,1584
2011_09_26_drive_0015_sync,0000000203,2,0.6954158544540405,0.5557218194007874,3.7117998600006104,-1.7397639751434326,True,25,0.7114558815956116,0.8414048552513123,0.14125525951385498,0.6797695159912109,3.725539207458496,-1.6736092567443848,2512,1584
2011_09_26_drive_0015_sync,0000000203,3,0.8093612790107727,22.579893112182617,19.879714965820312,-1.4456188678741455,True,49,0.8458399176597595,0.8244429230690002,0.18588729202747345,22.404508590698242,19.92963981628418,-1.4817001819610596,2512,1584
2011_09_26_drive_0015_sync,0000000203,4,0.703294575214386,10.55535888671875,20.55512046813965,-1.4293477535247803,True,45,0.6787487864494324,0.6128706932067871,0.2607159912586212,10.543825149536133,20.81178855895996,-1.4736342430114746,2512,1584
2011_09_26_drive_0015_sync,0000000203,5,0.8154842257499695,17.180438995361328,20.686145782470703,-1.478194236755371,True,53,0.7884756326675415,0.8865612149238586,0.05820738151669502,17.135631561279297,20.721725463867188,-1.4674947261810303,2512,1584
2011_09_26_drive_0015_sync,0000000203,6,0.8224748969078064,4.288671493530273,20.716833114624023,-1.5062230825424194,True,66,0.8141320943832397,0.9475880861282349,0.06174591928720474,4.349851608276367,20.708627700805664,-1.5077142715454102,2512,1584
2011_09_26_drive_0015_sync,0000000204,0,0.4065292775630951,-0.14515772461891174,4.766745567321777,-1.894854187965393,True,12,0.018621616065502167,0.6522005796432495,0.3022189140319824,-0.24623750150203705,4.499082088470459,-1.797512412071228,2550,1546
2011_09_26_drive_0015_sync,0000000204,1,0.6635358929634094,3.392983913421631,20.667280197143555,-1.4968860149383545,True,48,0.6556195020675659,0.8062092661857605,0.30813419818878174,3.0866830348968506,20.650001525878906,-1.525659203529358,2550,1546
2011_09_26_drive_0015_sync,0000000204,2,0.8560892343521118,21.21629524230957,19.867652893066406,-1.5662717819213867,True,99,0.8478150963783264,0.8601962924003601,0.0851316973567009,21.152790069580078,19.883756637573242,-1.511910319328308,2550,1546
2011_09_26_drive_0015_sync,0000000204,3,0.5894685387611389,32.73078536987305,3.827406406402588,-1.6303088665008545,True,94,0.523371160030365,0.5959481596946716,0.43280836939811707,32.331634521484375,3.991450786590576,-1.5972766876220703,2550,1546
2011_09_26_drive_0015_sync,0000000204,4,0.8441751599311829,29.338701248168945,0.08211812376976013,-1.529590129852295,True,38,0.8222435116767883,0.8984218835830688,0.07666946202516556,29.402990341186523,0.12367356568574905,-1.5253164768218994,2550,1546
2011_09_26_drive_0015_sync,0000000204,5,0.5415238738059998,15.886146545410156,20.623239517211914,-1.6661372184753418,True,65,0.6207233667373657,0.5964872241020203,0.32545578479766846,16.087207794189453,20.814346313476562,-1.4959195852279663,2550,1546
2011_09_26_drive_0015_sync,0000000204,6,0.5898712277412415,9.306078910827637,20.537424087524414,-1.420206069946289,True,73,0.736598789691925,0.7941233515739441,0.12445534020662308,9.42441463470459,20.501079559326172,-1.4330459833145142,2550,1546
2011_09_26_drive_0015_sync,0000000205,0,0.8202309608459473,20.065940856933594,19.774160385131836,-1.5564799308776855,True,94,0.8402990698814392,0.8446645140647888,0.09056976437568665,19.996356964111328,19.823055267333984,-1.5876288414001465,2633,1463
2011_09_26_drive_0015_sync,0000000205,1,0.6436467170715332,1.6862205266952515,20.646223068237305,-1.6377570629119873,True,98,0.7869495153427124,0.7479244470596313,0.2249046266078949,1.8943634033203125,20.65389633178711,-1.5529056787490845,2633,1463
2011_09_26_drive_0015_sync,0000000205,2,0.7912741899490356,29.67440414428711,3.8855888843536377,-1.5382635593414307,True,52,0.8229047060012817,0.929780900478363,0.05155354365706444,29.691577911376953,3.9080007076263428,-1.4951295852661133,2633,1463
2011_09_26_drive_0015_sync,0000000205,3,0.8405717015266418,8.048961639404297,20.552547454833984,-1.510404109954834,True,71,0.8455431461334229,0.8370465040206909,0.14305533468723297,8.068334579467773,20.479341506958008,-1.6317729949951172,2633,1463
2011_09_26_drive_0015_sync,0000000205,4,0.8530356287956238,29.461612701416016,0.04276653751730919,-1.5391007661819458,True,96,0.854511022567749,0.9140695929527283,0.0750979483127594,29.522411346435547,0.0820404514670372,-1.5591204166412354,2633,1463
2011_09_26_drive_0015_sync,0000000205,5,0.8441771864891052,14.699870109558105,20.67255973815918,-1.5261013507843018,True,51,0.855316162109375,0.9042410850524902,0.09595493972301483,14.791919708251953,20.69842529296875,-1.5341756343841553,2633,1463
2011_09_26_drive_0015_sync,0000000206,0,0.8556578755378723,29.490100860595703,0.11036306619644165,-1.5644745826721191,True,29,0.8412909507751465,0.8821995258331299,0.09593380242586136,29.41291618347168,0.152824267745018,-1.6024596691131592,2653,1443
2011_09_26_drive_0015_sync,0000000206,1,0.8381536602973938,18.73579216003418,19.7612247467041,-1.633664608001709,True,34,0.8560780882835388,0.8250563144683838,0.10233502835035324,18.741363525390625,19.841638565063477,-1.5706167221069336,2653,1443
2011_09_26_drive_0015_sync,0000000206,2,0.5879253149032593,0.6979996562004089,-23.75615882873535,-2.6740691661834717,True,57,0.03018624149262905,0.6317400932312012,0.46269649267196655,0.6098194122314453,-23.32510757446289,-2.817272186279297,2653,1443
2011_09_26_drive_0015_sync,0000000206,3,0.8503961563110352,6.866261005401611,20.480886459350586,-1.4810371398925781,True,44,0.8652487397193909,0.8419080972671509,0.1548236608505249,6.786541938781738,20.505006790161133,-1.6115493774414062,2653,1443
2011_09_26_drive_0015_sync,0000000206,4,0.6447946429252625,27.066255569458008,3.8983559608459473,-1.4538334608078003,True,52,0.6046632528305054,0.5330346822738647,0.32830700278282166,26.861591339111328,3.6591920852661133,-1.5471001863479614,2653,1443
2011_09_26_drive_0015_sync,0000000206,5,0.419259637594223,13.499899864196777,20.818532943725586,-1.643073558807373,True,77,0.698035717010498,0.7765969038009644,0.17821139097213745,13.402137756347656,20.69639778137207,-1.5577220916748047,2653,1443
2011_09_26_drive_0015_sync,0000000206,6,0.5322813987731934,0.7571830749511719,20.71587562561035,-1.614066243171692,True,85,0.4430106580257416,0.687820553779602,0.30270978808403015,0.511193037033081,20.869083404541016,-1.7015275955200195,2653,1443
2011_09_26_drive_0015_sync,0000000206,7,0.3429808020591736,48.204872131347656,3.8352439403533936,-1.5038626194000244,True,86,0.3352021872997284,0.9846634268760681,0.009767306968569756,48.201473236083984,3.837134599685669,-1.4949030876159668,2653,1443
2011_09_26_drive_0015_sync,0000000207,0,0.37020084261894226,0.4902932941913605,21.655969619750977,-1.6385703086853027,True,16,0.2874617874622345,0.8368498682975769,0.1010131984949112,0.463069885969162,21.743288040161133,-1.5956978797912598,2653,1443
2011_09_26_drive_0015_sync,0000000207,1,0.7201483845710754,5.691234111785889,20.48619842529297,-1.5142658948898315,True,61,0.7268707156181335,0.8226227760314941,0.13324831426143646,5.611673831939697,20.568328857421875,-1.4458563327789307,2653,1443
2011_09_26_drive_0015_sync,0000000207,2,0.7335286736488342,29.676963806152344,0.10585738718509674,-1.4471867084503174,True,49,0.5468021035194397,0.7178492546081543,0.258708119392395,29.501785278320312,-0.08372993767261505,-1.4298945665359497,2653,1443
2011_09_26_drive_0015_sync,0000000207,3,0.7885682582855225,24.505952835083008,3.903528928756714,-1.5339977741241455,True,47,0.818722665309906,0.9009641408920288,0.17286637425422668,24.333330154418945,3.9102630615234375,-1.527765154838562,2653,1443
2011_09_26_drive_0015_sync,0000000207,4,0.8309131264686584,17.30116081237793,19.862022399902344,-1.5762503147125244,True,59,0.8040167093276978,0.8916106224060059,0.049165964126586914,17.28324317932129,19.907329559326172,-1.5828466415405273,2653,1443
2011_09_26_drive_0015_sync,0000000207,5,0.4779242277145386,45.434043884277344,3.560936689376831,-1.4020507335662842,True,56,0.45748141407966614,0.9508111476898193,0.03327549993991852,45.45757293701172,3.5830020904541016,-1.393880009651184,2653,1443
2011_09_26_drive_0015_sync,0000000207,6,0.5741864442825317,12.043021202087402,20.657155990600586,-1.603870153427124,True,87,0.7886447906494141,0.8599851727485657,0.07477043569087982,11.970125198364258,20.664073944091797,-1.5887396335601807,2653,1443
2011_09_26_drive_0015_sync,0000000208,0,0.825617790222168,29.58786392211914,0.1308760792016983,-1.5480213165283203,True,90,0.7686603665351868,0.6827535033226013,0.17455162107944489,29.50462532043457,-0.0021509379148483276,-1.4715790748596191,2583,1513
2011_09_26_drive_0015_sync,0000000208,1,0.8325712084770203,16.272520065307617,19.83463478088379,-1.5926952362060547,True,74,0.8425358533859253,0.8175036907196045,0.16701336205005646,16.10721206665039,19.82900047302246,-1.6158249378204346,2583,1513
2011_09_26_drive_0015_sync,0000000208,2,0.8388466238975525,21.578014373779297,3.8104443550109863,-1.4794318675994873,True,69,0.8344177603721619,0.7835195064544678,0.21582740545272827,21.434303283691406,3.878523588180542,-1.625355839729309,2583,1513
2011_09_26_drive_0015_sync,0000000208,3,0.7283623218536377,4.143150329589844,20.479902267456055,-1.590694546699524,True,49,0.6944049000740051,0.7524418830871582,0.2111729085445404,4.315789222717285,20.566593170166016,-1.5054038763046265,2583,1513
2011_09_26_drive_0015_sync,0000000208,4,0.7387293577194214,11.053191184997559,20.674837112426758,-1.589329481124878,True,61,0.6005294919013977,0.8018397092819214,0.2695721983909607,10.784260749816895,20.65876007080078,-1.598663091659546,2583,1513
2011_09_26_drive_0015_sync,0000000209,0,0.7563462853431702,29.815105438232422,0.10019005835056305,-1.5903799533843994,True,32,0.7661476135253906,0.8755495548248291,0.06785251945257187,29.877513885498047,0.09881843626499176,-1.6169744729995728,2663,1433
2011_09_26_drive_0015_sync,0000000209,1,0.6949425935745239,3.0715413093566895,20.523637771606445,-1.644618272781372,True,25,0.8220036625862122,0.7893138527870178,0.09870241582393646,3.074538230895996,20.489585876464844,-1.552024245262146,2663,1433
2011_09_26_drive_0015_sync,0000000209,2,0.8556320667266846,14.703812599182129,19.801111221313477,-1.6323046684265137,True,33,0.8280510902404785,0.9161284565925598,0.040192775428295135,14.715773582458496,19.772809982299805,-1.6582167148590088,2663,1433
2011_09_26_drive_0015_sync,0000000209,3,0.7074454426765442,9.577569007873535,20.68845558166504,-1.634753704071045,True,79,0.7310806512832642,0.7980026602745056,0.0979483425617218,9.495539665222168,20.704654693603516,-1.5837374925613403,2663,1433
2011_09_26_drive_0015_sync,0000000209,4,0.8288125991821289,18.863019943237305,3.8184540271759033,-1.6526648998260498,True,51,0.7852734327316284,0.8625382781028748,0.14435569941997528,18.98036766052246,3.8340392112731934,-1.5700502395629883,2663,1433
2011_09_26_drive_0015_sync,0000000210,0,0.43057721853256226,36.891475677490234,4.384350776672363,-1.6879961490631104,True,59,0.3895220160484314,0.7845436334609985,0.1428900957107544,36.81715393066406,4.285654544830322,-1.6162123680114746,2564,1532
2011_09_26_drive_0015_sync,0000000210,1,0.797374427318573,1.780622959136963,20.51319694519043,-1.599441647529602,True,32,0.8327609896659851,0.9014144539833069,0.10144022107124329,1.875718593597412,20.482961654663086,-1.5811997652053833,2564,1532
2011_09_26_drive_0015_sync,0000000210,2,0.7962965369224548,15.963809967041016,3.7935400009155273,-1.7123851776123047,True,88,0.8117344379425049,0.7430415153503418,0.19055801630020142,16.031414031982422,3.9715166091918945,-1.7205321788787842,2564,1532
2011_09_26_drive_0015_sync,0000000210,3,0.45867279171943665,29.632707595825195,0.029895469546318054,-1.5981254577636719,True,53,0.3770143389701843,0.9055436849594116,0.04764992371201515,29.66217041015625,-0.007457911968231201,-1.5954453945159912,2564,1532
2011_09_26_drive_0015_sync,0000000210,4,0.7846134305000305,8.442983627319336,20.6616153717041,-1.5059897899627686,True,39,0.757189929485321,0.8661253452301025,0.07856722921133041,8.402724266052246,20.62872314453125,-1.5648972988128662,2564,1532
2011_09_26_drive_0015_sync,0000000210,5,0.8282077312469482,13.564908981323242,19.839826583862305,-1.6343119144439697,True,46,0.8616771697998047,0.8787012100219727,0.0291243027895689,13.576929092407227,19.852703094482422,-1.6575053930282593,2564,1532
2011_09_26_drive_0015_sync,0000000211,0,0.6808241009712219,0.9294439554214478,20.488691329956055,-1.477340817451477,True,71,0.6796510219573975,0.8042186498641968,0.3488450050354004,0.5815419554710388,20.48617172241211,-1.5028494596481323,2522,1574
2011_09_26_drive_0015_sync,0000000211,1,0.7758092284202576,7.110342979431152,20.603147506713867,-1.5176570415496826,True,86,0.5990085601806641,0.7603866457939148,0.08896064013242722,7.124772071838379,20.67051124572754,-1.5739413499832153,2522,1574
2011_09_26_drive_0015_sync,0000000211,2,0.8230957388877869,29.961936950683594,0.10835126042366028,-1.636096715927124,True,20,0.8141096830368042,0.6478225588798523,0.2914077937602997,29.758785247802734,-0.09437225759029388,-1.6866047382354736,2522,1574
2011_09_26_drive_0015_sync,0000000211,3,0.8407878875732422,12.35931396484375,19.85274314880371,-1.600651741027832,True,95,0.8346902132034302,0.8677910566329956,0.13125306367874146,12.237746238708496,19.808530807495117,-1.6228761672973633,2522,1574
2011_09_26_drive_0015_sync,0000000211,4,0.8820910453796387,13.236438751220703,3.830658435821533,-1.709208369255066,True,52,0.8892867565155029,0.8958897590637207,0.0610455758869648,13.237038612365723,3.816127061843872,-1.6499205827713013,2522,1574
2011_09_26_drive_0015_sync,0000000211,5,0.5240440964698792,34.34169387817383,3.5785298347473145,-1.781113862991333,True,65,0.5261082053184509,0.5455145835876465,0.23409990966320038,34.38144302368164,3.353562116622925,-1.7300032377243042,2522,1574
2011_09_26_drive_0015_sync,0000000212,0,0.529645562171936,-0.8996207118034363,20.61725425720215,-1.5061691999435425,True,71,0.4251945912837982,0.7414587140083313,0.2127709686756134,-0.9638170599937439,20.802658081054688,-1.4238543510437012,2580,1516
2011_09_26_drive_0015_sync,0000000212,1,0.7208518981933594,30.154691696166992,0.3201564848423004,-1.6340312957763672,True,38,0.7026498913764954,0.8631551861763,0.10335160791873932,30.11237144470215,0.4058496952056885,-1.5946965217590332,2580,1516
2011_09_26_drive_0015_sync,0000000212,2,0.859379768371582,11.040300369262695,19.816802978515625,-1.6008994579315186,True,28,0.8633307218551636,0.8073024749755859,0.09916015714406967,11.121933937072754,19.791004180908203,-1.650930643081665,2580,1516
2011_09_26_drive_0015_sync,0000000212,3,0.7389286160469055,31.818134307861328,3.703911781311035,-1.569993257522583,True,64,0.7404124140739441,0.8160560727119446,0.08108565211296082,31.820619583129883,3.684823989868164,-1.6487610340118408,2580,1516
2011_09_26_drive_0015_sync,0000000212,4,0.8888663053512573,10.581331253051758,3.843778371810913,-1.7002532482147217,True,51,0.8991870880126953,0.8688308000564575,0.08862873911857605,10.506477355957031,3.8693060874938965,-1.6602497100830078,2580,1516
2011_09_26_drive_0015_sync,0000000213,0,0.8634275794029236,9.728362083435059,19.813446044921875,-1.6068850755691528,True,15,0.8453177809715271,0.8057201504707336,0.18339037895202637,9.884445190429688,19.781909942626953,-1.5159149169921875,2553,1543
2011_09_26_drive_0015_sync,0000000213,1,0.8898574709892273,7.8082499504089355,3.842125654220581,-1.660287618637085,True,33,0.9037858843803406,0.9654929041862488,0.01333705522119999,7.817608833312988,3.8397791385650635,-1.6510798931121826,2553,1543
2011_09_26_drive_0015_sync,0000000213,2,0.6551181077957153,28.710742950439453,3.829214096069336,-1.4532716274261475,True,85,0.6836668252944946,0.7584599852561951,0.2940463423728943,28.975101470947266,3.720707416534424,-1.5225833654403687,2553,1543
2011_09_26_drive_0015_sync,0000000213,3,0.7599127292633057,4.544286251068115,20.494478225708008,-1.6063649654388428,True,54,0.7277036309242249,0.7374394536018372,0.20536279678344727,4.4015092849731445,20.641263961791992,-1.6219394207000732,2553,1543
2011_09_26_drive_0015_sync,0000000213,4,0.8617727756500244,30.329912185668945,0.12602490186691284,-1.6587250232696533,True,89,0.8583553433418274,0.8565075993537903,0.09775085747241974,30.37236785888672,0.11022020876407623,-1.5721054077148438,2553,1543
2011_09_26_drive_0015_sync,0000000214,0,0.4503929913043976,50.9930419921875,3.546520233154297,-1.4795186519622803,True,17,0.49617907404899597,0.7752176523208618,0.21684561669826508,51.1766357421875,3.6617093086242676,-1.4863619804382324,2523,1573
2011_09_26_drive_0015_sync,0000000214,1,0.9067412614822388,5.084514141082764,3.8062665462493896,-1.6350868940353394,True,88,0.9016208052635193,0.9359193444252014,0.018327804282307625,5.091037750244141,3.8142762184143066,-1.6199476718902588,2523,1573
2011_09_26_drive_0015_sync,0000000214,2,0.8752262592315674,30.616992950439453,0.16101689636707306,-1.645788311958313,True,68,0.8784142136573792,0.8262903690338135,0.12185449153184891,30.540992736816406,0.06582540273666382,-1.6491146087646484,2523,1573
2011_09_26_drive_0015_sync,0000000214,3,0.8225194811820984,3.35864520072937,20.57520866394043,-1.5257599353790283,True,76,0.8695232272148132,0.842903733253479,0.08961021155118942,3.401491165161133,20.501724243164062,-1.497577428817749,2523,1573
2011_09_26_drive_0015_sync,0000000214,4,0.8346371054649353,26.1690673828125,3.7487945556640625,-1.603995442390442,True,73,0.8381697535514832,0.8759852647781372,0.05454055219888687,26.16640281677246,3.707334280014038,-1.5686596632003784,2523,1573
2011_09_26_drive_0015_sync,0000000214,5,0.8572983741760254,8.43397331237793,19.892822265625,-1.5698235034942627,True,44,0.8616638779640198,0.8103629946708679,0.1440538913011551,8.482291221618652,19.757122039794922,-1.5682895183563232,2523,1573
2011_09_26_drive_0015_sync,0000000215,0,0.8200842142105103,30.390012741088867,0.44834357500076294,-1.5277150869369507,True,68,0.7945851683616638,0.9286665320396423,0.04246717691421509,30.426286697387695,0.44004809856414795,-1.507249355316162,2415,1681
2011_09_26_drive_0015_sync,0000000215,1,0.7983614206314087,2.1516408920288086,20.60731315612793,-1.545638084411621,True,95,0.819905698299408,0.8566360473632812,0.03155702352523804,2.1482760906219482,20.579959869384766,-1.5610108375549316,2415,1681
2011_09_26_drive_0015_sync,0000000215,2,0.8635575771331787,7.241886615753174,19.81002426147461,-1.5929226875305176,True,52,0.8129505515098572,0.8697556853294373,0.12203113734722137,7.345306873321533,19.77957534790039,-1.5357500314712524,2415,1681
2011_09_26_drive_0015_sync,0000000215,3,0.7819526195526123,23.420886993408203,3.687725782394409,-1.5926663875579834,True,96,0.7999940514564514,0.784071147441864,0.12103023380041122,23.38584327697754,3.7079222202301025,-1.7067381143569946,2415,1681
2011_09_26_drive_0015_sync,0000000215,4,0.8856863379478455,2.568679094314575,3.781341314315796,-1.6365838050842285,True,85,0.8813638687133789,0.8914596438407898,0.04852728545665741,2.5403757095336914,3.8203604221343994,-1.6421806812286377,2415,1681
2011_09_26_drive_0015_sync,0000000216,0,0.8237859010696411,30.58060646057129,0.2823365330696106,-1.6051537990570068,True,28,0.7601433396339417,0.7994081377983093,0.15745550394058228,30.469640731811523,0.39404013752937317,-1.604081630706787,2460,1636
2011_09_26_drive_0015_sync,0000000216,1,0.8506694436073303,20.575986862182617,3.701181650161743,-1.5543065071105957,True,53,0.8244752883911133,0.9007193446159363,0.06332426518201828,20.595951080322266,3.6660408973693848,-1.6030560731887817,2460,1636
2011_09_26_drive_0015_sync,0000000216,2,0.5958086848258972,-0.19098952412605286,3.72784686088562,-1.6234865188598633,True,55,0.7765788435935974,0.7913793921470642,0.11546821892261505,-0.10960842669010162,3.809685230255127,-1.6270231008529663,2460,1636
2011_09_26_drive_0015_sync,0000000216,3,0.7572550773620605,0.9424382448196411,20.590007781982422,-1.6297457218170166,True,57,0.7581457495689392,0.7595035433769226,0.23887525498867035,0.7514686584472656,20.560056686401367,-1.4894070625305176,2460,1636
2011_09_26_drive_0015_sync,0000000216,4,0.8589297533035278,5.834450721740723,19.77861976623535,-1.577580213546753,True,36,0.8429402112960815,0.9372996091842651,0.07702450454235077,5.909485816955566,19.773107528686523,-1.5610840320587158,2460,1636
2011_09_26_drive_0015_sync,0000000217,0,0.8349210619926453,4.672591686248779,19.820173263549805,-1.6280934810638428,True,33,0.8066255450248718,0.8772658109664917,0.06779436767101288,4.6137495040893555,19.78702735900879,-1.6221754550933838,2606,1490
2011_09_26_drive_0015_sync,0000000217,1,0.5307099223136902,30.505268096923828,-0.1676788479089737,-1.5444493293762207,True,63,0.6438642144203186,0.7731882929801941,0.10214819759130478,30.544713973999023,-0.19634465873241425,-1.6342076063156128,2606,1490
2011_09_26_drive_0015_sync,0000000217,2,0.8452288508415222,17.905776977539062,3.632591962814331,-1.6003799438476562,True,7,0.8670597672462463,0.9113277792930603,0.06792136281728745,17.8395938873291,3.617724657058716,-1.6038546562194824,2606,1490
2011_09_26_drive_0015_sync,0000000218,0,0.8374161124229431,3.319672107696533,19.753841400146484,-1.5800957679748535,True,23,0.8352964520454407,0.90925532579422,0.04841276630759239,3.3510499000549316,19.7739200592041,-1.6110162734985352,2596,1500
2011_09_26_drive_0015_sync,0000000218,1,0.7153278589248657,30.735647201538086,-0.15643218159675598,-1.6042587757110596,True,30,0.7467097640037537,0.7706285715103149,0.19217681884765625,30.644556045532227,0.012695090845227242,-1.5987548828125,2596,1500
2011_09_26_drive_0015_sync,0000000218,2,0.8895030617713928,14.973204612731934,3.5889923572540283,-1.596599817276001,True,60,0.891264021396637,0.8916160464286804,0.0343271866440773,14.952208518981934,3.6135480403900146,-1.608198881149292,2596,1500
2011_09_26_drive_0015_sync,0000000219,0,0.8917108774185181,12.221253395080566,3.6212239265441895,-1.5904299020767212,True,55,0.8840605020523071,0.9283301830291748,0.042168937623500824,12.189667701721191,3.636517286300659,-1.6138110160827637,2557,1539
2011_09_26_drive_0015_sync,0000000219,1,0.5922952890396118,38.10500717163086,3.8055384159088135,-1.7663891315460205,True,8,0.5164070129394531,0.5187705755233765,0.4621678292751312,37.80781936645508,4.155844688415527,-1.7157528400421143,2557,1539
2011_09_26_drive_0015_sync,0000000219,2,0.8888431191444397,2.035888671875,19.765485763549805,-1.6176807880401611,True,83,0.8776848316192627,0.9030314087867737,0.020634010434150696,2.0240602493286133,19.749927520751953,-1.6110632419586182,2557,1539
2011_09_26_drive_0015_sync,0000000219,3,0.8507769703865051,30.742963790893555,-0.1358727216720581,-1.6520771980285645,True,46,0.8396294116973877,0.8501984477043152,0.1378866732120514,30.655479431152344,-0.029546115547418594,-1.6594170331954956,2557,1539
2011_09_26_drive_0015_sync,0000000220,0,0.6229585409164429,35.49134063720703,3.539659261703491,-1.722170352935791,True,34,0.6321824193000793,0.738802433013916,0.11747908592224121,35.43589782714844,3.5776867866516113,-1.8185100555419922,2580,1516
2011_09_26_drive_0015_sync,0000000220,1,0.9003713726997375,9.54521369934082,3.626222610473633,-1.6149647235870361,True,55,0.9071537852287292,0.9029543399810791,0.09001383930444717,9.489269256591797,3.6336779594421387,-1.685086965560913,2580,1516
2011_09_26_drive_0015_sync,0000000220,2,0.807551920413971,0.5625885725021362,19.689815521240234,-1.6631660461425781,True,84,0.7374401688575745,0.9343453049659729,0.04234485700726509,0.5755663514137268,19.72138786315918,-1.6882230043411255,2580,1516
2011_09_26_drive_0015_sync,0000000220,3,0.7473648190498352,30.685287475585938,0.21380122005939484,-1.7389179468154907,True,85,0.7998780012130737,0.7865365147590637,0.12679298222064972,30.661592483520508,0.3260818123817444,-1.792844533920288,2580,1516
2011_09_26_drive_0015_sync,0000000221,0,0.34893685579299927,62.354331970214844,20.629457473754883,-1.4542195796966553,True,60,0.31680288910865784,0.9090501666069031,0.08575721830129623,62.43511199951172,20.62224769592285,-1.4820926189422607,2537,1559
2011_09_26_drive_0015_sync,0000000221,1,0.678554117679596,-0.6772997975349426,19.803781509399414,-1.7303979396820068,True,99,0.6954171061515808,0.793797492980957,0.16169285774230957,-0.6329428553581238,19.664573669433594,-1.6611287593841553,2537,1559
2011_09_26_drive_0015_sync,0000000221,2,0.547443151473999,32.766265869140625,3.0754892826080322,-1.6875617504119873,False,,,0.0,,,,,2537,1559
2011_09_26_drive_0015_sync,0000000221,3,0.8348094820976257,30.89544677734375,0.18860743939876556,-1.7546155452728271,True,27,0.8165136575698853,0.9306005835533142,0.041955187916755676,30.898025512695312,0.1467319130897522,-1.754447340965271,2537,1559
2011_09_26_drive_0015_sync,0000000221,4,0.891537070274353,6.7766923904418945,3.630674123764038,-1.7066068649291992,True,63,0.8893494606018066,0.8946863412857056,0.04304427281022072,6.813983917236328,3.636181354522705,-1.6858265399932861,2537,1559
2011_09_26_drive_0015_sync,0000000222,0,0.8474984765052795,4.118391990661621,3.594897508621216,-1.6652088165283203,True,30,0.8821328282356262,0.929779589176178,0.029297133907675743,4.115509986877441,3.6239404678344727,-1.6677627563476562,2509,1587
2011_09_26_drive_0015_sync,0000000222,1,0.7672202587127686,30.131410598754883,3.574338674545288,-1.782400369644165,True,71,0.7359728217124939,0.815787672996521,0.14679567515850067,30.236888885498047,3.480489730834961,-1.8225958347320557,2509,1587
2011_09_26_drive_0015_sync,0000000222,2,0.8625409007072449,31.06098175048828,0.05727840214967728,-1.669862151145935,True,17,0.8471681475639343,0.9162667989730835,0.049095336347818375,31.033979415893555,0.07744637131690979,-1.7055619955062866,2509,1587
2011_09_26_drive_0015_sync,0000000223,0,0.8572396636009216,1.5034266710281372,3.5845284461975098,-1.7151799201965332,True,81,0.8308848142623901,0.7256775498390198,0.20626430213451385,1.3190065622329712,3.6241490840911865,-1.7986328601837158,2473,1623
2011_09_26_drive_0015_sync,0000000223,1,0.8152574896812439,31.068157196044922,0.14392806589603424,-1.7234097719192505,True,13,0.8089936971664429,0.754494309425354,0.1733262836933136,30.95245361328125,0.015727698802947998,-1.7382200956344604,2473,1623
2011_09_26_drive_0015_sync,0000000223,2,0.8171935677528381,27.355939865112305,3.299346923828125,-1.6369764804840088,True,74,0.7682740092277527,0.8881571888923645,0.10336390882730484,27.450693130493164,3.278965711593628,-1.6010526418685913,2473,1623
2011_09_26_drive_0015_sync,0000000224,0,0.853278398513794,24.754913330078125,3.351053476333618,-1.6234281063079834,True,99,0.8476480841636658,0.9153426885604858,0.03659729287028313,24.770267486572266,3.324052572250366,-1.6427817344665527,2518,1578
2011_09_26_drive_0015_sync,0000000224,1,0.8068835139274597,30.998119354248047,-0.04157108813524246,-1.690195918083191,True,51,0.7441164255142212,0.8897241950035095,0.06955791264772415,31.017568588256836,0.018180742859840393,-1.720024585723877,2518,1578
2011_09_26_drive_0015_sync,0000000224,2,0.4825536906719208,-1.0427724123001099,3.5131678581237793,-1.7379648685455322,True,89,0.4856583774089813,0.7043696045875549,0.19095927476882935,-0.9846714735031128,3.338674783706665,-1.789364218711853,2518,1578
2011_09_26_drive_0015_sync,0000000225,0,0.8547565937042236,31.446731567382812,-0.12671677768230438,-1.641258955001831,True,27,0.8194923996925354,0.9018651247024536,0.0416584312915802,31.476808547973633,-0.13744370639324188,-1.6680121421813965,2606,1490
2011_09_26_drive_0015_sync,0000000225,1,0.8283531665802002,21.888566970825195,3.43648099899292,-1.6458638906478882,True,41,0.8030881285667419,0.8175883889198303,0.13456489145755768,22.01873779296875,3.4572670459747314,-1.6188230514526367,2606,1490
2011_09_26_drive_0015_sync,0000000226,0,0.8404372334480286,31.587392807006836,-0.010392568074166775,-1.6617920398712158,True,22,0.8001678586006165,0.8411238789558411,0.13359148800373077,31.476116180419922,-0.0814531147480011,-1.641430377960205,2651,1445
2011_09_26_drive_0015_sync,0000000226,1,0.8645896911621094,19.571781158447266,3.3579490184783936,-1.6293989419937134,True,56,0.8723037242889404,0.8558820486068726,0.06153891980648041,19.54314422607422,3.4081263542175293,-1.6082046031951904,2651,1445
2011_09_26_drive_0015_sync,0000000227,0,0.3660539388656616,54.46253204345703,20.43324089050293,-1.3448612689971924,True,38,0.06094909459352493,0.729370653629303,0.1779991090297699,54.376461029052734,20.335542678833008,-1.4662306308746338,2533,1563
2011_09_26_drive_0015_sync,0000000227,1,0.8814829587936401,16.82098960876465,3.2941486835479736,-1.6446261405944824,True,28,0.8356056809425354,0.8685967326164246,0.1090778186917305,16.918127059936523,3.278217315673828,-1.5976316928863525,2533,1563
2011_09_26_drive_0015_sync,0000000227,2,0.8694544434547424,31.73084259033203,-0.05621430650353432,-1.6212105751037598,True,68,0.8564937710762024,0.9162371158599854,0.06879637390375137,31.68829345703125,-0.004022717475891113,-1.6071197986602783,2533,1563
2011_09_26_drive_0015_sync,0000000228,0,0.875339686870575,14.183109283447266,3.289003372192383,-1.6064982414245605,True,30,0.879413366317749,0.8492140769958496,0.10484574735164642,14.240344047546387,3.372800588607788,-1.5801384449005127,2538,1558
2011_09_26_drive_0015_sync,0000000228,1,0.852923572063446,31.743484497070312,-0.0790795087814331,-1.6487611532211304,True,64,0.8632262349128723,0.8989238739013672,0.04824763163924217,31.739398956298828,-0.054640308022499084,-1.6073622703552246,2538,1558
2011_09_26_drive_0015_sync,0000000229,0,0.5092403292655945,43.64684295654297,3.532200574874878,-1.4338079690933228,True,88,0.5932835936546326,0.8097421526908875,0.21288487315177917,43.44017028808594,3.5030317306518555,-1.4757072925567627,2546,1550
2011_09_26_drive_0015_sync,0000000229,1,0.7571800947189331,31.78863525390625,0.014979664236307144,-1.6388885974884033,True,22,0.7873249650001526,0.8198737502098083,0.12570147216320038,31.804147720336914,0.1300772875547409,-1.5907974243164062,2546,1550
2011_09_26_drive_0015_sync,0000000229,2,0.8983511328697205,11.501235961914062,3.2858314514160156,-1.6608829498291016,True,36,0.8791106939315796,0.9262941479682922,0.05924341082572937,11.496770858764648,3.3034682273864746,-1.6045022010803223,2546,1550
2011_09_26_drive_0015_sync,0000000229,3,0.4981785714626312,51.32245635986328,20.67815589904785,-1.3240716457366943,True,59,0.066315658390522,0.7945127487182617,0.1129964292049408,51.366920471191406,20.59800148010254,-1.3901504278182983,2546,1550
2011_09_26_drive_0015_sync,0000000230,0,0.8038755059242249,31.935998916625977,-0.10031159222126007,-1.5647656917572021,True,96,0.8254169821739197,0.766878604888916,0.17209994792938232,31.843137741088867,0.037883490324020386,-1.6083238124847412,2552,1544
2011_09_26_drive_0015_sync,0000000230,1,0.41234806180000305,49.859954833984375,20.6855525970459,-1.4718847274780273,True,71,0.21511608362197876,0.6791603565216064,0.2584852874279022,49.96982192993164,20.45326042175293,-1.499888300895691,2552,1544
2011_09_26_drive_0015_sync,0000000230,2,0.6317842602729797,40.59053421020508,3.409742593765259,-1.4243385791778564,True,50,0.6547527313232422,0.7813137173652649,0.26803404092788696,40.84975051879883,3.4090523719787598,-1.4925198554992676,2552,1544
2011_09_26_drive_0015_sync,0000000230,3,0.872490406036377,8.957438468933105,3.267669200897217,-1.6127784252166748,True,76,0.8940936923027039,0.8170093297958374,0.1588945835828781,8.80314826965332,3.2517459392547607,-1.6472526788711548,2552,1544
2011_09_26_drive_0015_sync,0000000231,0,0.8765751123428345,6.238094329833984,3.2653632164001465,-1.619992971420288,True,61,0.8655288815498352,0.8898607492446899,0.06407628208398819,6.23848295211792,3.260690927505493,-1.6838974952697754,2496,1600
2011_09_26_drive_0015_sync,0000000231,1,0.8513312935829163,32.01456069946289,-0.008017230778932571,-1.4764137268066406,True,69,0.8602333664894104,0.8540599346160889,0.11739572882652283,32.090057373046875,0.030106302350759506,-1.5578299760818481,2496,1600
2011_09_26_drive_0015_sync,0000000231,2,0.439240038394928,48.54084396362305,20.621431350708008,-1.358012080192566,True,19,0.5437859296798706,0.9155106544494629,0.024502627551555634,48.5302734375,20.64147186279297,-1.3486835956573486,2496,1600
2011_09_26_drive_0015_sync,0000000231,3,0.7315120100975037,37.98286819458008,3.6665124893188477,-1.4401099681854248,True,93,0.6528114080429077,0.7743262052536011,0.2052360624074936,38.174354553222656,3.6141040325164795,-1.492150068283081,2496,1600
2011_09_26_drive_0015_sync,0000000232,0,0.8646436333656311,3.5118637084960938,3.3038525581359863,-1.736266851425171,True,45,0.8517550230026245,0.8785851001739502,0.03756352514028549,3.4785380363464355,3.2946553230285645,-1.7215757369995117,2437,1659
2011_09_26_drive_0015_sync,0000000232,1,0.7148045897483826,35.59811782836914,3.7411890029907227,-1.5413095951080322,True,22,0.6846169233322144,0.7688683271408081,0.16916431486606598,35.65382766723633,3.5880444049835205,-1.5866936445236206,2437,1659
2011_09_26_drive_0015_sync,0000000232,2,0.5558534860610962,46.9544677734375,20.718828201293945,-1.5932896137237549,True,78,0.7590301036834717,0.7970563173294067,0.15802517533302307,47.080318450927734,20.6698055267334,-1.5112509727478027,2437,1659
2011_09_26_drive_0015_sync,0000000232,3,0.8381571769714355,32.23524856567383,0.045183438807725906,-1.7210166454315186,True,77,0.8635709285736084,0.8255082368850708,0.16129297018051147,32.111976623535156,0.144855797290802,-1.691269874572754,2437,1659
2011_09_26_drive_0015_sync,0000000233,0,0.7863488793373108,32.78839111328125,3.533146858215332,-1.6476554870605469,True,76,0.7384077310562134,0.8510247468948364,0.10044141113758087,32.835105895996094,3.6219482421875,-1.6431255340576172,2477,1619
2011_09_26_drive_0015_sync,0000000233,1,0.6899528503417969,32.08397674560547,0.19021473824977875,-1.768651008605957,True,33,0.6983796954154968,0.7533290982246399,0.15752169489860535,32.0343132019043,0.21401606500148773,-1.9162318706512451,2477,1619
2011_09_26_drive_0015_sync,0000000233,2,0.8371020555496216,0.9113549590110779,3.1842215061187744,-1.7238380908966064,True,63,0.8139664530754089,0.7353492975234985,0.11542461812496185,0.9499536156654358,3.2745718955993652,-1.784416913986206,2477,1619
2011_09_26_drive_0015_sync,0000000234,0,0.6600605249404907,44.22775650024414,20.749753952026367,-1.438699722290039,True,54,0.5445454716682434,0.8447190523147583,0.10300373286008835,44.32664489746094,20.72093391418457,-1.439209222793579,2551,1545
2011_09_26_drive_0015_sync,0000000234,1,0.8600835204124451,30.163299560546875,3.615846633911133,-1.4819579124450684,True,50,0.8599292635917664,0.9273643493652344,0.05325835943222046,30.168323516845703,3.5670127868652344,-1.5026090145111084,2551,1545
2011_09_26_drive_0015_sync,0000000234,2,0.8180795907974243,32.36796951293945,0.27287355065345764,-1.6358028650283813,True,61,0.7823606133460999,0.8054777979850769,0.12343106418848038,32.437255859375,0.17359815537929535,-1.6117398738861084,2551,1545
2011_09_26_drive_0015_sync,0000000235,0,0.5816015005111694,32.44965744018555,0.41789087653160095,-1.423349142074585,True,92,0.8043460845947266,0.5695682764053345,0.393794447183609,32.58161163330078,0.08716773986816406,-1.5915286540985107,2546,1550
2011_09_26_drive_0015_sync,0000000235,1,0.6997689604759216,42.84297180175781,20.7757568359375,-1.3050315380096436,True,7,0.23991192877292633,0.8964840173721313,0.0423165000975132,42.8835334777832,20.773208618164062,-1.2932441234588623,2546,1550
2011_09_26_drive_0015_sync,0000000235,2,0.8306347727775574,27.480318069458008,3.6988086700439453,-1.5112206935882568,True,56,0.8242596983909607,0.7722833156585693,0.18477150797843933,27.373075485229492,3.549924373626709,-1.532969355583191,2546,1550
2011_09_26_drive_0015_sync,0000000236,0,0.8462444543838501,24.494760513305664,3.7530548572540283,-1.6165883541107178,True,67,0.8144950270652771,0.8301196098327637,0.10104672610759735,24.590017318725586,3.7856311798095703,-1.6252696514129639,2534,1562
2011_09_26_drive_0015_sync,0000000236,1,0.7788738012313843,41.23373031616211,20.757362365722656,-1.1354925632476807,True,58,0.7249380946159363,0.7182990908622742,0.29784542322158813,41.45624923706055,20.80940818786621,-1.326512098312378,2534,1562
2011_09_26_drive_0015_sync,0000000236,2,0.5501846671104431,32.66448974609375,0.38982951641082764,-1.4192413091659546,True,60,0.5451357960700989,0.737820029258728,0.20820072293281555,32.495147705078125,0.27958598732948303,-1.4694128036499023,2534,1562
2011_09_26_drive_0015_sync,0000000237,0,0.8139803409576416,32.75766372680664,0.21280977129936218,-1.6853053569793701,True,24,0.8021754622459412,0.7507185339927673,0.13088922202587128,32.83376693725586,0.2675790786743164,-1.5939784049987793,2556,1540
2011_09_26_drive_0015_sync,0000000237,1,0.4555116593837738,39.77091979980469,21.092500686645508,-1.569775104522705,True,86,0.44558149576187134,0.8287935853004456,0.11258333176374435,39.831695556640625,21.159748077392578,-1.5029985904693604,2556,1540
2011_09_26_drive_0015_sync,0000000237,2,0.845914900302887,21.998821258544922,3.671121120452881,-1.4653010368347168,True,31,0.8694374561309814,0.8891866207122803,0.03981849178671837,21.978544235229492,3.698570728302002,-1.485816240310669,2556,1540
2011_09_26_drive_0015_sync,0000000238,0,0.6436904668807983,38.278099060058594,20.748748779296875,-1.4108092784881592,True,32,0.6837725639343262,0.7059681415557861,0.14309896528720856,38.35137176513672,20.766250610351562,-1.5324732065200806,2600,1496
2011_09_26_drive_0015_sync,0000000238,1,0.855510950088501,19.338096618652344,3.686563730239868,-1.5883300304412842,True,68,0.8848813772201538,0.8537964224815369,0.1640421748161316,19.179622650146484,3.7171387672424316,-1.5589871406555176,2600,1496
2011_09_26_drive_0015_sync,0000000238,2,0.6576681137084961,32.71138000488281,0.1237594336271286,-1.4925541877746582,True,63,0.6847053170204163,0.7334409356117249,0.18605154752731323,32.811614990234375,0.240728959441185,-1.5968914031982422,2600,1496
2011_09_26_drive_0015_sync,0000000239,0,0.8699343204498291,16.464542388916016,3.7000770568847656,-1.5777478218078613,True,90,0.8541367650032043,0.8782503604888916,0.08865217119455338,16.41429901123047,3.6522622108459473,-1.5225341320037842,2570,1526
2011_09_26_drive_0015_sync,0000000239,1,0.6108680367469788,33.1751823425293,0.4023500680923462,-1.5233978033065796,True,55,0.7146012783050537,0.902272641658783,0.04958055913448334,33.12656784057617,0.3936707377433777,-1.5278172492980957,2570,1526
2011_09_26_drive_0015_sync,0000000239,2,0.6156099438667297,36.84025192260742,20.69414520263672,-1.3803805112838745,True,61,0.6589744687080383,0.8864395618438721,0.040951747447252274,36.8114013671875,20.669904708862305,-1.3964145183563232,2570,1526
2011_09_26_drive_0015_sync,0000000240,0,0.9095034599304199,13.628813743591309,3.6120781898498535,-1.573784351348877,True,47,0.8934054374694824,0.8679297566413879,0.05689052864909172,13.593022346496582,3.588045120239258,-1.6109046936035156,2580,1516
2011_09_26_drive_0015_sync,0000000240,1,0.8082688450813293,33.19764709472656,0.5422875285148621,-1.503159761428833,True,52,0.8490657210350037,0.7998493313789368,0.14462681114673615,33.2586784362793,0.45785486698150635,-1.6034753322601318,2580,1516
2011_09_26_drive_0015_sync,0000000240,2,0.7483210563659668,35.275291442871094,20.878602981567383,-1.4314885139465332,True,32,0.8046301603317261,0.7953750491142273,0.19485104084014893,35.44318771362305,20.977481842041016,-1.4323480129241943,2580,1516
2011_09_26_drive_0015_sync,0000000241,0,0.9012928009033203,10.879308700561523,3.641805648803711,-1.576592206954956,True,61,0.894956111907959,0.8991296291351318,0.06234678626060486,10.903346061706543,3.601752281188965,-1.6178845167160034,2538,1558
2011_09_26_drive_0015_sync,0000000241,1,0.7175816297531128,33.87014389038086,20.757707595825195,-1.500694990158081,True,77,0.7097204923629761,0.8170557618141174,0.11697337031364441,33.8120231628418,20.831710815429688,-1.5701807737350464,2538,1558
2011_09_26_drive_0015_sync,0000000241,2,0.7762383222579956,33.05776596069336,0.5318437814712524,-1.280964732170105,True,89,0.7697094678878784,0.8577706813812256,0.10765940696001053,33.12371063232422,0.526835024356842,-1.3659162521362305,2538,1558
2011_09_26_drive_0015_sync,0000000242,0,0.8983681797981262,8.121834754943848,3.626194715499878,-1.6359539031982422,True,22,0.9100890159606934,0.9015678763389587,0.0434485524892807,8.090971946716309,3.6567375659942627,-1.6344053745269775,2462,1634
2011_09_26_drive_0015_sync,0000000242,1,0.8277978897094727,33.613624572753906,0.35395726561546326,-1.640013575553894,True,75,0.7858554720878601,0.824364960193634,0.07286472618579865,33.56890869140625,0.32291752099990845,-1.591575026512146,2462,1634
2011_09_26_drive_0015_sync,0000000242,2,0.8167760968208313,32.48929214477539,20.768733978271484,-1.530646562576294,True,61,0.7368647456169128,0.846314013004303,0.10657249391078949,32.463314056396484,20.72224998474121,-1.4383314847946167,2462,1634
2011_09_26_drive_0015_sync,0000000243,0,0.9093872308731079,5.355865955352783,3.6336543560028076,-1.680349349975586,True,50,0.8957183361053467,0.9238302111625671,0.03931798040866852,5.3535614013671875,3.6183958053588867,-1.64418625831604,2458,1638
2011_09_26_drive_0015_sync,0000000243,1,0.7995582818984985,33.76007843017578,0.36526253819465637,-1.5974253416061401,True,55,0.840678334236145,0.8201656341552734,0.06920097023248672,33.735233306884766,0.4263628423213959,-1.6183596849441528,2458,1638
2011_09_26_drive_0015_sync,0000000243,2,0.8369503617286682,30.770227432250977,20.715229034423828,-1.5102269649505615,True,71,0.824545681476593,0.7506320476531982,0.2127421796321869,30.930376052856445,20.794111251831055,-1.625938892364502,2458,1638
2011_09_26_drive_0015_sync,0000000244,0,0.8634333610534668,2.7871172428131104,3.5689547061920166,-1.6450108289718628,True,32,0.869897723197937,0.8977404832839966,0.04246077686548233,2.7647335529327393,3.532874584197998,-1.6446750164031982,2448,1648
2011_09_26_drive_0015_sync,0000000244,1,0.8302705883979797,29.349790573120117,20.753686904907227,-1.514906406402588,True,13,0.8130658864974976,0.832024335861206,0.05707605928182602,29.339540481567383,20.698877334594727,-1.5270934104919434,2448,1648
2011_09_26_drive_0015_sync,0000000244,2,0.5127702355384827,33.7625846862793,0.39765381813049316,-1.5364410877227783,True,39,0.5347484946250916,0.8377909064292908,0.10961627215147018,33.659912109375,0.3633888363838196,-1.5537610054016113,2448,1648
2011_09_26_drive_0015_sync,0000000245,0,0.7141473889350891,33.649017333984375,0.3157026469707489,-1.5613291263580322,True,86,0.6223064661026001,0.9037103056907654,0.049278952181339264,33.60849380493164,0.341417521238327,-1.5725096464157104,2435,1661
2011_09_26_drive_0015_sync,0000000245,1,0.752037763595581,27.76572608947754,20.690078735351562,-1.5685712099075317,True,52,0.7881996035575867,0.812269926071167,0.14413680136203766,27.90851402282715,20.671741485595703,-1.5756964683532715,2435,1661
2011_09_26_drive_0015_sync,0000000245,2,0.6964905261993408,-0.03453028202056885,3.5317742824554443,-1.6127796173095703,True,19,0.6438556909561157,0.817277729511261,0.14987152814865112,-0.13490107655525208,3.586721181869507,-1.7095681428909302,2435,1661
2011_09_26_drive_0015_sync,0000000246,0,0.76156085729599,26.500350952148438,20.750595092773438,-1.4571888446807861,True,73,0.5870566368103027,0.8257245421409607,0.0927325040102005,26.430675506591797,20.76800537109375,-1.5158534049987793,2527,1569
2011_09_26_drive_0015_sync,0000000246,1,0.7684988975524902,33.75452423095703,0.5264337658882141,-1.4941461086273193,True,74,0.8053629994392395,0.7314891815185547,0.2164193093776703,33.87569808959961,0.358890175819397,-1.5580472946166992,2527,1569
2011_09_26_drive_0015_sync,0000000247,0,0.8542011380195618,24.964677810668945,20.760866165161133,-1.5625205039978027,True,91,0.8472333550453186,0.8315719962120056,0.1268620789051056,24.875417709350586,20.691131591796875,-1.5053915977478027,2425,1671
2011_09_26_drive_0015_sync,0000000247,1,0.7657128572463989,33.961830139160156,0.453981876373291,-1.645061731338501,True,21,0.7958967685699463,0.775968074798584,0.13667459785938263,34.049739837646484,0.41792985796928406,-1.5468167066574097,2425,1671
2011_09_26_drive_0015_sync,0000000248,0,0.6012920141220093,34.09751892089844,0.4465714693069458,-1.6818795204162598,True,72,0.47906816005706787,0.8598739504814148,0.10313892364501953,34.161956787109375,0.5087346434593201,-1.733076572418213,2439,1657
2011_09_26_drive_0015_sync,0000000248,1,0.8368462324142456,23.400135040283203,20.762903213500977,-1.5784151554107666,True,95,0.8337171673774719,0.8773128390312195,0.11705738306045532,23.423110961914062,20.766571044921875,-1.6931369304656982,2439,1657
2011_09_26_drive_0015_sync,0000000249,0,0.8670448660850525,21.888782501220703,20.702125549316406,-1.7444231510162354,True,46,0.7935004234313965,0.8947910666465759,0.12910096347332,21.874835968017578,20.6970157623291,-1.6161794662475586,2495,1601
2011_09_26_drive_0015_sync,0000000249,1,0.6054791808128357,34.061885833740234,0.5191285610198975,-1.7044672966003418,True,28,0.5434585809707642,0.9079925417900085,0.05140695720911026,34.02003860473633,0.490860253572464,-1.6948554515838623,2495,1601
2011_09_26_drive_0015_sync,0000000250,0,0.8640558123588562,20.324438095092773,20.69327163696289,-1.7252700328826904,True,81,0.8568025827407837,0.7671933174133301,0.14906440675258636,20.330318450927734,20.751184463500977,-1.5880413055419922,2515,1581
2011_09_26_drive_0015_sync,0000000250,1,0.7171667814254761,34.103118896484375,0.2853319048881531,-1.7387957572937012,True,50,0.673453152179718,0.887373685836792,0.06733689457178116,34.07121658325195,0.3322851359844208,-1.70257568359375,2515,1581
2011_09_26_drive_0015_sync,0000000251,0,0.8006850481033325,18.777090072631836,20.697288513183594,-1.6376512050628662,True,80,0.8070509433746338,0.8307695388793945,0.14011283218860626,18.73356819152832,20.75286102294922,-1.7586848735809326,2510,1586
2011_09_26_drive_0015_sync,0000000251,1,0.8578655123710632,34.27446746826172,0.5923742651939392,-1.6954904794692993,True,10,0.822533369064331,0.7635790109634399,0.17475607991218567,34.1888427734375,0.49408048391342163,-1.579101324081421,2510,1586
2011_09_26_drive_0015_sync,0000000252,0,0.779220700263977,34.24177169799805,0.3727337121963501,-1.6323081254959106,True,8,0.8128434419631958,0.8634281158447266,0.08017151802778244,34.31524658203125,0.3427545428276062,-1.6437170505523682,2428,1668
2011_09_26_drive_0015_sync,0000000252,1,0.8453402519226074,17.228517532348633,20.703805923461914,-1.679626703262329,True,99,0.8287325501441956,0.8543878197669983,0.08478140085935593,17.26509666442871,20.666717529296875,-1.7465169429779053,2428,1668
2011_09_26_drive_0015_sync,0000000252,2,0.3902771770954132,13.395991325378418,4.6192946434021,-1.2604749202728271,True,42,0.034901004284620285,0.7931186556816101,0.23951773345470428,13.336108207702637,4.58954381942749,-1.4904698133468628,2428,1668
2011_09_26_drive_0015_sync,0000000252,3,0.6161997318267822,49.797340393066406,4.034035682678223,-1.6679039001464844,True,79,0.5912192463874817,0.8290336728096008,0.10694023966789246,49.71283721923828,4.094953536987305,-1.6437286138534546,2428,1668
2011_09_26_drive_0015_sync,0000000253,0,0.8499367237091064,15.69293212890625,20.638540267944336,-1.7986712455749512,True,65,0.8619623184204102,0.830711841583252,0.13131392002105713,15.638014793395996,20.754072189331055,-1.7690097093582153,2319,1777
2011_09_26_drive_0015_sync,0000000253,1,0.5946705937385559,46.70779800415039,4.471096992492676,-1.5558652877807617,True,74,0.5764291286468506,0.5395819544792175,0.4544757902622223,47.07611846923828,4.206531524658203,-1.5857548713684082,2319,1777
2011_09_26_drive_0015_sync,0000000253,2,0.7517125606536865,34.4748420715332,0.28554567694664,-1.5893090963363647,True,99,0.7953598499298096,0.90012127161026,0.056955259293317795,34.48078918457031,0.3355873227119446,-1.5627691745758057,2319,1777
2011_09_26_drive_0015_sync,0000000254,0,0.5533945560455322,43.84589385986328,4.048856258392334,-1.5777297019958496,True,75,0.5304636359214783,0.8302621245384216,0.08204192668199539,43.81364440917969,4.104866981506348,-1.6282633543014526,2209,1887
2011_09_26_drive_0015_sync,0000000254,1,0.7738402485847473,34.513389587402344,0.3885413408279419,-1.629493236541748,True,76,0.8271366953849792,0.8688094019889832,0.06107897311449051,34.46168899536133,0.36805030703544617,-1.6547480821609497,2209,1887
2011_09_26_drive_0015_sync,0000000254,2,0.8814728856086731,14.152125358581543,20.664762496948242,-1.7698203325271606,True,81,0.8888250589370728,0.9018754363059998,0.09001825004816055,14.105743408203125,20.63928985595703,-1.6969976425170898,2209,1887
2011_09_26_drive_0015_sync,0000000255,0,0.7888534665107727,34.597713470458984,0.622314453125,-1.644266963005066,True,47,0.7390535473823547,0.8385440707206726,0.14828860759735107,34.459781646728516,0.6767263412475586,-1.642350673675537,2144,1952
2011_09_26_drive_0015_sync,0000000255,1,0.8855459690093994,12.565731048583984,20.7449951171875,-1.8567731380462646,True,95,0.8929576873779297,0.8687962293624878,0.11873916536569595,12.628765106201172,20.707048416137695,-1.763575792312622,2144,1952
2011_09_26_drive_0015_sync,0000000255,2,0.690881073474884,41.26152801513672,3.9141833782196045,-1.6364305019378662,True,82,0.7684487700462341,0.9421555399894714,0.03901482746005058,41.28376770019531,3.904888391494751,-1.6057522296905518,2144,1952
2011_09_26_drive_0015_sync,0000000256,0,0.744663417339325,38.51122283935547,4.007301330566406,-1.6983345746994019,True,61,0.7382222414016724,0.9558631181716919,0.029897216707468033,38.5359001159668,4.001247406005859,-1.6825793981552124,1960,2136
2011_09_26_drive_0015_sync,0000000256,1,0.8816246390342712,34.54686737060547,0.2577720284461975,-1.7074265480041504,True,49,0.8770548105239868,0.9679274559020996,0.023581545799970627,34.53193283081055,0.25257009267807007,-1.6899340152740479,1960,2136
2011_09_26_drive_0015_sync,0000000257,0,0.8075639605522156,34.43712615966797,0.4430708885192871,-1.6228718757629395,True,27,0.8203237652778625,0.8791882991790771,0.055559854954481125,34.3900032043457,0.4568549692630768,-1.6488780975341797,1741,2355
2011_09_26_drive_0015_sync,0000000257,1,0.7917611002922058,35.943328857421875,3.953038454055786,-1.772960901260376,True,59,0.7545746564865112,0.8982570767402649,0.0588870607316494,35.89780807495117,3.9653403759002686,-1.737687587738037,1741,2355
2011_09_26_drive_0015_sync,0000000258,0,0.8096829056739807,33.5627555847168,4.037175178527832,-1.4571954011917114,True,61,0.7984277606010437,0.880091667175293,0.09461098909378052,33.48529052734375,3.9876418113708496,-1.4349052906036377,2050,2046
2011_09_26_drive_0015_sync,0000000258,1,0.614812433719635,48.85902404785156,20.420446395874023,-1.4109413623809814,True,60,0.6467023491859436,0.924758791923523,0.03619510680437088,48.88535690307617,20.403825759887695,-1.429391860961914,2050,2046
2011_09_26_drive_0015_sync,0000000258,2,0.8254593014717102,34.46100997924805,0.0862770602107048,-1.5653825998306274,True,15,0.7917102575302124,0.7917219400405884,0.1605440229177475,34.37174606323242,0.17953532934188843,-1.4699403047561646,2050,2046
2011_09_26_drive_0015_sync,0000000259,0,0.7914949655532837,34.44758605957031,0.14157073199748993,-1.3592240810394287,True,90,0.7859192490577698,0.834614634513855,0.12065449357032776,34.548439025878906,0.20022734999656677,-1.328473687171936,2200,1896
2011_09_26_drive_0015_sync,0000000259,1,0.8109931349754333,30.453031539916992,3.781846284866333,-1.5052732229232788,True,44,0.7996870875358582,0.8395726680755615,0.12951916456222534,30.339130401611328,3.822968006134033,-1.4593303203582764,2200,1896
2011_09_26_drive_0015_sync,0000000259,2,0.5948613286018372,47.4200553894043,20.289859771728516,-1.4486747980117798,True,15,0.4951002895832062,0.659018874168396,0.24771149456501007,47.52330017089844,20.473989486694336,-1.3190686702728271,2200,1896
2011_09_26_drive_0015_sync,0000000260,0,0.7717161178588867,34.318321228027344,0.35348761081695557,-1.521509051322937,True,81,0.7877848744392395,0.8825532793998718,0.05580068752169609,34.32326889038086,0.3081928491592407,-1.4892969131469727,2401,1695
2011_09_26_drive_0015_sync,0000000260,1,0.3677351474761963,47.79838943481445,4.252995491027832,-1.415502905845642,True,39,0.36640629172325134,0.8211157917976379,0.13576416671276093,47.74180603027344,4.129695415496826,-1.4102762937545776,2401,1695
2011_09_26_drive_0015_sync,0000000260,2,0.7448746562004089,27.561382293701172,3.829916477203369,-1.5642142295837402,True,90,0.6288778781890869,0.8646835684776306,0.07659732550382614,27.5900821685791,3.882091760635376,-1.6123931407928467,2401,1695
2011_09_26_drive_0015_sync,0000000260,3,0.7870680689811707,5.025549411773682,20.580698013305664,-1.882676362991333,True,77,0.7870775461196899,0.8131524324417114,0.07753511518239975,5.0028276443481445,20.628246307373047,-1.8258030414581299,2401,1695
2011_09_26_drive_0015_sync,0000000260,4,0.5409122705459595,45.86585998535156,20.350595474243164,-1.3509981632232666,True,70,0.42069122195243835,0.8049319386482239,0.11609271168708801,45.76127243041992,20.30811309814453,-1.3780944347381592,2401,1695
2011_09_26_drive_0015_sync,0000000261,0,0.4121122658252716,34.35856628417969,0.40165215730667114,-1.5139455795288086,True,95,0.6737033724784851,0.6433125734329224,0.20481733977794647,34.4332389831543,0.4012531638145447,-1.704665184020996,2450,1646
2011_09_26_drive_0015_sync,0000000261,1,0.35316744446754456,43.97282791137695,20.158615112304688,-1.5942606925964355,True,55,0.3018079698085785,0.7875248193740845,0.21752050518989563,44.173248291015625,20.081167221069336,-1.62815260887146,2450,1646
2011_09_26_drive_0015_sync,0000000261,2,0.5907875299453735,45.09124755859375,4.315052032470703,-1.5946108102798462,True,78,0.3526741862297058,0.5767173171043396,0.32272160053253174,45.344303131103516,4.119102954864502,-1.5531854629516602,2450,1646
2011_09_26_drive_0015_sync,0000000261,3,0.8359127640724182,3.4381182193756104,20.636978149414062,-1.7884509563446045,True,74,0.8380599617958069,0.9033461809158325,0.05629419907927513,3.400649309158325,20.60769271850586,-1.758326530456543,2450,1646
2011_09_26_drive_0015_sync,0000000261,4,0.8693575859069824,25.030874252319336,3.813339948654175,-1.6572186946868896,True,83,0.8877286911010742,0.8588114976882935,0.12971536815166473,24.92099952697754,3.8761661052703857,-1.6288198232650757,2450,1646
2011_09_26_drive_0015_sync,0000000262,0,0.5274296402931213,42.328025817871094,4.480721950531006,-1.5283268690109253,True,46,0.6010956168174744,0.661444902420044,0.06279730796813965,42.27934265136719,4.500913143157959,-1.5624701976776123,2402,1694
2011_09_26_drive_0015_sync,0000000262,1,0.8678498268127441,22.251850128173828,3.8231616020202637,-1.5673171281814575,True,81,0.8703456521034241,0.9216281771659851,0.04247882962226868,22.240633010864258,3.8358075618743896,-1.5283465385437012,2402,1694
2011_09_26_drive_0015_sync,0000000262,2,0.3786683976650238,42.6105842590332,20.087772369384766,-1.5267765522003174,True,82,0.16529279947280884,0.8927461504936218,0.07609175890684128,42.55930709838867,20.10708236694336,-1.4739775657653809,2402,1694
2011_09_26_drive_0015_sync,0000000262,3,0.7455088496208191,1.979738473892212,20.55251121520996,-1.609174132347107,True,58,0.5822805762290955,0.7614045739173889,0.2080393135547638,1.8103662729263306,20.64769744873047,-1.6835582256317139,2402,1694
2011_09_26_drive_0015_sync,0000000262,4,0.6255986094474792,34.2363395690918,0.3837200105190277,-1.6456475257873535,True,67,0.7373314499855042,0.7949272990226746,0.13825306296348572,34.17853546142578,0.27808651328086853,-1.5777199268341064,2402,1694
2011_09_26_drive_0015_sync,0000000263,0,0.784098744392395,34.35231018066406,0.46203285455703735,-1.4382097721099854,True,37,0.7211846709251404,0.8034722805023193,0.1286504566669464,34.43600845336914,0.3696627616882324,-1.4063773155212402,2435,1661
2011_09_26_drive_0015_sync,0000000263,1,0.6804338693618774,40.925498962402344,20.113706588745117,-1.2254137992858887,True,88,0.3458530902862549,0.834145724773407,0.13607127964496613,41.0095100402832,20.111467361450195,-1.3324302434921265,2435,1661
2011_09_26_drive_0015_sync,0000000263,2,0.870381236076355,19.536367416381836,3.8004825115203857,-1.5923590660095215,True,97,0.8550266027450562,0.8744110465049744,0.07271211594343185,19.465667724609375,3.8145604133605957,-1.5828502178192139,2435,1661
2011_09_26_drive_0015_sync,0000000263,3,0.627863347530365,0.29955950379371643,20.568357467651367,-1.5123469829559326,True,16,0.4689694344997406,0.8891851305961609,0.09579476714134216,0.38327300548553467,20.592655181884766,-1.552074909210205,2435,1661
2011_09_26_drive_0015_sync,0000000264,0,0.5758810639381409,36.72454833984375,4.372376441955566,-1.5062227249145508,True,53,0.5665429830551147,0.7336722016334534,0.17741340398788452,36.80215072631836,4.472002983093262,-1.3816115856170654,2528,1568
2011_09_26_drive_0015_sync,0000000264,1,0.7939141392707825,39.453163146972656,20.22678565979004,-1.2983835935592651,True,98,0.8070733547210693,0.9262300133705139,0.024459758773446083,39.476036071777344,20.234437942504883,-1.294315218925476,2528,1568
2011_09_26_drive_0015_sync,0000000264,2,0.8032236099243164,34.54023742675781,0.27632036805152893,-1.399880290031433,True,91,0.8305140733718872,0.8509595394134521,0.11590149253606796,34.524173736572266,0.39034608006477356,-1.4130427837371826,2528,1568
2011_09_26_drive_0015_sync,0000000264,3,0.8864713907241821,16.7222900390625,3.7215871810913086,-1.5730822086334229,True,48,0.8723206520080566,0.8723775148391724,0.04937256872653961,16.696552276611328,3.7623794078826904,-1.5836279392242432,2528,1568
2011_09_26_drive_0015_sync,0000000265,0,0.9079769849777222,13.911844253540039,3.7738211154937744,-1.5621145963668823,True,84,0.889678418636322,0.9087915420532227,0.06352164596319199,13.970643997192383,3.792370080947876,-1.5468330383300781,2356,1740
2011_09_26_drive_0015_sync,0000000265,1,0.688223659992218,34.17741012573242,4.381943225860596,-1.4995408058166504,True,73,0.7309701442718506,0.7584511041641235,0.19483812153339386,34.23191452026367,4.196073532104492,-1.4784784317016602,2356,1740
2011_09_26_drive_0015_sync,0000000265,2,0.334661066532135,33.8448600769043,-0.3905348479747772,-1.3271430730819702,False,,,0.0,,,,,2356,1740
2011_09_26_drive_0015_sync,0000000266,0,0.6214560270309448,34.40350341796875,0.5163076519966125,-1.305130124092102,True,75,0.5136566162109375,0.8013259172439575,0.18645404279232025,34.26837158203125,0.5009440183639526,-1.432677984237671,2331,1765
2011_09_26_drive_0015_sync,0000000266,1,0.6834732294082642,31.2474422454834,4.275044918060303,-1.3582918643951416,True,78,0.6760311126708984,0.8283102512359619,0.11625079065561295,31.2782039642334,4.264174938201904,-1.4698705673217773,2331,1765
2011_09_26_drive_0015_sync,0000000266,2,0.5086225271224976,36.310508728027344,20.15956687927246,-1.2603434324264526,True,41,0.37003690004348755,0.8111383318901062,0.1520794779062271,36.161441802978516,20.17877960205078,-1.2835402488708496,2331,1765
2011_09_26_drive_0015_sync,0000000266,3,0.8896669149398804,11.303672790527344,3.7776665687561035,-1.5222249031066895,True,21,0.8513694405555725,0.8765422105789185,0.04850674420595169,11.305601119995117,3.824916362762451,-1.5330250263214111,2331,1765
2011_09_26_drive_0015_sync,0000000267,0,0.8835820555686951,8.668356895446777,3.772862434387207,-1.5533533096313477,True,93,0.8988747000694275,0.9125164747238159,0.0676572397351265,8.625080108642578,3.7218258380889893,-1.5633476972579956,2317,1779
2011_09_26_drive_0015_sync,0000000267,1,0.7504772543907166,34.331180572509766,0.32290104031562805,-1.4645874500274658,True,67,0.7176520228385925,0.7955223321914673,0.13536813855171204,34.303218841552734,0.20134715735912323,-1.4119820594787598,2317,1779
2011_09_26_drive_0015_sync,0000000267,2,0.8231633305549622,28.7052059173584,4.249044418334961,-1.5209343433380127,True,73,0.82058185338974,0.8845857381820679,0.10711675882339478,28.811433792114258,4.246197700500488,-1.5074608325958252,2317,1779
2011_09_26_drive_0015_sync,0000000267,3,0.3185538649559021,34.822547912597656,20.198169708251953,-1.3165748119354248,True,90,0.6116476655006409,0.8095683455467224,0.14078101515769958,34.94742202758789,20.165939331054688,-1.2601217031478882,2317,1779
2011_09_26_drive_0015_sync,0000000268,0,0.8544890880584717,34.26082229614258,0.19611620903015137,-1.5016868114471436,True,56,0.8767077326774597,0.8463400602340698,0.09249386936426163,34.35028076171875,0.17475886642932892,-1.4918805360794067,2355,1741
2011_09_26_drive_0015_sync,0000000268,1,0.8669123649597168,25.900632858276367,4.2406005859375,-1.510575771331787,True,97,0.8663557171821594,0.9459322094917297,0.02151843160390854,25.883573532104492,4.22810697555542,-1.5065842866897583,2355,1741
2011_09_26_drive_0015_sync,0000000268,2,0.823874294757843,5.979578018188477,3.683177947998047,-1.6690901517868042,True,70,0.8444085717201233,0.8195611238479614,0.09789767116308212,5.9716105461120605,3.768643617630005,-1.6220147609710693,2355,1741
2011_09_26_drive_0015_sync,0000000269,0,0.803073525428772,3.3893816471099854,3.659747362136841,-1.6617869138717651,True,78,0.7651427984237671,0.8537532687187195,0.12826859951019287,3.275885581970215,3.6815319061279297,-1.6061370372772217,2347,1749
2011_09_26_drive_0015_sync,0000000269,1,0.9038867950439453,23.16678810119629,4.225757598876953,-1.596854329109192,True,72,0.8833701014518738,0.9252031445503235,0.024839242920279503,23.149436950683594,4.220433712005615,-1.579896092414856,2347,1749
2011_09_26_drive_0015_sync,0000000269,2,0.8367596864700317,34.285484313964844,0.2731025218963623,-1.4321976900100708,True,88,0.8493584394454956,0.8667501211166382,0.08971906453371048,34.31951904296875,0.3560631573200226,-1.4292514324188232,2347,1749
2011_09_26_drive_0015_sync,0000000269,3,0.7241947054862976,31.528125762939453,20.11473274230957,-1.4434560537338257,True,65,0.7974455952644348,0.8592035174369812,0.046009112149477005,31.503759384155273,20.15346336364746,-1.4386543035507202,2347,1749
2011_09_26_drive_0015_sync,0000000269,4,0.6753170490264893,49.871463775634766,20.621015548706055,-1.4165551662445068,True,87,0.5817563533782959,0.919119119644165,0.046926844865083694,49.851924896240234,20.579822540283203,-1.405442237854004,2347,1749
2011_09_26_drive_0015_sync,0000000269,5,0.31747397780418396,41.72107696533203,4.970898151397705,-1.4078991413116455,True,47,0.272469699382782,0.8696861863136292,0.08195804059505463,41.74945068359375,4.900515079498291,-1.3769431114196777,2347,1749
2011_09_26_drive_0015_sync,0000000270,0,0.787298858165741,30.087787628173828,20.168760299682617,-1.4265671968460083,True,85,0.7693474292755127,0.8808587789535522,0.0686260536313057,30.1475887298584,20.1970157623291,-1.408264398574829,2347,1749
2011_09_26_drive_0015_sync,0000000270,1,0.5308384895324707,39.066158294677734,4.480672359466553,-1.4313212633132935,True,10,0.5565230250358582,0.8318662047386169,0.12034483999013901,39.14352798461914,4.395685195922852,-1.4670143127441406,2347,1749
2011_09_26_drive_0015_sync,0000000270,2,0.6990370750427246,0.7618684768676758,3.7205467224121094,-1.698422908782959,True,47,0.6611962914466858,0.8484012484550476,0.10524141043424606,0.8548774123191833,3.710573196411133,-1.650198221206665,2347,1749
2011_09_26_drive_0015_sync,0000000270,3,0.8966228365898132,20.37440299987793,4.107526779174805,-1.5527293682098389,True,79,0.8472057580947876,0.896187424659729,0.05364586040377617,20.329259872436523,4.1334357261657715,-1.539740800857544,2347,1749
2011_09_26_drive_0015_sync,0000000270,4,0.7980222702026367,34.16472625732422,0.6087154746055603,-1.36936354637146,True,25,0.7867093682289124,0.8044170141220093,0.12880584597587585,34.050987243652344,0.654241681098938,-1.4091347455978394,2347,1749
2011_09_26_drive_0015_sync,0000000271,0,0.3442303538322449,46.775569915771484,20.42603302001953,-1.1714608669281006,True,52,0.04627271369099617,0.5837277770042419,0.29368793964385986,46.75593185424805,20.157663345336914,-1.0537974834442139,2359,1737
2011_09_26_drive_0015_sync,0000000271,1,0.9072719216346741,17.69753646850586,4.087986946105957,-1.5518310070037842,True,91,0.8953487873077393,0.888184130191803,0.08228468894958496,17.687236785888672,4.167773246765137,-1.569117784500122,2359,1737
2011_09_26_drive_0015_sync,0000000271,2,0.7230658531188965,-0.5621495246887207,4.570599555969238,-1.6642640829086304,True,11,0.4081539213657379,0.5178185701370239,0.5123654007911682,-0.8217213153839111,4.1356329917907715,-1.7413668632507324,2359,1737
2011_09_26_drive_0015_sync,0000000271,3,0.8117707371711731,28.64361572265625,20.115089416503906,-1.445627212524414,True,88,0.8069887161254883,0.8338277339935303,0.09287089854478836,28.673967361450195,20.196706771850586,-1.4133411645889282,2359,1737
2011_09_26_drive_0015_sync,0000000271,4,0.8223295211791992,34.328697204589844,0.5342892408370972,-1.3671143054962158,True,27,0.8024324774742126,0.7642378211021423,0.17815040051937103,34.31007766723633,0.36211544275283813,-1.408912181854248,2359,1737
2011_09_26_drive_0015_sync,0000000271,5,0.5285348296165466,36.10236358642578,4.979853630065918,-1.391278862953186,True,75,0.3781113028526306,0.6624992489814758,0.3205561637878418,36.26203536987305,4.701895713806152,-1.390526294708252,2359,1737
2011_09_26_drive_0015_sync,0000000272,0,0.8464013338088989,27.001068115234375,20.03927230834961,-1.4525747299194336,True,77,0.8768943548202515,0.8540812134742737,0.07486854493618011,26.926801681518555,20.04861831665039,-1.4541393518447876,2450,1646
2011_09_26_drive_0015_sync,0000000272,1,0.8862400650978088,14.989581108093262,4.051729679107666,-1.59112548828125,True,94,0.8941272497177124,0.9350951910018921,0.023258937522768974,14.987464904785156,4.047013759613037,-1.6138027906417847,2450,1646
2011_09_26_drive_0015_sync,0000000272,2,0.8203496336936951,33.76877212524414,4.173496723175049,-1.4812707901000977,True,58,0.8225832581520081,0.9592989087104797,0.04824675992131233,33.816497802734375,4.17259407043457,-1.488284707069397,2450,1646
2011_09_26_drive_0015_sync,0000000272,3,0.7726238369941711,34.053749084472656,0.49303629994392395,-1.378824234008789,True,36,0.7825785279273987,0.8165026307106018,0.0861876979470253,34.07194519042969,0.577269434928894,-1.3774099349975586,2450,1646
2011_09_26_drive_0015_sync,0000000273,0,0.7311912178993225,31.129863739013672,4.056438446044922,-1.3841956853866577,True,84,0.7455669045448303,0.5176575779914856,0.474636435508728,30.827617645263672,4.420952320098877,-1.351689100265503,2444,1652
2011_09_26_drive_0015_sync,0000000273,1,0.9053668975830078,12.132586479187012,4.009605884552002,-1.626773476600647,True,70,0.9000409245491028,0.9059958457946777,0.05567694827914238,12.188224792480469,4.011141777038574,-1.625380039215088,2444,1652
2011_09_26_drive_0015_sync,0000000273,2,0.7863143086433411,25.461793899536133,20.090709686279297,-1.5333601236343384,True,41,0.8134427666664124,0.907275378704071,0.0630042776465416,25.39888572692871,20.090486526489258,-1.5368316173553467,2444,1652
2011_09_26_drive_0015_sync,0000000273,3,0.7872904539108276,33.97957992553711,0.33894431591033936,-1.3097591400146484,True,80,0.6932298541069031,0.923082709312439,0.04915529489517212,33.93439865112305,0.3385035991668701,-1.2904019355773926,2444,1652
2011_09_26_drive_0015_sync,0000000274,0,0.7174474000930786,23.943767547607422,20.024471282958984,-1.5414316654205322,True,59,0.8134238719940186,0.8410828113555908,0.07001157104969025,23.89822006225586,20.006471633911133,-1.4914010763168335,2356,1740
2011_09_26_drive_0015_sync,0000000274,1,0.7998909950256348,28.34517478942871,3.9766621589660645,-1.5398716926574707,True,76,0.7918561697006226,0.7447437047958374,0.3273094594478607,28.028350830078125,3.8952767848968506,-1.5284488201141357,2356,1740
2011_09_26_drive_0015_sync,0000000274,2,0.7291491627693176,33.65870666503906,0.3857786953449249,-1.4411218166351318,True,87,0.7898116707801819,0.7274414896965027,0.21422536671161652,33.788421630859375,0.22245275974273682,-1.4900214672088623,2356,1740
2011_09_26_drive_0015_sync,0000000274,3,0.9045446515083313,9.405733108520508,4.018124580383301,-1.6089376211166382,True,22,0.9149615168571472,0.9210166335105896,0.0726100280880928,9.469045639038086,4.05117130279541,-1.6220393180847168,2356,1740
2011_09_26_drive_0015_sync,0000000275,0,0.8464381098747253,22.442649841308594,19.95667839050293,-1.5129650831222534,True,8,0.8532384634017944,0.9297122359275818,0.03861517459154129,22.405872344970703,19.94684410095215,-1.5064971446990967,2351,1745
2011_09_26_drive_0015_sync,0000000275,1,0.887138307094574,6.820919990539551,3.9751815795898438,-1.6841683387756348,True,31,0.8957036733627319,0.9053448438644409,0.03825153037905693,6.791532516479492,3.9538464546203613,-1.6721529960632324,2351,1745
2011_09_26_drive_0015_sync,0000000275,2,0.7889673709869385,33.79480743408203,-0.08795257657766342,-1.414954423904419,True,93,0.8097828030586243,0.9126219749450684,0.08087722957134247,33.72042465209961,-0.10178307443857193,-1.3863704204559326,2351,1745
2011_09_26_drive_0015_sync,0000000275,3,0.7448591589927673,40.40837478637695,20.014345169067383,-1.3115136623382568,True,57,0.7706319689750671,0.8800854682922363,0.022829610854387283,40.39076232910156,20.024858474731445,-1.3215367794036865,2351,1745
2011_09_26_drive_0015_sync,0000000275,4,0.7944628596305847,25.644100189208984,4.002557277679443,-1.516168236732483,True,76,0.7707284688949585,0.751879870891571,0.11767514050006866,25.59963607788086,3.935227632522583,-1.6018251180648804,2351,1745
2011_09_26_drive_0015_sync,0000000276,0,0.7214180827140808,45.51057052612305,4.385809898376465,-1.320375919342041,True,90,0.6897248029708862,0.5936429500579834,0.2158379852771759,45.365638732910156,4.284822463989258,-1.444401502609253,2372,1724
2011_09_26_drive_0015_sync,0000000276,1,0.6468583345413208,38.98979568481445,20.120590209960938,-1.267588496208191,True,97,0.7491804957389832,0.8954466581344604,0.035451602190732956,39.002296447753906,20.1441707611084,-1.2909231185913086,2372,1724
2011_09_26_drive_0015_sync,0000000276,2,0.7622371315956116,33.761871337890625,0.2343716323375702,-1.4444119930267334,True,96,0.8317258954048157,0.7953090667724609,0.16020487248897552,33.86159896850586,0.33561059832572937,-1.5183759927749634,2372,1724
2011_09_26_drive_0015_sync,0000000276,3,0.8835996389389038,22.831703186035156,4.01278829574585,-1.6218658685684204,True,69,0.8680360317230225,0.9225285053253174,0.09172506630420685,22.913223266601562,4.000111103057861,-1.5817753076553345,2372,1724
2011_09_26_drive_0015_sync,0000000276,4,0.7784042358398438,20.81358528137207,19.959091186523438,-1.6212090253829956,True,67,0.7447261214256287,0.9033700823783875,0.06725052744150162,20.806068420410156,19.951374053955078,-1.5548269748687744,2372,1724
2011_09_26_drive_0015_sync,0000000276,5,0.9000409841537476,4.277952671051025,3.959601879119873,-1.643430233001709,True,94,0.8896476030349731,0.8958980441093445,0.09134943783283234,4.193556308746338,3.9426891803741455,-1.6740232706069946,2372,1724
2011_09_26_drive_0015_sync,0000000277,0,0.667357325553894,33.544376373291016,0.20052330195903778,-1.4265106916427612,True,74,0.7320522665977478,0.8467845916748047,0.10036973655223846,33.60232925415039,0.14668309688568115,-1.488290786743164,2315,1781
2011_09_26_drive_0015_sync,0000000277,1,0.5875548124313354,42.814292907714844,4.122823238372803,-1.277127981185913,True,69,0.5839961171150208,0.6892939209938049,0.2957926392555237,43.028160095214844,4.322387218475342,-1.3210406303405762,2315,1781
2011_09_26_drive_0015_sync,0000000277,2,0.8078646659851074,19.346220016479492,19.918865203857422,-1.4941885471343994,True,49,0.8682324290275574,0.7841919660568237,0.1569816768169403,19.27818489074707,19.94519805908203,-1.6331887245178223,2315,1781
2011_09_26_drive_0015_sync,0000000277,3,0.8529998660087585,20.06409454345703,3.945997953414917,-1.6276369094848633,True,95,0.8580687642097473,0.8412164449691772,0.1715548187494278,20.216691970825195,3.950425624847412,-1.5493714809417725,2315,1781
2011_09_26_drive_0015_sync,0000000277,4,0.8824072480201721,1.7617874145507812,3.886435031890869,-1.6950119733810425,True,30,0.8805416822433472,0.9224802255630493,0.059296637773513794,1.7073878049850464,3.89798903465271,-1.674438238143921,2315,1781
2011_09_26_drive_0015_sync,0000000278,0,0.841008722782135,33.56151580810547,0.42039796710014343,-1.5200014114379883,True,76,0.8428716063499451,0.9782904982566833,0.0137459272518754,33.56195831298828,0.43330255150794983,-1.515286922454834,2391,1705
2011_09_26_drive_0015_sync,0000000278,1,0.6073808670043945,-0.48476913571357727,4.298995494842529,-1.7535970211029053,False,,,0.0,,,,,2391,1705
2011_09_26_drive_0015_sync,0000000278,2,0.7281008958816528,39.99653244018555,3.9274792671203613,-1.412834644317627,True,86,0.7143551111221313,0.7751363515853882,0.18816113471984863,39.83269500732422,3.842796564102173,-1.450127363204956,2391,1705
2011_09_26_drive_0015_sync,0000000278,3,0.821952760219574,17.641218185424805,19.944299697875977,-1.5684964656829834,True,45,0.8395933508872986,0.9126120805740356,0.029159631580114365,17.655193328857422,19.964372634887695,-1.5843727588653564,2391,1705
2011_09_26_drive_0015_sync,0000000278,4,0.674881637096405,35.686683654785156,19.98564338684082,-1.3967357873916626,True,55,0.6521863341331482,0.820159375667572,0.09334760159254074,35.74864196777344,19.986875534057617,-1.3269258737564087,2391,1705
2011_09_26_drive_0015_sync,0000000278,5,0.858596682548523,17.279598236083984,3.9238319396972656,-1.5678584575653076,True,62,0.8558012247085571,0.8554972410202026,0.02468947507441044,17.288654327392578,3.9202144145965576,-1.5905404090881348,2391,1705
2011_09_26_drive_0015_sync,0000000279,0,0.9038475155830383,14.446985244750977,3.917229175567627,-1.6125237941741943,True,34,0.892206072807312,0.8849131464958191,0.07342129945755005,14.406245231628418,3.861945867538452,-1.6384986639022827,2465,1631
2011_09_26_drive_0015_sync,0000000279,1,0.8377412557601929,33.63728713989258,-0.0931364893913269,-1.4748739004135132,True,38,0.8515466451644897,0.8942978978157043,0.05080200731754303,33.60737609863281,-0.06051570177078247,-1.4998149871826172,2465,1631
2011_09_26_drive_0015_sync,0000000279,2,0.3349491357803345,35.278053283691406,-27.029905319213867,-2.993197441101074,True,36,0.29901376366615295,0.9867127537727356,0.008741511963307858,35.27001953125,-27.028642654418945,-2.996403455734253,2465,1631
2011_09_26_drive_0015_sync,0000000279,3,0.431930810213089,39.37836837768555,19.75129508972168,-1.1866480112075806,True,73,0.5606135725975037,0.7873475551605225,0.12258175760507584,39.39373016357422,19.66846466064453,-1.2756953239440918,2465,1631
2011_09_26_drive_0015_sync,0000000279,4,0.7691526412963867,37.26911163330078,3.960875988006592,-1.4052187204360962,True,66,0.7941335439682007,0.9362213015556335,0.047126736491918564,37.25395202636719,4.003364562988281,-1.3915865421295166,2465,1631
2011_09_26_drive_0015_sync,0000000279,5,0.7138785123825073,34.095550537109375,20.003517150878906,-1.2700599431991577,True,58,0.7595052719116211,0.9136717915534973,0.0512898713350296,34.110595703125,20.05013084411621,-1.2852736711502075,2465,1631
2011_09_26_drive_0015_sync,0000000279,6,0.8497017025947571,16.180150985717773,19.93869972229004,-1.5813288688659668,True,91,0.8668754696846008,0.8796841502189636,0.10389786213636398,16.260623931884766,19.915510177612305,-1.6428196430206299,2465,1631
2011_09_26_drive_0015_sync,0000000280,0,0.8344063758850098,33.41555404663086,0.30687791109085083,-1.5339398384094238,True,44,0.8259008526802063,0.8660929799079895,0.13375526666641235,33.287654876708984,0.2858462333679199,-1.5009255409240723,2509,1587
2011_09_26_drive_0015_sync,0000000280,1,0.7692614197731018,38.18605041503906,19.83174705505371,-1.3018262386322021,True,9,0.7193401455879211,0.8735716938972473,0.0841871127486229,38.103389739990234,19.844932556152344,-1.2928359508514404,2509,1587
2011_09_26_drive_0015_sync,0000000280,2,0.8000546097755432,14.625312805175781,20.078899383544922,-1.5907986164093018,True,71,0.8070574998855591,0.7711696624755859,0.12325124442577362,14.594148635864258,19.976499557495117,-1.5296926498413086,2509,1587
2011_09_26_drive_0015_sync,0000000280,3,0.8080023527145386,32.60739517211914,19.96483612060547,-1.397852897644043,True,97,0.7771410346031189,0.8665100932121277,0.10080817341804504,32.54526901245117,19.975126266479492,-1.3191335201263428,2509,1587
2011_09_26_drive_0015_sync,0000000280,4,0.875061571598053,11.755827903747559,3.8582730293273926,-1.62321937084198,True,59,0.8710569739341736,0.9370699524879456,0.03865380585193634,11.787280082702637,3.877455711364746,-1.6115188598632812,2509,1587
2011_09_26_drive_0015_sync,0000000280,5,0.8178634643554688,34.6084098815918,3.9125852584838867,-1.452345609664917,True,87,0.8280324339866638,0.8875753879547119,0.08897412568330765,34.58891677856445,3.9993977546691895,-1.4522815942764282,2509,1587
2011_09_26_drive_0015_sync,0000000281,0,0.8632996082305908,31.032026290893555,19.963441848754883,-1.3529365062713623,True,31,0.8480998277664185,0.8851398825645447,0.03613388538360596,31.054113388061523,19.976076126098633,-1.378591775894165,2400,1696
2011_09_26_drive_0015_sync,0000000281,1,0.6317422389984131,31.867338180541992,3.987215042114258,-1.7169387340545654,True,90,0.7840493321418762,0.621074914932251,0.3630611002445221,32.15736389160156,3.9005258083343506,-1.5164806842803955,2400,1696
2011_09_26_drive_0015_sync,0000000281,2,0.6079406142234802,36.54593276977539,20.043045043945312,-1.3350714445114136,True,67,0.4633241593837738,0.8342552185058594,0.19863075017929077,36.728668212890625,20.11110496520996,-1.372883915901184,2400,1696
2011_09_26_drive_0015_sync,0000000281,3,0.79576176404953,33.415714263916016,0.30939194560050964,-1.467162013053894,True,63,0.8064632415771484,0.9268681406974792,0.06242111697793007,33.373802185058594,0.26322993636131287,-1.4701356887817383,2400,1696
2011_09_26_drive_0015_sync,0000000281,4,0.8640618324279785,13.054398536682129,19.953731536865234,-1.6006190776824951,True,17,0.8677555918693542,0.8984493017196655,0.04730752110481262,13.010588645935059,19.938085556030273,-1.609215497970581,2400,1696
2011_09_26_drive_0015_sync,0000000281,5,0.8788831233978271,9.017496109008789,3.840101718902588,-1.652966022491455,True,77,0.8765179514884949,0.9327912926673889,0.061778344213962555,8.981334686279297,3.8263964653015137,-1.6047884225845337,2400,1696
2011_09_26_drive_0015_sync,0000000282,0,0.8790708184242249,6.391132354736328,3.7892918586730957,-1.6457231044769287,True,73,0.8853353261947632,0.8749041557312012,0.09201424568891525,6.362763404846191,3.8764681816101074,-1.6378419399261475,2330,1766
2011_09_26_drive_0015_sync,0000000282,1,0.8464637994766235,11.583272933959961,19.909761428833008,-1.6808382272720337,True,49,0.8314979672431946,0.8915351629257202,0.09198807179927826,11.630151748657227,19.913286209106445,-1.75990629196167,2330,1766
2011_09_26_drive_0015_sync,0000000282,2,0.6052953600883484,33.04501724243164,0.22045139968395233,-1.4827568531036377,True,60,0.47868335247039795,0.8135018944740295,0.14342063665390015,32.917598724365234,0.28101593255996704,-1.4569510221481323,2330,1766
2011_09_26_drive_0015_sync,0000000282,3,0.8589484095573425,29.13558006286621,3.94184947013855,-1.5432932376861572,True,90,0.8083345890045166,0.8677377104759216,0.13585315644741058,29.270822525024414,3.9483957290649414,-1.532216191291809,2330,1766
2011_09_26_drive_0015_sync,0000000283,0,0.6056622266769409,32.91947937011719,0.28116512298583984,-1.3974204063415527,True,43,0.7016061544418335,0.6514005064964294,0.2514761686325073,33.03797149658203,0.34621161222457886,-1.6094789505004883,2258,1838
2011_09_26_drive_0015_sync,0000000283,1,0.6933185458183289,3.748319149017334,3.8134336471557617,-1.7179502248764038,True,47,0.7644667029380798,0.907797634601593,0.06753747910261154,3.7939958572387695,3.856473207473755,-1.6929993629455566,2258,1838
2011_09_26_drive_0015_sync,0000000283,2,0.8088076114654541,10.021595001220703,19.950227737426758,-1.7783123254776,True,58,0.8291316032409668,0.855455219745636,0.11438274383544922,9.933097839355469,19.979469299316406,-1.7120054960250854,2258,1838
2011_09_26_drive_0015_sync,0000000283,3,0.5423820614814758,33.418758392333984,19.684871673583984,-1.4782534837722778,True,66,0.09119917452335358,0.7231072783470154,0.28050100803375244,33.148006439208984,19.74095916748047,-1.4310476779937744,2258,1838
2011_09_26_drive_0015_sync,0000000283,4,0.857741117477417,26.493207931518555,3.994676113128662,-1.5768637657165527,True,57,0.88142329454422,0.868445098400116,0.11135350912809372,26.3918399810791,3.9487829208374023,-1.5726262331008911,2258,1838
2011_09_26_drive_0015_sync,0000000284,0,0.7100968956947327,31.57499122619629,19.932373046875,-1.4188683032989502,True,88,0.7897740006446838,0.5833462476730347,0.5463656187057495,32.117252349853516,19.966859817504883,-1.361606240272522,2124,1972
2011_09_26_drive_0015_sync,0000000284,1,0.7974920868873596,32.93296432495117,0.1973881870508194,-1.3248963356018066,True,74,0.7921928763389587,0.7680180668830872,0.2383510023355484,33.146888732910156,0.15499596297740936,-1.4210755825042725,2124,1972
2011_09_26_drive_0015_sync,0000000284,2,0.605258584022522,1.0319074392318726,3.746434211730957,-1.7088764905929565,True,97,0.47587108612060547,0.6850979328155518,0.11506296694278717,0.9350159168243408,3.7898600101470947,-1.7532129287719727,2124,1972
2011_09_26_drive_0015_sync,0000000284,3,0.8887394070625305,23.743284225463867,3.93776798248291,-1.6196460723876953,True,21,0.8627855181694031,0.8831915855407715,0.07446067035198212,23.806842803955078,3.9453508853912354,-1.6576881408691406,2124,1972
2011_09_26_drive_0015_sync,0000000284,4,0.8767849206924438,26.30067253112793,19.907018661499023,-1.4923616647720337,True,94,0.8737607002258301,0.8965543508529663,0.07312482595443726,26.351015090942383,19.945476531982422,-1.4558396339416504,2124,1972
2011_09_26_drive_0015_sync,0000000285,0,0.8648012280464172,24.702999114990234,19.913835525512695,-1.396048665046692,True,39,0.8610119819641113,0.8376086950302124,0.1386047601699829,24.829139709472656,19.964115142822266,-1.4238297939300537,2299,1797
2011_09_26_drive_0015_sync,0000000285,1,0.7750763297080994,33.04616928100586,0.03133422136306763,-1.6270184516906738,True,58,0.7481771111488342,0.7413336634635925,0.19561979174613953,32.92700958251953,-0.07544950395822525,-1.5144782066345215,2299,1797
2011_09_26_drive_0015_sync,0000000285,2,0.8657049536705017,20.929962158203125,3.8692469596862793,-1.5552897453308105,True,68,0.8473003506660461,0.8880037665367126,0.11447027325630188,20.8197078704834,3.850944995880127,-1.5800379514694214,2299,1797
2011_09_26_drive_0015_sync,0000000285,3,0.8840785026550293,6.846234321594238,19.827852249145508,-1.6274913549423218,True,43,0.8303541541099548,0.7814018726348877,0.1529533863067627,6.9349365234375,19.94523048400879,-1.6693124771118164,2299,1797
2011_09_26_drive_0015_sync,0000000285,4,0.7813615798950195,30.40327262878418,19.882431030273438,-1.4033015966415405,True,94,0.5594236254692078,0.7855799794197083,0.2001240998506546,30.230623245239258,19.781232833862305,-1.4041779041290283,2299,1797
2011_09_26_drive_0015_sync,0000000285,5,0.4315052926540375,-1.3742867708206177,4.04571008682251,-1.5576751232147217,True,75,0.3445037305355072,0.5703635215759277,0.37875232100486755,-1.0740326642990112,4.255495071411133,-1.6540651321411133,2299,1797
2011_09_26_drive_0015_sync,0000000286,0,0.8304605484008789,5.2449188232421875,19.881820678710938,-1.6207845211029053,True,44,0.855440080165863,0.859127938747406,0.1184169128537178,5.347806453704834,19.86026382446289,-1.6753005981445312,2465,1631
2011_09_26_drive_0015_sync,0000000286,1,0.5843065977096558,32.74494552612305,0.0017439723014831543,-1.6027041673660278,True,61,0.7725303173065186,0.7685287594795227,0.17995385825634003,32.89295196533203,0.09312716871500015,-1.556589126586914,2465,1631
2011_09_26_drive_0015_sync,0000000286,2,0.8020743727684021,28.612632751464844,19.80099868774414,-1.3786176443099976,True,79,0.7647152543067932,0.8788378834724426,0.06039644032716751,28.64162826538086,19.774709701538086,-1.4246163368225098,2465,1631
2011_09_26_drive_0015_sync,0000000286,3,0.8995997309684753,18.309553146362305,3.9547338485717773,-1.6811323165893555,True,25,0.8884192109107971,0.9082273840904236,0.04686819389462471,18.269132614135742,3.939023017883301,-1.6633565425872803,2465,1631
2011_09_26_drive_0015_sync,0000000286,4,0.8577319383621216,23.230815887451172,19.89786148071289,-1.4878530502319336,True,48,0.838553786277771,0.8842841386795044,0.03789394348859787,23.215839385986328,19.86354637145996,-1.482011079788208,2465,1631
2011_09_26_drive_0015_sync,0000000287,0,0.7961915135383606,21.657352447509766,19.889080047607422,-1.4942755699157715,True,93,0.8188186287879944,0.8504229187965393,0.08224904537200928,21.683435440063477,19.89984130859375,-1.4170176982879639,2442,1654
2011_09_26_drive_0015_sync,0000000287,1,0.7692121863365173,26.943790435791016,19.736284255981445,-1.4762141704559326,True,3,0.7512613534927368,0.8075359463691711,0.1339055597782135,27.01336097717285,19.78690528869629,-1.3736073970794678,2442,1654
2011_09_26_drive_0015_sync,0000000287,2,0.8933155536651611,15.531883239746094,3.9263854026794434,-1.6519484519958496,True,96,0.8862498998641968,0.8244971632957458,0.17773428559303284,15.703715324401855,3.9552128314971924,-1.6168458461761475,2442,1654
2011_09_26_drive_0015_sync,0000000287,3,0.8103102445602417,3.6285557746887207,19.939617156982422,-1.6725091934204102,True,98,0.8232072591781616,0.7858043313026428,0.13215863704681396,3.7031912803649902,19.832134246826172,-1.691025972366333,2442,1654
2011_09_26_drive_0015_sync,0000000287,4,0.8021981120109558,32.799888610839844,0.09194386750459671,-1.4725561141967773,True,7,0.844336748123169,0.8750706315040588,0.08172252774238586,32.8458366394043,0.024956464767456055,-1.4815025329589844,2442,1654
2011_09_26_drive_0015_sync,0000000288,0,0.56063312292099,26.03729248046875,19.75766944885254,-1.387892723083496,True,55,0.6022886633872986,0.8474211692810059,0.06736008822917938,26.03289031982422,19.764537811279297,-1.321028470993042,2463,1633
2011_09_26_drive_0015_sync,0000000288,1,0.8830465078353882,20.016267776489258,19.889366149902344,-1.4640798568725586,True,64,0.8675096035003662,0.9272667765617371,0.038458846509456635,20.030019760131836,19.885393142700195,-1.4283841848373413,2463,1633
2011_09_26_drive_0015_sync,0000000288,2,0.8314787745475769,32.652008056640625,0.1447027325630188,-1.4593422412872314,True,78,0.809301495552063,0.7489947080612183,0.14947818219661713,32.68964767456055,0.24027107656002045,-1.3507435321807861,2463,1633
2011_09_26_drive_0015_sync,0000000288,3,0.8987706899642944,12.82726001739502,3.919377565383911,-1.6243665218353271,True,61,0.896242618560791,0.8634002804756165,0.04916364699602127,12.85284423828125,3.900116205215454,-1.5870635509490967,2463,1633
2011_09_26_drive_0015_sync,0000000288,4,0.7393860220909119,1.7041550874710083,19.804893493652344,-1.6905477046966553,True,86,0.5982919931411743,0.796482503414154,0.265560120344162,1.9575358629226685,19.860780715942383,-1.7470895051956177,2463,1633
2011_09_26_drive_0015_sync,0000000289,0,0.8522493839263916,24.268611907958984,19.9042911529541,-1.3013253211975098,True,27,0.7768288254737854,0.8993960618972778,0.06217092275619507,24.23583221435547,19.88303565979004,-1.3496876955032349,2470,1626
2011_09_26_drive_0015_sync,0000000289,1,0.8976197242736816,18.515132904052734,19.875892639160156,-1.454161524772644,True,86,0.8773608803749084,0.922318160533905,0.03323410451412201,18.542781829833984,19.89040756225586,-1.4655351638793945,2470,1626
2011_09_26_drive_0015_sync,0000000289,2,0.7644039392471313,32.7369270324707,0.35533571243286133,-1.331441879272461,True,48,0.7406220436096191,0.7100421190261841,0.23328913748264313,32.653743743896484,0.1374138593673706,-1.3352406024932861,2470,1626
2011_09_26_drive_0015_sync,0000000289,3,0.9116544723510742,10.186616897583008,3.879488706588745,-1.6731442213058472,True,33,0.8971084356307983,0.896859884262085,0.053362034261226654,10.195425987243652,3.9063327312469482,-1.6278749704360962,2470,1626
2011_09_26_drive_0015_sync,0000000290,0,0.9064080715179443,7.480952739715576,3.90102481842041,-1.6457550525665283,True,93,0.9071352481842041,0.9235122799873352,0.04860183596611023,7.4812188148498535,3.8917181491851807,-1.5980533361434937,2375,1721
2011_09_26_drive_0015_sync,0000000290,1,0.8711799383163452,32.75287628173828,-0.1471167951822281,-1.4740607738494873,True,72,0.8749427199363708,0.8621914982795715,0.11672160029411316,32.85324478149414,-0.08763103187084198,-1.4774580001831055,2375,1721
2011_09_26_drive_0015_sync,0000000290,2,0.8088849186897278,22.64156150817871,19.823179244995117,-1.3042426109313965,True,92,0.8594345450401306,0.8630781173706055,0.09245426207780838,22.552265167236328,19.82443618774414,-1.3281669616699219,2375,1721
2011_09_26_drive_0015_sync,0000000290,3,0.8467180728912354,16.797216415405273,19.866985321044922,-1.3934426307678223,True,54,0.8816006183624268,0.8914192318916321,0.08266662806272507,16.86600112915039,19.822330474853516,-1.403853178024292,2375,1721
2011_09_26_drive_0015_sync,0000000291,0,0.8441271185874939,21.129066467285156,19.82393455505371,-1.4368014335632324,True,62,0.8588355779647827,0.8960999250411987,0.07767251878976822,21.058826446533203,19.818632125854492,-1.404071569442749,2416,1680
2011_09_26_drive_0015_sync,0000000291,1,0.8312307000160217,32.539093017578125,0.0792011171579361,-1.318804383277893,True,66,0.8145678043365479,0.845638632774353,0.10559654235839844,32.57548904418945,0.17767950892448425,-1.330116629600525,2416,1680
2011_09_26_drive_0015_sync,0000000291,2,0.8653639554977417,15.337071418762207,19.841148376464844,-1.4348258972167969,True,69,0.875320315361023,0.9336121678352356,0.012461772188544273,15.325698852539062,19.8438663482666,-1.430516242980957,2416,1680
2011_09_26_drive_0015_sync,0000000291,3,0.8985979557037354,4.83083963394165,3.88203501701355,-1.6973552703857422,True,85,0.899066686630249,0.9143902063369751,0.1001824215054512,4.920220375061035,3.8820154666900635,-1.6521048545837402,2416,1680
2011_09_26_drive_0015_sync,0000000292,0,0.8901985287666321,13.809240341186523,19.81875991821289,-1.3818111419677734,True,46,0.8801593780517578,0.8770942091941833,0.06354981660842896,13.856070518493652,19.829267501831055,-1.4234657287597656,2329,1767
2011_09_26_drive_0015_sync,0000000292,1,0.6212954521179199,19.94980812072754,19.758644104003906,-1.3109873533248901,True,28,0.7174733281135559,0.8156399726867676,0.20501497387886047,19.750446319580078,19.782913208007812,-1.3521822690963745,2329,1767
2011_09_26_drive_0015_sync,0000000292,2,0.899028480052948,2.298029899597168,3.8331520557403564,-1.738710641860962,True,59,0.8974036574363708,0.9300445914268494,0.023328149691224098,2.3174681663513184,3.844021797180176,-1.7317676544189453,2329,1767
2011_09_26_drive_0015_sync,0000000292,3,0.8518104553222656,32.520301818847656,0.030019622296094894,-1.4218788146972656,True,92,0.8724101185798645,0.8549258708953857,0.10017064958810806,32.520294189453125,-0.07014399766921997,-1.4206925630569458,2329,1767
2011_09_26_drive_0015_sync,0000000293,0,0.8332447409629822,32.26715087890625,0.11081622540950775,-1.2136762142181396,True,55,0.8174512386322021,0.8611410856246948,0.1222955510020256,32.15892028808594,0.16091322898864746,-1.1866090297698975,2335,1761
2011_09_26_drive_0015_sync,0000000293,1,0.8787636160850525,18.13628578186035,19.802902221679688,-1.3860340118408203,True,72,0.8588462471961975,0.8244184255599976,0.3097846508026123,17.830663681030273,19.7587833404541,-1.4108368158340454,2335,1761
2011_09_26_drive_0015_sync,0000000293,2,0.8297870755195618,12.301400184631348,19.862136840820312,-1.4953372478485107,True,6,0.8794774413108826,0.8814629316329956,0.07421889156103134,12.255541801452637,19.807432174682617,-1.5156559944152832,2335,1761
2011_09_26_drive_0015_sync,0000000293,3,0.7329930663108826,0.010600373148918152,3.8126771450042725,-1.723908543586731,True,70,0.7584879994392395,0.8245697021484375,0.14753074944019318,0.12848752737045288,3.736917018890381,-1.6777745485305786,2335,1761
2011_09_26_drive_0015_sync,0000000294,0,0.8311004638671875,32.247684478759766,0.06792879849672318,-1.5254789590835571,True,95,0.844920814037323,0.8180649280548096,0.13454978168010712,32.34092712402344,0.163742795586586,-1.5406160354614258,2494,1602
2011_09_26_drive_0015_sync,0000000294,1,0.8953582644462585,10.77753734588623,19.77849578857422,-1.476284384727478,True,70,0.8802484273910522,0.7572208046913147,0.14968149363994598,10.70499038696289,19.880210876464844,-1.5587193965911865,2494,1602
2011_09_26_drive_0015_sync,0000000294,2,0.8361186385154724,16.360971450805664,19.746051788330078,-1.3333417177200317,True,43,0.8146329522132874,0.8985795974731445,0.0915619432926178,16.43644905090332,19.735595703125,-1.3841097354888916,2494,1602
2011_09_26_drive_0015_sync,0000000295,0,0.8439571857452393,9.163053512573242,19.895374298095703,-1.527971863746643,True,92,0.8317161798477173,0.8424434065818787,0.09402565658092499,9.237055778503418,19.843395233154297,-1.5537141561508179,2423,1673
2011_09_26_drive_0015_sync,0000000295,1,0.8584861159324646,14.848556518554688,19.74538803100586,-1.48850417137146,True,82,0.860913872718811,0.8450525403022766,0.13445451855659485,14.914555549621582,19.786327362060547,-1.3787493705749512,2423,1673
2011_09_26_drive_0015_sync,0000000295,2,0.4619334638118744,31.581039428710938,-1.331892728805542,-1.4744853973388672,False,,,0.0,,,,,2423,1673
2011_09_26_drive_0015_sync,0000000296,0,0.882347583770752,7.6225996017456055,19.808063507080078,-1.484006643295288,True,71,0.8708698153495789,0.8669248223304749,0.1282598376274109,7.745823383331299,19.828218460083008,-1.4546763896942139,2036,2060
2011_09_26_drive_0015_sync,0000000296,1,0.8443834781646729,32.15546798706055,0.16145816445350647,-1.4558337926864624,True,56,0.8576646447181702,0.8463302850723267,0.11519093066453934,32.13414764404297,0.05458797886967659,-1.4931588172912598,2036,2060
2011_09_26_drive_0015_sync,0000000296,2,0.8387380242347717,13.32426929473877,19.819740295410156,-1.443995475769043,True,94,0.8882454633712769,0.867982029914856,0.0647248923778534,13.371932983398438,19.78156089782715,-1.4225521087646484,2036,2060
2011_09_26_drive_0017_sync,0000000000,0,0.5078545212745667,-1.2293789386749268,-8.387161254882812,-1.7465722560882568,True,16,0.5078545212745667,1.0,0.0,-1.2293789386749268,-8.387161254882812,-1.7465722560882568,0,0
2011_09_26_drive_0017_sync,0000000000,1,0.8674785494804382,13.08856201171875,-3.9420766830444336,-1.632840871810913,True,32,0.8674785494804382,1.0,0.0,13.08856201171875,-3.9420766830444336,-1.632840871810913,0,0
2011_09_26_drive_0017_sync,0000000000,2,0.7798231244087219,19.36927604675293,32.94601821899414,-1.0150279998779297,True,53,0.7798231244087219,1.0,0.0,19.36927604675293,32.94601821899414,-1.0150279998779297,0,0
2011_09_26_drive_0017_sync,0000000000,3,0.8589375019073486,16.662172317504883,14.318016052246094,-1.508656620979309,True,75,0.8589375019073486,1.0,0.0,16.662172317504883,14.318016052246094,-1.508656620979309,0,0
2011_09_26_drive_0017_sync,0000000001,0,0.8717095851898193,12.935866355895996,-5.098893165588379,-1.6373076438903809,True,24,0.8838760852813721,0.8993385434150696,0.06068219617009163,12.899747848510742,-5.061929702758789,-1.605503797531128,3248,848
2011_09_26_drive_0017_sync,0000000001,1,0.7044966220855713,16.817018508911133,-20.65238380432129,-1.8465521335601807,True,35,0.7483593821525574,0.8028725981712341,0.1144094318151474,16.8734073638916,-20.580265045166016,-1.7779321670532227,3248,848
2011_09_26_drive_0017_sync,0000000001,2,0.8367648124694824,16.4868106842041,13.333650588989258,-1.5118213891983032,True,67,0.8535062670707703,0.8411713242530823,0.13988590240478516,16.47934341430664,13.19648551940918,-1.538241982460022,3248,848
2011_09_26_drive_0017_sync,0000000002,0,0.8791199326515198,12.578093528747559,-6.100299835205078,-1.621891736984253,True,99,0.8923775553703308,0.9173293113708496,0.05550319701433182,12.611907958984375,-6.134886264801025,-1.5946710109710693,3272,824
2011_09_26_drive_0017_sync,0000000002,1,0.5700039267539978,-1.2886085510253906,-8.448143005371094,-1.745470643043518,True,0,0.5925660133361816,0.7593544721603394,0.16986344754695892,-1.4294253587722778,-8.373031616210938,-1.8036298751831055,3272,824
2011_09_26_drive_0017_sync,0000000002,2,0.8653380870819092,16.34262466430664,12.138630867004395,-1.4689626693725586,True,30,0.8462699055671692,0.8830472230911255,0.0705861896276474,16.322072982788086,12.146434783935547,-1.5360382795333862,3272,824
2011_09_26_drive_0017_sync,0000000002,3,0.30419936776161194,17.06304168701172,-20.53571319580078,-1.7680416107177734,False,,,0.0,,,,,3272,824
2011_09_26_drive_0017_sync,0000000003,0,0.8715735673904419,12.452287673950195,-7.194703578948975,-1.5687670707702637,True,42,0.8847367167472839,0.9249666333198547,0.051756858825683594,12.448290824890137,-7.185390949249268,-1.6195220947265625,3214,882
2011_09_26_drive_0017_sync,0000000003,1,0.5935574173927307,17.03765296936035,-20.523527145385742,-1.7219969034194946,True,74,0.6421166658401489,0.6872611045837402,0.15834638476371765,16.921525955200195,-20.629045486450195,-1.7006902694702148,3214,882
2011_09_26_drive_0017_sync,0000000003,2,0.8372353315353394,16.126785278320312,11.1749267578125,-1.625327229499817,True,15,0.8609360456466675,0.8370208740234375,0.08383122831583023,16.137569427490234,11.094603538513184,-1.6038899421691895,3214,882
2011_09_26_drive_0017_sync,0000000004,0,0.8843458890914917,12.19819450378418,-8.271919250488281,-1.6640523672103882,True,51,0.8582313656806946,0.9162195324897766,0.05683797597885132,12.208341598510742,-8.216772079467773,-1.6547582149505615,3276,820
2011_09_26_drive_0017_sync,0000000004,1,0.7874792218208313,15.973442077636719,10.073610305786133,-1.571502685546875,True,14,0.8610500693321228,0.7927698493003845,0.10946926474571228,16.010616302490234,10.170035362243652,-1.5353944301605225,3276,820
2011_09_26_drive_0017_sync,0000000004,2,0.7561978101730347,16.91134262084961,-20.471477508544922,-1.7579244375228882,True,62,0.7004424929618835,0.7821625471115112,0.13366912305355072,17.020029067993164,-20.52485466003418,-1.701306700706482,3276,820
2011_09_26_drive_0017_sync,0000000005,0,0.5132095813751221,-1.4532055854797363,-7.996679782867432,-1.8155790567398071,True,8,0.4307473301887512,0.6047234535217285,0.18652266263961792,-1.2918566465377808,-8.088582038879395,-1.797938346862793,3196,900
2011_09_26_drive_0017_sync,0000000005,1,0.830929160118103,15.77365779876709,8.936073303222656,-1.53760826587677,True,84,0.8631722331047058,0.8764535784721375,0.0653185173869133,15.808663368225098,8.895501136779785,-1.5002583265304565,3196,900
2011_09_26_drive_0017_sync,0000000005,2,0.6607378125190735,17.038898468017578,-20.43634033203125,-1.6932487487792969,True,46,0.7343547940254211,0.7617610692977905,0.16612723469734192,16.950288772583008,-20.575443267822266,-1.713172435760498,3196,900
2011_09_26_drive_0017_sync,0000000005,3,0.8619489669799805,12.018062591552734,-9.325976371765137,-1.6351637840270996,True,24,0.8589572906494141,0.8956143260002136,0.06045985221862793,12.031197547912598,-9.282527923583984,-1.5952250957489014,3196,900
2011_09_26_drive_0017_sync,0000000006,0,0.8731237649917603,15.629776000976562,7.833844184875488,-1.5020580291748047,True,10,0.8818200826644897,0.9195292592048645,0.048791754990816116,15.67449951171875,7.84972620010376,-1.4907352924346924,3286,810
2011_09_26_drive_0017_sync,0000000006,1,0.8118740320205688,16.973949432373047,-20.511308670043945,-1.7283849716186523,True,37,0.6823463439941406,0.7927694320678711,0.11581910401582718,16.921113967895508,-20.42049789428711,-1.6796419620513916,3286,810
2011_09_26_drive_0017_sync,0000000006,2,0.3294476568698883,19.222454071044922,27.023405075073242,-1.2152937650680542,True,55,0.5231419801712036,0.56049644947052,0.40127307176589966,18.891613006591797,27.246652603149414,-1.1737627983093262,3286,810
2011_09_26_drive_0017_sync,0000000006,3,0.8981170058250427,11.71973991394043,-10.460288047790527,-1.641042709350586,True,70,0.8811198472976685,0.9044075012207031,0.10469212383031845,11.758018493652344,-10.36942195892334,-1.6058497428894043,3286,810
2011_09_26_drive_0017_sync,0000000007,0,0.8895962238311768,11.530194282531738,-11.454774856567383,-1.6504302024841309,True,97,0.8504570126533508,0.8610649108886719,0.13681736588478088,11.579007148742676,-11.35749340057373,-1.5675289630889893,3225,871
2011_09_26_drive_0017_sync,0000000007,1,0.8326972723007202,15.456385612487793,6.837478160858154,-1.5441927909851074,True,79,0.8603773713111877,0.8236864805221558,0.13025011122226715,15.405135154724121,6.732900619506836,-1.6025196313858032,3225,871
2011_09_26_drive_0017_sync,0000000007,2,0.3875402510166168,-1.4015494585037231,-8.102965354919434,-1.8613028526306152,False,,,0.0,,,,,3225,871
2011_09_26_drive_0017_sync,0000000008,0,0.771205484867096,15.317086219787598,5.667577743530273,-1.571047306060791,True,43,0.738754153251648,0.6730865836143494,0.41993290185928345,15.328795433044434,5.249094486236572,-1.5382099151611328,3316,780
2011_09_26_drive_0017_sync,0000000008,1,0.5137947201728821,18.509233474731445,25.51849365234375,-1.1652220487594604,False,,,0.0,,,,,3316,780
2011_09_26_drive_0017_sync,0000000008,2,0.8706813454627991,11.319042205810547,-12.619465827941895,-1.6582597494125366,True,73,0.8732761144638062,0.8109104633331299,0.18726257979869843,11.294228553771973,-12.44129753112793,-1.6062250137329102,3316,780
2011_09_26_drive_0017_sync,0000000009,0,0.757910430431366,20.23112678527832,39.4282341003418,-0.7854704856872559,True,5,0.6326687335968018,0.8882476091384888,0.05587121471762657,20.280248641967773,39.44748306274414,-0.8038583397865295,3280,816
2011_09_26_drive_0017_sync,0000000009,1,0.8372135162353516,15.113873481750488,4.678951740264893,-1.6790108680725098,True,21,0.8572601079940796,0.7084246277809143,0.18307358026504517,14.999937057495117,4.60172700881958,-1.5583014488220215,3280,816
2011_09_26_drive_0017_sync,0000000009,2,0.4813311696052551,18.404897689819336,24.312820434570312,-1.1415951251983643,True,95,0.6281819939613342,0.6784248352050781,0.09518206864595413,18.31261444091797,24.335346221923828,-1.1475965976715088,3280,816
2011_09_26_drive_0017_sync,0000000009,3,0.8710938096046448,11.136591911315918,-13.568259239196777,-1.6563881635665894,True,38,0.8275489211082458,0.8973475098609924,0.08521629124879837,11.128268241882324,-13.652542114257812,-1.665818452835083,3280,816
2011_09_26_drive_0017_sync,0000000010,0,0.3475726842880249,-1.1184202432632446,-8.195647239685059,-1.8035974502563477,True,21,0.30896589159965515,0.8081521987915039,0.15191195905208588,-1.225526213645935,-8.300490379333496,-1.8283658027648926,3321,775
2011_09_26_drive_0017_sync,0000000010,1,0.875632107257843,10.866776466369629,-14.514598846435547,-1.6383123397827148,True,38,0.8790795803070068,0.9044185876846313,0.13667239248752594,10.840291023254395,-14.646941184997559,-1.6167863607406616,3321,775
2011_09_26_drive_0017_sync,0000000010,2,0.7647494673728943,14.865619659423828,3.3794243335723877,-1.5424633026123047,True,26,0.7931180596351624,0.8446691632270813,0.27654173970222473,14.937856674194336,3.6460421085357666,-1.5555825233459473,3321,775
2011_09_26_drive_0017_sync,0000000010,3,0.7689171433448792,18.172143936157227,23.809186935424805,-1.1527693271636963,True,91,0.7545340657234192,0.7985658049583435,0.1358567625284195,18.09246253967285,23.78484535217285,-1.260079264640808,3321,775
2011_09_26_drive_0017_sync,0000000011,0,0.32052716612815857,-1.2824097871780396,-7.997642517089844,-1.810732364654541,True,56,0.47102317214012146,0.5291762948036194,0.355020672082901,-1.165911078453064,-8.331258773803711,-1.8449070453643799,3277,819
2011_09_26_drive_0017_sync,0000000011,1,0.7113833427429199,19.96283721923828,37.90693283081055,-0.8232073783874512,True,54,0.1202821359038353,0.789753258228302,0.13760174810886383,20.045385360717773,37.99913024902344,-0.7630435824394226,3277,819
2011_09_26_drive_0017_sync,0000000011,2,0.7522870302200317,18.253618240356445,22.800060272216797,-1.236687183380127,True,70,0.6847301125526428,0.7259626984596252,0.10568016022443771,18.18967056274414,22.882204055786133,-1.254891276359558,3277,819
2011_09_26_drive_0017_sync,0000000011,3,0.8487045168876648,10.620342254638672,-15.60757827758789,-1.5656967163085938,True,36,0.8809652924537659,0.8241515159606934,0.1410609930753708,10.594353675842285,-15.641195297241211,-1.7002058029174805,3277,819
2011_09_26_drive_0017_sync,0000000011,4,0.7780643105506897,14.72448444366455,2.124269962310791,-1.6182608604431152,True,86,0.8222119808197021,0.6494417190551758,0.2954637408256531,14.591437339782715,2.357905864715576,-1.495739221572876,3277,819
2011_09_26_drive_0017_sync,0000000012,0,0.8595559597015381,14.409797668457031,1.1539678573608398,-1.5755256414413452,True,42,0.8579893112182617,0.8490064740180969,0.0989505797624588,14.453317642211914,1.2403160333633423,-1.5545203685760498,3281,815
2011_09_26_drive_0017_sync,0000000012,1,0.6224334836006165,19.831911087036133,37.01588821411133,-0.9106698632240295,True,63,0.7323823571205139,0.8642688989639282,0.05873237922787666,19.874046325683594,37.0329475402832,-0.8734799027442932,3281,815
2011_09_26_drive_0017_sync,0000000012,2,0.3260882496833801,17.854930877685547,21.666339874267578,-1.4153034687042236,True,78,0.5242407321929932,0.5262313485145569,0.5279023051261902,18.071937561035156,21.18510627746582,-1.4170820713043213,3281,815
2011_09_26_drive_0017_sync,0000000012,3,0.8477004766464233,10.393754005432129,-16.719453811645508,-1.6533422470092773,True,95,0.8497534394264221,0.9315058588981628,0.07411519438028336,10.399612426757812,-16.792844772338867,-1.644827127456665,3281,815
2011_09_26_drive_0017_sync,0000000012,4,0.6140138506889343,17.207902908325195,-20.52260398864746,-1.7163121700286865,False,,,0.0,,,,,3281,815
2011_09_26_drive_0017_sync,0000000013,0,0.3771103322505951,-1.0737770795822144,-8.33138370513916,-1.8258934020996094,True,8,0.4175218939781189,0.7810839414596558,0.20500057935714722,-1.2661926746368408,-8.395325660705566,-1.7956790924072266,3299,797
2011_09_26_drive_0017_sync,0000000013,1,0.4498560428619385,19.646732330322266,36.28582763671875,-0.9254320859909058,True,70,0.5388224124908447,0.8941069841384888,0.07587016373872757,19.71471405029297,36.301910400390625,-0.895832896232605,3299,797
2011_09_26_drive_0017_sync,0000000013,2,0.8522465229034424,10.158337593078613,-17.960813522338867,-1.7254517078399658,True,47,0.8388971090316772,0.8410109281539917,0.17551551759243011,10.16050910949707,-17.785383224487305,-1.730470895767212,3299,797
2011_09_26_drive_0017_sync,0000000013,3,0.7030344605445862,17.76142120361328,20.816598892211914,-1.360785961151123,True,65,0.6798413991928101,0.772624135017395,0.1935061514377594,17.75679588317871,20.62912368774414,-1.408496379852295,3299,797
2011_09_26_drive_0017_sync,0000000013,4,0.565125048160553,17.17057228088379,-20.594741821289062,-1.7863551378250122,True,64,0.7078354358673096,0.6695811152458191,0.24244500696659088,16.947473526000977,-20.500629425048828,-1.7741329669952393,3299,797
2011_09_26_drive_0017_sync,0000000013,5,0.8699005246162415,14.20611572265625,0.14849555492401123,-1.6455787420272827,True,86,0.8433765769004822,0.7866168022155762,0.20736560225486755,14.224625587463379,-0.05803336203098297,-1.6436593532562256,3299,797
2011_09_26_drive_0017_sync,0000000014,0,0.5657498240470886,19.690656661987305,35.60395431518555,-0.8035674095153809,True,70,0.22205103933811188,0.6892400979995728,0.2987339496612549,19.66509437561035,35.358436584472656,-0.9718219637870789,3278,818
2011_09_26_drive_0017_sync,0000000014,1,0.3182355761528015,17.71889877319336,19.4052734375,-1.4242758750915527,True,91,0.6621477603912354,0.5867469310760498,0.6267960071563721,17.682703018188477,20.024782180786133,-1.336116909980774,3278,818
2011_09_26_drive_0017_sync,0000000014,2,0.31791165471076965,-0.5361495018005371,-8.734139442443848,-1.8359112739562988,False,,,0.0,,,,,3278,818
2011_09_26_drive_0017_sync,0000000014,3,0.8223311305046082,14.000282287597656,-1.1044254302978516,-1.6281278133392334,True,26,0.8449922204017639,0.8882677555084229,0.04317241162061691,13.9981107711792,-1.0821179151535034,-1.6650265455245972,3278,818
2011_09_26_drive_0017_sync,0000000014,4,0.7566336989402771,9.970715522766113,-18.94352912902832,-1.7378346920013428,True,53,0.8483945727348328,0.7172563672065735,0.21761947870254517,9.836007118225098,-18.820764541625977,-1.618919849395752,3278,818
2011_09_26_drive_0017_sync,0000000014,5,0.771142303943634,16.945878982543945,-20.531435012817383,-1.7051883935928345,True,38,0.7150365114212036,0.7593967914581299,0.28266727924346924,16.797611236572266,-20.77178382873535,-1.717431902885437,3278,818
2011_09_26_drive_0017_sync,0000000015,0,0.6809326410293579,17.498659133911133,18.401094436645508,-1.3739426136016846,True,73,0.7399120926856995,0.7002044916152954,0.17654404044151306,17.50182342529297,18.567712783813477,-1.4322187900543213,3288,808
2011_09_26_drive_0017_sync,0000000015,1,0.3144349157810211,-1.2617785930633545,-8.34871768951416,-1.8168201446533203,False,,,0.0,,,,,3288,808
2011_09_26_drive_0017_sync,0000000015,2,0.8376728296279907,9.672019004821777,-20.180116653442383,-1.733038306236267,True,43,0.8597495555877686,0.8155879378318787,0.1271376609802246,9.571480751037598,-20.103069305419922,-1.722095251083374,3288,808
2011_09_26_drive_0017_sync,0000000015,3,0.8575000166893005,13.737228393554688,-2.23884916305542,-1.5802958011627197,True,24,0.8343411684036255,0.8734845519065857,0.08757483214139938,13.809300422668457,-2.2672486305236816,-1.5394492149353027,3288,808
2011_09_26_drive_0017_sync,0000000015,4,0.5991312861442566,16.956811904907227,-20.457290649414062,-1.7397971153259277,True,98,0.6781860589981079,0.7831568121910095,0.16183783113956451,17.11379051208496,-20.420406341552734,-1.7260586023330688,3288,808
2011_09_26_drive_0017_sync,0000000016,0,0.48273295164108276,19.44940948486328,33.474876403808594,-1.024376630783081,True,35,0.35186412930488586,0.8413130044937134,0.08518614619970322,19.472423553466797,33.408538818359375,-1.0726089477539062,3288,808
2011_09_26_drive_0017_sync,0000000016,1,0.8623018860816956,13.455979347229004,-3.288087844848633,-1.6520085334777832,True,77,0.8530979752540588,0.8416643738746643,0.0746552124619484,13.503087043762207,-3.296248197555542,-1.594670295715332,3288,808
2011_09_26_drive_0017_sync,0000000016,2,0.5487235188484192,16.967296600341797,-20.63646697998047,-1.707165002822876,True,94,0.7829194068908691,0.8452076315879822,0.08253662288188934,16.904455184936523,-20.675857543945312,-1.7433815002441406,3288,808
2011_09_26_drive_0017_sync,0000000016,3,0.8254262208938599,17.284242630004883,17.846723556518555,-1.4249290227890015,True,40,0.817385733127594,0.8420225977897644,0.11949673295021057,17.378278732299805,17.9024600982666,-1.3766577243804932,3288,808
2011_09_26_drive_0017_sync,0000000016,4,0.8180001378059387,9.322554588317871,-21.05535125732422,-1.600649118423462,True,86,0.8379155397415161,0.6856792569160461,0.276117742061615,9.375054359436035,-21.27944564819336,-1.7531826496124268,3288,808
2011_09_26_drive_0017_sync,0000000017,0,0.77162766456604,13.345730781555176,-4.50117826461792,-1.621260643005371,True,22,0.81116783618927,0.8482547998428345,0.10640596598386765,13.427160263061523,-4.44159460067749,-1.5874781608581543,3244,852
2011_09_26_drive_0017_sync,0000000017,1,0.7397686839103699,19.195388793945312,32.59371566772461,-1.039416790008545,True,16,0.44045111536979675,0.7052465677261353,0.22099682688713074,19.33113670349121,32.73186492919922,-0.9329889416694641,3244,852
2011_09_26_drive_0017_sync,0000000017,2,0.8184269666671753,17.326034545898438,16.652769088745117,-1.3713918924331665,True,51,0.7797655463218689,0.7865839600563049,0.10880835354328156,17.22294807434082,16.683385848999023,-1.3879765272140503,3244,852
2011_09_26_drive_0017_sync,0000000017,3,0.8460445404052734,9.038634300231934,-22.270328521728516,-1.6757862567901611,True,11,0.8283227682113647,0.8792809247970581,0.07927275449037552,9.080205917358398,-22.220426559448242,-1.6303355693817139,3244,852
2011_09_26_drive_0017_sync,0000000017,4,0.6891497373580933,16.800416946411133,-20.692073822021484,-1.7323760986328125,False,,,0.0,,,,,3244,852
2011_09_26_drive_0017_sync,0000000018,0,0.843068540096283,16.882787704467773,15.614381790161133,-1.4218904972076416,True,91,0.843591570854187,0.8601378202438354,0.1582554578781128,16.95380210876465,15.755516052246094,-1.4309935569763184,3230,866
2011_09_26_drive_0017_sync,0000000018,1,0.38502582907676697,19.307052612304688,31.881807327270508,-1.0351847410202026,True,34,0.6474637985229492,0.6956864595413208,0.3774990737438202,19.141721725463867,31.542882919311523,-1.0525481700897217,3230,866
2011_09_26_drive_0017_sync,0000000018,2,0.4220322370529175,-1.2658700942993164,-8.069487571716309,-1.763791799545288,True,60,0.49094533920288086,0.825362503528595,0.14331762492656708,-1.396341323852539,-8.084209442138672,-1.8212414979934692,3230,866
2011_09_26_drive_0017_sync,0000000018,3,0.7816698551177979,8.756973266601562,-23.60016632080078,-1.7234536409378052,True,85,0.8100252151489258,0.7856941819190979,0.1763511747121811,8.842330932617188,-23.457887649536133,-1.7832080125808716,3230,866
2011_09_26_drive_0017_sync,0000000018,4,0.8785491585731506,13.034164428710938,-5.573884010314941,-1.6103893518447876,True,22,0.8362269401550293,0.8531589508056641,0.04769011586904526,13.051258087158203,-5.574008464813232,-1.5658681392669678,3230,866
2011_09_26_drive_0017_sync,0000000018,5,0.7134263515472412,17.03640365600586,-20.465965270996094,-1.7424688339233398,False,,,0.0,,,,,3230,866
2011_09_26_drive_0017_sync,0000000019,0,0.8516708612442017,12.759422302246094,-6.804634094238281,-1.6101658344268799,True,60,0.801694929599762,0.9066006541252136,0.0722164660692215,12.733654022216797,-6.868907451629639,-1.6306633949279785,3239,857
2011_09_26_drive_0017_sync,0000000019,1,0.8342800736427307,17.0179443359375,14.870691299438477,-1.5132423639297485,True,28,0.835612416267395,0.8005152940750122,0.20833155512809753,16.940380096435547,15.058835983276367,-1.4686620235443115,3239,857
2011_09_26_drive_0017_sync,0000000019,2,0.3594854772090912,-1.3600471019744873,-8.150805473327637,-1.8036363124847412,False,,,0.0,,,,,3239,857
2011_09_26_drive_0017_sync,0000000019,3,0.7745522260665894,16.91303825378418,-20.41331672668457,-1.681422472000122,True,81,0.7813479900360107,0.7238883376121521,0.1662391573190689,16.826231002807617,-20.536834716796875,-1.7510160207748413,3239,857
2011_09_26_drive_0017_sync,0000000019,4,0.8407247066497803,8.498875617980957,-24.68376350402832,-1.8476980924606323,True,83,0.812501072883606,0.8466416597366333,0.1286962777376175,8.587601661682129,-24.613075256347656,-1.7869231700897217,3239,857
2011_09_26_drive_0017_sync,0000000020,0,0.47602781653404236,-1.2745423316955566,-8.247428894042969,-1.7453513145446777,True,83,0.1760770082473755,0.7076869010925293,0.2222437560558319,-1.2388705015182495,-8.03149127960205,-1.7839616537094116,3255,841
2011_09_26_drive_0017_sync,0000000020,1,0.812748908996582,17.1641788482666,-20.477617263793945,-1.7007464170455933,True,54,0.8501515984535217,0.8495856523513794,0.11126652359962463,17.15961265563965,-20.403289794921875,-1.7834193706512451,3255,841
2011_09_26_drive_0017_sync,0000000020,2,0.7350742220878601,8.221516609191895,-25.686668395996094,-1.760857343673706,True,66,0.8035787343978882,0.8233532309532166,0.09069214016199112,8.306944847106934,-25.66269874572754,-1.7796332836151123,3255,841
2011_09_26_drive_0017_sync,0000000020,3,0.8238438367843628,12.600397109985352,-7.934895038604736,-1.5700359344482422,True,39,0.8162522315979004,0.8854528665542603,0.06270840018987656,12.572076797485352,-7.932130813598633,-1.6259167194366455,3255,841
2011_09_26_drive_0017_sync,0000000020,4,0.8385557532310486,16.705881118774414,13.738017082214355,-1.4639331102371216,True,34,0.828460156917572,0.8346347212791443,0.13501636683940887,16.80181884765625,13.64844036102295,-1.4955776929855347,3255,841
2011_09_26_drive_0017_sync,0000000020,5,0.7253850698471069,18.89548110961914,29.686216354370117,-1.1526060104370117,True,48,0.6670607924461365,0.88824462890625,0.11119119077920914,18.856016159057617,29.79001808166504,-1.1470203399658203,3255,841
2011_09_26_drive_0017_sync,0000000021,0,0.7299793362617493,17.065500259399414,-20.482528686523438,-1.7544581890106201,True,89,0.10474793612957001,0.847152829170227,0.061697956174612045,17.06765365600586,-20.435707092285156,-1.714336633682251,3252,844
2011_09_26_drive_0017_sync,0000000021,1,0.794209897518158,12.314788818359375,-9.172182083129883,-1.6769299507141113,True,90,0.8376141786575317,0.8687765002250671,0.0584806464612484,12.270281791687012,-9.187101364135742,-1.6420512199401855,3252,844
2011_09_26_drive_0017_sync,0000000021,2,0.7326748967170715,7.9209723472595215,-26.82138442993164,-1.7600818872451782,True,67,0.7740143537521362,0.7804892063140869,0.06937979906797409,7.939276695251465,-26.846603393554688,-1.6980938911437988,3252,844
2011_09_26_drive_0017_sync,0000000021,3,0.3788672685623169,18.738994598388672,28.9432373046875,-1.1025222539901733,True,65,0.08612589538097382,0.8639487028121948,0.07267185300588608,18.684852600097656,28.950420379638672,-1.15046226978302,3252,844
2011_09_26_drive_0017_sync,0000000021,4,0.8660365343093872,16.58584976196289,12.61894702911377,-1.550000786781311,True,32,0.868912935256958,0.7432418465614319,0.13150103390216827,16.467376708984375,12.587376594543457,-1.5975399017333984,3252,844
2011_09_26_drive_0017_sync,0000000022,0,0.7354685068130493,18.575435638427734,28.007347106933594,-1.0043635368347168,True,50,0.7595468759536743,0.8692386746406555,0.07231497019529343,18.586700439453125,27.943693161010742,-1.0367785692214966,3271,825
2011_09_26_drive_0017_sync,0000000022,1,0.3927609920501709,16.952613830566406,-20.7281494140625,-1.7647374868392944,False,,,0.0,,,,,3271,825
2011_09_26_drive_0017_sync,0000000022,2,0.8804914951324463,16.353120803833008,11.718049049377441,-1.560757040977478,True,10,0.8647523522377014,0.9615040421485901,0.019711090251803398,16.340791702270508,11.731887817382812,-1.567465901374817,3271,825
2011_09_26_drive_0017_sync,0000000022,3,0.8389051556587219,12.014328956604004,-10.220786094665527,-1.6562364101409912,True,11,0.8375430107116699,0.8658437728881836,0.15733279287815094,11.947269439697266,-10.361638069152832,-1.6358072757720947,3271,825
2011_09_26_drive_0017_sync,0000000022,4,0.7865300178527832,7.698493003845215,-27.920534133911133,-1.8309370279312134,True,66,0.7220355272293091,0.8110234141349792,0.10539407283067703,7.647691249847412,-28.007036209106445,-1.7986185550689697,3271,825
2011_09_26_drive_0017_sync,0000000023,0,0.6351808905601501,16.89537239074707,-20.55229949951172,-1.7478668689727783,True,81,0.5252503156661987,0.8196921944618225,0.07309096306562424,16.83119773864746,-20.583038330078125,-1.7311627864837646,3312,784
2011_09_26_drive_0017_sync,0000000023,1,0.7126991152763367,7.451009273529053,-29.26767349243164,-1.8006070852279663,True,94,0.7832998037338257,0.86839759349823,0.06390558183193207,7.458332538604736,-29.304153442382812,-1.8525638580322266,3312,784
2011_09_26_drive_0017_sync,0000000023,2,0.8605228066444397,11.718080520629883,-11.440643310546875,-1.5827412605285645,True,90,0.8354533910751343,0.8585972785949707,0.09389086067676544,11.747224807739258,-11.519107818603516,-1.6252785921096802,3312,784
2011_09_26_drive_0017_sync,0000000023,3,0.8581169247627258,16.158958435058594,10.608890533447266,-1.5771238803863525,True,91,0.8831183910369873,0.8260955810546875,0.08039404451847076,16.162439346313477,10.665502548217773,-1.634099006652832,3312,784
2011_09_26_drive_0017_sync,0000000023,4,0.5174832940101624,18.573299407958984,26.978816986083984,-1.1030972003936768,True,45,0.6173373460769653,0.7963615655899048,0.12288331985473633,18.465967178344727,26.92658805847168,-1.073904037475586,3312,784
2011_09_26_drive_0017_sync,0000000024,0,0.6852356195449829,18.258926391601562,26.205869674682617,-1.1176726818084717,True,79,0.7633455991744995,0.8558652400970459,0.18016815185546875,18.281923294067383,26.029287338256836,-1.0902795791625977,3280,816
2011_09_26_drive_0017_sync,0000000024,1,0.854073703289032,16.004745483398438,9.612716674804688,-1.5927402973175049,True,50,0.830061674118042,0.8654828071594238,0.08695358783006668,16.078872680664062,9.567863464355469,-1.5853731632232666,3280,816
2011_09_26_drive_0017_sync,0000000024,2,0.7774578332901001,11.49916934967041,-12.765715599060059,-1.582580804824829,True,90,0.8304591178894043,0.8162718415260315,0.17959707975387573,11.472092628479004,-12.597018241882324,-1.5272349119186401,3280,816
2011_09_26_drive_0017_sync,0000000024,3,0.7397913932800293,7.06727409362793,-30.168598175048828,-1.9017502069473267,True,37,0.7706595659255981,0.7552368640899658,0.09515005350112915,7.089690685272217,-30.24624252319336,-1.8515268564224243,3280,816
2011_09_26_drive_0017_sync,0000000025,0,0.7574889659881592,18.168283462524414,24.8898868560791,-1.2298400402069092,True,82,0.2744211256504059,0.8125674724578857,0.12309479713439941,18.065155029296875,24.939912796020508,-1.1849595308303833,3296,800
2011_09_26_drive_0017_sync,0000000025,1,0.5273181200027466,-1.4727274179458618,-8.067120552062988,-1.7660365104675293,False,,,0.0,,,,,3296,800
2011_09_26_drive_0017_sync,0000000025,2,0.7372056841850281,6.698524475097656,-31.423423767089844,-1.8235235214233398,True,69,0.7635282278060913,0.7553282380104065,0.18278281390666962,6.7587103843688965,-31.47397804260254,-1.988543152809143,3296,800
2011_09_26_drive_0017_sync,0000000025,3,0.8537022471427917,11.183416366577148,-13.799729347229004,-1.515021562576294,True,91,0.821031928062439,0.7313070893287659,0.21296235918998718,11.181708335876465,-13.923941612243652,-1.6879994869232178,3296,800
2011_09_26_drive_0017_sync,0000000025,4,0.8621470332145691,15.787639617919922,8.476360321044922,-1.5200722217559814,True,99,0.8482288718223572,0.8829305171966553,0.09023445844650269,15.830163955688477,8.421399116516113,-1.5776326656341553,3296,800
2011_09_26_drive_0017_sync,0000000026,0,0.8243059515953064,10.921060562133789,-14.898260116577148,-1.5765494108200073,True,75,0.8247817754745483,0.7710936665534973,0.22467546164989471,10.883810043334961,-15.078301429748535,-1.7056872844696045,3246,850
2011_09_26_drive_0017_sync,0000000026,1,0.720319390296936,6.404311656951904,-32.44623565673828,-1.9061044454574585,True,19,0.708315908908844,0.7455008625984192,0.048079606145620346,6.406278610229492,-32.4873161315918,-1.931007742881775,3246,850
2011_09_26_drive_0017_sync,0000000026,2,0.8648102283477783,15.591907501220703,7.360957622528076,-1.6023228168487549,True,89,0.8656373620033264,0.8644025921821594,0.14710505306720734,15.586516380310059,7.501941204071045,-1.6439696550369263,3246,850
2011_09_26_drive_0017_sync,0000000026,3,0.8453371524810791,18.028810501098633,23.863252639770508,-1.127843976020813,True,15,0.8065533638000488,0.8915553689002991,0.05539705976843834,18.074941635131836,23.89173126220703,-1.1392334699630737,3246,850
2011_09_26_drive_0017_sync,0000000027,0,0.8281692862510681,15.471270561218262,6.718831539154053,-1.5876293182373047,True,31,0.79617840051651,0.8641785383224487,0.16892705857753754,15.471244812011719,6.54996919631958,-1.5923048257827759,3310,786
2011_09_26_drive_0017_sync,0000000027,1,0.5712530016899109,17.13634490966797,-20.65434455871582,-1.769484043121338,True,80,0.7109493613243103,0.6622732877731323,0.2381037175655365,16.990192413330078,-20.475820541381836,-1.7106451988220215,3310,786
2011_09_26_drive_0017_sync,0000000027,2,0.8043555617332458,10.61681842803955,-16.193376541137695,-1.6733534336090088,True,24,0.7659893035888672,0.8571907877922058,0.0975477546453476,10.609621047973633,-16.25054359436035,-1.5946407318115234,3310,786
2011_09_26_drive_0017_sync,0000000027,3,0.7479835748672485,6.05121374130249,-33.58623504638672,-1.9904474020004272,True,18,0.7329542636871338,0.8748745322227478,0.08183029294013977,6.065455436706543,-33.51859664916992,-2.0342471599578857,3310,786
2011_09_26_drive_0017_sync,0000000027,4,0.3064519464969635,-1.2434427738189697,-8.45254898071289,-1.754328727722168,False,,,0.0,,,,,3310,786
2011_09_26_drive_0017_sync,0000000027,5,0.8348051309585571,17.93932342529297,23.123435974121094,-1.1359915733337402,True,92,0.8448795676231384,0.8709927201271057,0.08796291053295135,17.97922706604004,23.045394897460938,-1.1433918476104736,3310,786
2011_09_26_drive_0017_sync,0000000028,0,0.8109212517738342,17.765199661254883,21.789169311523438,-1.2487784624099731,True,63,0.7878426909446716,0.9149060249328613,0.07098422944545746,17.793460845947266,21.733592987060547,-1.2827098369598389,3333,763
2011_09_26_drive_0017_sync,0000000028,1,0.8394345641136169,15.144317626953125,5.122807502746582,-1.601081371307373,True,85,0.8189675807952881,0.8788928985595703,0.08902712166309357,15.12466049194336,5.203649997711182,-1.6327660083770752,3333,763
2011_09_26_drive_0017_sync,0000000028,2,0.789121150970459,10.374513626098633,-17.37995147705078,-1.7166541814804077,True,10,0.7677300572395325,0.8059245944023132,0.09353701770305634,10.346829414367676,-17.45435333251953,-1.6671857833862305,3333,763
2011_09_26_drive_0017_sync,0000000028,3,0.5554172992706299,16.89535903930664,-20.53772735595703,-1.7344398498535156,True,73,0.6166231632232666,0.8777697086334229,0.032039958983659744,16.896936416625977,-20.527774810791016,-1.7648539543151855,3333,763
2011_09_26_drive_0017_sync,0000000028,4,0.7474495768547058,6.049271583557129,-34.746307373046875,-2.0585367679595947,True,24,0.6992125511169434,0.8099777102470398,0.20879009366035461,6.130147457122803,-34.563758850097656,-1.9974758625030518,3333,763
2011_09_26_drive_0017_sync,0000000029,0,0.7484105825424194,17.18389129638672,-20.58131217956543,-1.794525384902954,True,99,0.20989033579826355,0.6214760541915894,0.1633467823266983,17.07406234741211,-20.470849990844727,-1.8436973094940186,3285,811
2011_09_26_drive_0017_sync,0000000029,1,0.888534665107727,14.974738121032715,4.069356441497803,-1.6339664459228516,True,95,0.883144199848175,0.8359956741333008,0.11785795539617538,14.900046348571777,4.083372592926025,-1.724050760269165,3285,811
2011_09_26_drive_0017_sync,0000000029,2,0.6031900644302368,17.78392219543457,21.29122543334961,-1.1687909364700317,True,31,0.6380923986434937,0.5564804077148438,0.7781022787094116,17.75603675842285,20.5361385345459,-1.3545578718185425,3285,811
2011_09_26_drive_0017_sync,0000000029,3,0.8089832067489624,10.201149940490723,-18.53314971923828,-1.739639401435852,True,57,0.7961341738700867,0.8474147319793701,0.15013733506202698,10.147360801696777,-18.66793441772461,-1.701155185699463,3285,811
2011_09_26_drive_0017_sync,0000000030,0,0.8853603601455688,14.726086616516113,2.8780899047851562,-1.6382454633712769,True,89,0.8669074177742004,0.8524428606033325,0.1431404948234558,14.688572883605957,2.8718841075897217,-1.7762433290481567,3297,799
2011_09_26_drive_0017_sync,0000000030,1,0.3208937644958496,5.435846328735352,-36.967567443847656,-2.1483755111694336,True,40,0.2021220475435257,0.6869334578514099,0.16303850710391998,5.481165885925293,-37.11103820800781,-2.085575580596924,3297,799
2011_09_26_drive_0017_sync,0000000030,2,0.3346836268901825,-1.525033950805664,-7.8127593994140625,-1.7631709575653076,False,,,0.0,,,,,3297,799
2011_09_26_drive_0017_sync,0000000030,3,0.7791963219642639,16.857044219970703,-20.52821159362793,-1.7704399824142456,True,76,0.7459869384765625,0.7644606232643127,0.13546021282672882,16.850936889648438,-20.651992797851562,-1.8251243829727173,3297,799
2011_09_26_drive_0017_sync,0000000030,4,0.7058048248291016,17.515155792236328,19.886856079101562,-1.3235604763031006,True,58,0.7103654742240906,0.8461998701095581,0.12223231047391891,17.440948486328125,19.979530334472656,-1.2944830656051636,3297,799
2011_09_26_drive_0017_sync,0000000030,5,0.8284797072410583,9.746831893920898,-19.581506729125977,-1.745948076248169,True,90,0.7292292714118958,0.7959982752799988,0.14512239396572113,9.655786514282227,-19.650848388671875,-1.656712532043457,3297,799
2011_09_26_drive_0017_sync,0000000031,0,0.6469046473503113,4.918258190155029,-38.15581512451172,-2.130587100982666,True,60,0.4964548647403717,0.8402718901634216,0.11301451176404953,4.921350955963135,-38.15229797363281,-2.017669677734375,3269,827
2011_09_26_drive_0017_sync,0000000031,1,0.7968961596488953,9.449203491210938,-20.8149356842041,-1.7422332763671875,True,27,0.793803870677948,0.8050239682197571,0.12627482414245605,9.473485946655273,-20.929861068725586,-1.6958884000778198,3269,827
2011_09_26_drive_0017_sync,0000000031,2,0.8632504940032959,14.54517936706543,1.8153949975967407,-1.6507879495620728,True,93,0.8861708045005798,0.8526262640953064,0.05712341517210007,14.533158302307129,1.7692862749099731,-1.6822929382324219,3269,827
2011_09_26_drive_0017_sync,0000000031,3,0.6701974272727966,17.229671478271484,-20.472957611083984,-1.7356607913970947,True,91,0.703171968460083,0.642971932888031,0.3175600469112396,16.98712730407715,-20.658710479736328,-1.822335958480835,3269,827
2011_09_26_drive_0017_sync,0000000032,0,0.35797375440597534,-1.244137167930603,-8.032535552978516,-1.8435839414596558,True,15,0.2528325021266937,0.7656659483909607,0.18374837934970856,-1.4029271602630615,-8.071499824523926,-1.759732961654663,3295,801
2011_09_26_drive_0017_sync,0000000032,1,0.7842476963996887,17.193912506103516,17.769161224365234,-1.3726887702941895,True,23,0.8126834630966187,0.8315057754516602,0.04602472856640816,17.16608428955078,17.792802810668945,-1.3446719646453857,3295,801
2011_09_26_drive_0017_sync,0000000032,2,0.8165915608406067,9.200641632080078,-21.964061737060547,-1.7294021844863892,True,20,0.7698572874069214,0.8283347487449646,0.13856613636016846,9.258957862854004,-22.082956314086914,-1.7701927423477173,3295,801
2011_09_26_drive_0017_sync,0000000032,3,0.8858466148376465,14.345242500305176,0.7807369828224182,-1.7514342069625854,True,60,0.8753353953361511,0.86821049451828,0.11522930860519409,14.293400764465332,0.8196399211883545,-1.6561620235443115,3295,801
2011_09_26_drive_0017_sync,0000000032,4,0.3894072473049164,16.914335250854492,-20.528644561767578,-1.9196890592575073,True,29,0.714559018611908,0.5662689805030823,0.2727208435535431,17.043691635131836,-20.416650772094727,-1.7073191404342651,3295,801
2011_09_26_drive_0017_sync,0000000033,0,0.8535820245742798,9.009923934936523,-23.14975929260254,-1.7550280094146729,True,88,0.838201642036438,0.9576148390769958,0.02253732644021511,9.005218505859375,-23.167522430419922,-1.7419795989990234,3268,828
2011_09_26_drive_0017_sync,0000000033,1,0.798119843006134,17.01032829284668,-20.474567413330078,-1.6964868307113647,True,87,0.7664605975151062,0.9281090497970581,0.05653711035847664,17.047758102416992,-20.438724517822266,-1.7190864086151123,3268,828
2011_09_26_drive_0017_sync,0000000033,2,0.5125353932380676,-1.2269744873046875,-8.333806991577148,-1.7926589250564575,False,,,0.0,,,,,3268,828
2011_09_26_drive_0017_sync,0000000033,3,0.8338039517402649,16.869131088256836,16.548669815063477,-1.4391237497329712,True,46,0.8286662697792053,0.793355405330658,0.17920340597629547,16.848140716552734,16.37615394592285,-1.3954025506973267,3268,828
2011_09_26_drive_0017_sync,0000000033,4,0.6038172245025635,3.790720224380493,-39.958072662353516,-2.2149484157562256,True,77,0.5930593609809875,0.8498721122741699,0.09196508675813675,3.7257206439971924,-39.92794418334961,-2.2726104259490967,3268,828
2011_09_26_drive_0017_sync,0000000033,5,0.8930057287216187,14.072829246520996,-0.3819674551486969,-1.680371642112732,True,63,0.8859950304031372,0.864226222038269,0.06779702007770538,14.102506637573242,-0.35874566435813904,-1.624011754989624,3268,828
2011_09_26_drive_0017_sync,0000000034,0,0.8364177346229553,16.83022117614746,15.612800598144531,-1.45194673538208,True,82,0.847024142742157,0.860085666179657,0.07292388379573822,16.79306983947754,15.5599365234375,-1.418137550354004,3247,849
2011_09_26_drive_0017_sync,0000000034,1,0.7481545209884644,16.963417053222656,-20.60527229309082,-1.8351125717163086,True,73,0.7211068868637085,0.9257925748825073,0.05963337421417236,16.98340606689453,-20.563751220703125,-1.7972631454467773,3247,849
2011_09_26_drive_0017_sync,0000000034,2,0.324631929397583,5.519640922546387,-37.935516357421875,-2.0659685134887695,True,66,0.45902034640312195,0.8098641633987427,0.14800409972667694,5.376169204711914,-37.96107864379883,-2.0401296615600586,3247,849
2011_09_26_drive_0017_sync,0000000034,3,0.9026891589164734,13.881011009216309,-1.583573341369629,-1.636795997619629,True,99,0.88321453332901,0.9225625991821289,0.06821774691343307,13.8681001663208,-1.6415481567382812,-1.6703503131866455,3247,849
2011_09_26_drive_0017_sync,0000000034,4,0.5340442061424255,8.488852500915527,-24.321622848510742,-1.8227553367614746,True,55,0.7323128581047058,0.7053400874137878,0.24816684424877167,8.607144355773926,-24.539226531982422,-1.8383264541625977,3247,849
2011_09_26_drive_0017_sync,0000000035,0,0.8623211979866028,13.66865348815918,-2.7716867923736572,-1.6675126552581787,True,42,0.8459792137145996,0.8256947994232178,0.15466682612895966,13.633614540100098,-2.6524460315704346,-1.5754488706588745,3259,837
2011_09_26_drive_0017_sync,0000000035,1,0.8190749287605286,16.973941802978516,-20.514019012451172,-1.7582507133483887,True,18,0.77545565366745,0.810657262802124,0.12589968740940094,17.03609848022461,-20.616249084472656,-1.71905517578125,3259,837
2011_09_26_drive_0017_sync,0000000035,2,0.843422532081604,16.647855758666992,14.605698585510254,-1.4569556713104248,True,81,0.872506856918335,0.8905830383300781,0.13487498462200165,16.599885940551758,14.481791496276855,-1.4337782859802246,3259,837
2011_09_26_drive_0017_sync,0000000035,3,0.8012387752532959,8.425800323486328,-25.51416015625,-1.7783029079437256,True,55,0.7929524183273315,0.9056039452552795,0.030882788822054863,8.42954158782959,-25.53407096862793,-1.8016119003295898,3259,837
2011_09_26_drive_0017_sync,0000000036,0,0.7673677802085876,16.88806915283203,-20.524572372436523,-1.6919453144073486,True,71,0.7110797762870789,0.8113207817077637,0.21360258758068085,17.025089263916016,-20.361270904541016,-1.7055168151855469,3313,783
2011_09_26_drive_0017_sync,0000000036,1,0.7551864385604858,16.459930419921875,13.58752155303955,-1.4947757720947266,True,38,0.7097341418266296,0.8009044528007507,0.24190399050712585,16.562841415405273,13.801429748535156,-1.54136061668396,3313,783
2011_09_26_drive_0017_sync,0000000036,2,0.8324581384658813,13.475872039794922,-3.764026403427124,-1.7109966278076172,True,41,0.8643589615821838,0.8841543793678284,0.0814720168709755,13.401228904724121,-3.793407678604126,-1.6967546939849854,3313,783
2011_09_26_drive_0017_sync,0000000036,3,0.791357159614563,8.13604736328125,-26.690143585205078,-1.8765562772750854,True,30,0.8019712567329407,0.8472681045532227,0.20112140476703644,8.112242698669434,-26.888290405273438,-1.8516364097595215,3313,783
2011_09_26_drive_0017_sync,0000000037,0,0.8388054966926575,16.29248046875,12.473636627197266,-1.5869483947753906,True,78,0.8361024856567383,0.7998546361923218,0.09267023205757141,16.220571517944336,12.477176666259766,-1.6452951431274414,3214,882
2011_09_26_drive_0017_sync,0000000037,1,0.8263705968856812,13.197440147399902,-5.275587558746338,-1.7230885028839111,True,12,0.855245053768158,0.7343485951423645,0.3166676163673401,13.087876319885254,-4.9813151359558105,-1.682126522064209,3214,882
2011_09_26_drive_0017_sync,0000000037,2,0.7593945860862732,16.974584579467773,-20.37465476989746,-1.7838807106018066,True,76,0.7582984566688538,0.8626082539558411,0.1369907557964325,16.90318489074707,-20.489240646362305,-1.80708909034729,3214,882
2011_09_26_drive_0017_sync,0000000037,3,0.7566884160041809,7.92414665222168,-27.819171905517578,-1.869596004486084,True,18,0.7923769354820251,0.8197486996650696,0.09215337783098221,7.863251209259033,-27.810306549072266,-1.9381918907165527,3214,882
2011_09_26_drive_0017_sync,0000000038,0,0.8922922611236572,12.886446952819824,-6.125603199005127,-1.6634819507598877,True,30,0.8957948088645935,0.8854407668113708,0.0759897530078888,12.936088562011719,-6.1123857498168945,-1.7194770574569702,3278,818
2011_09_26_drive_0017_sync,0000000038,1,0.8422048687934875,16.124897003173828,11.269213676452637,-1.6194159984588623,True,88,0.8164883852005005,0.8574717044830322,0.06415598094463348,16.123008728027344,11.282684326171875,-1.5567185878753662,3278,818
2011_09_26_drive_0017_sync,0000000038,2,0.3794594705104828,-1.2056188583374023,-8.09988784790039,-1.8450417518615723,False,,,0.0,,,,,3278,818
2011_09_26_drive_0017_sync,0000000038,3,0.7558642625808716,7.556421279907227,-28.880475997924805,-1.935225009918213,True,65,0.7036927938461304,0.7656274437904358,0.1243823692202568,7.508987903594971,-28.96369171142578,-2.014573574066162,3278,818
2011_09_26_drive_0017_sync,0000000038,4,0.5318295359611511,17.17949867248535,-20.419986724853516,-1.7054853439331055,False,,,0.0,,,,,3278,818
2011_09_26_drive_0017_sync,0000000039,0,0.8663264513015747,12.693408966064453,-7.129184722900391,-1.722931146621704,True,71,0.8528174161911011,0.8371970653533936,0.18176989257335663,12.674836158752441,-7.306631565093994,-1.6881754398345947,3249,847
2011_09_26_drive_0017_sync,0000000039,1,0.72556072473526,17.016555786132812,-20.367931365966797,-1.656562089920044,True,88,0.6520446538925171,0.8115916848182678,0.12272952497005463,17.085479736328125,-20.379758834838867,-1.7574191093444824,3249,847
2011_09_26_drive_0017_sync,0000000039,2,0.40822896361351013,7.22239351272583,-30.03575325012207,-2.0271522998809814,True,49,0.6992518305778503,0.7149779200553894,0.04464093595743179,7.254007816314697,-30.06592559814453,-2.036261558532715,3249,847
2011_09_26_drive_0017_sync,0000000039,3,0.8620732426643372,15.967008590698242,10.303454399108887,-1.6568689346313477,True,99,0.8949564099311829,0.8299644589424133,0.12856543064117432,15.90404224395752,10.200874328613281,-1.6116844415664673,3249,847
2011_09_26_drive_0017_sync,0000000040,0,0.39646291732788086,16.96771240234375,-20.53136444091797,-1.7468189001083374,True,87,0.3455527424812317,0.8304292559623718,0.07438474893569946,16.966379165649414,-20.489105224609375,-1.8080191612243652,3236,860
2011_09_26_drive_0017_sync,0000000040,1,0.8623573780059814,12.425390243530273,-8.284430503845215,-1.691420555114746,True,84,0.8741891384124756,0.8765619993209839,0.10414540767669678,12.352120399475098,-8.357758522033691,-1.701460361480713,3236,860
2011_09_26_drive_0017_sync,0000000040,2,0.8748337030410767,15.734097480773926,9.045246124267578,-1.5633656978607178,True,60,0.8726038932800293,0.9101288318634033,0.08742009103298187,15.730087280273438,9.131979942321777,-1.5531953573226929,3236,860
2011_09_26_drive_0017_sync,0000000040,3,0.7261855602264404,6.891726016998291,-31.164508819580078,-1.9941356182098389,True,90,0.6540812253952026,0.8441484570503235,0.11976509541273117,6.940005302429199,-31.273271560668945,-1.980591058731079,3236,860
2011_09_26_drive_0017_sync,0000000041,0,0.8665037155151367,12.213214874267578,-9.543170928955078,-1.642371654510498,True,16,0.875325620174408,0.9129801392555237,0.04645783454179764,12.183760643005371,-9.52164077758789,-1.671133279800415,3259,837
2011_09_26_drive_0017_sync,0000000041,1,0.8702792525291443,15.5564546585083,8.016164779663086,-1.5279560089111328,True,54,0.8511093854904175,0.9216973185539246,0.051085617393255234,15.53168773651123,8.015863418579102,-1.5726354122161865,3259,837
2011_09_26_drive_0017_sync,0000000041,2,0.7737342119216919,16.894338607788086,-20.525636672973633,-1.7788130044937134,True,12,0.7842175364494324,0.8431507349014282,0.07948418706655502,16.936534881591797,-20.56441307067871,-1.7237348556518555,3259,837
2011_09_26_drive_0017_sync,0000000041,3,0.7110903859138489,6.609713077545166,-32.25072479248047,-2.0300936698913574,True,21,0.5810229182243347,0.7168006300926208,0.24065744876861572,6.670135974884033,-32.45984649658203,-1.9274623394012451,3259,837
2011_09_26_drive_0017_sync,0000000042,0,0.4945148229598999,-1.1536349058151245,-8.21617603302002,-1.7845544815063477,False,,,0.0,,,,,3226,870
2011_09_26_drive_0017_sync,0000000042,1,0.509312093257904,16.82553482055664,-20.446998596191406,-1.7288384437561035,True,91,0.3612239956855774,0.7252591848373413,0.12006963044404984,16.93867301940918,-20.486555099487305,-1.7216448783874512,3226,870
2011_09_26_drive_0017_sync,0000000042,2,0.7363114356994629,6.302468299865723,-33.306026458740234,-2.0310044288635254,True,13,0.770804762840271,0.9471325278282166,0.019572291523218155,6.29702615737915,-33.30434799194336,-2.0122790336608887,3226,870
2011_09_26_drive_0017_sync,0000000042,3,0.8714633584022522,11.910894393920898,-10.626852035522461,-1.6758408546447754,True,20,0.8835685849189758,0.9074064493179321,0.05445864424109459,11.891180992126465,-10.672478675842285,-1.6980969905853271,3226,870
2011_09_26_drive_0017_sync,0000000042,4,0.8798558115959167,15.309952735900879,6.982305526733398,-1.5612351894378662,True,15,0.8702294230461121,0.8228540420532227,0.08463691174983978,15.340188026428223,7.040917873382568,-1.5081896781921387,3226,870
2011_09_26_drive_0017_sync,0000000043,0,0.8743720054626465,11.66659164428711,-11.727337837219238,-1.6516152620315552,True,62,0.8607727289199829,0.9317216873168945,0.03168131411075592,11.697378158569336,-11.725494384765625,-1.6588608026504517,3308,788
2011_09_26_drive_0017_sync,0000000043,1,0.7727735638618469,5.8842597007751465,-34.488037109375,-1.9159228801727295,True,98,0.7697113752365112,0.7204513549804688,0.18592098355293274,6.055665493011475,-34.47209930419922,-1.9861557483673096,3308,788
2011_09_26_drive_0017_sync,0000000043,2,0.32666587829589844,-1.1984682083129883,-8.281438827514648,-1.737314224243164,False,,,0.0,,,,,3308,788
2011_09_26_drive_0017_sync,0000000043,3,0.7736485004425049,15.14441204071045,5.901736259460449,-1.5692204236984253,True,90,0.8452951908111572,0.8907390832901001,0.09082914888858795,15.13076114654541,5.811949729919434,-1.5678178071975708,3308,788
2011_09_26_drive_0017_sync,0000000044,0,0.6812009215354919,5.546175479888916,-35.77582550048828,-2.0622119903564453,True,90,0.7208400964736938,0.7343178987503052,0.18847069144248962,5.703335285186768,-35.83616638183594,-2.1469526290893555,3300,796
2011_09_26_drive_0017_sync,0000000044,1,0.860397219657898,14.91197395324707,4.636760234832764,-1.5926629304885864,True,43,0.8391451835632324,0.8977166414260864,0.059841010719537735,14.942421913146973,4.588216304779053,-1.6099069118499756,3300,796
2011_09_26_drive_0017_sync,0000000044,2,0.8591341972351074,11.43271255493164,-13.095512390136719,-1.666227102279663,True,78,0.8760676383972168,0.8840208649635315,0.06792275607585907,11.464652061462402,-13.145123481750488,-1.699873924255371,3300,796
2011_09_26_drive_0017_sync,0000000045,0,0.8625537753105164,14.6940279006958,3.6115169525146484,-1.6010985374450684,True,17,0.836444079875946,0.7942888140678406,0.11142601817846298,14.796764373779297,3.584246873855591,-1.6345248222351074,3252,844
2011_09_26_drive_0017_sync,0000000045,1,0.6161326766014099,5.201183795928955,-36.870479583740234,-2.022853374481201,True,51,0.4992254376411438,0.7737237811088562,0.12825922667980194,5.130695819854736,-36.92546463012695,-1.9308831691741943,3252,844
2011_09_26_drive_0017_sync,0000000045,2,0.871817946434021,11.1869478225708,-14.123820304870605,-1.737414836883545,True,89,0.8465745449066162,0.9326333403587341,0.04444703832268715,11.181838989257812,-14.132713317871094,-1.6941672563552856,3252,844
2011_09_26_drive_0017_sync,0000000046,0,0.5176061391830444,5.054450988769531,-38.13195037841797,-2.0632052421569824,True,61,0.3963940143585205,0.6048775315284729,0.42212119698524475,4.937955856323242,-37.727237701416016,-2.091890335083008,3287,809
2011_09_26_drive_0017_sync,0000000046,1,0.8604306578636169,14.562278747558594,2.3762154579162598,-1.54896879196167,True,36,0.8723763823509216,0.7829322218894958,0.12692348659038544,14.488861083984375,2.282733917236328,-1.593472957611084,3287,809
2011_09_26_drive_0017_sync,0000000046,2,0.8624035716056824,10.978018760681152,-15.255598068237305,-1.7054778337478638,True,72,0.8140329718589783,0.8471471071243286,0.14837698638439178,10.961181640625,-15.113383293151855,-1.66665518283844,3287,809
2011_09_26_drive_0017_sync,0000000047,0,0.690440833568573,4.54350471496582,-39.02889633178711,-2.159956932067871,True,54,0.7245590090751648,0.8374250531196594,0.12746697664260864,4.665165901184082,-38.99102020263672,-2.1565239429473877,3256,840
2011_09_26_drive_0017_sync,0000000047,1,0.3078996241092682,-1.2890639305114746,-8.03718376159668,-1.8010011911392212,False,,,0.0,,,,,3256,840
2011_09_26_drive_0017_sync,0000000047,2,0.5506250262260437,17.223718643188477,-20.486875534057617,-1.7656834125518799,True,81,0.608163058757782,0.6929466724395752,0.20609241724014282,17.06251335144043,-20.449270248413086,-1.6429121494293213,3256,840
2011_09_26_drive_0017_sync,0000000047,3,0.8698717355728149,10.684814453125,-16.542821884155273,-1.771899700164795,True,77,0.8438143134117126,0.8000203967094421,0.16059355437755585,10.700798034667969,-16.428211212158203,-1.6605479717254639,3256,840
2011_09_26_drive_0017_sync,0000000047,4,0.8910341262817383,14.358770370483398,1.260432243347168,-1.671229362487793,True,35,0.8738563656806946,0.8675968647003174,0.09755269438028336,14.381979942321777,1.3550927639007568,-1.6753803491592407,3256,840
2011_09_26_drive_0017_sync,0000000047,5,0.33287087082862854,22.890565872192383,16.076982498168945,-1.045264720916748,True,75,0.26268988847732544,0.5149959921836853,0.3562716543674469,23.211286544799805,15.96599292755127,-0.9368716478347778,3256,840
2011_09_26_drive_0017_sync,0000000048,0,0.8147428035736084,10.335217475891113,-17.649980545043945,-1.7401134967803955,True,94,0.8097994327545166,0.7424779534339905,0.057460639625787735,10.336702346801758,-17.651344299316406,-1.6826882362365723,3299,797
2011_09_26_drive_0017_sync,0000000048,1,0.49564626812934875,-1.104813814163208,-8.500886917114258,-1.76327383518219,False,,,0.0,,,,,3299,797
2011_09_26_drive_0017_sync,0000000048,2,0.5526803731918335,16.977243423461914,-20.361547470092773,-1.6569499969482422,True,31,0.5649169683456421,0.7068824768066406,0.2688460052013397,16.967689514160156,-20.613229751586914,-1.7509868144989014,3299,797
2011_09_26_drive_0017_sync,0000000048,3,0.8708609342575073,14.175797462463379,0.24875903129577637,-1.6423852443695068,True,76,0.8774039149284363,0.8828080892562866,0.09929092973470688,14.1581392288208,0.1511056125164032,-1.6391162872314453,3299,797
2011_09_26_drive_0017_sync,0000000049,0,0.47961530089378357,-1.3070299625396729,-8.343857765197754,-1.822413682937622,True,66,0.4130934178829193,0.7057542204856873,0.2504465579986572,-1.1047561168670654,-8.49097728729248,-1.8095835447311401,3272,824
2011_09_26_drive_0017_sync,0000000049,1,0.5314677357673645,16.72654914855957,-20.38711166381836,-1.7567367553710938,True,98,0.6826723217964172,0.6850981116294861,0.24049077928066254,16.966054916381836,-20.402429580688477,-1.7413042783737183,3272,824
2011_09_26_drive_0017_sync,0000000049,2,0.8671157956123352,13.999250411987305,-0.9972894787788391,-1.591016173362732,True,90,0.8678105473518372,0.8587267994880676,0.09044796228408813,13.967116355895996,-0.9257488250732422,-1.6360735893249512,3272,824
2011_09_26_drive_0017_sync,0000000049,3,0.7626364231109619,10.187954902648926,-18.827051162719727,-1.6045150756835938,True,94,0.7812836170196533,0.7155714631080627,0.14790356159210205,10.063504219055176,-18.782564163208008,-1.6709108352661133,3272,824
2011_09_26_drive_0017_sync,0000000050,0,0.3010888993740082,9.44259262084961,-19.751867294311523,-1.7434124946594238,False,,,0.0,,,,,3270,826
2011_09_26_drive_0017_sync,0000000050,1,0.39004626870155334,-0.7430787682533264,-8.606179237365723,-1.7551398277282715,False,,,0.0,,,,,3270,826
2011_09_26_drive_0017_sync,0000000050,2,0.8815720081329346,13.799664497375488,-2.1490769386291504,-1.6360197067260742,True,97,0.8607714772224426,0.8452523350715637,0.1065717563033104,13.833399772644043,-2.0580544471740723,-1.6800012588500977,3270,826
2011_09_26_drive_0017_sync,0000000051,0,0.855924665927887,13.625855445861816,-3.165595531463623,-1.6554176807403564,True,90,0.8466225266456604,0.8911680579185486,0.0626511350274086,13.667837142944336,-3.211803674697876,-1.6501727104187012,3269,827
2011_09_26_drive_0017_sync,0000000051,1,0.7607780694961548,9.618546485900879,-21.156770706176758,-1.7753021717071533,True,29,0.7358182668685913,0.8759329319000244,0.09214518219232559,9.56525993347168,-21.083364486694336,-1.7590909004211426,3269,827
2011_09_26_drive_0017_sync,0000000051,2,0.7345454692840576,16.911638259887695,-20.53592872619629,-1.7697341442108154,True,94,0.7410313487052917,0.934148371219635,0.05659162998199463,16.920555114746094,-20.482004165649414,-1.7844053506851196,3269,827
2011_09_26_drive_0017_sync,0000000052,0,0.86726975440979,13.38740062713623,-4.298693656921387,-1.6585967540740967,True,91,0.8762167096138,0.8425262570381165,0.11696318536996841,13.429960250854492,-4.402317047119141,-1.6922309398651123,3285,811
2011_09_26_drive_0017_sync,0000000052,1,0.3532298803329468,-1.4115370512008667,-7.968730926513672,-1.8035796880722046,True,92,0.4956210255622864,0.7036826014518738,0.26095375418663025,-1.298166275024414,-8.203730583190918,-1.7992109060287476,3285,811
2011_09_26_drive_0017_sync,0000000052,2,0.8101556301116943,9.360156059265137,-22.47679901123047,-1.8047319650650024,True,10,0.738515317440033,0.8022802472114563,0.07977251708507538,9.368108749389648,-22.397493362426758,-1.8080520629882812,3285,811
2011_09_26_drive_0017_sync,0000000052,3,0.767232358455658,16.95004653930664,-20.347251892089844,-1.7063267230987549,True,27,0.7642338275909424,0.6808456182479858,0.21757939457893372,17.138294219970703,-20.453765869140625,-1.6826967000961304,3285,811
2011_09_26_drive_0017_sync,0000000053,0,0.8718604445457458,13.176374435424805,-5.540804386138916,-1.6297005414962769,True,80,0.8879995942115784,0.8806415796279907,0.1104932650923729,13.198197364807129,-5.472943305969238,-1.7141244411468506,3275,821
2011_09_26_drive_0017_sync,0000000053,1,0.6837720274925232,8.869604110717773,-23.506986618041992,-1.7743070125579834,True,38,0.6472492814064026,0.8132309317588806,0.1513558179140091,8.970282554626465,-23.61998748779297,-1.776106357574463,3275,821
2011_09_26_drive_0017_sync,0000000053,2,0.5507341027259827,16.976036071777344,-20.51591682434082,-1.7522393465042114,True,94,0.6921391487121582,0.731682300567627,0.24358905851840973,16.822359085083008,-20.704124450683594,-1.76947021484375,3275,821
2011_09_26_drive_0017_sync,0000000054,0,0.856515109539032,13.030617713928223,-6.741137981414795,-1.7067177295684814,True,69,0.8818740248680115,0.8649789094924927,0.090298593044281,12.95319938659668,-6.710635185241699,-1.6716489791870117,3281,815
2011_09_26_drive_0017_sync,0000000054,1,0.7782506942749023,8.823325157165527,-24.86738395690918,-1.770625352859497,True,78,0.7799273133277893,0.9042770862579346,0.0283123180270195,8.818049430847168,-24.86189079284668,-1.79789400100708,3281,815
2011_09_26_drive_0017_sync,0000000054,2,0.6861393451690674,16.914506912231445,-20.48653793334961,-1.75014328956604,True,52,0.7935409545898438,0.8583120703697205,0.1519506573677063,16.937715530395508,-20.336624145507812,-1.741412878036499,3281,815
2011_09_26_drive_0017_sync,0000000054,3,0.3924245238304138,-1.178285002708435,-8.32458209991455,-1.82032310962677,True,68,0.45657601952552795,0.8006847500801086,0.19170932471752167,-1.369212031364441,-8.340337753295898,-1.8131753206253052,3281,815
2011_09_26_drive_0017_sync,0000000055,0,0.8757519125938416,12.856472969055176,-7.770236968994141,-1.6220496892929077,True,9,0.8504049777984619,0.8137254118919373,0.14567884802818298,12.748817443847656,-7.856905937194824,-1.668105125427246,3347,749
2011_09_26_drive_0017_sync,0000000055,1,0.5002753734588623,17.240142822265625,-20.48251724243164,-1.8092485666275024,True,3,0.4663750231266022,0.7166585326194763,0.21588338911533356,17.10015106201172,-20.606603622436523,-1.7014964818954468,3347,749
2011_09_26_drive_0017_sync,0000000055,2,0.6557742357254028,8.619379043579102,-25.99481773376465,-1.803990125656128,True,83,0.7733576893806458,0.8013817071914673,0.136476069688797,8.56832504272461,-26.02306365966797,-1.9273650646209717,3347,749
2011_09_26_drive_0017_sync,0000000056,0,0.7613308429718018,8.254199028015137,-27.077125549316406,-1.856902837753296,True,17,0.7407294511795044,0.7540130019187927,0.15760497748851776,8.348860740661621,-27.01274299621582,-1.748582124710083,3271,825
2011_09_26_drive_0017_sync,0000000056,1,0.8557355403900146,12.561098098754883,-8.97718620300293,-1.6778793334960938,True,98,0.890401303768158,0.8666185140609741,0.10902225971221924,12.57766342163086,-9.076292991638184,-1.7201793193817139,3271,825
2011_09_26_drive_0017_sync,0000000056,2,0.40359076857566833,-1.2010010480880737,-8.256985664367676,-1.731147050857544,True,58,0.4568703770637512,0.5953413248062134,0.20298737287521362,-1.2611428499221802,-8.075896263122559,-1.8003818988800049,3271,825
2011_09_26_drive_0017_sync,0000000056,3,0.7386518716812134,17.11252784729004,-20.588886260986328,-1.72185480594635,True,20,0.6982465982437134,0.6391004323959351,0.2547570765018463,16.889135360717773,-20.569194793701172,-1.8427233695983887,3271,825
2011_09_26_drive_0017_sync,0000000057,0,0.8257797956466675,7.863415718078613,-28.266935348510742,-1.9536550045013428,True,20,0.8236202001571655,0.8257735967636108,0.09597693383693695,7.903168201446533,-28.2518310546875,-1.8676133155822754,3274,822
2011_09_26_drive_0017_sync,0000000057,1,0.4371243715286255,-1.3431681394577026,-8.229735374450684,-1.8209120035171509,True,43,0.49968478083610535,0.8547996282577515,0.13262943923473358,-1.2214341163635254,-8.181737899780273,-1.7992870807647705,3274,822
2011_09_26_drive_0017_sync,0000000057,2,0.8872761130332947,12.365306854248047,-10.017754554748535,-1.7447612285614014,True,61,0.8433051705360413,0.857306718826294,0.10851258784532547,12.322596549987793,-10.023634910583496,-1.6451809406280518,3274,822
2011_09_26_drive_0017_sync,0000000057,3,0.4951331913471222,16.852941513061523,-20.52670669555664,-1.7932764291763306,True,48,0.6896569728851318,0.9323100447654724,0.038361962884664536,16.87079620361328,-20.54995346069336,-1.768528938293457,3274,822
2011_09_26_drive_0017_sync,0000000058,0,0.8682230710983276,12.093368530273438,-11.332884788513184,-1.7282400131225586,True,48,0.8252265453338623,0.8918673992156982,0.11037702113389969,12.140625,-11.234058380126953,-1.714702844619751,3258,838
2011_09_26_drive_0017_sync,0000000058,1,0.715182363986969,7.95820951461792,-29.417505264282227,-1.9159998893737793,True,69,0.7556135058403015,0.7598258256912231,0.2040197253227234,8.14363956451416,-29.49317741394043,-1.954903244972229,3258,838
2011_09_26_drive_0017_sync,0000000058,2,0.6348909735679626,16.87977409362793,-20.410202026367188,-1.7482830286026,True,83,0.4649399220943451,0.8159274458885193,0.10066753625869751,16.800601959228516,-20.46561622619629,-1.77647864818573,3258,838
2011_09_26_drive_0017_sync,0000000058,3,0.4013875722885132,-1.1224472522735596,-8.209580421447754,-1.7942198514938354,True,54,0.4516751170158386,0.831491231918335,0.11437217891216278,-1.2173659801483154,-8.152090072631836,-1.7665379047393799,3258,838
2011_09_26_drive_0017_sync,0000000059,0,0.8615044951438904,11.907269477844238,-12.362372398376465,-1.7578115463256836,True,42,0.8621297478675842,0.8440782427787781,0.15431371331214905,11.879853248596191,-12.510048866271973,-1.7932054996490479,3354,742
2011_09_26_drive_0017_sync,0000000060,0,0.4084235429763794,-1.420711636543274,-8.100711822509766,-1.73876953125,True,52,0.500926673412323,0.6427667140960693,0.13644841313362122,-1.3066476583480835,-8.148011207580566,-1.7968242168426514,3327,769
2011_09_26_drive_0017_sync,0000000060,1,0.437722384929657,6.8653669357299805,-31.693721771240234,-1.9497793912887573,True,83,0.43339839577674866,0.6088663935661316,0.25383031368255615,7.11342191696167,-31.68266487121582,-2.002470016479492,3327,769
2011_09_26_drive_0017_sync,0000000060,2,0.8759632706642151,11.66738510131836,-13.582467079162598,-1.7259302139282227,True,70,0.8356773853302002,0.8288450241088867,0.1211618185043335,11.660202026367188,-13.463823318481445,-1.702430248260498,3327,769
2011_09_26_drive_0017_sync,0000000061,0,0.5333665609359741,6.854767322540283,-32.70449447631836,-2.051591157913208,True,17,0.5500054359436035,0.6938339471817017,0.2553938627243042,6.633463382720947,-32.58803939819336,-1.9997375011444092,3337,759
2011_09_26_drive_0017_sync,0000000061,1,0.48190057277679443,-1.257928490638733,-8.446694374084473,-1.7231688499450684,True,64,0.4361720681190491,0.5616798400878906,0.20671994984149933,-1.3415577411651611,-8.2886323928833,-1.826878547668457,3337,759
2011_09_26_drive_0017_sync,0000000061,2,0.8798507452011108,11.375055313110352,-14.729434967041016,-1.6979055404663086,True,84,0.8675873279571533,0.885766863822937,0.12997578084468842,11.399038314819336,-14.602174758911133,-1.6867988109588623,3337,759
2011_09_26_drive_0017_sync,0000000062,0,0.41868847608566284,-1.4246375560760498,-8.056591987609863,-1.7212302684783936,True,3,0.40771999955177307,0.6694998145103455,0.21638204157352448,-1.338301658630371,-8.24099063873291,-1.794472575187683,3337,759
2011_09_26_drive_0017_sync,0000000062,1,0.3765982389450073,7.667757511138916,-30.468189239501953,-1.926120638847351,True,29,0.0019348678179085255,0.5055360794067383,0.7454571723937988,7.881251811981201,-29.788427352905273,-2.145324468612671,3337,759
2011_09_26_drive_0017_sync,0000000062,2,0.8214322328567505,11.197307586669922,-15.770855903625488,-1.7577824592590332,True,84,0.7516718506813049,0.8474549055099487,0.1317216008901596,11.162952423095703,-15.878174781799316,-1.6895698308944702,3337,759
2011_09_26_drive_0017_sync,0000000062,3,0.42697495222091675,17.71014404296875,-20.078907012939453,-1.73710298538208,False,,,0.0,,,,,3337,759
2011_09_26_drive_0017_sync,0000000062,4,0.46035897731781006,6.347943305969238,-33.91545486450195,-1.9345136880874634,True,18,0.4760832190513611,0.742699921131134,0.20646308362483978,6.2660698890686035,-33.72837829589844,-1.964945673942566,3337,759
2011_09_26_drive_0017_sync,0000000063,0,0.34793621301651,-1.209812045097351,-8.354869842529297,-1.807781457901001,False,,,0.0,,,,,3280,816
2011_09_26_drive_0017_sync,0000000063,1,0.3118544816970825,17.908023834228516,-19.9560546875,-1.8054449558258057,True,5,0.18848592042922974,0.6814825534820557,0.11020313203334808,17.931909561157227,-20.030637741088867,-1.7279106378555298,3280,816
2011_09_26_drive_0017_sync,0000000063,2,0.8283888697624207,10.96277141571045,-16.90024185180664,-1.7465832233428955,True,77,0.8338260054588318,0.8692986369132996,0.051387719810009,10.95211410522461,-16.85840606689453,-1.7187105417251587,3280,816
2011_09_26_drive_0017_sync,0000000063,3,0.6196987628936768,5.926919937133789,-35.094085693359375,-2.0780396461486816,True,84,0.6233006119728088,0.7061693668365479,0.21113702654838562,6.07302713394165,-35.05569839477539,-1.9305338859558105,3280,816
2011_09_26_drive_0017_sync,0000000064,0,0.45149552822113037,5.949004650115967,-36.08594512939453,-1.9310578107833862,True,57,0.2130061835050583,0.5393533706665039,0.2804170548915863,5.674485683441162,-36.13509750366211,-1.9017815589904785,3389,707
2011_09_26_drive_0017_sync,0000000064,1,0.7402969002723694,16.9598388671875,-20.484092712402344,-1.6808977127075195,True,36,0.7565838098526001,0.7371175289154053,0.14186526834964752,17.00273895263672,-20.577407836914062,-1.7787630558013916,3389,707
2011_09_26_drive_0017_sync,0000000064,2,0.8707732558250427,10.675494194030762,-17.965452194213867,-1.7689576148986816,True,66,0.7927268743515015,0.9141630530357361,0.09626168012619019,10.723018646240234,-17.881790161132812,-1.7660589218139648,3389,707
2011_09_26_drive_0017_sync,0000000065,0,0.8113228678703308,10.431045532226562,-19.171619415283203,-1.7027816772460938,True,44,0.8113879561424255,0.9045602679252625,0.07160680741071701,10.471853256225586,-19.12239646911621,-1.7350208759307861,3318,778
2011_09_26_drive_0017_sync,0000000065,1,0.4284818172454834,-1.4281429052352905,-7.847053527832031,-1.857338309288025,True,84,0.3883287310600281,0.819801926612854,0.16189570724964142,-1.290120244026184,-7.924213886260986,-1.8226072788238525,3318,778
2011_09_26_drive_0017_sync,0000000065,2,0.6993414759635925,5.191180229187012,-37.393280029296875,-2.0789458751678467,True,50,0.6971718668937683,0.8503991961479187,0.1206236258149147,5.087764739990234,-37.42922592163086,-2.1295738220214844,3318,778
2011_09_26_drive_0017_sync,0000000066,0,0.4617338180541992,16.803417205810547,-20.62531089782715,-1.7003222703933716,True,63,0.6852084398269653,0.8115309476852417,0.13031606376171112,16.927005767822266,-20.584918975830078,-1.6915678977966309,3343,753
2011_09_26_drive_0017_sync,0000000066,1,0.8615802526473999,10.138165473937988,-20.405845642089844,-1.7784833908081055,True,43,0.8326303958892822,0.8305479288101196,0.14126108586788177,10.118390083312988,-20.267484664916992,-1.7989740371704102,3343,753
2011_09_26_drive_0017_sync,0000000067,0,0.8397327661514282,9.851853370666504,-21.29962730407715,-1.755800724029541,True,56,0.718441367149353,0.9049685001373291,0.020268939435482025,9.867680549621582,-21.311479568481445,-1.7602565288543701,3361,735
2011_09_26_drive_0017_sync,0000000067,1,0.7571102976799011,16.99666976928711,-20.601369857788086,-1.7426813840866089,True,65,0.8107751607894897,0.8237319588661194,0.07763931900262833,16.95067596435547,-20.5406494140625,-1.7576967477798462,3361,735
2011_09_26_drive_0017_sync,0000000068,0,0.3587266802787781,-1.1671841144561768,-8.239276885986328,-1.7807159423828125,True,8,0.42854633927345276,0.7759612798690796,0.14951251447200775,-1.2450454235076904,-8.304397583007812,-1.890492558479309,3349,747
2011_09_26_drive_0017_sync,0000000068,1,0.706921398639679,16.862913131713867,-20.641210556030273,-1.739287257194519,True,96,0.34162646532058716,0.7453815340995789,0.20035474002361298,17.005573272705078,-20.5057373046875,-1.7013781070709229,3349,747
2011_09_26_drive_0017_sync,0000000068,2,0.7897080779075623,9.61148452758789,-22.341585159301758,-1.805497407913208,True,81,0.7806126475334167,0.7617297172546387,0.15487906336784363,9.7056245803833,-22.45134162902832,-1.7500114440917969,3349,747
2011_09_26_drive_0017_sync,0000000069,0,0.46733754873275757,-1.166337013244629,-8.429877281188965,-1.7691330909729004,True,87,0.4328446388244629,0.6929270029067993,0.24991732835769653,-1.2377145290374756,-8.194706916809082,-1.814507246017456,3332,764
2011_09_26_drive_0017_sync,0000000069,1,0.7934848070144653,16.957618713378906,-20.634931564331055,-1.7411105632781982,True,69,0.6237180829048157,0.7886059284210205,0.11706005036830902,16.928773880004883,-20.687084197998047,-1.8418633937835693,3332,764
2011_09_26_drive_0017_sync,0000000069,2,0.8021475672721863,9.363479614257812,-23.622787475585938,-1.7187628746032715,True,58,0.8314543962478638,0.8773069381713867,0.07570339739322662,9.428773880004883,-23.599010467529297,-1.7488014698028564,3332,764
2011_09_26_drive_0017_sync,0000000070,0,0.8174343705177307,9.174356460571289,-24.765926361083984,-1.7853524684906006,True,69,0.7651809453964233,0.8553870916366577,0.11231142282485962,9.084365844726562,-24.826833724975586,-1.8137397766113281,3373,723
2011_09_26_drive_0017_sync,0000000070,1,0.7908689975738525,16.877323150634766,-20.644182205200195,-1.71858549118042,True,80,0.8022120594978333,0.8077846169471741,0.1941547840833664,16.972492218017578,-20.484554290771484,-1.7747802734375,3373,723
2011_09_26_drive_0017_sync,0000000071,0,0.34695374965667725,-1.295157790184021,-8.043045997619629,-1.8129324913024902,True,91,0.07850077003240585,0.5193535089492798,0.32806169986724854,-1.1327351331710815,-8.323582649230957,-1.762508749961853,3362,734
2011_09_26_drive_0017_sync,0000000071,1,0.80640709400177,8.852799415588379,-25.844331741333008,-1.9522554874420166,True,80,0.7428562641143799,0.7865036725997925,0.1683449149131775,8.827949523925781,-25.794830322265625,-1.793283462524414,3362,734
2011_09_26_drive_0017_sync,0000000072,0,0.39383402466773987,-0.9269530177116394,-8.295496940612793,-1.7994729280471802,True,11,0.22854238748550415,0.583290159702301,0.18699796497821808,-0.9706627726554871,-8.475624084472656,-1.8242096900939941,3380,716
2011_09_26_drive_0017_sync,0000000072,1,0.49865683913230896,8.786359786987305,-27.046485900878906,-1.902496099472046,True,15,0.6443898677825928,0.8049241304397583,0.184473916888237,8.856669425964355,-27.215835571289062,-1.9226919412612915,3380,716
2011_09_26_drive_0017_sync,0000000072,2,0.4721944332122803,16.960281372070312,-20.728715896606445,-1.7330219745635986,True,98,0.6739086508750916,0.7282196283340454,0.19547781348228455,16.918432235717773,-20.547948837280273,-1.794532060623169,3380,716
2011_09_26_drive_0017_sync,0000000073,0,0.6779351234436035,8.358817100524902,-28.040603637695312,-1.8661437034606934,True,62,0.7161169648170471,0.7521248459815979,0.20411667227745056,8.551648139953613,-28.106096267700195,-1.8799467086791992,3349,747
2011_09_26_drive_0017_sync,0000000073,1,0.770581841468811,16.822418212890625,-20.60820960998535,-1.7636088132858276,True,95,0.6210229992866516,0.7736636996269226,0.07694587856531143,16.89006996154785,-20.62462615966797,-1.7308306694030762,3349,747
2011_09_26_drive_0017_sync,0000000074,0,0.5518185496330261,23.482698440551758,16.09817123413086,-1.241771936416626,True,73,0.003138200845569372,0.740585446357727,0.07549858838319778,23.41579818725586,16.068145751953125,-1.2597403526306152,3387,709
2011_09_26_drive_0017_sync,0000000074,1,0.7173458933830261,17.061281204223633,-20.464797973632812,-1.724684476852417,True,32,0.6259281635284424,0.6088200807571411,0.2661439776420593,16.801599502563477,-20.481826782226562,-1.66893470287323,3387,709
2011_09_26_drive_0017_sync,0000000074,2,0.5676437020301819,8.106764793395996,-29.31422996520996,-1.9306550025939941,True,81,0.7063331007957458,0.9147724509239197,0.09277726709842682,8.094614028930664,-29.225202560424805,-1.953765630722046,3387,709
2011_09_26_drive_0017_sync,0000000075,0,0.7778787016868591,7.899710178375244,-30.466266632080078,-1.8888698816299438,True,84,0.6996722221374512,0.9003674983978271,0.057678963989019394,7.867459297180176,-30.42009925842285,-1.876407265663147,3373,723
2011_09_26_drive_0017_sync,0000000075,1,0.6127757430076599,16.863107681274414,-20.732372283935547,-1.726364016532898,True,6,0.6005856394767761,0.8228154182434082,0.09841632843017578,16.92917823791504,-20.781648635864258,-1.7801440954208374,3373,723
2011_09_26_drive_0017_sync,0000000076,0,0.8047422766685486,16.84142303466797,-20.473709106445312,-1.7519046068191528,True,50,0.6053276062011719,0.760814368724823,0.13853095471858978,16.905590057373047,-20.59347152709961,-1.7248790264129639,3352,744
2011_09_26_drive_0017_sync,0000000076,1,0.6396386027336121,7.746295928955078,-31.388437271118164,-2.003031015396118,True,17,0.6424725651741028,0.6587136387825012,0.14179418981075287,7.676645755767822,-31.287235260009766,-1.9322313070297241,3352,744
2011_09_26_drive_0017_sync,0000000077,0,0.43658632040023804,-1.4981870651245117,-8.091227531433105,-1.7293689250946045,False,,,0.0,,,,,3320,776
2011_09_26_drive_0017_sync,0000000077,1,0.7091790437698364,17.09977149963379,-20.62600326538086,-1.8326294422149658,True,52,0.5525826215744019,0.7831456661224365,0.17022423446178436,16.988813400268555,-20.505937576293945,-1.785207748413086,3320,776
2011_09_26_drive_0017_sync,0000000077,2,0.7023607492446899,7.165775775909424,-32.55813217163086,-2.010542869567871,True,30,0.7856585383415222,0.7784468531608582,0.1159304603934288,7.240548610687256,-32.56172180175781,-1.9220216274261475,3320,776
2011_09_26_drive_0017_sync,0000000078,0,0.7090482115745544,7.028488636016846,-33.65361404418945,-1.923797845840454,True,40,0.7618420124053955,0.794259250164032,0.1448640376329422,6.982468605041504,-33.60075378417969,-2.050579309463501,3356,740
2011_09_26_drive_0017_sync,0000000078,1,0.492841899394989,-0.3882145881652832,-19.548660278320312,-1.934807300567627,True,76,0.435517281293869,0.8811073899269104,0.08378168940544128,-0.3195653259754181,-19.526790618896484,-1.8920478820800781,3356,740
2011_09_26_drive_0017_sync,0000000078,2,0.3786396384239197,-0.9565470218658447,-8.706957817077637,-1.78076171875,True,2,0.3012183904647827,0.7418971061706543,0.18945097923278809,-1.0923264026641846,-8.578885078430176,-1.8132116794586182,3356,740
2011_09_26_drive_0017_sync,0000000078,3,0.6708126664161682,16.878643035888672,-20.5989990234375,-1.7378168106079102,True,62,0.5785906910896301,0.8764029145240784,0.08988691121339798,16.954240798950195,-20.647554397583008,-1.7351691722869873,3356,740
2011_09_26_drive_0017_sync,0000000079,0,0.6925526857376099,16.80791473388672,-20.56328773498535,-1.6902656555175781,True,95,0.7167326211929321,0.772071897983551,0.1254076212644577,16.698945999145508,-20.62334442138672,-1.7059526443481445,3330,766
2011_09_26_drive_0017_sync,0000000079,1,0.6219116449356079,6.7768402099609375,-34.78467559814453,-2.1228621006011963,True,80,0.6461918950080872,0.6674540042877197,0.2674688696861267,6.559866428375244,-34.93505096435547,-2.079859495162964,3330,766
2011_09_26_drive_0017_sync,0000000080,0,0.7272320985794067,0.5483297109603882,-20.80603790283203,-1.8856306076049805,True,50,0.4127127528190613,0.7126263380050659,0.1880856305360794,0.43474915623664856,-20.682865142822266,-1.9710948467254639,3362,734
2011_09_26_drive_0017_sync,0000000080,1,0.4123888611793518,-1.0988106727600098,-8.436651229858398,-1.8525933027267456,False,,,0.0,,,,,3362,734
2011_09_26_drive_0017_sync,0000000080,2,0.49736058712005615,6.240078926086426,-36.04597854614258,-2.2391743659973145,True,31,0.35822969675064087,0.6974239349365234,0.16510699689388275,6.270218849182129,-36.20003890991211,-2.1880147457122803,3362,734
2011_09_26_drive_0017_sync,0000000080,3,0.6013185381889343,16.899898529052734,-20.58819580078125,-1.8237550258636475,True,58,0.302765816450119,0.6471199989318848,0.2240026891231537,16.70448112487793,-20.484481811523438,-1.7886459827423096,3362,734
2011_09_26_drive_0017_sync,0000000081,0,0.6982619762420654,16.90084457397461,-20.551876068115234,-1.804861307144165,True,34,0.3314376473426819,0.6971121430397034,0.2520347535610199,16.908143997192383,-20.3080997467041,-1.7412898540496826,3358,738
2011_09_26_drive_0017_sync,0000000081,1,0.31925761699676514,-1.404750943183899,-8.200688362121582,-1.7152031660079956,False,,,0.0,,,,,3358,738
2011_09_26_drive_0017_sync,0000000081,2,0.8405463695526123,1.137812614440918,-21.106647491455078,-1.8845617771148682,True,65,0.8138926029205322,0.8406381011009216,0.10939847677946091,1.0337097644805908,-21.13524055480957,-1.866868257522583,3358,738
2011_09_26_drive_0017_sync,0000000082,0,0.33291903138160706,-1.0927822589874268,-8.449862480163574,-1.8072385787963867,True,9,0.27054518461227417,0.859976589679718,0.07975658029317856,-1.1358798742294312,-8.467045783996582,-1.742366075515747,3319,777
2011_09_26_drive_0017_sync,0000000082,1,0.8497512936592102,1.4558866024017334,-21.700674057006836,-1.910886526107788,True,3,0.7288066148757935,0.8207993507385254,0.12912775576114655,1.5540781021118164,-21.75183868408203,-1.977328896522522,3319,777
2011_09_26_drive_0017_sync,0000000082,2,0.30158481001853943,5.737051010131836,-38.16345977783203,-2.1069700717926025,True,95,0.2630326747894287,0.7043865919113159,0.19497288763523102,5.823805809020996,-38.320289611816406,-2.030207872390747,3319,777
2011_09_26_drive_0017_sync,0000000083,0,0.6896697282791138,16.827058792114258,-20.69407844543457,-1.8146111965179443,False,,,0.0,,,,,3344,752
2011_09_26_drive_0017_sync,0000000083,1,0.8682694435119629,1.7930909395217896,-22.17402458190918,-1.9529184103012085,True,52,0.81180340051651,0.862547755241394,0.08649147301912308,1.8509914875030518,-22.236412048339844,-1.9682841300964355,3344,752
2011_09_26_drive_0017_sync,0000000084,0,0.7706312537193298,16.955293655395508,-20.458324432373047,-1.7681894302368164,True,76,0.7217575311660767,0.7371310591697693,0.15236645936965942,16.842702865600586,-20.515079498291016,-1.6826457977294922,3374,722
2011_09_26_drive_0017_sync,0000000084,1,0.4165318012237549,-1.4208418130874634,-8.085977554321289,-1.9064326286315918,True,77,0.41250211000442505,0.6227907538414001,0.14083482325077057,-1.338196873664856,-7.978702068328857,-1.8677514791488647,3374,722
2011_09_26_drive_0017_sync,0000000084,2,0.7624154686927795,2.1183841228485107,-22.714061737060547,-1.891262173652649,True,52,0.7825906276702881,0.8274317979812622,0.06350818276405334,2.110175609588623,-22.683914184570312,-1.9465526342391968,3374,722
2011_09_26_drive_0017_sync,0000000085,0,0.573552668094635,17.14754867553711,-20.568218231201172,-1.7743308544158936,True,86,0.6927490234375,0.7528399229049683,0.22074151039123535,16.959760665893555,-20.6841983795166,-1.7776596546173096,3333,763
2011_09_26_drive_0017_sync,0000000085,1,0.38746699690818787,-1.4912548065185547,-8.182798385620117,-1.86436128616333,True,66,0.44635117053985596,0.573268711566925,0.3745046854019165,-1.22519850730896,-8.39277458190918,-1.705057144165039,3333,763
2011_09_26_drive_0017_sync,0000000085,2,0.7124074101448059,2.5093319416046143,-23.189964294433594,-1.9215086698532104,True,81,0.7552254796028137,0.8014954328536987,0.19119907915592194,2.463947296142578,-23.27477264404297,-2.0867505073547363,3333,763
2011_09_26_drive_0017_sync,0000000086,0,0.7355434894561768,17.11491584777832,-20.425132751464844,-1.747813105583191,True,21,0.5636776685714722,0.7905058860778809,0.17573606967926025,16.970239639282227,-20.523874282836914,-1.7620283365249634,3378,718
2011_09_26_drive_0017_sync,0000000086,1,0.8134701251983643,2.809037208557129,-23.762821197509766,-1.9413613080978394,True,53,0.7929472327232361,0.8272778391838074,0.12334252893924713,2.930262804031372,-23.742292404174805,-1.9315478801727295,3378,718
2011_09_26_drive_0017_sync,0000000087,0,0.8385739326477051,3.124939203262329,-24.355573654174805,-1.86329185962677,True,81,0.8592854142189026,0.8475576639175415,0.1524573713541031,3.130272626876831,-24.415050506591797,-2.003567695617676,3334,762
2011_09_26_drive_0017_sync,0000000087,1,0.49291524291038513,-1.1626670360565186,-8.281323432922363,-1.827709674835205,True,57,0.5332123041152954,0.7279223203659058,0.18858741223812103,-1.2711217403411865,-8.136734962463379,-1.7738862037658691,3334,762
2011_09_26_drive_0017_sync,0000000087,2,0.3890700936317444,5.6759514808654785,37.23945617675781,-0.8512610793113708,False,,,0.0,,,,,3334,762
2011_09_26_drive_0017_sync,0000000088,0,0.8339206576347351,3.430112838745117,-24.97254753112793,-2.0412192344665527,True,12,0.8122110366821289,0.8172484040260315,0.10544821619987488,3.4223744869232178,-24.94621467590332,-1.9394055604934692,3338,758
2011_09_26_drive_0017_sync,0000000089,0,0.7342044711112976,16.897117614746094,-20.386192321777344,-1.7476791143417358,True,92,0.7104684710502625,0.8278890252113342,0.1895381361246109,16.836057662963867,-20.565622329711914,-1.7465583086013794,3371,725
2011_09_26_drive_0017_sync,0000000089,1,0.832877516746521,3.713102340698242,-25.580047607421875,-1.9444459676742554,True,33,0.8355501890182495,0.761824369430542,0.21702317893505096,3.6619651317596436,-25.41181755065918,-2.071657180786133,3371,725
2011_09_26_drive_0017_sync,0000000090,0,0.8217740058898926,3.9699690341949463,-26.30213737487793,-1.9417918920516968,True,51,0.7637642621994019,0.8570989370346069,0.08538398146629333,3.928382396697998,-26.239032745361328,-1.9815257787704468,3355,741
2011_09_26_drive_0017_sync,0000000090,1,0.6810598969459534,16.99757194519043,-20.62491798400879,-1.7733359336853027,True,39,0.692340612411499,0.7776646018028259,0.16629813611507416,16.841630935668945,-20.65415382385254,-1.7235088348388672,3355,741
2011_09_26_drive_0017_sync,0000000091,0,0.6822127103805542,4.089990615844727,-26.71124839782715,-1.907785177230835,True,67,0.4089704751968384,0.8383583426475525,0.05041307583451271,4.089331150054932,-26.70112419128418,-1.8584035634994507,3346,750
2011_09_26_drive_0017_sync,0000000091,1,0.7712757587432861,16.914295196533203,-20.538618087768555,-1.7544372081756592,True,91,0.39394891262054443,0.6306694149971008,0.17181366682052612,16.74406623840332,-20.541088104248047,-1.7775875329971313,3346,750
2011_09_26_drive_0017_sync,0000000092,0,0.819317638874054,16.93577003479004,-20.409631729125977,-1.7498831748962402,True,4,0.7711759805679321,0.8777004480361938,0.1525639146566391,16.898609161376953,-20.55608558654785,-1.7710039615631104,3324,772
2011_09_26_drive_0017_sync,0000000092,1,0.8770639300346375,4.284204959869385,-27.565189361572266,-2.0323829650878906,True,30,0.8485928773880005,0.7388351559638977,0.24661372601985931,4.338393211364746,-27.445898056030273,-1.823453426361084,3324,772
2011_09_26_drive_0017_sync,0000000093,0,0.3688679337501526,-1.299301266670227,-8.060246467590332,-1.7603576183319092,True,94,0.27683112025260925,0.7637744545936584,0.20655664801597595,-1.1043647527694702,-8.116275787353516,-1.7994232177734375,3379,717
2011_09_26_drive_0017_sync,0000000093,1,0.8197000622749329,4.609518051147461,-28.391630172729492,-1.8597049713134766,True,89,0.7909413576126099,0.8652092814445496,0.10787616670131683,4.531363487243652,-28.342679977416992,-1.9156782627105713,3379,717
2011_09_26_drive_0017_sync,0000000093,2,0.7623753547668457,16.87885093688965,-20.57413673400879,-1.7427074909210205,True,92,0.7983201146125793,0.9235417246818542,0.08113669604063034,16.905550003051758,-20.49815559387207,-1.7328490018844604,3379,717
2011_09_26_drive_0017_sync,0000000094,0,0.5001082420349121,16.7634334564209,-20.835519790649414,-1.8987680673599243,True,68,0.515216588973999,0.5190317630767822,0.340258926153183,16.615686416625977,-20.579517364501953,-1.7302162647247314,3368,728
2011_09_26_drive_0017_sync,0000000094,1,0.3890332877635956,-1.456697940826416,-7.783748626708984,-1.7538273334503174,False,,,0.0,,,,,3368,728
2011_09_26_drive_0017_sync,0000000094,2,0.8001869916915894,4.733334064483643,-29.04478645324707,-1.913984775543213,True,10,0.8358429670333862,0.9307828545570374,0.08384212106466293,4.760584354400635,-29.123674392700195,-1.9060088396072388,3368,728
2011_09_26_drive_0017_sync,0000000095,0,0.438863068819046,-1.2701549530029297,-8.199751853942871,-1.7351624965667725,True,33,0.07524840533733368,0.7382413148880005,0.2883574068546295,-1.0053831338882446,-8.307194709777832,-1.7739170789718628,3345,751
2011_09_26_drive_0017_sync,0000000095,1,0.7518402934074402,5.019109725952148,-29.945934295654297,-1.9501991271972656,True,89,0.6603804230690002,0.7798781991004944,0.14874456822872162,4.890334129333496,-29.876493453979492,-1.9770275354385376,3345,751
2011_09_26_drive_0017_sync,0000000095,2,0.6750960946083069,16.989835739135742,-20.64055633544922,-1.7930285930633545,True,94,0.570225715637207,0.8018455505371094,0.1413470357656479,17.031848907470703,-20.74553871154785,-1.7082195281982422,3345,751
2011_09_26_drive_0017_sync,0000000096,0,0.37222129106521606,32.97562026977539,15.730598449707031,0.18564528226852417,True,42,0.13156379759311676,0.7723371386528015,0.2780309319496155,33.0734977722168,15.945518493652344,0.038912296295166016,3382,714
2011_09_26_drive_0017_sync,0000000096,1,0.7692014575004578,4.9089226722717285,-30.623149871826172,-1.9445078372955322,True,55,0.5238256454467773,0.8376187682151794,0.07321354001760483,4.8568339347839355,-30.571701049804688,-1.9445723295211792,3382,714
2011_09_26_drive_0017_sync,0000000096,2,0.6716603636741638,16.85785675048828,-20.637845993041992,-1.7370820045471191,True,94,0.7844768166542053,0.8038771748542786,0.0885595753788948,16.831680297851562,-20.58075523376465,-1.7995178699493408,3382,714
2011_09_26_drive_0017_sync,0000000097,0,0.506683886051178,17.017696380615234,-20.461978912353516,-1.7231223583221436,True,77,0.7749503254890442,0.7219191789627075,0.05244617164134979,17.06787109375,-20.470489501953125,-1.710446834564209,3402,694
2011_09_26_drive_0017_sync,0000000098,0,0.7386428713798523,17.203338623046875,-20.490327835083008,-1.7981877326965332,True,92,0.6467766165733337,0.7855766415596008,0.16113153100013733,17.047443389892578,-20.523113250732422,-1.7739976644515991,3363,733
2011_09_26_drive_0017_sync,0000000098,1,0.4969686269760132,-1.3727140426635742,-8.271315574645996,-1.7569580078125,True,83,0.414217472076416,0.7849544286727905,0.166359081864357,-1.3212292194366455,-8.115667343139648,-1.7852119207382202,3363,733
2011_09_26_drive_0017_sync,0000000098,2,0.7685198187828064,5.115620136260986,-31.952566146850586,-2.0403733253479004,True,34,0.6944630146026611,0.839452862739563,0.11601902544498444,5.214762210845947,-32.00822067260742,-2.0634782314300537,3363,733
2011_09_26_drive_0017_sync,0000000099,0,0.6740841269493103,16.919599533081055,-20.6900634765625,-1.743321180343628,False,,,0.0,,,,,3348,748
2011_09_26_drive_0017_sync,0000000099,1,0.7656636834144592,5.102682590484619,-32.76802062988281,-2.0371010303497314,True,36,0.6762384176254272,0.7142367362976074,0.19456440210342407,5.109264373779297,-32.86761474609375,-1.870089054107666,3348,748
2011_09_26_drive_0017_sync,0000000100,0,0.3723394274711609,-1.3075284957885742,-8.306994438171387,-1.703503131866455,True,17,0.23378708958625793,0.6924472451210022,0.16948340833187103,-1.2247906923294067,-8.179512023925781,-1.778518557548523,3395,701
2011_09_26_drive_0017_sync,0000000100,1,0.785237193107605,5.013052940368652,-33.56463623046875,-1.7696940898895264,True,29,0.7863388657569885,0.5951865315437317,0.41997408866882324,5.259021282196045,-33.83440399169922,-1.9773070812225342,3395,701
2011_09_26_drive_0017_sync,0000000100,2,0.3030995726585388,17.289396286010742,-20.435993194580078,-1.8084523677825928,True,32,0.4404032826423645,0.5534909963607788,0.387590229511261,16.970094680786133,-20.645299911499023,-1.7416439056396484,3395,701
2011_09_26_drive_0017_sync,0000000101,0,0.32849398255348206,24.213781356811523,-24.50502586364746,-1.53584885597229,False,,,0.0,,,,,3402,694
2011_09_26_drive_0017_sync,0000000101,1,0.817348837852478,5.2635064125061035,-34.394649505615234,-1.9249727725982666,True,75,0.7932252883911133,0.8104473352432251,0.11176073551177979,5.201270580291748,-34.33837890625,-1.8511433601379395,3402,694
2011_09_26_drive_0017_sync,0000000101,2,0.7161715030670166,16.867748260498047,-20.575164794921875,-1.7183185815811157,True,91,0.6404679417610168,0.770343005657196,0.07764625549316406,16.93949317932129,-20.55066680908203,-1.7350952625274658,3402,694
2011_09_26_drive_0017_sync,0000000101,3,0.5239097476005554,-1.0047775506973267,-8.358760833740234,-1.7860565185546875,True,72,0.34296172857284546,0.617678165435791,0.32898563146591187,-0.7557830214500427,-8.571216583251953,-1.819159746170044,3402,694
2011_09_26_drive_0017_sync,0000000102,0,0.5153761506080627,-1.313889980316162,-8.232779502868652,-1.768319010734558,True,4,0.25005894899368286,0.8643800616264343,0.11505176872015,-1.1995693445205688,-8.238856315612793,-1.779754638671875,3336,760
2011_09_26_drive_0017_sync,0000000102,1,0.8093997836112976,16.943317413330078,-20.502899169921875,-1.7698544263839722,True,76,0.7760728001594543,0.7754465937614441,0.07737619429826736,16.956201553344727,-20.428544998168945,-1.7527508735656738,3336,760
2011_09_26_drive_0017_sync,0000000102,2,0.7621879577636719,5.265226364135742,-35.23860168457031,-2.047907829284668,True,88,0.5583953261375427,0.7305030822753906,0.2118539959192276,5.064739227294922,-35.299644470214844,-2.078904628753662,3336,760
2011_09_26_drive_0017_sync,0000000103,0,0.8009471893310547,16.995859146118164,-20.677478790283203,-1.6226083040237427,True,70,0.7832446098327637,0.7083017230033875,0.17629200220108032,16.896808624267578,-20.6131591796875,-1.7534931898117065,3371,725
2011_09_26_drive_0017_sync,0000000104,0,0.6497059464454651,17.135208129882812,-20.45706558227539,-1.8264936208724976,True,98,0.5719119906425476,0.7822305560112,0.2039763480424881,16.978660583496094,-20.571985244750977,-1.7641022205352783,3368,728
2011_09_26_drive_0017_sync,0000000104,1,0.3378247618675232,4.829162120819092,-36.80512619018555,-2.118471622467041,True,31,0.0624157153069973,0.8090270161628723,0.1267855316400528,4.8816704750061035,-36.82801818847656,-2.005363702774048,3368,728
2011_09_26_drive_0017_sync,0000000105,0,0.5883381962776184,4.686659812927246,-37.54397964477539,-1.9341850280761719,True,58,0.3009628355503082,0.7532750368118286,0.2177741378545761,4.809299945831299,-37.51084518432617,-2.1110665798187256,3359,737
2011_09_26_drive_0017_sync,0000000105,1,0.38073575496673584,17.19472312927246,-20.694093704223633,-1.7695893049240112,True,71,0.6351293921470642,0.6430432796478271,0.23591531813144684,16.962387084960938,-20.706411361694336,-1.730547308921814,3359,737
2011_09_26_drive_0017_sync,0000000106,0,0.31202584505081177,4.703660488128662,-38.53062057495117,-1.982079267501831,True,58,0.48731300234794617,0.7289037704467773,0.1617475152015686,4.629140853881836,-38.45806121826172,-2.1059510707855225,3352,744
2011_09_26_drive_0017_sync,0000000106,1,0.8131173253059387,16.899635314941406,-20.503910064697266,-1.7732638120651245,True,66,0.8148292303085327,0.809997022151947,0.1355891227722168,16.96590232849121,-20.62194061279297,-1.765397310256958,3352,744
2011_09_26_drive_0017_sync,0000000107,0,0.41506120562553406,-0.9035385847091675,-8.43538761138916,-1.8110284805297852,False,,,0.0,,,,,3358,738
2011_09_26_drive_0017_sync,0000000107,1,0.7386937737464905,16.874135971069336,-20.5758056640625,-1.7053905725479126,True,97,0.7870208621025085,0.8425635099411011,0.08651503175497055,16.937519073486328,-20.54074478149414,-1.658081293106079,3358,738
2011_09_26_drive_0017_sync,0000000108,0,0.3049531877040863,-1.2857301235198975,-8.262812614440918,-1.7682197093963623,True,86,0.09637367725372314,0.7993464469909668,0.22973397374153137,-1.0887665748596191,-8.17136287689209,-1.6932530403137207,3385,711
2011_09_26_drive_0017_sync,0000000108,1,0.6992765069007874,16.962858200073242,-20.555002212524414,-1.693071961402893,True,96,0.8156185150146484,0.8231931328773499,0.15194949507713318,16.985240936279297,-20.412578582763672,-1.7410633563995361,3385,711
2011_09_26_drive_0017_sync,0000000109,0,0.5715217590332031,4.473433494567871,-40.71114730834961,-2.2073800563812256,False,,,0.0,,,,,3356,740
2011_09_26_drive_0017_sync,0000000110,0,0.7466001510620117,0.42507269978523254,-18.79906463623047,-1.9186919927597046,True,78,0.7438972592353821,0.6514201164245605,0.537088930606842,-0.06691308319568634,-18.58473014831543,-1.8968924283981323,3391,705
2011_09_26_drive_0017_sync,0000000110,1,0.3568510115146637,-1.4622286558151245,-7.912189960479736,-1.7568144798278809,True,18,0.2816067039966583,0.7737830281257629,0.1753760725259781,-1.580819010734558,-7.805146217346191,-1.8291659355163574,3391,705
2011_09_26_drive_0017_sync,0000000111,0,0.6285689473152161,17.019868850708008,-20.487136840820312,-1.7035863399505615,True,86,0.6893209218978882,0.8853781223297119,0.11275705695152283,16.99348258972168,-20.596372604370117,-1.7128311395645142,3350,746
2011_09_26_drive_0017_sync,0000000111,1,0.38992616534233093,-0.9133329391479492,-8.706693649291992,-1.7950600385665894,False,,,0.0,,,,,3350,746
2011_09_26_drive_0017_sync,0000000111,2,0.8226919174194336,0.7648218870162964,-19.318845748901367,-1.9465587139129639,True,19,0.39438045024871826,0.6831985712051392,0.3829740583896637,0.43958181142807007,-19.138399124145508,-2.037811279296875,3350,746
2011_09_26_drive_0017_sync,0000000112,0,0.8403223156929016,1.2285641431808472,-19.801837921142578,-1.948899507522583,True,75,0.8025476336479187,0.8578759431838989,0.07070037722587585,1.2227658033370972,-19.86778450012207,-1.973718285560608,3344,752
2011_09_26_drive_0017_sync,0000000112,1,0.764825701713562,16.97574806213379,-20.53152847290039,-1.6827287673950195,True,43,0.7945252656936646,0.9042893648147583,0.0711175799369812,16.989023208618164,-20.48607063293457,-1.735785961151123,3344,752
2011_09_26_drive_0017_sync,0000000113,0,0.880561351776123,1.7437831163406372,-20.350570678710938,-1.9848084449768066,True,94,0.8364954590797424,0.8676827549934387,0.05637876316905022,1.724051594734192,-20.394521713256836,-2.014092206954956,3387,709
2011_09_26_drive_0017_sync,0000000113,1,0.5001944303512573,-1.3935438394546509,-8.1317720413208,-1.755096435546875,True,31,0.28970980644226074,0.6401880979537964,0.07378631085157394,-1.4223953485488892,-8.065250396728516,-1.7687668800354004,3387,709
2011_09_26_drive_0017_sync,0000000113,2,0.7867904305458069,17.004695892333984,-20.37286949157715,-1.7700213193893433,True,46,0.8109951615333557,0.7973202466964722,0.1276114284992218,16.904502868652344,-20.356388092041016,-1.6927270889282227,3387,709
2011_09_26_drive_0018_sync,0000000000,0,0.8921899199485779,12.123905181884766,3.2648751735687256,-1.5845239162445068,True,43,0.8921899199485779,1.0,0.0,12.123905181884766,3.2648751735687256,-1.5845239162445068,0,0
2011_09_26_drive_0018_sync,0000000000,1,0.43037503957748413,-1.2766447067260742,-8.311066627502441,-1.7984907627105713,True,67,0.43037503957748413,1.0,0.0,-1.2766447067260742,-8.311066627502441,-1.7984907627105713,0,0
2011_09_26_drive_0018_sync,0000000000,2,0.359075129032135,25.4260196685791,-28.888946533203125,-1.9366726875305176,True,78,0.359075129032135,1.0,0.0,25.4260196685791,-28.888946533203125,-1.9366726875305176,0,0
2011_09_26_drive_0018_sync,0000000001,0,0.35508352518081665,-1.0551007986068726,-8.484041213989258,-1.8169503211975098,True,56,0.19867627322673798,0.5481127500534058,0.43340009450912476,-1.263608694076538,-8.10705852508545,-1.7695778608322144,3309,787
2011_09_26_drive_0018_sync,0000000001,1,0.8709398508071899,11.397546768188477,3.8772168159484863,-1.5945394039154053,True,47,0.8793476223945618,0.8960564732551575,0.07721474766731262,11.36447525024414,3.8749403953552246,-1.5248026847839355,3309,787
2011_09_26_drive_0018_sync,0000000002,0,0.843980610370636,10.691937446594238,4.518234729766846,-1.5175318717956543,True,84,0.891349732875824,0.8780543804168701,0.0601288266479969,10.667206764221191,4.523043632507324,-1.5721280574798584,3288,808
2011_09_26_drive_0018_sync,0000000002,1,0.47785621881484985,-1.1645734310150146,-8.578628540039062,-1.759161353111267,False,,,0.0,,,,,3288,808
2011_09_26_drive_0018_sync,0000000003,0,0.4000886380672455,-1.423633098602295,-8.20519733428955,-1.8085488080978394,True,58,0.4734044671058655,0.7984145879745483,0.28636595606803894,-1.1717711687088013,-8.069221496582031,-1.7995156049728394,3294,802
2011_09_26_drive_0018_sync,0000000003,1,0.8719466328620911,9.863675117492676,5.0856404304504395,-1.6399192810058594,True,60,0.8858211636543274,0.8877564072608948,0.10494843125343323,9.790895462036133,5.160104751586914,-1.6267906427383423,3294,802
2011_09_26_drive_0018_sync,0000000004,0,0.8894237279891968,9.081899642944336,5.6386637687683105,-1.562279462814331,True,69,0.8638973832130432,0.8925227522850037,0.06651394069194794,9.032463073730469,5.670366287231445,-1.5935057401657104,3284,812
2011_09_26_drive_0018_sync,0000000004,1,0.44337528944015503,-1.2069625854492188,-8.361324310302734,-1.7659237384796143,True,62,0.1473987102508545,0.6818432211875916,0.255217045545578,-1.2621134519577026,-8.122100830078125,-1.8356822729110718,3284,812
2011_09_26_drive_0018_sync,0000000005,0,0.48671969771385193,-1.4807454347610474,-7.981074810028076,-1.7279086112976074,True,30,0.2594107389450073,0.7485687136650085,0.22111277282238007,-1.3056704998016357,-8.112135887145996,-1.7605063915252686,3299,797
2011_09_26_drive_0018_sync,0000000005,1,0.8961570262908936,8.10336685180664,6.14345645904541,-1.648306965827942,True,12,0.8987104892730713,0.8728495240211487,0.08891329169273376,8.144743919372559,6.157881736755371,-1.57094144821167,3299,797
2011_09_26_drive_0018_sync,0000000005,2,0.5364266037940979,28.8204288482666,-24.55223274230957,-1.848065972328186,True,98,0.31306886672973633,0.5516741275787354,0.45344600081443787,28.4487247467041,-24.811750411987305,-1.858062505722046,3299,797
2011_09_26_drive_0018_sync,0000000006,0,0.47849395871162415,-1.3842800855636597,-8.18249225616455,-1.780900239944458,True,46,0.4541681706905365,0.8610360026359558,0.11422573775053024,-1.2709051370620728,-8.196331024169922,-1.7794411182403564,3296,800
2011_09_26_drive_0018_sync,0000000006,1,0.8847740292549133,7.270693778991699,6.553740978240967,-1.6273772716522217,True,21,0.8873034715652466,0.8552393913269043,0.12303189933300018,7.17954683303833,6.634889602661133,-1.6117572784423828,3296,800
2011_09_26_drive_0018_sync,0000000007,0,0.8792756795883179,6.288179397583008,7.041309356689453,-1.6445915699005127,True,42,0.8867751955986023,0.8968912363052368,0.016662370413541794,6.283127784729004,7.054581642150879,-1.6533071994781494,3285,811
2011_09_26_drive_0018_sync,0000000008,0,0.8802247643470764,5.215022563934326,7.418312072753906,-1.6427327394485474,True,89,0.8813369274139404,0.9051400423049927,0.11213559657335281,5.321471691131592,7.38363790512085,-1.636354923248291,3302,794
2011_09_26_drive_0018_sync,0000000008,1,0.5468834042549133,29.739234924316406,-21.939136505126953,-1.898529052734375,True,79,0.2892509996891022,0.5706052184104919,0.27364182472229004,29.943689346313477,-22.066875457763672,-1.7690647840499878,3302,794
2011_09_26_drive_0018_sync,0000000009,0,0.5361398458480835,30.63197135925293,-21.234081268310547,-1.9097150564193726,True,86,0.5921928882598877,0.6034042835235596,0.19076094031333923,30.662683486938477,-21.052785873413086,-1.8589363098144531,3260,836
2011_09_26_drive_0018_sync,0000000009,1,0.8440077900886536,4.256954193115234,7.8670268058776855,-1.6745080947875977,True,49,0.875525712966919,0.838355302810669,0.11298919469118118,4.2867584228515625,7.762060165405273,-1.6451777219772339,3260,836
2011_09_26_drive_0018_sync,0000000009,2,0.4294591248035431,-1.1000727415084839,-8.370936393737793,-1.8789265155792236,True,48,0.30923381447792053,0.8806250095367432,0.10621877759695053,-1.0337101221084595,-8.28834342956543,-1.8713877201080322,3260,836
2011_09_26_drive_0018_sync,0000000010,0,0.8687669634819031,3.2193827629089355,8.037479400634766,-1.6210684776306152,True,70,0.8756375908851624,0.9247389435768127,0.012627449817955494,3.211761236190796,8.038313865661621,-1.6110351085662842,3226,870
2011_09_26_drive_0018_sync,0000000010,1,0.33008459210395813,-0.809709906578064,-8.590693473815918,-1.770638346672058,False,,,0.0,,,,,3226,870
2011_09_26_drive_0018_sync,0000000011,0,0.8727898001670837,2.1142232418060303,8.364398956298828,-1.7222285270690918,True,74,0.8523954749107361,0.9126818180084229,0.0630917102098465,2.1462104320526123,8.362414360046387,-1.6678829193115234,3267,829
2011_09_26_drive_0018_sync,0000000011,1,0.4131893515586853,-1.3014544248580933,-8.089327812194824,-1.8768500089645386,True,53,0.14297378063201904,0.5528847575187683,0.34523919224739075,-1.0108730792999268,-8.269979476928711,-1.830833077430725,3267,829
2011_09_26_drive_0018_sync,0000000012,0,0.8178148865699768,1.1408624649047852,8.496017456054688,-1.6539134979248047,True,23,0.8398969769477844,0.8370140194892883,0.07877705246210098,1.1000481843948364,8.55943489074707,-1.6766785383224487,3243,853
2011_09_26_drive_0018_sync,0000000013,0,0.7802051901817322,-0.2664276659488678,8.7559175491333,-1.6841013431549072,True,57,0.7343863844871521,0.7603403329849243,0.13919787108898163,-0.26011013984680176,8.617294311523438,-1.695043683052063,3302,794
2011_09_26_drive_0018_sync,0000000014,0,0.38876667618751526,34.876319885253906,-17.23981475830078,-1.7431163787841797,True,9,0.1977604627609253,0.6996279954910278,0.16509726643562317,34.78192901611328,-17.104434967041016,-1.7475637197494507,3345,751
2011_09_26_drive_0018_sync,0000000014,1,0.3465556800365448,-0.9277582168579102,-8.679810523986816,-1.8064532279968262,False,,,0.0,,,,,3345,751
2011_09_26_drive_0018_sync,0000000014,2,0.6749148964881897,-1.0984597206115723,8.765314102172852,-1.7192423343658447,True,99,0.6649463176727295,0.7730768918991089,0.14039163291454315,-1.1474806070327759,8.648106575012207,-1.6594998836517334,3345,751
2011_09_26_drive_0018_sync,0000000015,0,0.35853931307792664,-1.2899489402770996,-8.271615028381348,-1.764365315437317,False,,,0.0,,,,,3365,731
2011_09_26_drive_0018_sync,0000000017,0,0.4205091595649719,-1.4888556003570557,-7.780440330505371,-1.8297897577285767,True,43,0.4106396734714508,0.6468343734741211,0.30580049753189087,-1.2911159992218018,-8.007309913635254,-1.8840409517288208,3360,736
2011_09_26_drive_0018_sync,0000000018,0,0.4205864667892456,-1.2410080432891846,-8.03196907043457,-1.7895961999893188,False,,,0.0,,,,,3378,718
2011_09_26_drive_0018_sync,0000000019,0,0.39174214005470276,-1.1103427410125732,-7.904636859893799,-1.8400347232818604,True,45,0.4706535041332245,0.8674626350402832,0.05680719017982483,-1.123246192932129,-7.9461188316345215,-1.8766380548477173,3371,725
2011_09_26_drive_0018_sync,0000000020,0,0.5225253105163574,-1.0400816202163696,-8.180013656616211,-1.7939680814743042,True,32,0.49449586868286133,0.7596550583839417,0.20680081844329834,-1.162471055984497,-8.013664245605469,-1.783231496810913,3411,685
2011_09_26_drive_0018_sync,0000000021,0,0.5178059339523315,-1.1164664030075073,-7.834096908569336,-1.841890573501587,True,13,0.549335777759552,0.8248524069786072,0.14459607005119324,-1.2245573997497559,-7.894933700561523,-1.916209101676941,3303,793
2011_09_26_drive_0018_sync,0000000022,0,0.5068438053131104,-1.1432561874389648,-7.877691745758057,-1.7951891422271729,True,76,0.5153387188911438,0.8820962309837341,0.07169785350561142,-1.1538920402526855,-7.816109657287598,-1.760045051574707,3377,719
2011_09_26_drive_0018_sync,0000000022,1,0.38972413539886475,42.15300369262695,-12.173486709594727,-1.4174444675445557,False,,,0.0,,,,,3377,719
2011_09_26_drive_0018_sync,0000000023,0,0.559718132019043,-0.8504006862640381,-7.745594501495361,-1.8909491300582886,True,61,0.6292837858200073,0.7160640358924866,0.2584404945373535,-1.06699538230896,-7.7598772048950195,-1.7506842613220215,3337,759
2011_09_26_drive_0018_sync,0000000024,0,0.6268078684806824,-0.8400113582611084,-7.780279636383057,-1.7576252222061157,True,96,0.7145770788192749,0.82691890001297,0.09790405631065369,-0.7839295864105225,-7.701015949249268,-1.745082974433899,3306,790
2011_09_26_drive_0018_sync,0000000025,0,0.33962079882621765,23.750713348388672,15.569294929504395,-1.3834761381149292,False,,,0.0,,,,,3353,743
2011_09_26_drive_0018_sync,0000000025,1,0.7421540021896362,-0.6727983951568604,-7.723137855529785,-1.743988037109375,True,88,0.6681632995605469,0.7769814729690552,0.12469729781150818,-0.6209441423416138,-7.800684928894043,-1.8267346620559692,3353,743
2011_09_26_drive_0018_sync,0000000026,0,0.627964198589325,-0.42314964532852173,-7.655705451965332,-1.7078709602355957,True,98,0.47898969054222107,0.5608987808227539,0.4238359034061432,-0.26929065585136414,-8.050573348999023,-1.7012643814086914,3351,745
2011_09_26_drive_0018_sync,0000000027,0,0.40552911162376404,0.16280782222747803,-7.8381805419921875,-1.7509560585021973,True,75,0.6080577373504639,0.7090703845024109,0.4884350299835205,-0.325503408908844,-7.843873500823975,-1.7415488958358765,3360,736
2011_09_26_drive_0018_sync,0000000028,0,0.804434061050415,0.2410079836845398,-7.787586688995361,-1.7589867115020752,True,80,0.728785514831543,0.8344314098358154,0.1573343425989151,0.3927393853664398,-7.824748992919922,-1.7402613162994385,3357,739
2011_09_26_drive_0018_sync,0000000029,0,0.45647528767585754,-1.2331353425979614,-4.170408725738525,-1.748367190361023,True,93,0.5155574679374695,0.6837936639785767,0.22274978458881378,-1.1786106824874878,-4.386355876922607,-1.7449967861175537,3312,784
2011_09_26_drive_0018_sync,0000000029,1,0.785795271396637,0.8467507362365723,-7.765826225280762,-1.835378885269165,True,72,0.7606235146522522,0.6247201561927795,0.36245474219322205,0.5056488513946533,-7.851070880889893,-1.7473089694976807,3312,784
2011_09_26_drive_0018_sync,0000000029,2,0.37149038910865784,49.6036491394043,-8.870205879211426,-1.3463472127914429,True,21,0.19640469551086426,0.7785082459449768,0.13289912045001984,49.63483428955078,-8.95978832244873,-1.4394313097000122,3312,784
2011_09_26_drive_0018_sync,0000000030,0,0.7290894985198975,0.9553033709526062,-7.752353668212891,-1.7660373449325562,True,76,0.784672737121582,0.8004528880119324,0.20351743698120117,0.7599738836288452,-7.795928001403809,-1.8030105829238892,3306,790
2011_09_26_drive_0018_sync,0000000030,1,0.376494824886322,2.5224225521087646,-13.537459373474121,-4.191108226776123,False,,,0.0,,,,,3306,790
2011_09_26_drive_0018_sync,0000000030,2,0.3354981541633606,24.131118774414062,15.686004638671875,-1.1215558052062988,True,90,0.3705452084541321,0.5361549258232117,0.4128445088863373,23.736888885498047,15.784029006958008,-1.0479717254638672,3306,790
2011_09_26_drive_0018_sync,0000000030,3,0.5578153729438782,-0.9544607996940613,-4.223080158233643,-1.7813992500305176,True,21,0.5932156443595886,0.7546513080596924,0.23082023859024048,-0.7810357809066772,-4.081506252288818,-1.7251980304718018,3306,790
2011_09_26_drive_0018_sync,0000000031,0,0.6176561713218689,-0.3426731824874878,-4.053088665008545,-1.7674921751022339,False,,,0.0,,,,,3316,780
2011_09_26_drive_0018_sync,0000000031,1,0.6750253438949585,-0.5856542587280273,-18.874208450317383,-2.028944969177246,True,33,0.4722777009010315,0.7512403726577759,0.13930392265319824,-0.5345212817192078,-18.77849578857422,-2.116295337677002,3316,780
2011_09_26_drive_0018_sync,0000000031,2,0.7321226000785828,1.4088671207427979,-7.834357261657715,-1.7361335754394531,True,69,0.7877094745635986,0.9304617643356323,0.04110221192240715,1.3835461139678955,-7.8667144775390625,-1.7372511625289917,3316,780
2011_09_26_drive_0018_sync,0000000032,0,0.703647255897522,1.6839797496795654,-7.863398551940918,-1.678575038909912,True,84,0.6722424030303955,0.7638236284255981,0.16691765189170837,1.619300365447998,-7.984292030334473,-1.7737740278244019,3257,839
2011_09_26_drive_0018_sync,0000000032,1,0.5212475657463074,0.05526815727353096,-3.9437255859375,-1.6891342401504517,True,77,0.6601418256759644,0.7256014943122864,0.1948062777519226,0.17865881323814392,-3.8038859367370605,-1.7454290390014648,3257,839
2011_09_26_drive_0018_sync,0000000033,0,0.7151284217834473,0.4213126301765442,-20.10256576538086,-1.8903963565826416,True,60,0.5750545859336853,0.7861891388893127,0.14642444252967834,0.4856158494949341,-19.98423957824707,-1.9478778839111328,3275,821
2011_09_26_drive_0018_sync,0000000033,1,0.7012403011322021,2.41597580909729,-7.808909893035889,-1.6989585161209106,True,69,0.6977522373199463,0.6261367797851562,0.44017770886421204,2.0254383087158203,-7.606118202209473,-1.688356637954712,3275,821
2011_09_26_drive_0018_sync,0000000033,2,0.7748090624809265,1.0176808834075928,-4.038444519042969,-1.7663601636886597,True,32,0.7908008098602295,0.8370416760444641,0.13622741401195526,0.9109256863594055,-3.95385479927063,-1.7687715291976929,3275,821
2011_09_26_drive_0018_sync,0000000034,0,0.4386330544948578,2.2927463054656982,-7.765611171722412,-1.6704448461532593,True,57,0.44044017791748047,0.8616855144500732,0.04964975267648697,2.254848003387451,-7.748604774475098,-1.643249273300171,3270,826
2011_09_26_drive_0018_sync,0000000034,1,0.8879072070121765,1.7776992321014404,-3.957350969314575,-1.7972698211669922,True,16,0.8566595911979675,0.7822362780570984,0.10532687604427338,1.752866268157959,-3.9315261840820312,-1.69822359085083,3270,826
2011_09_26_drive_0018_sync,0000000034,2,0.7456295490264893,0.9620422124862671,-20.697668075561523,-2.0529963970184326,True,68,0.809785783290863,0.8208040595054626,0.06274435669183731,0.9223448038101196,-20.650800704956055,-2.065819025039673,3270,826
2011_09_26_drive_0018_sync,0000000035,0,0.8651025891304016,1.3223642110824585,-21.31501007080078,-1.8597620725631714,True,36,0.8581119179725647,0.7918688058853149,0.15455472469329834,1.3614060878753662,-21.24737548828125,-1.9931354522705078,3197,899
2011_09_26_drive_0018_sync,0000000035,1,0.9024989008903503,2.5052971839904785,-3.941819667816162,-1.682434320449829,True,88,0.8842908143997192,0.8776291012763977,0.0706804022192955,2.454430103302002,-3.895906448364258,-1.665107011795044,3197,899
2011_09_26_drive_0018_sync,0000000035,2,0.6317763924598694,3.5414483547210693,-7.881894111633301,-1.8331003189086914,True,86,0.6211646199226379,0.7211064696311951,0.17155785858631134,3.5373833179473877,-7.7400383949279785,-1.736702561378479,3197,899
2011_09_26_drive_0018_sync,0000000036,0,0.8848893046379089,3.1341054439544678,-3.9200081825256348,-1.6922805309295654,True,0,0.8860245943069458,0.890117347240448,0.07128319144248962,3.1030712127685547,-3.932081460952759,-1.7553075551986694,3229,867
2011_09_26_drive_0018_sync,0000000036,1,0.796491265296936,3.8928322792053223,-7.801200866699219,-1.7170284986495972,True,68,0.8301169276237488,0.7951558828353882,0.12517619132995605,3.950284957885742,-7.905686378479004,-1.755121111869812,3229,867
2011_09_26_drive_0018_sync,0000000036,2,0.8375328183174133,1.6913909912109375,-21.900482177734375,-2.022904872894287,True,29,0.8643564581871033,0.861180305480957,0.09615061432123184,1.7005409002304077,-21.93441390991211,-1.9334070682525635,3229,867
2011_09_26_drive_0018_sync,0000000037,0,0.841575026512146,2.0523784160614014,-22.618083953857422,-1.9448835849761963,True,87,0.7832374572753906,0.8320420980453491,0.07604675740003586,2.068474054336548,-22.69223976135254,-1.9398880004882812,3228,868
2011_09_26_drive_0018_sync,0000000037,1,0.7821430563926697,4.480066299438477,-7.750072479248047,-1.7386517524719238,True,88,0.8293166756629944,0.9333977699279785,0.032159000635147095,4.454771041870117,-7.7308526039123535,-1.743646502494812,3228,868
2011_09_26_drive_0018_sync,0000000037,2,0.8865103721618652,3.7911503314971924,-3.900240659713745,-1.7596369981765747,True,90,0.8997067809104919,0.8782259225845337,0.05521025136113167,3.780937433242798,-3.901031017303467,-1.7053853273391724,3228,868
2011_09_26_drive_0018_sync,0000000038,0,0.8539134860038757,5.199185371398926,-7.68787956237793,-1.7397576570510864,True,52,0.8430898189544678,0.8610026240348816,0.07736226171255112,5.263952732086182,-7.717973232269287,-1.710017442703247,3211,885
2011_09_26_drive_0018_sync,0000000038,1,0.8859900832176208,4.5004119873046875,-3.8493189811706543,-1.724665880203247,True,96,0.8960919380187988,0.829513669013977,0.042712558060884476,4.488448619842529,-3.8629190921783447,-1.6859841346740723,3211,885
2011_09_26_drive_0018_sync,0000000038,2,0.8430730700492859,2.4444570541381836,-23.211320877075195,-1.951992154121399,True,51,0.8706602454185486,0.8503425717353821,0.11580570042133331,2.465092658996582,-23.286109924316406,-1.8660169839859009,3211,885
2011_09_26_drive_0018_sync,0000000039,0,0.9000200629234314,5.264307498931885,-3.838205575942993,-1.685307264328003,True,51,0.87094646692276,0.9098762273788452,0.053986724466085434,5.304287433624268,-3.8398239612579346,-1.649064302444458,3251,845
2011_09_26_drive_0018_sync,0000000039,1,0.8428047895431519,5.774082660675049,-7.734716892242432,-1.7269772291183472,True,98,0.8405919075012207,0.8347147107124329,0.10538122802972794,5.793029308319092,-7.632553577423096,-1.709402084350586,3251,845
2011_09_26_drive_0018_sync,0000000039,2,0.8649381399154663,2.772064685821533,-24.016033172607422,-1.9258577823638916,True,60,0.8604176044464111,0.8534608483314514,0.07955024391412735,2.7960023880004883,-23.945554733276367,-1.8977861404418945,3251,845
2011_09_26_drive_0018_sync,0000000040,0,0.8915736675262451,6.024746894836426,-3.8259313106536865,-1.6400115489959717,True,96,0.894957423210144,0.8639641404151917,0.08591295778751373,6.105656623840332,-3.8521816730499268,-1.6520768404006958,3241,855
2011_09_26_drive_0018_sync,0000000040,1,0.8209497928619385,3.131075143814087,-24.808082580566406,-1.9412767887115479,True,41,0.8585314750671387,0.7718293070793152,0.21743184328079224,3.1011292934417725,-24.64767837524414,-2.0849790573120117,3241,855
2011_09_26_drive_0018_sync,0000000040,2,0.8753109574317932,6.230166435241699,-7.75469970703125,-1.7181776762008667,True,71,0.8614402413368225,0.8814666867256165,0.05749240145087242,6.175137042999268,-7.771315574645996,-1.7192049026489258,3241,855
2011_09_26_drive_0018_sync,0000000041,0,0.9053313136100769,6.826690673828125,-3.79651141166687,-1.637773036956787,True,52,0.8945797085762024,0.9355596899986267,0.06585091352462769,6.8895649909973145,-3.780465602874756,-1.648984432220459,3223,873
2011_09_26_drive_0018_sync,0000000041,1,0.3349854052066803,-0.595146656036377,-7.848596096038818,-1.8174219131469727,True,87,0.42974576354026794,0.8084818124771118,0.12661536037921906,-0.6905331015586853,-7.930306434631348,-1.8014127016067505,3223,873
2011_09_26_drive_0018_sync,0000000041,2,0.8574061393737793,3.4236085414886475,-25.585573196411133,-2.0422327518463135,True,78,0.8356614708900452,0.8354665040969849,0.17106379568576813,3.411982297897339,-25.4353084564209,-1.9613120555877686,3223,873
2011_09_26_drive_0018_sync,0000000041,3,0.8524189591407776,6.861248016357422,-7.665162563323975,-1.679551124572754,True,70,0.845593273639679,0.8399274945259094,0.09089230000972748,6.915757656097412,-7.737640857696533,-1.6856343746185303,3223,873
2011_09_26_drive_0018_sync,0000000042,0,0.8790875673294067,7.627081394195557,-7.693638801574707,-1.723670482635498,True,78,0.8958393335342407,0.9083436727523804,0.030741306021809578,7.641546249389648,-7.716725826263428,-1.7379107475280762,3221,875
2011_09_26_drive_0018_sync,0000000042,1,0.3224160969257355,0.19092899560928345,-8.248272895812988,-1.8010175228118896,False,,,0.0,,,,,3221,875
2011_09_26_drive_0018_sync,0000000042,2,0.8963053822517395,7.747527122497559,-3.810575008392334,-1.6610370874404907,True,38,0.8959429264068604,0.953594982624054,0.030045757070183754,7.728011131286621,-3.809635877609253,-1.6382118463516235,3221,875
2011_09_26_drive_0018_sync,0000000042,3,0.8753737807273865,3.7712438106536865,-26.324430465698242,-2.0076956748962402,True,60,0.8653513789176941,0.8298434019088745,0.14241302013397217,3.647214412689209,-26.256427764892578,-2.024242877960205,3221,875
2011_09_26_drive_0018_sync,0000000043,0,0.9017636775970459,8.544092178344727,-3.7505366802215576,-1.6314775943756104,True,98,0.8951819539070129,0.96504145860672,0.010454902425408363,8.55346965789795,-3.753791570663452,-1.6347599029541016,3143,953
2011_09_26_drive_0018_sync,0000000043,1,0.8985763192176819,8.371280670166016,-7.692486763000488,-1.7033485174179077,True,85,0.8897241950035095,0.9075291752815247,0.06239582225680351,8.432964324951172,-7.701686382293701,-1.7014166116714478,3143,953
2011_09_26_drive_0018_sync,0000000043,2,0.7472102046012878,3.874218702316284,-27.025672912597656,-1.912803053855896,True,53,0.7676124572753906,0.8923396468162537,0.06057506427168846,3.927135944366455,-27.01053237915039,-1.938098669052124,3143,953
2011_09_26_drive_0018_sync,0000000043,3,0.7276632189750671,1.0746145248413086,-7.856332778930664,-1.7499322891235352,True,80,0.7910988330841064,0.6021005511283875,0.6708065271377563,0.4044060707092285,-7.882081985473633,-1.7381415367126465,3143,953
2011_09_26_drive_0018_sync,0000000044,0,0.8674752712249756,9.132782936096191,-7.731117248535156,-1.659860610961914,True,43,0.8937630653381348,0.8588178157806396,0.10111455619335175,9.043854713439941,-7.717374801635742,-1.7059807777404785,3164,932
2011_09_26_drive_0018_sync,0000000044,1,0.8163853883743286,4.075971603393555,-27.759410858154297,-1.8203845024108887,True,73,0.8469095826148987,0.8822720646858215,0.07204261422157288,4.119056224822998,-27.814565658569336,-1.80330228805542,3164,932
2011_09_26_drive_0018_sync,0000000044,2,0.8860833644866943,9.34494400024414,-3.7247517108917236,-1.6228969097137451,True,91,0.9049250483512878,0.9264652132987976,0.033344972878694534,9.370638847351074,-3.733654260635376,-1.6035990715026855,3164,932
2011_09_26_drive_0018_sync,0000000044,3,0.8418136239051819,1.3052210807800293,-7.847843170166016,-1.7415008544921875,True,7,0.7649363279342651,0.9013323187828064,0.07711927592754364,1.3734545707702637,-7.865785121917725,-1.7103614807128906,3164,932
2011_09_26_drive_0018_sync,0000000045,0,0.7662832140922546,4.249673366546631,-28.47751808166504,-1.9485204219818115,True,11,0.7544263005256653,0.6866790056228638,0.20072822272777557,4.290058135986328,-28.630081176757812,-1.8244825601577759,3199,897
2011_09_26_drive_0018_sync,0000000045,1,0.31630924344062805,17.02852439880371,-39.935550689697266,-2.1202878952026367,True,66,0.3881777226924896,0.8712998032569885,0.05777621641755104,17.08261489868164,-39.94711685180664,-2.1035985946655273,3199,897
2011_09_26_drive_0018_sync,0000000045,2,0.9074519276618958,10.229670524597168,-3.737034797668457,-1.6739518642425537,True,76,0.9196017384529114,0.9189375042915344,0.05322260782122612,10.185066223144531,-3.714556932449341,-1.6555712223052979,3199,897
2011_09_26_drive_0018_sync,0000000045,3,0.8771651387214661,9.911216735839844,-7.666492462158203,-1.6893762350082397,True,86,0.8708614110946655,0.906726062297821,0.06227833405137062,9.953207015991211,-7.684828758239746,-1.647195816040039,3199,897
2011_09_26_drive_0018_sync,0000000045,4,0.8575912714004517,1.7515840530395508,-7.80997371673584,-1.782426118850708,True,62,0.8465511202812195,0.8815129399299622,0.10919249057769775,1.6460192203521729,-7.8330793380737305,-1.7980848550796509,3199,897
2011_09_26_drive_0018_sync,0000000046,0,0.8979392647743225,2.3325440883636475,-7.777857780456543,-1.7390822172164917,True,70,0.8894546031951904,0.8680319786071777,0.09912045300006866,2.250497579574585,-7.828688621520996,-1.7616534233093262,3215,881
2011_09_26_drive_0018_sync,0000000046,1,0.6845728754997253,4.467044353485107,-29.382617950439453,-1.8819527626037598,True,63,0.6813196539878845,0.7716884613037109,0.11112932860851288,4.48099422454834,-29.466718673706055,-1.953242301940918,3215,881
2011_09_26_drive_0018_sync,0000000046,2,0.8866184949874878,10.990791320800781,-3.7304556369781494,-1.6327297687530518,True,23,0.885687530040741,0.8842682242393494,0.08167792111635208,11.040261268615723,-3.697760581970215,-1.5765600204467773,3215,881
2011_09_26_drive_0018_sync,0000000046,3,0.3447403311729431,17.45008659362793,-39.20366668701172,-2.171090841293335,True,1,0.34372541308403015,0.756253719329834,0.19523340463638306,17.415422439575195,-39.18680191040039,-1.979701042175293,3215,881
2011_09_26_drive_0018_sync,0000000046,4,0.8932274580001831,10.745344161987305,-7.707395553588867,-1.6571855545043945,True,64,0.8998703956604004,0.8947485685348511,0.07962878048419952,10.670815467834473,-7.686995506286621,-1.676422357559204,3215,881
2011_09_26_drive_0018_sync,0000000047,0,0.6548140645027161,4.839064598083496,-30.482112884521484,-2.1380088329315186,True,18,0.8078183531761169,0.8251694440841675,0.17792391777038574,4.734159469604492,-30.346750259399414,-2.0897512435913086,3238,858
2011_09_26_drive_0018_sync,0000000047,1,0.9043535590171814,2.863797187805176,-7.8112640380859375,-1.7857205867767334,True,85,0.9028777480125427,0.8698701858520508,0.1082824319601059,2.9595000743865967,-7.851960182189941,-1.8158845901489258,3238,858
2011_09_26_drive_0018_sync,0000000047,2,0.8899040818214417,11.94399356842041,-3.701434850692749,-1.6935150623321533,True,74,0.8692631125450134,0.858887255191803,0.09344537556171417,11.943078994750977,-3.737814426422119,-1.6074469089508057,3238,858
2011_09_26_drive_0018_sync,0000000047,3,0.6691740155220032,17.72347640991211,-38.55902099609375,-2.0034902095794678,True,66,0.7351946234703064,0.8452891707420349,0.11257480084896088,17.723535537719727,-38.66301727294922,-1.9603873491287231,3238,858
2011_09_26_drive_0018_sync,0000000047,4,0.8896296620368958,11.641026496887207,-7.6673150062561035,-1.6817172765731812,True,13,0.8683376312255859,0.8971878886222839,0.06861156225204468,11.58004379272461,-7.677030563354492,-1.65181303024292,3238,858
2011_09_26_drive_0018_sync,0000000048,0,0.7086856961250305,4.864396572113037,-31.24566650390625,-2.0522799491882324,True,42,0.652951717376709,0.6994222402572632,0.1324428766965866,4.962459087371826,-31.271644592285156,-2.1374268531799316,3289,807
2011_09_26_drive_0018_sync,0000000048,1,0.5515756607055664,17.88425064086914,-38.11190414428711,-2.095811605453491,True,20,0.7004137635231018,0.7627726197242737,0.22397089004516602,18.067893981933594,-37.986724853515625,-2.123528480529785,3289,807
2011_09_26_drive_0018_sync,0000000048,2,0.8863067626953125,12.415952682495117,-7.650932312011719,-1.6873841285705566,True,64,0.8779988288879395,0.8352806568145752,0.06500128656625748,12.467185974121094,-7.660292625427246,-1.6484906673431396,3289,807
2011_09_26_drive_0018_sync,0000000048,3,0.8805601596832275,12.767191886901855,-3.6256024837493896,-1.62558913230896,True,38,0.8779812455177307,0.896261990070343,0.07901962846517563,12.764189720153809,-3.6304359436035156,-1.5467746257781982,3289,807
2011_09_26_drive_0018_sync,0000000048,4,0.8856850862503052,3.485891342163086,-7.797124862670898,-1.7685143947601318,True,95,0.8938977122306824,0.9159769415855408,0.035391658544540405,3.4562673568725586,-7.792512893676758,-1.7497069835662842,3289,807
2011_09_26_drive_0018_sync,0000000049,0,0.8966422080993652,13.727544784545898,-3.6061222553253174,-1.6752865314483643,True,31,0.8888779878616333,0.8729871511459351,0.09485526382923126,13.64494514465332,-3.642352819442749,-1.6459238529205322,3238,858
2011_09_26_drive_0018_sync,0000000049,1,0.738605260848999,4.728822708129883,-32.131431579589844,-2.024235248565674,True,47,0.702864944934845,0.7895865440368652,0.1523500233888626,4.864124774932861,-32.076194763183594,-2.067279100418091,3238,858
2011_09_26_drive_0018_sync,0000000049,2,0.8985359072685242,4.036305904388428,-7.765047073364258,-1.7456148862838745,True,89,0.8770195841789246,0.9098458290100098,0.033649198710918427,4.045882225036621,-7.788820266723633,-1.7674185037612915,3238,858
2011_09_26_drive_0018_sync,0000000049,3,0.5624226927757263,-1.5592782497406006,-3.6014742851257324,-1.7059226036071777,True,15,0.4491218328475952,0.7668216228485107,0.1360715627670288,-1.6575037240982056,-3.550795078277588,-1.6265573501586914,3238,858
2011_09_26_drive_0018_sync,0000000049,4,0.3227182924747467,18.42377471923828,-37.514060974121094,-2.198071002960205,True,68,0.44154444336891174,0.8924316763877869,0.08946307003498077,18.37677764892578,-37.573673248291016,-2.150728702545166,3238,858
2011_09_26_drive_0018_sync,0000000049,5,0.8765183091163635,13.468960762023926,-7.587365627288818,-1.6558029651641846,True,76,0.8335847854614258,0.8591026663780212,0.04680534079670906,13.45724868774414,-7.617823123931885,-1.6893575191497803,3238,858
2011_09_26_drive_0018_sync,0000000050,0,0.8780689239501953,14.339105606079102,-7.557746410369873,-1.663419485092163,True,82,0.8932682275772095,0.887897789478302,0.04779984802007675,14.316906929016113,-7.596872806549072,-1.6472587585449219,3233,863
2011_09_26_drive_0018_sync,0000000050,1,0.8678423762321472,4.763085842132568,-7.795162200927734,-1.758866310119629,True,0,0.8725073933601379,0.8740226626396179,0.0818590298295021,4.6966142654418945,-7.803285598754883,-1.711787223815918,3233,863
2011_09_26_drive_0018_sync,0000000050,2,0.46683964133262634,4.764361381530762,-33.01717758178711,-1.9719412326812744,True,93,0.7486209869384766,0.8254690766334534,0.10866457968950272,4.836508274078369,-33.00743103027344,-2.0526123046875,3233,863
2011_09_26_drive_0018_sync,0000000050,3,0.8984194397926331,14.786952018737793,-3.6117024421691895,-1.6545851230621338,True,17,0.865106463432312,0.9118391871452332,0.09730370342731476,14.692724227905273,-3.6291959285736084,-1.6714110374450684,3233,863
2011_09_26_drive_0018_sync,0000000051,0,0.426669180393219,-0.8000587821006775,-3.2564008235931396,-1.751011848449707,True,28,0.3657427728176117,0.5778455138206482,0.5492492318153381,-0.26995402574539185,-3.1241660118103027,-1.8073822259902954,3227,869
2011_09_26_drive_0018_sync,0000000051,1,0.8916994333267212,15.55130672454834,-3.5499184131622314,-1.689904808998108,True,63,0.8941094279289246,0.7949733138084412,0.14683520793914795,15.657083511352539,-3.561420440673828,-1.5887141227722168,3227,869
2011_09_26_drive_0018_sync,0000000051,2,0.8660049438476562,15.24137020111084,-7.5857038497924805,-1.6262669563293457,True,61,0.871009886264801,0.9117919206619263,0.058681897819042206,15.196939468383789,-7.547370433807373,-1.6261106729507446,3227,869
2011_09_26_drive_0018_sync,0000000051,3,0.5388122797012329,4.905719757080078,-33.75724411010742,-2.0167765617370605,True,41,0.6974676251411438,0.6370821595191956,0.3180425465106964,4.642005920410156,-33.93111038208008,-1.9796741008758545,3227,869
2011_09_26_drive_0018_sync,0000000051,4,0.8948038220405579,5.423502445220947,-7.828879356384277,-1.7384953498840332,True,51,0.8824949860572815,0.8487918376922607,0.11196386069059372,5.355861186981201,-7.740933418273926,-1.7535312175750732,3227,869
2011_09_26_drive_0018_sync,0000000052,0,0.9021528959274292,16.681217193603516,-3.5540919303894043,-1.6467986106872559,True,28,0.8876476883888245,0.8873493075370789,0.09868385642766953,16.653993606567383,-3.5655527114868164,-1.5526390075683594,3221,875
2011_09_26_drive_0018_sync,0000000052,1,0.5523576140403748,0.09079086780548096,-3.2278966903686523,-1.7602922916412354,True,74,0.5872132778167725,0.6698464155197144,0.26018503308296204,0.19319097697734833,-3.4670703411102295,-1.7577550411224365,3221,875
2011_09_26_drive_0018_sync,0000000052,2,0.907968282699585,6.122270584106445,-7.822514533996582,-1.7864274978637695,True,65,0.9008527994155884,0.8872963786125183,0.05217146500945091,6.113308429718018,-7.833389759063721,-1.7361953258514404,3221,875
2011_09_26_drive_0018_sync,0000000052,3,0.8364635705947876,16.1167049407959,-7.5771636962890625,-1.6269108057022095,True,94,0.8506121039390564,0.8174928426742554,0.13276627659797668,16.243276596069336,-7.575253009796143,-1.5868752002716064,3221,875
2011_09_26_drive_0018_sync,0000000052,4,0.5922501087188721,4.830324649810791,-34.67329788208008,-2.0476746559143066,True,75,0.7460035681724548,0.9346518516540527,0.0388813242316246,4.84653902053833,-34.638370513916016,-2.0422959327697754,3221,875
2011_09_26_drive_0018_sync,0000000053,0,0.6683844327926636,4.8015241622924805,-35.52197265625,-2.007032632827759,True,34,0.5856342315673828,0.7544310688972473,0.1898033767938614,4.657647609710693,-35.6251106262207,-1.938567876815796,3181,915
2011_09_26_drive_0018_sync,0000000053,1,0.8334828615188599,17.6894474029541,-3.4893600940704346,-1.608514428138733,True,14,0.8947104215621948,0.8792202472686768,0.0991278663277626,17.64040756225586,-3.520350933074951,-1.5281341075897217,3181,915
2011_09_26_drive_0018_sync,0000000053,2,0.8229016065597534,17.112842559814453,-7.502682209014893,-1.676712989807129,True,76,0.8416288495063782,0.7981741428375244,0.07145674526691437,17.111099243164062,-7.549755096435547,-1.6229805946350098,3181,915
2011_09_26_drive_0018_sync,0000000053,3,0.906468391418457,6.7486114501953125,-7.810177326202393,-1.7487804889678955,True,98,0.901444673538208,0.8821731209754944,0.043477095663547516,6.733753681182861,-7.778056621551514,-1.7235264778137207,3181,915
2011_09_26_drive_0018_sync,0000000053,4,0.7937675714492798,0.7312618494033813,-3.458786725997925,-1.724902629852295,True,75,0.8273440599441528,0.8683817386627197,0.13755398988723755,0.8653270602226257,-3.4508819580078125,-1.754653811454773,3181,915
2011_09_26_drive_0018_sync,0000000054,0,0.8975824117660522,18.007091522216797,-7.571659088134766,-1.6677064895629883,True,39,0.889726459980011,0.9172025322914124,0.030520223081111908,18.0143985748291,-7.574431419372559,-1.6382038593292236,3217,879
2011_09_26_drive_0018_sync,0000000054,1,0.8918324112892151,18.731277465820312,-3.4885013103485107,-1.546447992324829,True,60,0.8766809701919556,0.9157701730728149,0.074562206864357,18.800186157226562,-3.485386371612549,-1.5181387662887573,3217,879
2011_09_26_drive_0018_sync,0000000054,2,0.7820311188697815,1.0408008098602295,-3.521941900253296,-1.708568811416626,True,52,0.773157000541687,0.8398869037628174,0.11240345984697342,1.0202358961105347,-3.4123764038085938,-1.7229571342468262,3217,879
2011_09_26_drive_0018_sync,0000000054,3,0.36803001165390015,21.172405242919922,-35.84104537963867,-2.1125354766845703,False,,,0.0,,,,,3217,879
2011_09_26_drive_0018_sync,0000000054,4,0.9065556526184082,7.538419723510742,-7.777793884277344,-1.7040570974349976,True,59,0.9009256362915039,0.8894035220146179,0.04084950312972069,7.508563995361328,-7.775191783905029,-1.7318158149719238,3217,879
2011_09_26_drive_0018_sync,0000000055,0,0.8535867929458618,1.9069021940231323,-3.3569135665893555,-1.8351271152496338,True,70,0.8571531176567078,0.8102641105651855,0.0776434913277626,1.8977891206741333,-3.3948864936828613,-1.7680188417434692,3199,897
2011_09_26_drive_0018_sync,0000000055,1,0.824997067451477,19.030147552490234,-7.472192287445068,-1.6205886602401733,True,67,0.8494762778282166,0.851456344127655,0.08905312418937683,18.96880531311035,-7.5166730880737305,-1.5738013982772827,3199,897
2011_09_26_drive_0018_sync,0000000055,2,0.907969057559967,8.238667488098145,-7.742860317230225,-1.6974469423294067,True,52,0.892246425151825,0.8483616709709167,0.1144489124417305,8.141042709350586,-7.802525043487549,-1.6946051120758057,3199,897
2011_09_26_drive_0018_sync,0000000055,3,0.6293959021568298,4.484367370605469,-37.283103942871094,-2.017723560333252,True,47,0.5095642805099487,0.749209463596344,0.20318059623241425,4.281863212585449,-37.28453826904297,-2.0012199878692627,3199,897
2011_09_26_drive_0018_sync,0000000055,4,0.8951222896575928,19.890155792236328,-3.494720935821533,-1.5953692197799683,True,38,0.852005124092102,0.8580453991889954,0.10918019711971283,19.808578491210938,-3.4229843616485596,-1.5844457149505615,3199,897
2011_09_26_drive_0018_sync,0000000056,0,0.8976368308067322,8.951001167297363,-7.762013912200928,-1.6700098514556885,True,71,0.904077410697937,0.9162166714668274,0.036336708813905716,8.946298599243164,-7.732350826263428,-1.6904633045196533,3217,879
2011_09_26_drive_0018_sync,0000000056,1,0.5838025212287903,21.062376022338867,-33.690277099609375,-2.1472413539886475,True,35,0.6468654870986938,0.7835934162139893,0.17112921178340912,20.891944885253906,-33.684661865234375,-2.132857084274292,3217,879
2011_09_26_drive_0018_sync,0000000056,2,0.842885434627533,20.96878433227539,-3.4820425510406494,-1.5621360540390015,True,73,0.867123544216156,0.8468209505081177,0.09461691975593567,20.903217315673828,-3.4272403717041016,-1.6027568578720093,3217,879
2011_09_26_drive_0018_sync,0000000056,3,0.8611451983451843,2.1777851581573486,-3.392043113708496,-1.8331183195114136,True,79,0.8457340598106384,0.8709958791732788,0.12316825240850449,2.0724010467529297,-3.4479708671569824,-1.8025128841400146,3217,879
2011_09_26_drive_0018_sync,0000000056,4,0.8182029724121094,19.891550064086914,-7.380157470703125,-1.5346040725708008,True,10,0.8161842823028564,0.8441252112388611,0.09298285841941833,19.941566467285156,-7.418417930603027,-1.6030168533325195,3217,879
2011_09_26_drive_0018_sync,0000000057,0,0.8454874157905579,3.2876131534576416,-3.3323657512664795,-1.771876335144043,True,48,0.8858861923217773,0.8007631301879883,0.1261356920003891,3.199660539627075,-3.281874179840088,-1.8468773365020752,3248,848
2011_09_26_drive_0018_sync,0000000057,1,0.8835808634757996,9.692797660827637,-7.712961673736572,-1.6751601696014404,True,16,0.8507762551307678,0.8868379592895508,0.055837348103523254,9.734562873840332,-7.747109413146973,-1.6895618438720703,3248,848
2011_09_26_drive_0018_sync,0000000057,2,0.8018714189529419,22.251962661743164,-3.3343982696533203,-1.6453222036361694,True,89,0.7861130833625793,0.7192545533180237,0.20311178267002106,22.13335609436035,-3.4558794498443604,-1.5338358879089355,3248,848
2011_09_26_drive_0018_sync,0000000057,3,0.3013857305049896,4.140341281890869,-38.85927963256836,-2.18171763420105,False,,,0.0,,,,,3248,848
2011_09_26_drive_0018_sync,0000000057,4,0.8561848402023315,20.916372299194336,-7.413031101226807,-1.5349222421646118,True,11,0.8014607429504395,0.7732868790626526,0.10845594108104706,20.96468734741211,-7.324611186981201,-1.4947941303253174,3248,848
2011_09_26_drive_0018_sync,0000000058,0,0.7601566314697266,23.461288452148438,-3.2820398807525635,-1.5244954824447632,True,40,0.6003057956695557,0.8583922982215881,0.054634589701890945,23.413972854614258,-3.260465383529663,-1.5412499904632568,3196,900
2011_09_26_drive_0018_sync,0000000058,1,0.8853965997695923,3.8389358520507812,-3.3610260486602783,-1.6746437549591064,True,59,0.900567889213562,0.9198513627052307,0.047883421182632446,3.8300673961639404,-3.3159844875335693,-1.6882610321044922,3196,900
2011_09_26_drive_0018_sync,0000000058,2,0.7746803760528564,21.950902938842773,-32.42516326904297,-2.034891128540039,True,39,0.7561489939689636,0.8916224241256714,0.023860691115260124,21.967639923095703,-32.408363342285156,-2.0375308990478516,3196,900
2011_09_26_drive_0018_sync,0000000058,3,0.8861052989959717,10.477340698242188,-7.648186206817627,-1.6687278747558594,True,54,0.8769199252128601,0.8421928286552429,0.0938132256269455,10.446789741516113,-7.7002434730529785,-1.5969114303588867,3196,900
2011_09_26_drive_0018_sync,0000000058,4,0.7652736306190491,22.01507568359375,-7.514580726623535,-1.6217751502990723,True,67,0.6971192359924316,0.8214061856269836,0.11191744357347488,21.985065460205078,-7.620079040527344,-1.5995264053344727,3196,900
2011_09_26_drive_0018_sync,0000000058,5,0.4989883005619049,4.489154815673828,-39.85126495361328,-2.227311134338379,True,2,0.46029314398765564,0.7445972561836243,0.20119142532348633,4.304670333862305,-39.93113327026367,-2.2192788124084473,3196,900
2011_09_26_drive_0018_sync,0000000059,0,0.8664574027061462,11.366135597229004,-7.687714576721191,-1.638899564743042,True,34,0.8680536150932312,0.9357414841651917,0.0372091606259346,11.35793685913086,-7.651706695556641,-1.6434531211853027,3129,967
2011_09_26_drive_0018_sync,0000000059,1,0.7558188438415527,22.215219497680664,-31.92749786376953,-2.0703115463256836,True,88,0.822597324848175,0.8111335635185242,0.12388766556978226,22.32798957824707,-31.913257598876953,-2.021034002304077,3129,967
2011_09_26_drive_0018_sync,0000000059,2,0.5599538683891296,23.026063919067383,-7.429131031036377,-1.512239694595337,True,76,0.5432438254356384,0.8616654872894287,0.0899316594004631,23.063631057739258,-7.464631080627441,-1.585834264755249,3129,967
2011_09_26_drive_0018_sync,0000000059,3,0.8745701909065247,4.511990070343018,-3.3256020545959473,-1.729743242263794,True,38,0.8826560974121094,0.8718970417976379,0.13564787805080414,4.644346714019775,-3.3001108169555664,-1.744983434677124,3129,967
2011_09_26_drive_0018_sync,0000000059,4,0.8667963743209839,24.361902236938477,-3.344395160675049,-1.5284442901611328,True,65,0.8778588175773621,0.9029853343963623,0.0438944548368454,24.369298934936523,-3.34269642829895,-1.5716776847839355,3129,967
2011_09_26_drive_0018_sync,0000000060,0,0.7987734079360962,23.90149688720703,-7.309375762939453,-1.479013442993164,True,18,0.8118031620979309,0.8590571284294128,0.061343975365161896,23.87640953063965,-7.357004165649414,-1.5084284543991089,3169,927
2011_09_26_drive_0018_sync,0000000060,1,0.8974069356918335,5.18174409866333,-3.301492691040039,-1.6457438468933105,True,56,0.9122010469436646,0.8704601526260376,0.10226403176784515,5.260051727294922,-3.260568618774414,-1.6972323656082153,3169,927
2011_09_26_drive_0018_sync,0000000060,2,0.8935076594352722,25.59756851196289,-3.291233777999878,-1.4503629207611084,True,68,0.8426154851913452,0.9086914658546448,0.052434518933296204,25.602088928222656,-3.329432725906372,-1.485996961593628,3169,927
2011_09_26_drive_0018_sync,0000000060,3,0.8109216094017029,12.274765968322754,-7.668247699737549,-1.635119915008545,True,58,0.8479028940200806,0.901717483997345,0.036453258246183395,12.282112121582031,-7.638270854949951,-1.615722417831421,3169,927
2011_09_26_drive_0018_sync,0000000061,0,0.3606727719306946,23.155498504638672,-31.014188766479492,-2.0019381046295166,True,18,0.4290413558483124,0.5797303318977356,0.2933669984340668,22.901992797851562,-30.92214012145996,-2.1173768043518066,3103,993
2011_09_26_drive_0018_sync,0000000061,1,0.7303062081336975,25.125385284423828,-7.376328468322754,-1.5467013120651245,True,59,0.7787679433822632,0.8592944145202637,0.04609754681587219,25.121295928955078,-7.413540363311768,-1.573599934577942,3103,993
2011_09_26_drive_0018_sync,0000000061,2,0.8866993188858032,5.967523097991943,-3.291783094406128,-1.6981933116912842,True,86,0.8928856253623962,0.8122678995132446,0.18719160556793213,6.133347034454346,-3.228888511657715,-1.638298511505127,3103,993
2011_09_26_drive_0018_sync,0000000061,3,0.8599987030029297,26.886117935180664,-3.277005434036255,-1.4876456260681152,True,61,0.8047991991043091,0.9067903757095337,0.04565025120973587,26.907615661621094,-3.293755292892456,-1.5242685079574585,3103,993
2011_09_26_drive_0018_sync,0000000061,4,0.7740593552589417,13.032279968261719,-7.719453811645508,-1.7122793197631836,True,16,0.7755527496337891,0.7486944198608398,0.2104254812002182,13.196277618408203,-7.700387477874756,-1.5818181037902832,3103,993
2011_09_26_drive_0018_sync,0000000062,0,0.8816333413124084,6.808807849884033,-3.252821683883667,-1.7087284326553345,True,41,0.8971795439720154,0.9321864247322083,0.0395791195333004,6.805684566497803,-3.2690486907958984,-1.6727640628814697,3067,1029
2011_09_26_drive_0018_sync,0000000062,1,0.8291956782341003,26.35488510131836,-7.254252910614014,-1.5305461883544922,True,97,0.8315623998641968,0.9210250377655029,0.0243472158908844,26.353891372680664,-7.278553485870361,-1.5316781997680664,3067,1029
2011_09_26_drive_0018_sync,0000000062,2,0.7495030760765076,23.49493408203125,-30.413698196411133,-2.0320043563842773,True,98,0.8044290542602539,0.8535465598106384,0.14040040969848633,23.524686813354492,-30.276756286621094,-2.040604591369629,3067,1029
2011_09_26_drive_0018_sync,0000000062,3,0.8477903008460999,28.09150505065918,-3.252500057220459,-1.4585195779800415,True,69,0.8162621855735779,0.9052463173866272,0.07500306516885757,28.131168365478516,-3.2527170181274414,-1.394862413406372,3067,1029
2011_09_26_drive_0018_sync,0000000062,4,0.7903218269348145,14.194648742675781,-7.628159046173096,-1.4275519847869873,True,59,0.6653398871421814,0.77423495054245,0.13474208116531372,14.123348236083984,-7.604245662689209,-1.5393545627593994,3067,1029
2011_09_26_drive_0018_sync,0000000063,0,0.8094378709793091,23.829252243041992,-29.805511474609375,-1.9886224269866943,True,49,0.7906394600868225,0.8994878530502319,0.04295698553323746,23.848848342895508,-29.771135330200195,-2.005342960357666,3147,949
2011_09_26_drive_0018_sync,0000000063,1,0.9059109091758728,7.456485748291016,-3.199099063873291,-1.6670093536376953,True,36,0.8927993774414062,0.8848583698272705,0.05215476453304291,7.499536514282227,-3.2184953689575195,-1.6891573667526245,3147,949
2011_09_26_drive_0018_sync,0000000063,2,0.7779332399368286,29.45746612548828,-3.1083266735076904,-1.5332224369049072,True,84,0.6999855041503906,0.8458389639854431,0.10487260669469833,29.519968032836914,-3.1520824432373047,-1.4612696170806885,3147,949
2011_09_26_drive_0018_sync,0000000063,3,0.834537148475647,14.910482406616211,-7.533034324645996,-1.614149570465088,True,47,0.7728251814842224,0.8307602405548096,0.1405048817396164,15.013882637023926,-7.57086181640625,-1.701436996459961,3147,949
2011_09_26_drive_0018_sync,0000000063,4,0.402337908744812,-1.3651199340820312,-4.2100677490234375,-1.740659236907959,True,2,0.4997924268245697,0.8344281911849976,0.07830053567886353,-1.38690984249115,-4.2711358070373535,-1.7845553159713745,3147,949
2011_09_26_drive_0018_sync,0000000063,5,0.8323621153831482,27.545738220214844,-7.275707244873047,-1.5257970094680786,True,86,0.8139492869377136,0.8014487624168396,0.14407368004322052,27.489879608154297,-7.250640869140625,-1.6562144756317139,3147,949
2011_09_26_drive_0018_sync,0000000064,0,0.8074458837509155,24.1378116607666,-29.351099014282227,-2.0163683891296387,True,9,0.6579067707061768,0.8225006461143494,0.25833532214164734,24.016803741455078,-29.577123641967773,-1.9846336841583252,3056,1040
2011_09_26_drive_0018_sync,0000000064,1,0.8509809970855713,15.807219505310059,-7.499712944030762,-1.57003653049469,True,88,0.828982412815094,0.7559167742729187,0.1743817776441574,15.75479507446289,-7.660622596740723,-1.612093210220337,3056,1040
2011_09_26_drive_0018_sync,0000000064,2,0.8112424612045288,30.855937957763672,-3.0678176879882812,-1.4781107902526855,True,79,0.8354544639587402,0.8307180404663086,0.07357265055179596,30.808942794799805,-3.085479497909546,-1.5318922996520996,3056,1040
2011_09_26_drive_0018_sync,0000000064,3,0.6817592978477478,28.50081443786621,-7.245725631713867,-1.534186840057373,True,45,0.6430910229682922,0.8668631911277771,0.09184971451759338,28.458906173706055,-7.321640968322754,-1.5644676685333252,3056,1040
2011_09_26_drive_0018_sync,0000000064,4,0.37977635860443115,-1.2266801595687866,-3.971773862838745,-1.7034046649932861,True,82,0.2059454321861267,0.7140758633613586,0.25889864563941956,-1.0849411487579346,-4.1880669593811035,-1.690920352935791,3056,1040
2011_09_26_drive_0018_sync,0000000064,5,0.887975811958313,8.393776893615723,-3.1891021728515625,-1.651569128036499,True,36,0.9077572822570801,0.8242862224578857,0.13281166553497314,8.279932022094727,-3.14877986907959,-1.706817626953125,3056,1040
2011_09_26_drive_0018_sync,0000000065,0,0.9073755741119385,9.09812068939209,-3.167705774307251,-1.5933364629745483,True,38,0.9115971326828003,0.8607662916183472,0.05848671868443489,9.137953758239746,-3.143571138381958,-1.628713607788086,3083,1013
2011_09_26_drive_0018_sync,0000000065,1,0.3800032436847687,-0.5098665952682495,-3.755319118499756,-1.7723197937011719,True,19,0.5641151070594788,0.7564616203308105,0.19456130266189575,-0.3583890497684479,-3.863701105117798,-1.7160881757736206,3083,1013
2011_09_26_drive_0018_sync,0000000065,2,0.820625901222229,16.939298629760742,-7.4870429039001465,-1.5877861976623535,True,65,0.7747789621353149,0.8242788910865784,0.13125015795230865,17.05117416381836,-7.508420944213867,-1.6530046463012695,3083,1013
2011_09_26_drive_0018_sync,0000000065,3,0.3256738483905792,23.54569435119629,-30.215608596801758,-1.902992844581604,True,80,0.309653639793396,0.8443410396575928,0.18311835825443268,23.69098663330078,-30.106124877929688,-1.9238686561584473,3083,1013
2011_09_26_drive_0018_sync,0000000065,4,0.6912698745727539,29.85366439819336,-7.415040493011475,-1.5183346271514893,True,39,0.5837656855583191,0.8702057600021362,0.05883124843239784,29.85768699645996,-7.392107009887695,-1.4643069505691528,3083,1013
2011_09_26_drive_0018_sync,0000000065,5,0.7976481318473816,32.12541580200195,-3.0364222526550293,-1.4393467903137207,True,76,0.6158676147460938,0.7304884195327759,0.16998794674873352,32.07244873046875,-3.1560301780700684,-1.5479024648666382,3083,1013
2011_09_26_drive_0018_sync,0000000066,0,0.7397134304046631,33.593544006347656,-3.215991735458374,-1.394073247909546,True,56,0.7892711162567139,0.8523154854774475,0.09015938639640808,33.61161422729492,-3.3033900260925293,-1.3812779188156128,3060,1036
2011_09_26_drive_0018_sync,0000000066,1,0.9089263677597046,9.9636812210083,-3.1598167419433594,-1.6398273706436157,True,71,0.9131954312324524,0.9157186150550842,0.04854671284556389,9.994696617126465,-3.193329334259033,-1.6233429908752441,3060,1036
2011_09_26_drive_0018_sync,0000000066,2,0.7105955481529236,0.6516656279563904,-3.79286527633667,-1.7616136074066162,True,34,0.7004186511039734,0.9117276668548584,0.04936901107430458,0.6044076681137085,-3.7849223613739014,-1.7497437000274658,3060,1036
2011_09_26_drive_0018_sync,0000000066,3,0.8349994421005249,17.93901824951172,-7.433813095092773,-1.6005535125732422,True,88,0.8396761417388916,0.9006755352020264,0.06706021726131439,17.975069046020508,-7.450017929077148,-1.6547274589538574,3060,1036
2011_09_26_drive_0018_sync,0000000067,0,0.8468719720840454,19.050363540649414,-7.513876914978027,-1.627253770828247,True,93,0.8436330556869507,0.8460777997970581,0.10882261395454407,18.975616455078125,-7.436110019683838,-1.641660213470459,3043,1053
2011_09_26_drive_0018_sync,0000000067,1,0.8329659700393677,34.8265380859375,-3.0711867809295654,-1.4305815696716309,True,35,0.8452244997024536,0.8793628811836243,0.07548973709344864,34.89337921142578,-3.046786069869995,-1.405371069908142,3043,1053
2011_09_26_drive_0018_sync,0000000067,2,0.713657021522522,32.02001953125,-7.043572902679443,-1.5495047569274902,True,81,0.6005398035049438,0.8486095666885376,0.09619642794132233,32.08278274536133,-6.999628067016602,-1.6076716184616089,3043,1053
2011_09_26_drive_0018_sync,0000000067,3,0.8355023860931396,1.2965024709701538,-3.6947991847991943,-1.7011406421661377,True,99,0.8088212013244629,0.7001610398292542,0.347798228263855,0.9830367565155029,-3.845426321029663,-1.6973559856414795,3043,1053
2011_09_26_drive_0018_sync,0000000067,4,0.8986151218414307,10.781558990478516,-3.1006171703338623,-1.6275150775909424,True,94,0.906406581401825,0.8891404271125793,0.06898180395364761,10.735642433166504,-3.092352867126465,-1.5767030715942383,3043,1053
2011_09_26_drive_0018_sync,0000000068,0,0.8574474453926086,1.6701884269714355,-3.694291591644287,-1.7270939350128174,True,68,0.8526394367218018,0.8609278202056885,0.08462384343147278,1.7015867233276367,-3.7683167457580566,-1.7534685134887695,3058,1038
2011_09_26_drive_0018_sync,0000000068,1,0.32610565423965454,6.166175842285156,36.904964447021484,-0.4471721649169922,True,36,0.1167030930519104,0.6490427851676941,0.35643646121025085,6.088115692138672,36.59940719604492,-0.2810748219490051,3058,1038
2011_09_26_drive_0018_sync,0000000068,2,0.894005537033081,11.606996536254883,-3.080834150314331,-1.6371049880981445,True,60,0.895530104637146,0.8807185888290405,0.05833933502435684,11.59487533569336,-3.0628044605255127,-1.5829617977142334,3058,1038
2011_09_26_drive_0018_sync,0000000068,3,0.7855876088142395,20.215553283691406,-7.317358016967773,-1.5963897705078125,True,78,0.7316910028457642,0.9077579379081726,0.14590346813201904,20.07060432434082,-7.321957588195801,-1.5803751945495605,3058,1038
2011_09_26_drive_0018_sync,0000000068,4,0.8341772556304932,36.313079833984375,-2.9896230697631836,-1.4038689136505127,True,31,0.809358537197113,0.9050626158714294,0.060488175600767136,36.36274337768555,-3.0230424404144287,-1.3951799869537354,3058,1038
2011_09_26_drive_0018_sync,0000000068,5,0.3766023516654968,33.147884368896484,-7.248719692230225,-1.408894658088684,False,,,0.0,,,,,3058,1038
2011_09_26_drive_0018_sync,0000000069,0,0.7845441699028015,37.97362518310547,-2.913335084915161,-1.3724148273468018,True,69,0.6293251514434814,0.8373059034347534,0.09637394547462463,37.906700134277344,-2.8751261234283447,-1.4302858114242554,3082,1014
2011_09_26_drive_0018_sync,0000000069,1,0.8851869702339172,2.3475544452667236,-3.7431602478027344,-1.7535805702209473,True,96,0.8961310386657715,0.8698834776878357,0.16030238568782806,2.1932833194732666,-3.7354071140289307,-1.7107183933258057,3082,1014
2011_09_26_drive_0018_sync,0000000069,2,0.8553083539009094,21.380088806152344,-7.448723793029785,-1.5923265218734741,True,93,0.8496416211128235,0.881375253200531,0.06964761763811111,21.421424865722656,-7.414615631103516,-1.6368097066879272,3082,1014
2011_09_26_drive_0018_sync,0000000069,3,0.8845081329345703,12.586621284484863,-3.089604139328003,-1.5553083419799805,True,97,0.8889367580413818,0.8989274501800537,0.04709545522928238,12.620501518249512,-3.084792375564575,-1.58766508102417,3082,1014
2011_09_26_drive_0018_sync,0000000070,0,0.8830274343490601,13.488253593444824,-3.037277936935425,-1.5786919593811035,True,65,0.8718444108963013,0.881806492805481,0.10925374925136566,13.551592826843262,-3.033541202545166,-1.667633295059204,3072,1024
2011_09_26_drive_0018_sync,0000000070,1,0.6631491184234619,39.40215301513672,-2.830531358718872,-1.3525677919387817,True,48,0.5911707878112793,0.8022772073745728,0.1604391485452652,39.361488342285156,-2.675382137298584,-1.3565456867218018,3072,1024
2011_09_26_drive_0018_sync,0000000070,2,0.3339542746543884,35.552852630615234,-6.565260887145996,-1.3894410133361816,True,87,0.21542459726333618,0.6173275113105774,0.31869250535964966,35.62830352783203,-6.870755672454834,-1.4398890733718872,3072,1024
2011_09_26_drive_0018_sync,0000000070,3,0.8970276713371277,2.8583359718322754,-3.625166893005371,-1.6798551082611084,True,44,0.8842852711677551,0.8999201655387878,0.05658554658293724,2.8957881927490234,-3.6675832271575928,-1.6801865100860596,3072,1024
2011_09_26_drive_0018_sync,0000000070,4,0.8317739367485046,22.44331169128418,-7.456194877624512,-1.5760232210159302,True,49,0.835241436958313,0.8646925091743469,0.09326553344726562,22.359189987182617,-7.416080951690674,-1.5796109437942505,3072,1024
2011_09_26_drive_0018_sync,0000000071,0,0.8192991614341736,23.72210121154785,-7.3831095695495605,-1.5105340480804443,True,85,0.8124398589134216,0.9231638312339783,0.02683262713253498,23.730487823486328,-7.362181663513184,-1.4959849119186401,3146,950
2011_09_26_drive_0018_sync,0000000071,1,0.8999082446098328,3.654142379760742,-3.610342264175415,-1.7128173112869263,True,92,0.8927287459373474,0.8020694851875305,0.2890944480895996,3.367682695388794,-3.6480462551116943,-1.703078269958496,3146,950
2011_09_26_drive_0018_sync,0000000071,2,0.5295108556747437,37.10184860229492,-7.0803351402282715,-1.4402780532836914,True,95,0.35149770975112915,0.7765399217605591,0.16460420191287994,37.16737747192383,-6.9353179931640625,-1.398200273513794,3146,950
2011_09_26_drive_0018_sync,0000000071,3,0.8938570618629456,14.500336647033691,-3.0345311164855957,-1.6079857349395752,True,30,0.9027049541473389,0.9063128232955933,0.06791659444570541,14.462063789367676,-3.06272554397583,-1.6564927101135254,3146,950
2011_09_26_drive_0018_sync,0000000071,4,0.673811137676239,40.869529724121094,-3.239452838897705,-1.4212697744369507,True,54,0.6766023635864258,0.828354001045227,0.1300474852323532,40.82035446166992,-3.3594906330108643,-1.4120464324951172,3146,950
2011_09_26_drive_0018_sync,0000000072,0,0.9070826768875122,15.42835521697998,-3.0043559074401855,-1.5666308403015137,True,27,0.9135956764221191,0.8917879462242126,0.03441815450787544,15.440815925598145,-2.9757184982299805,-1.5810959339141846,3126,970
2011_09_26_drive_0018_sync,0000000072,1,0.8545069098472595,24.930524826049805,-7.532855033874512,-1.5511155128479004,True,98,0.8685073256492615,0.9292368292808533,0.035260263830423355,24.903076171875,-7.547492980957031,-1.5345146656036377,3126,970
2011_09_26_drive_0018_sync,0000000072,2,0.6884232759475708,42.46549987792969,-2.578038215637207,-1.364607334136963,True,89,0.6702110767364502,0.8879547119140625,0.09102609753608704,42.3917121887207,-2.611814022064209,-1.3233723640441895,3126,970
2011_09_26_drive_0018_sync,0000000072,3,0.9010671377182007,4.35860013961792,-3.5996482372283936,-1.6700211763381958,True,75,0.8984163999557495,0.8946563005447388,0.09355784952640533,4.274702548980713,-3.6404483318328857,-1.6629772186279297,3126,970
2011_09_26_drive_0018_sync,0000000073,0,0.5817278623580933,43.85503387451172,-2.773866653442383,-1.3116140365600586,True,72,0.3948736786842346,0.7556542754173279,0.22539277374744415,43.996253967285156,-2.949122905731201,-1.3236154317855835,3177,919
2011_09_26_drive_0018_sync,0000000073,1,0.8724138140678406,16.530017852783203,-2.9830963611602783,-1.6430904865264893,True,73,0.9080916047096252,0.893585205078125,0.08533596247434616,16.450632095336914,-2.985724687576294,-1.6118940114974976,3177,919
2011_09_26_drive_0018_sync,0000000073,2,0.7960358262062073,26.251728057861328,-7.265040397644043,-1.4698482751846313,True,77,0.8188362121582031,0.8613065481185913,0.10512928664684296,26.25200653076172,-7.367173194885254,-1.4947677850723267,3177,919
2011_09_26_drive_0018_sync,0000000073,3,0.8948179483413696,5.007266998291016,-3.5663115978240967,-1.6538245677947998,True,74,0.880796492099762,0.8814769387245178,0.07219808548688889,5.0069966316223145,-3.6337132453918457,-1.679699420928955,3177,919
2011_09_26_drive_0018_sync,0000000074,0,0.7161505222320557,27.600465774536133,-7.195179462432861,-1.4826505184173584,True,38,0.7539619207382202,0.9161473512649536,0.05524982511997223,27.609590530395508,-7.246901035308838,-1.4998016357421875,3220,876
2011_09_26_drive_0018_sync,0000000074,1,0.4873376786708832,45.277828216552734,-2.620560646057129,-1.2329267263412476,True,70,0.6370435953140259,0.7821094393730164,0.15097618103027344,45.29751205444336,-2.764364719390869,-1.1913726329803467,3220,876
2011_09_26_drive_0018_sync,0000000074,2,0.8632329702377319,17.528038024902344,-2.970130681991577,-1.6051971912384033,True,65,0.8914388418197632,0.8188807964324951,0.13773787021636963,17.41177749633789,-2.98465895652771,-1.5327807664871216,3220,876
2011_09_26_drive_0018_sync,0000000074,3,0.894570529460907,5.750009059906006,-3.596217155456543,-1.6638169288635254,True,79,0.8958958387374878,0.8782078623771667,0.11868081986904144,5.635969161987305,-3.5705106258392334,-1.6433422565460205,3220,876
2011_09_26_drive_0018_sync,0000000075,0,0.8983857035636902,18.44961166381836,-2.920315980911255,-1.5845911502838135,True,76,0.9111002087593079,0.9809662699699402,0.016934683546423912,18.466142654418945,-2.9239845275878906,-1.5843639373779297,3183,913
2011_09_26_drive_0018_sync,0000000075,1,0.9079487919807434,6.574645042419434,-3.545275926589966,-1.6923985481262207,True,64,0.909891664981842,0.9148873686790466,0.05899617448449135,6.617605686187744,-3.584540605545044,-1.702053427696228,3183,913
2011_09_26_drive_0018_sync,0000000075,2,0.5010594725608826,28.767995834350586,-7.128520488739014,-1.5487189292907715,True,43,0.7613472938537598,0.748483419418335,0.19698360562324524,28.80327606201172,-7.317169189453125,-1.5043396949768066,3183,913
2011_09_26_drive_0018_sync,0000000075,3,0.36423158645629883,46.90828323364258,-2.4983959197998047,-1.3521738052368164,True,93,0.1894495189189911,0.7640140056610107,0.1771634817123413,47.01176071166992,-2.6411871910095215,-1.3351454734802246,3183,913
2011_09_26_drive_0018_sync,0000000076,0,0.824813723564148,30.339719772338867,-7.200002193450928,-1.4682164192199707,True,64,0.76279217004776,0.8664616942405701,0.03496226295828819,30.313066482543945,-7.180028915405273,-1.4788479804992676,3239,857
2011_09_26_drive_0018_sync,0000000076,1,0.8998726010322571,7.4171905517578125,-3.5241074562072754,-1.6819462776184082,True,95,0.9056059718132019,0.9534780979156494,0.02301339991390705,7.428349494934082,-3.5195794105529785,-1.6623352766036987,3239,857
2011_09_26_drive_0018_sync,0000000076,2,0.8592207431793213,19.58940887451172,-2.8851351737976074,-1.5999369621276855,True,42,0.8250791430473328,0.9231007099151611,0.019162490963935852,19.598119735717773,-2.873993396759033,-1.6128668785095215,3239,857
2011_09_26_drive_0018_sync,0000000077,0,0.8380353450775146,31.51681137084961,-7.131966590881348,-1.4537125825881958,True,38,0.8076307773590088,0.9318435788154602,0.009198655374348164,31.510454177856445,-7.138609409332275,-1.4539852142333984,3280,816
2011_09_26_drive_0018_sync,0000000077,1,0.8004274964332581,20.621253967285156,-2.9341962337493896,-1.5926897525787354,True,56,0.7726990580558777,0.8576253652572632,0.16634447872638702,20.78317642211914,-2.9635889530181885,-1.5684478282928467,3280,816
2011_09_26_drive_0018_sync,0000000077,2,0.8971814513206482,8.125984191894531,-3.5641705989837646,-1.6417118310928345,True,53,0.8796069025993347,0.860479474067688,0.08789797127246857,8.174565315246582,-3.5143368244171143,-1.5880227088928223,3280,816
2011_09_26_drive_0018_sync,0000000078,0,0.8837106227874756,21.7299747467041,-2.841219186782837,-1.5182087421417236,True,50,0.873269259929657,0.8969086408615112,0.07382144778966904,21.692758560180664,-2.9049580097198486,-1.5168216228485107,3233,863
2011_09_26_drive_0018_sync,0000000078,1,0.5565330982208252,32.943965911865234,-7.164541721343994,-1.524592638015747,True,64,0.5131993293762207,0.6828513741493225,0.2490176409482956,32.82001876831055,-7.3620805740356445,-1.437269687652588,3233,863
2011_09_26_drive_0018_sync,0000000078,2,0.9101725220680237,9.171152114868164,-3.530975580215454,-1.64117431640625,True,93,0.9152941703796387,0.9144418239593506,0.08578518778085709,9.088151931762695,-3.509913444519043,-1.636030912399292,3233,863
2011_09_26_drive_0018_sync,0000000079,0,0.41304048895835876,-1.7947182655334473,-4.067849636077881,-1.6692332029342651,True,50,0.17944414913654327,0.5839669704437256,0.32892492413520813,-1.6936241388320923,-3.7775774002075195,-1.7863383293151855,3233,863
2011_09_26_drive_0018_sync,0000000079,1,0.5256712436676025,34.17515563964844,-6.98953104019165,-1.4888930320739746,True,44,0.7079125046730042,0.8143510818481445,0.08069036155939102,34.15012741088867,-6.914442539215088,-1.473201036453247,3233,863
2011_09_26_drive_0018_sync,0000000079,2,0.878053605556488,22.761606216430664,-2.794276475906372,-1.5376901626586914,True,71,0.8530666828155518,0.8319134712219238,0.14762850105762482,22.653533935546875,-2.7770473957061768,-1.438605785369873,3233,863
2011_09_26_drive_0018_sync,0000000079,3,0.907581090927124,10.07540225982666,-3.4850239753723145,-1.6669787168502808,True,58,0.9028025269508362,0.9141225218772888,0.07969897985458374,9.996064186096191,-3.49025559425354,-1.6614990234375,3233,863
2011_09_26_drive_0018_sync,0000000080,0,0.5752159357070923,35.39977264404297,-6.919137954711914,-1.5107674598693848,True,56,0.5958395600318909,0.7776437401771545,0.13650980591773987,35.35932159423828,-7.030880928039551,-1.4435949325561523,3260,836
2011_09_26_drive_0018_sync,0000000080,1,0.802964448928833,23.869417190551758,-2.7229409217834473,-1.5229756832122803,True,17,0.8204843997955322,0.8391531705856323,0.15466763079166412,24.012584686279297,-2.7686667442321777,-1.5595036745071411,3260,836
2011_09_26_drive_0018_sync,0000000080,2,0.8831579089164734,10.851621627807617,-3.452944278717041,-1.6691834926605225,True,49,0.9031295776367188,0.9146935939788818,0.08140299469232559,10.844978332519531,-3.4518139362335205,-1.588059902191162,3260,836
2011_09_26_drive_0018_sync,0000000080,3,0.5953294038772583,-1.081390380859375,-3.622265338897705,-1.8125373125076294,True,3,0.38340485095977783,0.743690013885498,0.28706246614456177,-0.8107894062995911,-3.7117648124694824,-1.8467400074005127,3260,836
2011_09_26_drive_0018_sync,0000000081,0,0.5585391521453857,-0.8509860038757324,-3.599259376525879,-1.7588759660720825,True,17,0.42318058013916016,0.7756721377372742,0.1557588279247284,-0.7977120876312256,-3.453763008117676,-1.7429540157318115,3229,867
2011_09_26_drive_0018_sync,0000000081,1,0.8854526281356812,11.94135856628418,-3.4056873321533203,-1.624207615852356,True,91,0.8982121348381042,0.8958427906036377,0.05676526203751564,11.974032402038574,-3.4518237113952637,-1.6293213367462158,3229,867
2011_09_26_drive_0018_sync,0000000081,2,0.5209714770317078,36.76692581176758,-6.969793319702148,-1.4269745349884033,True,31,0.6516095995903015,0.8587605953216553,0.09391026943922043,36.82115173339844,-6.942814350128174,-1.4987437725067139,3229,867
2011_09_26_drive_0018_sync,0000000081,3,0.8292860984802246,25.118999481201172,-2.9403984546661377,-1.3982939720153809,True,19,0.8584990501403809,0.6735837459564209,0.2652387022972107,24.9229793548584,-2.7711310386657715,-1.4555323123931885,3229,867
2011_09_26_drive_0018_sync,0000000082,0,0.8222618699073792,26.18874740600586,-2.65738844871521,-1.457834243774414,True,39,0.7811172008514404,0.846167802810669,0.1183062344789505,26.143762588500977,-2.669217348098755,-1.566612958908081,3210,886
2011_09_26_drive_0018_sync,0000000082,1,0.4729449152946472,-0.1165991723537445,-3.602177143096924,-1.6897287368774414,True,89,0.7371975183486938,0.6885144710540771,0.2282746434211731,0.0824492871761322,-3.712834596633911,-1.7053477764129639,3210,886
2011_09_26_drive_0018_sync,0000000082,2,0.9068083167076111,12.854891777038574,-3.457315444946289,-1.657113790512085,True,48,0.9021742939949036,0.9331064224243164,0.04717225208878517,12.843017578125,-3.4451403617858887,-1.6131138801574707,3210,886
2011_09_26_drive_0018_sync,0000000083,0,0.7925788760185242,0.8571061491966248,-3.78774356842041,-1.6163947582244873,True,65,0.786904513835907,0.8329835534095764,0.07944067567586899,0.8889583349227905,-3.765517234802246,-1.6856930255889893,3117,979
2011_09_26_drive_0018_sync,0000000083,1,0.8360803127288818,27.398672103881836,-2.6773719787597656,-1.493722677230835,True,55,0.8381696343421936,0.8559209704399109,0.13954761624336243,27.263933181762695,-2.6419756412506104,-1.5018503665924072,3117,979
2011_09_26_drive_0018_sync,0000000083,2,0.8993687033653259,13.832554817199707,-3.3820955753326416,-1.6211793422698975,True,42,0.9097731709480286,0.8886790871620178,0.06601886451244354,13.807541847229004,-3.4380686283111572,-1.5966873168945312,3117,979
2011_09_26_drive_0018_sync,0000000084,0,0.5983297228813171,40.87562561035156,-6.843698978424072,-1.3241798877716064,True,28,0.6104321479797363,0.9012121558189392,0.03089521825313568,40.866424560546875,-6.822904586791992,-1.345095157623291,3110,986
2011_09_26_drive_0018_sync,0000000084,1,0.4779513478279114,32.6397705078125,-19.360733032226562,-1.7656878232955933,True,26,0.37937605381011963,0.6963851451873779,0.27718695998191833,32.49536895751953,-19.124164581298828,-1.7616667747497559,3110,986
2011_09_26_drive_0018_sync,0000000084,2,0.9156628251075745,14.84150505065918,-3.389881134033203,-1.608724594116211,True,42,0.8954951167106628,0.929658830165863,0.03749438747763634,14.868990898132324,-3.372681140899658,-1.6275532245635986,3110,986
2011_09_26_drive_0018_sync,0000000084,3,0.8042261004447937,28.24199104309082,-2.5506680011749268,-1.4610246419906616,True,75,0.7764649987220764,0.8525887727737427,0.08594658970832825,28.305736541748047,-2.5239713191986084,-1.5121188163757324,3110,986
2011_09_26_drive_0018_sync,0000000084,4,0.7716824412345886,1.463287115097046,-3.744180679321289,-1.8087164163589478,True,99,0.842027485370636,0.7976730465888977,0.11700551956892014,1.50618314743042,-3.74664044380188,-1.6998854875564575,3110,986
2011_09_26_drive_0018_sync,0000000085,0,0.44218188524246216,33.08068084716797,-19.152067184448242,-1.8067607879638672,True,93,0.3831705152988434,0.6109123229980469,0.2883213460445404,33.325130462646484,-19.301597595214844,-1.7749135494232178,3097,999
2011_09_26_drive_0018_sync,0000000085,1,0.5365716814994812,42.202247619628906,-6.754567623138428,-1.4822227954864502,True,87,0.5132347345352173,0.7105847001075745,0.1978728324174881,42.18065643310547,-6.901092529296875,-1.3510056734085083,3097,999
2011_09_26_drive_0018_sync,0000000085,2,0.8894428014755249,15.957486152648926,-3.3413479328155518,-1.6220139265060425,True,92,0.8962791562080383,0.9001839756965637,0.08140957355499268,16.02280616760254,-3.372602701187134,-1.5848124027252197,3097,999
2011_09_26_drive_0018_sync,0000000085,3,0.8817527890205383,2.113468885421753,-3.705406427383423,-1.6226941347122192,True,39,0.8661051988601685,0.8890202641487122,0.05572748929262161,2.1331534385681152,-3.7453746795654297,-1.6561696529388428,3097,999
2011_09_26_drive_0018_sync,0000000085,4,0.7947136759757996,29.62911033630371,-2.5165491104125977,-1.417818307876587,True,83,0.7034563422203064,0.8874653577804565,0.048616718500852585,29.62554168701172,-2.563910484313965,-1.4281985759735107,3097,999
2011_09_26_drive_0018_sync,0000000086,0,0.7836519479751587,30.972360610961914,-2.624423027038574,-1.4355242252349854,True,87,0.8134381175041199,0.8851485252380371,0.1367354542016983,30.835737228393555,-2.6230075359344482,-1.4408750534057617,3100,996
2011_09_26_drive_0018_sync,0000000086,1,0.839285671710968,2.74450945854187,-3.6765246391296387,-1.7365648746490479,True,44,0.8678648471832275,0.9243947863578796,0.03613452985882759,2.76859188079834,-3.6508617401123047,-1.728369951248169,3100,996
2011_09_26_drive_0018_sync,0000000086,2,0.8985922932624817,16.937271118164062,-3.3575057983398438,-1.6194605827331543,True,23,0.8854067325592041,0.8359740972518921,0.17444342374801636,16.77535057067871,-3.3103740215301514,-1.5748417377471924,3100,996
2011_09_26_drive_0018_sync,0000000086,3,0.4452485740184784,33.01790237426758,-19.318096160888672,-1.843316674232483,True,5,0.32398486137390137,0.6216240525245667,0.7793159484863281,33.5346565246582,-18.73497200012207,-1.859584093093872,3100,996
2011_09_26_drive_0018_sync,0000000087,0,0.8973917365074158,18.08789825439453,-3.2871289253234863,-1.5797518491744995,True,61,0.8751745820045471,0.9162517786026001,0.047853946685791016,18.055299758911133,-3.2943623065948486,-1.614030361175537,3133,963
2011_09_26_drive_0018_sync,0000000087,1,0.7036411762237549,31.700817108154297,-2.578834056854248,-1.4098014831542969,True,94,0.7246776819229126,0.8960043787956238,0.0627010241150856,31.72393798828125,-2.5206458568573,-1.4131145477294922,3133,963
2011_09_26_drive_0018_sync,0000000087,2,0.3627757728099823,34.03319549560547,-18.43684196472168,-1.7200827598571777,True,83,0.39071765542030334,0.8349475860595703,0.12827298045158386,34.045616149902344,-18.31356430053711,-1.7532837390899658,3133,963
2011_09_26_drive_0018_sync,0000000087,3,0.8934290409088135,3.505280017852783,-3.6989922523498535,-1.6815271377563477,True,58,0.84526127576828,0.8846444487571716,0.0949898436665535,3.4156908988952637,-3.6689772605895996,-1.6913230419158936,3133,963
2011_09_26_drive_0018_sync,0000000088,0,0.7371824383735657,33.27650833129883,-2.5007405281066895,-1.3777029514312744,True,20,0.7916178107261658,0.6994066834449768,0.24389664828777313,33.427425384521484,-2.650632858276367,-1.4970424175262451,3141,955
2011_09_26_drive_0018_sync,0000000088,1,0.8536680340766907,18.861366271972656,-3.278468370437622,-1.5332248210906982,True,22,0.8459729552268982,0.8794913291931152,0.11586614698171616,18.974998474121094,-3.2558705806732178,-1.5318009853363037,3141,955
2011_09_26_drive_0018_sync,0000000088,2,0.8935080170631409,4.216876983642578,-3.677022695541382,-1.6935594081878662,True,88,0.9030331373214722,0.9009239673614502,0.07714848220348358,4.21658182144165,-3.7003259658813477,-1.6200151443481445,3141,955
2011_09_26_drive_0018_sync,0000000089,0,0.8676282167434692,20.183507919311523,-3.2264106273651123,-1.5572214126586914,True,66,0.8811086416244507,0.8472446203231812,0.1189587265253067,20.283390045166016,-3.2838170528411865,-1.5868734121322632,3187,909
2011_09_26_drive_0018_sync,0000000089,1,0.5940819382667542,34.5550537109375,-17.616689682006836,-1.7738444805145264,True,47,0.8148765563964844,0.7657651901245117,0.11513147503137589,34.513099670410156,-17.7138614654541,-1.8191518783569336,3187,909
2011_09_26_drive_0018_sync,0000000089,2,0.8683873414993286,5.0063700675964355,-3.6684188842773438,-1.6844321489334106,True,84,0.8833035230636597,0.9442915916442871,0.04830283671617508,4.961915493011475,-3.6571733951568604,-1.6692501306533813,3187,909
2011_09_26_drive_0018_sync,0000000089,3,0.7831567525863647,34.29427719116211,-2.472445487976074,-1.4013622999191284,True,77,0.7518121004104614,0.8621438145637512,0.09126050770282745,34.26199722290039,-2.4833309650421143,-1.4860262870788574,3187,909
2011_09_26_drive_0018_sync,0000000090,0,0.5662050843238831,35.329437255859375,-2.309657096862793,-1.4643406867980957,True,3,0.3878326714038849,0.8833288550376892,0.05467798933386803,35.28083419799805,-2.313068389892578,-1.4891557693481445,3234,862
2011_09_26_drive_0018_sync,0000000090,1,0.9064005017280579,5.803311347961426,-3.655040979385376,-1.66102933883667,True,60,0.8915759325027466,0.9107252955436707,0.06360681354999542,5.781867980957031,-3.6334595680236816,-1.7168885469436646,3234,862
2011_09_26_drive_0018_sync,0000000090,2,0.7617491483688354,35.034912109375,-17.275524139404297,-1.5743587017059326,True,64,0.7543851733207703,0.8620423078536987,0.06408447027206421,35.05836868286133,-17.257102966308594,-1.6310796737670898,3234,862
2011_09_26_drive_0018_sync,0000000090,3,0.880233883857727,21.518173217773438,-3.197350025177002,-1.505903720855713,True,89,0.9036441445350647,0.8904181122779846,0.06259801238775253,21.562191009521484,-3.2407684326171875,-1.515690803527832,3234,862
2011_09_26_drive_0018_sync,0000000091,0,0.8880203366279602,22.477235794067383,-3.2045767307281494,-1.4833884239196777,True,61,0.8873205780982971,0.8371588587760925,0.13263222575187683,22.580636978149414,-3.2320685386657715,-1.5617702007293701,3211,885
2011_09_26_drive_0018_sync,0000000091,1,0.878743052482605,6.498598098754883,-3.6191372871398926,-1.649285078048706,True,25,0.8692978024482727,0.9208034873008728,0.06370504945516586,6.504555702209473,-3.626513957977295,-1.586289644241333,3211,885
2011_09_26_drive_0018_sync,0000000091,2,0.6585544943809509,36.806243896484375,-2.5480616092681885,-1.3857908248901367,True,46,0.49196699261665344,0.8699893951416016,0.09451029449701309,36.72999572753906,-2.5038793087005615,-1.3516391515731812,3211,885
2011_09_26_drive_0018_sync,0000000091,3,0.4283619225025177,35.45183181762695,-17.091829299926758,-1.6251468658447266,True,48,0.3496097922325134,0.8640989661216736,0.08720933645963669,35.40705871582031,-17.152061462402344,-1.5807292461395264,3211,885
2011_09_26_drive_0018_sync,0000000092,0,0.5972792506217957,33.48169708251953,15.607687950134277,0.32447147369384766,True,51,0.005406910087913275,0.7785716652870178,0.15399104356765747,33.58845138549805,15.5650634765625,0.22200238704681396,3248,848
2011_09_26_drive_0018_sync,0000000092,1,0.7834047079086304,37.96242904663086,-2.3708384037017822,-1.4216166734695435,True,87,0.7874187231063843,0.9504895806312561,0.024780001491308212,37.965572357177734,-2.391653060913086,-1.4085431098937988,3248,848
2011_09_26_drive_0018_sync,0000000092,2,0.8911195397377014,7.471652984619141,-3.580080986022949,-1.6216084957122803,True,76,0.8724177479743958,0.8692665100097656,0.0717068761587143,7.4835734367370605,-3.6343648433685303,-1.6669189929962158,3248,848
2011_09_26_drive_0018_sync,0000000092,3,0.867155134677887,23.83842658996582,-3.168013334274292,-1.4298677444458008,True,28,0.8565750122070312,0.8502369523048401,0.1003447100520134,23.78416633605957,-3.248857259750366,-1.4055954217910767,3248,848
2011_09_26_drive_0018_sync,0000000093,0,0.6762455105781555,39.24013137817383,-2.1479270458221436,-1.468445062637329,True,89,0.6300699710845947,0.8112440705299377,0.1380537450313568,39.1507453918457,-2.0439250469207764,-1.4525527954101562,3229,867
2011_09_26_drive_0018_sync,0000000093,1,0.8782826066017151,8.165617942810059,-3.6189589500427246,-1.5586225986480713,True,65,0.8938494324684143,0.9061564207077026,0.08318254351615906,8.123424530029297,-3.643352746963501,-1.626031756401062,3229,867
2011_09_26_drive_0018_sync,0000000093,2,0.713664174079895,0.179701566696167,-3.435349702835083,-1.7804820537567139,True,10,0.6124427914619446,0.6104446053504944,0.5390060544013977,-0.33711692690849304,-3.564293146133423,-1.698021411895752,3229,867
2011_09_26_drive_0018_sync,0000000093,3,0.8701034188270569,25.090852737426758,-3.1248624324798584,-1.458730697631836,True,80,0.8750396370887756,0.8839611411094666,0.07679242640733719,25.05919647216797,-3.148029088973999,-1.5247478485107422,3229,867
2011_09_26_drive_0018_sync,0000000094,0,0.8826188445091248,8.976491928100586,-3.5215516090393066,-1.6241364479064941,True,97,0.8828580379486084,0.8571287989616394,0.11169880628585815,9.049543380737305,-3.594787836074829,-1.5819871425628662,3140,956
2011_09_26_drive_0018_sync,0000000094,1,0.799285888671875,0.7328034043312073,-3.702894449234009,-1.7095165252685547,True,63,0.7982784509658813,0.8864923715591431,0.12909793853759766,0.6037368178367615,-3.705681562423706,-1.7089440822601318,3140,956
2011_09_26_drive_0018_sync,0000000094,2,0.8570252656936646,26.47203826904297,-3.147949695587158,-1.4764409065246582,True,64,0.8305851817131042,0.8814472556114197,0.07409420609474182,26.425647735595703,-3.174394369125366,-1.4250741004943848,3140,956
2011_09_26_drive_0018_sync,0000000095,0,0.43186989426612854,1.0594751834869385,-7.875146865844727,-1.7863507270812988,True,41,0.40973660349845886,0.6576731204986572,0.35613739490509033,1.386167287826538,-7.7392497062683105,-1.8268238306045532,3122,974
2011_09_26_drive_0018_sync,0000000095,1,0.881471574306488,9.867246627807617,-3.557464838027954,-1.6823996305465698,True,98,0.8772024512290955,0.8639566898345947,0.12495765089988708,9.791601181030273,-3.572934150695801,-1.5841505527496338,3122,974
2011_09_26_drive_0018_sync,0000000095,2,0.8337475657463074,27.797880172729492,-3.084766387939453,-1.514545202255249,True,71,0.8515473008155823,0.8194878101348877,0.1252986043691635,27.81562614440918,-3.2052454948425293,-1.4850561618804932,3122,974
2011_09_26_drive_0018_sync,0000000095,3,0.895455539226532,1.7807185649871826,-3.542508125305176,-1.7669384479522705,True,69,0.8781911134719849,0.8175476789474487,0.08660539984703064,1.813901662826538,-3.602315902709961,-1.7138121128082275,3122,974
2011_09_26_drive_0018_sync,0000000095,4,0.6190805435180664,41.76160430908203,-2.2934839725494385,-1.3463581800460815,True,95,0.6230539679527283,0.884117841720581,0.10208713263273239,41.85590744018555,-2.299118757247925,-1.3850486278533936,3122,974
2011_09_26_drive_0018_sync,0000000096,0,0.5559898614883423,42.94253921508789,-2.2337212562561035,-1.3614461421966553,True,61,0.5408007502555847,0.8890121579170227,0.05266768857836723,42.95186996459961,-2.284282922744751,-1.350029468536377,3104,992
2011_09_26_drive_0018_sync,0000000096,1,0.8222043514251709,1.8540098667144775,-7.603484630584717,-1.748504877090454,True,12,0.8111675977706909,0.9317790865898132,0.041820500046014786,1.8152300119400024,-7.614502906799316,-1.759625792503357,3104,992
2011_09_26_drive_0018_sync,0000000096,2,0.8210035562515259,29.076148986816406,-3.1015586853027344,-1.4126064777374268,True,50,0.8224527835845947,0.8210124373435974,0.17376835644245148,29.219736099243164,-3.004251718521118,-1.423072338104248,3104,992
2011_09_26_drive_0018_sync,0000000096,3,0.8995959162712097,10.831436157226562,-3.5348851680755615,-1.5932679176330566,True,76,0.8769460320472717,0.8943540453910828,0.10194511711597443,10.739541053771973,-3.504725217819214,-1.5610425472259521,3104,992
2011_09_26_drive_0018_sync,0000000096,4,0.8256508708000183,2.5257821083068848,-3.5397603511810303,-1.815657377243042,True,43,0.7995157241821289,0.6788284182548523,0.4182935655117035,2.1348397731781006,-3.6854774951934814,-1.7856553792953491,3104,992
2011_09_26_drive_0018_sync,0000000097,0,0.8666796684265137,11.655388832092285,-3.6014163494110107,-1.5933070182800293,True,20,0.8772570490837097,0.9387583136558533,0.045616742223501205,11.636120796203613,-3.570880174636841,-1.6211848258972168,3126,970
2011_09_26_drive_0018_sync,0000000097,1,0.45619505643844604,44.2827262878418,-2.1086649894714355,-1.306343674659729,True,43,0.48584502935409546,0.7951111197471619,0.15358960628509521,44.344573974609375,-1.9700500965118408,-1.2828800678253174,3126,970
2011_09_26_drive_0018_sync,0000000097,2,0.8362767696380615,30.455432891845703,-3.0047006607055664,-1.3558859825134277,True,63,0.8225182890892029,0.9266707897186279,0.07598260045051575,30.529382705688477,-2.99112606048584,-1.36686372756958,3126,970
2011_09_26_drive_0018_sync,0000000097,3,0.9107377529144287,3.3928050994873047,-3.605051040649414,-1.7216087579727173,True,30,0.8963432908058167,0.8210897445678711,0.12101440876722336,3.2877001762390137,-3.661747932434082,-1.7020407915115356,3126,970
2011_09_26_drive_0018_sync,0000000097,4,0.8139057755470276,2.8952865600585938,-7.450576305389404,-1.7266976833343506,True,66,0.8503696322441101,0.8282768130302429,0.10846813023090363,2.9282851219177246,-7.541499137878418,-1.6776113510131836,3126,970
2011_09_26_drive_0018_sync,0000000098,0,0.8940719962120056,12.677728652954102,-3.482469081878662,-1.66353440284729,True,64,0.8904178738594055,0.8483231663703918,0.1614115685224533,12.803529739379883,-3.475322723388672,-1.562654733657837,3115,981
2011_09_26_drive_0018_sync,0000000098,1,0.8748247623443604,3.671985626220703,-7.5373945236206055,-1.7080473899841309,True,67,0.8656747937202454,0.8948547840118408,0.049351856112480164,3.7027885913848877,-7.561922073364258,-1.7377994060516357,3115,981
2011_09_26_drive_0018_sync,0000000098,2,0.9122592806816101,4.11214017868042,-3.551779270172119,-1.6810517311096191,True,49,0.8964207768440247,0.9102242588996887,0.032571010291576385,4.1266350746154785,-3.5802059173583984,-1.6745176315307617,3115,981
2011_09_26_drive_0018_sync,0000000098,3,0.8171073794364929,31.803585052490234,-2.9717824459075928,-1.4113855361938477,True,75,0.7981060743331909,0.8579563498497009,0.08803105354309082,31.82489776611328,-2.919259786605835,-1.478739857673645,3115,981
2011_09_26_drive_0018_sync,0000000099,0,0.5411145091056824,38.33395767211914,-14.88454532623291,-1.5311115980148315,True,82,0.4158557951450348,0.7940068244934082,0.13163641095161438,38.2370491027832,-14.81694221496582,-1.4730883836746216,3140,956
2011_09_26_drive_0018_sync,0000000099,1,0.873755156993866,13.599608421325684,-3.466700315475464,-1.5454397201538086,True,52,0.8951324224472046,0.88626629114151,0.09399400651454926,13.671701431274414,-3.439828872680664,-1.5994341373443604,3140,956
2011_09_26_drive_0018_sync,0000000099,2,0.7949878573417664,4.4625773429870605,-7.591328144073486,-1.698625922203064,True,48,0.8801756501197815,0.7972060441970825,0.15692678093910217,4.6101813316345215,-7.538443565368652,-1.692122220993042,3140,956
2011_09_26_drive_0018_sync,0000000099,3,0.7982191443443298,33.32777404785156,-2.95880126953125,-1.4327385425567627,True,41,0.7832416296005249,0.7929086685180664,0.16048219799995422,33.41364288330078,-2.8234400749206543,-1.4250949621200562,3140,956
2011_09_26_drive_0018_sync,0000000099,4,0.8880059719085693,5.0166850090026855,-3.514294385910034,-1.7135436534881592,True,67,0.867167055606842,0.8506103754043579,0.19622711837291718,5.210853576660156,-3.4892170429229736,-1.7003233432769775,3140,956
2011_09_26_drive_0018_sync,0000000100,0,0.8755713105201721,14.485169410705566,-3.4871985912323,-1.5666166543960571,True,77,0.8576260209083557,0.8088434338569641,0.13687852025032043,14.538212776184082,-3.462495803833008,-1.6903579235076904,3151,945
2011_09_26_drive_0018_sync,0000000100,1,0.8742731213569641,5.897518634796143,-3.5729174613952637,-1.690232515335083,True,88,0.8865824341773987,0.9368236064910889,0.049973685294389725,5.944693088531494,-3.5585505962371826,-1.6983277797698975,3151,945
2011_09_26_drive_0018_sync,0000000100,2,0.8794779181480408,5.55772590637207,-7.51254415512085,-1.637337327003479,True,56,0.8948507905006409,0.9435579776763916,0.043766412883996964,5.526477336883545,-7.543159484863281,-1.6386516094207764,3151,945
2011_09_26_drive_0018_sync,0000000101,0,0.38973283767700195,38.610172271728516,-14.537853240966797,-1.6257013082504272,True,28,0.16952136158943176,0.8199033737182617,0.09406574815511703,38.62412643432617,-14.49727725982666,-1.709410548210144,3155,941
2011_09_26_drive_0018_sync,0000000101,1,0.885895311832428,6.667541027069092,-7.564174175262451,-1.6165661811828613,True,69,0.8896872997283936,0.9002452492713928,0.05213136598467827,6.6445512771606445,-7.532329082489014,-1.6508450508117676,3155,941
2011_09_26_drive_0018_sync,0000000101,2,0.8655321598052979,6.926856517791748,-3.6028683185577393,-1.6511727571487427,True,99,0.8925564885139465,0.8685956597328186,0.09471262246370316,6.9823689460754395,-3.531482696533203,-1.6793320178985596,3155,941
2011_09_26_drive_0018_sync,0000000101,3,0.8616186380386353,15.417872428894043,-3.3973987102508545,-1.54396390914917,True,71,0.8051507472991943,0.7898077368736267,0.2002348154783249,15.601638793945312,-3.4352235794067383,-1.613915205001831,3155,941
2011_09_26_drive_0018_sync,0000000101,4,0.7646204829216003,36.201744079589844,-3.0501110553741455,-1.3820796012878418,True,44,0.7726783752441406,0.7866321802139282,0.17464162409305573,36.33888626098633,-2.952179193496704,-1.4279170036315918,3155,941
2011_09_26_drive_0018_sync,0000000102,0,0.889108419418335,7.796864032745361,-3.5440409183502197,-1.679802656173706,True,5,0.8829684257507324,0.82723069190979,0.11871182173490524,7.831539154052734,-3.647660732269287,-1.6334015130996704,3220,876
2011_09_26_drive_0018_sync,0000000102,1,0.8204653859138489,16.40866470336914,-3.4514496326446533,-1.5916621685028076,True,77,0.8428259491920471,0.873274028301239,0.11619289219379425,16.513246536254883,-3.400829792022705,-1.5906325578689575,3220,876
2011_09_26_drive_0018_sync,0000000102,2,0.6682609915733337,38.95137405395508,-14.293580055236816,-1.5546162128448486,True,93,0.7208531498908997,0.8922786712646484,0.04809277877211571,38.962642669677734,-14.286476135253906,-1.508405089378357,3220,876
2011_09_26_drive_0018_sync,0000000102,3,0.8707977533340454,7.501008033752441,-7.536017417907715,-1.6627542972564697,True,76,0.8899774551391602,0.9061999320983887,0.09115195274353027,7.585299491882324,-7.503337383270264,-1.651107668876648,3220,876
2011_09_26_drive_0018_sync,0000000102,4,0.5473374128341675,37.788482666015625,-3.1974310874938965,-1.4457021951675415,True,62,0.5895716547966003,0.7805401086807251,0.17140544950962067,37.86973571777344,-3.072089195251465,-1.361635684967041,3220,876
2011_09_26_drive_0018_sync,0000000103,0,0.7254031896591187,39.240684509277344,-2.537280559539795,-1.3839470148086548,True,65,0.6806487441062927,0.8117793202400208,0.13271605968475342,39.34873962402344,-2.609584331512451,-1.4105892181396484,3210,886
2011_09_26_drive_0018_sync,0000000103,1,0.8807463645935059,17.447599411010742,-3.358013153076172,-1.5744290351867676,True,67,0.8056318759918213,0.7443574070930481,0.18739548325538635,17.554580688476562,-3.50984525680542,-1.5993103981018066,3210,886
2011_09_26_drive_0018_sync,0000000103,2,0.7923941612243652,39.19715881347656,-14.067712783813477,-1.492903470993042,True,56,0.7979910969734192,0.7956567406654358,0.14956386387348175,39.093353271484375,-14.093826293945312,-1.5973632335662842,3210,886
2011_09_26_drive_0018_sync,0000000103,3,0.9056139588356018,8.460172653198242,-7.483620643615723,-1.6277284622192383,True,38,0.8911826014518738,0.8794611692428589,0.04802366718649864,8.493003845214844,-7.502160549163818,-1.6574716567993164,3210,886
2011_09_26_drive_0018_sync,0000000103,4,0.8830851912498474,8.591752052307129,-3.554063081741333,-1.6114085912704468,True,97,0.9024905562400818,0.8825706243515015,0.08788779377937317,8.660629272460938,-3.5519211292266846,-1.6659576892852783,3210,886
2011_09_26_drive_0018_sync,0000000104,0,0.8991438746452332,9.621777534484863,-3.5072569847106934,-1.6269218921661377,True,33,0.8988897204399109,0.9032357931137085,0.06398306041955948,9.622461318969727,-3.5619912147521973,-1.660050868988037,3253,843
2011_09_26_drive_0018_sync,0000000104,1,0.5577965378761292,40.87854766845703,-2.6443910598754883,-1.393579363822937,True,20,0.5763190984725952,0.7284197211265564,0.2692936062812805,40.63335037231445,-2.6785292625427246,-1.2875986099243164,3253,843
2011_09_26_drive_0018_sync,0000000104,2,0.3003154695034027,39.606346130371094,-13.89026927947998,-1.3272132873535156,True,43,0.10962395370006561,0.5380313396453857,0.4411281645298004,39.67815017700195,-14.322999000549316,-1.3739383220672607,3253,843
2011_09_26_drive_0018_sync,0000000104,3,0.8889913558959961,9.484393119812012,-7.486374855041504,-1.6233868598937988,True,41,0.8666988015174866,0.8922858238220215,0.08075728267431259,9.522957801818848,-7.529157638549805,-1.6799919605255127,3253,843
2011_09_26_drive_0018_sync,0000000104,4,0.8680334091186523,18.613367080688477,-3.4007315635681152,-1.5320689678192139,True,90,0.8895973563194275,0.9047808647155762,0.050730038434267044,18.61347770690918,-3.3847038745880127,-1.580200433731079,3253,843
2011_09_26_drive_0018_sync,0000000105,0,0.7892810702323914,39.852020263671875,-13.786317825317383,-1.6468172073364258,True,17,0.8199305534362793,0.7727646827697754,0.17277134954929352,39.83725357055664,-13.631860733032227,-1.5708245038986206,3209,887
2011_09_26_drive_0018_sync,0000000105,1,0.886864960193634,10.620576858520508,-3.4863321781158447,-1.671443223953247,True,26,0.9064086079597473,0.857131838798523,0.07642892748117447,10.579145431518555,-3.549520492553711,-1.6599516868591309,3209,887
2011_09_26_drive_0018_sync,0000000105,2,0.9097477793693542,10.443233489990234,-7.460638046264648,-1.6335630416870117,True,79,0.8655661940574646,0.8713594079017639,0.05778945982456207,10.490777969360352,-7.4746270179748535,-1.6632859706878662,3209,887
2011_09_26_drive_0018_sync,0000000105,3,0.38189685344696045,42.31917953491211,-2.334311008453369,-1.3636748790740967,True,43,0.41534894704818726,0.8347316384315491,0.12072432786226273,42.40107345581055,-2.421273708343506,-1.38114595413208,3209,887
2011_09_26_drive_0018_sync,0000000105,4,0.86866694688797,19.491188049316406,-3.3906352519989014,-1.5144790410995483,True,8,0.8302655816078186,0.8399001955986023,0.2061614841222763,19.689626693725586,-3.39624285697937,-1.5700957775115967,3209,887
2011_09_26_drive_0018_sync,0000000106,0,0.8111297488212585,39.91072463989258,-13.537582397460938,-1.581751823425293,True,80,0.6135784983634949,0.9122045636177063,0.0647607073187828,39.95706558227539,-13.518815040588379,-1.540590524673462,3231,865
2011_09_26_drive_0018_sync,0000000106,1,0.901820182800293,11.474553108215332,-3.5121662616729736,-1.632077932357788,True,38,0.8843809366226196,0.8802027106285095,0.08537548780441284,11.548190116882324,-3.5212223529815674,-1.5898339748382568,3231,865
2011_09_26_drive_0018_sync,0000000106,2,0.8892621994018555,11.416285514831543,-7.478001117706299,-1.6056809425354004,True,27,0.9017559289932251,0.9204378724098206,0.043020375072956085,11.38867473602295,-7.459120750427246,-1.6327351331710815,3231,865
2011_09_26_drive_0018_sync,0000000106,3,0.8322436213493347,20.750438690185547,-3.2742085456848145,-1.582956075668335,True,49,0.8510595560073853,0.9017737507820129,0.03470141440629959,20.716968536376953,-3.2819159030914307,-1.5780029296875,3231,865
2011_09_26_drive_0018_sync,0000000107,0,0.36511293053627014,45.62662124633789,-2.4341084957122803,-1.1761810779571533,True,95,0.3690873980522156,0.7320383191108704,0.19775742292404175,45.69328308105469,-2.617596387863159,-1.2077467441558838,3285,811
2011_09_26_drive_0018_sync,0000000107,1,0.8906880021095276,12.453496932983398,-7.445987701416016,-1.6461715698242188,True,43,0.8854026198387146,0.9268351793289185,0.04937814921140671,12.488160133361816,-7.473098278045654,-1.6237733364105225,3285,811
2011_09_26_drive_0018_sync,0000000107,2,0.8823449015617371,21.73383331298828,-3.2807016372680664,-1.592850685119629,True,91,0.863412082195282,0.8424549698829651,0.1359197497367859,21.817068099975586,-3.2505760192871094,-1.489707112312317,3285,811
2011_09_26_drive_0018_sync,0000000107,3,0.6477816700935364,40.07718276977539,-13.50318431854248,-1.431164264678955,True,97,0.6559786796569824,0.9156995415687561,0.06108121573925018,40.04703140258789,-13.555397033691406,-1.421384572982788,3285,811
2011_09_26_drive_0018_sync,0000000107,4,0.8985257744789124,12.585083961486816,-3.55997371673584,-1.6542361974716187,True,41,0.8816763162612915,0.8899337649345398,0.09236530214548111,12.6522855758667,-3.526611328125,-1.6003637313842773,3285,811
2011_09_26_drive_0018_sync,0000000108,0,0.34130436182022095,47.381858825683594,-2.541868209838867,-1.2363324165344238,True,90,0.4990577697753906,0.7177156209945679,0.28957101702690125,47.1581916809082,-2.358639717102051,-1.2204673290252686,3264,832
2011_09_26_drive_0018_sync,0000000108,1,0.5986099243164062,40.327388763427734,-13.389957427978516,-1.514215350151062,True,91,0.5516794323921204,0.8541472554206848,0.08679857105016708,40.32307434082031,-13.328620910644531,-1.5754787921905518,3264,832
2011_09_26_drive_0018_sync,0000000108,2,0.8987005949020386,13.296307563781738,-7.426634788513184,-1.6162331104278564,True,65,0.8978379964828491,0.9151273965835571,0.03321642428636551,13.309090614318848,-7.442426681518555,-1.642511248588562,3264,832
2011_09_26_drive_0018_sync,0000000108,3,0.8681076169013977,13.552623748779297,-3.46589994430542,-1.6108806133270264,True,51,0.8627986907958984,0.8820339441299438,0.074068583548069,13.489873886108398,-3.5032033920288086,-1.6234130859375,3264,832
2011_09_26_drive_0018_sync,0000000108,4,0.8566906452178955,22.908496856689453,-3.2500007152557373,-1.5363746881484985,True,35,0.7975764870643616,0.8224881291389465,0.10560158640146255,22.884105682373047,-3.2668683528900146,-1.4350225925445557,3264,832
2011_09_26_drive_0018_sync,0000000109,0,0.8094392418861389,24.06878089904785,-3.1879067420959473,-1.4352362155914307,True,70,0.7523259520530701,0.8180995583534241,0.12366101145744324,24.091890335083008,-3.13657283782959,-1.5453399419784546,3287,809
2011_09_26_drive_0018_sync,0000000109,1,0.869395911693573,14.337417602539062,-7.388823986053467,-1.5348989963531494,True,86,0.8778395056724548,0.8014360070228577,0.18465273082256317,14.505074501037598,-7.398162841796875,-1.611714243888855,3287,809
2011_09_26_drive_0018_sync,0000000109,2,0.629099428653717,40.488224029541016,-13.30720329284668,-1.5935654640197754,False,,,0.0,,,,,3287,809
2011_09_26_drive_0018_sync,0000000109,3,0.8664155602455139,14.63128662109375,-3.478498697280884,-1.590675711631775,True,73,0.870211124420166,0.9422347545623779,0.023760473355650902,14.62929916381836,-3.458843469619751,-1.5774741172790527,3287,809
2011_09_26_drive_0018_sync,0000000110,0,0.7397471070289612,40.62416458129883,-13.089799880981445,-1.5400233268737793,True,83,0.7740476131439209,0.8955837488174438,0.08788976073265076,40.55809020996094,-13.132696151733398,-1.578993797302246,3305,791
2011_09_26_drive_0018_sync,0000000110,1,0.8589425086975098,15.408172607421875,-7.389866352081299,-1.6471712589263916,True,84,0.8661463260650635,0.8582107424736023,0.15577420592308044,15.258787155151367,-7.412475109100342,-1.6092445850372314,3305,791
2011_09_26_drive_0018_sync,0000000110,2,0.8328045010566711,25.221752166748047,-3.2341175079345703,-1.4864389896392822,True,77,0.7917687892913818,0.8397601842880249,0.13753266632556915,25.114974975585938,-3.3207547664642334,-1.489241361618042,3305,791
2011_09_26_drive_0018_sync,0000000110,3,0.8968695402145386,15.694146156311035,-3.4834961891174316,-1.5794363021850586,True,17,0.8925144076347351,0.9160318970680237,0.03488358482718468,15.707063674926758,-3.473022699356079,-1.548771858215332,3305,791
2011_09_26_drive_0018_sync,0000000110,4,0.3750080168247223,50.248287200927734,-2.705035924911499,-1.1141024827957153,True,74,0.20537708699703217,0.584912896156311,0.122581347823143,50.144351959228516,-2.667973756790161,-1.1674883365631104,3305,791
2011_09_26_drive_0018_sync,0000000111,0,0.8461349606513977,16.60540199279785,-7.418583393096924,-1.6618847846984863,True,44,0.8877959251403809,0.8557145595550537,0.16562747955322266,16.443359375,-7.384310245513916,-1.6619261503219604,3335,761
2011_09_26_drive_0018_sync,0000000111,1,0.6631389260292053,26.412721633911133,-3.1783087253570557,-1.5735223293304443,True,89,0.8164743781089783,0.809555172920227,0.17494504153728485,26.38995933532715,-3.1178300380706787,-1.4109493494033813,3335,761
2011_09_26_drive_0018_sync,0000000111,2,0.8511587381362915,16.81184959411621,-3.4547369480133057,-1.6326138973236084,True,94,0.8725913166999817,0.9184832572937012,0.06464902311563492,16.858808517456055,-3.4112768173217773,-1.6418644189834595,3335,761
2011_09_26_drive_0018_sync,0000000111,3,0.6634085774421692,40.78623962402344,-13.10478687286377,-1.521256446838379,True,54,0.7283119559288025,0.7679144144058228,0.14918069541454315,40.703102111816406,-12.987756729125977,-1.4806734323501587,3335,761
2011_09_26_drive_0018_sync,0000000112,0,0.8844664692878723,17.8941650390625,-3.428232431411743,-1.5859999656677246,True,61,0.8792752623558044,0.8517069816589355,0.13286568224430084,17.77206802368164,-3.4138898849487305,-1.636397361755371,3274,822
2011_09_26_drive_0018_sync,0000000112,1,0.8429705500602722,27.40498924255371,-3.1598269939422607,-1.3909428119659424,True,16,0.6435416340827942,0.8483901619911194,0.12739981710910797,27.489776611328125,-3.1571600437164307,-1.4859938621520996,3274,822
2011_09_26_drive_0018_sync,0000000112,2,0.8965805768966675,17.44317054748535,-7.382989406585693,-1.5671521425247192,True,98,0.8864935040473938,0.8660944700241089,0.08517174422740936,17.498048782348633,-7.363831996917725,-1.629406452178955,3274,822
2011_09_26_drive_0018_sync,0000000112,3,0.7572887539863586,40.886810302734375,-12.97897720336914,-1.527623176574707,True,95,0.7703987956047058,0.9033302664756775,0.04854906350374222,40.86872863769531,-12.93722915649414,-1.5106772184371948,3274,822
2011_09_26_drive_0018_sync,0000000113,0,0.5042269229888916,41.17517852783203,-12.873556137084961,-1.3211079835891724,True,47,0.6865044832229614,0.611569344997406,0.33808571100234985,40.86301803588867,-12.933937072753906,-1.4360511302947998,3358,738
2011_09_26_drive_0018_sync,0000000113,1,0.8763492703437805,18.97601890563965,-3.4525368213653564,-1.586794376373291,True,19,0.8755255341529846,0.9008817076683044,0.05685007572174072,18.988811492919922,-3.40022611618042,-1.5685770511627197,3358,738
2011_09_26_drive_0018_sync,0000000113,2,0.8086191415786743,28.492244720458984,-3.0235519409179688,-1.3510663509368896,True,78,0.7569649815559387,0.881446123123169,0.08252885192632675,28.49942970275879,-3.1054773330688477,-1.3579668998718262,3358,738
2011_09_26_drive_0018_sync,0000000113,3,0.8761484622955322,18.63735008239746,-7.363327503204346,-1.5634031295776367,True,54,0.8694601655006409,0.8970304727554321,0.03831414133310318,18.62771987915039,-7.3288445472717285,-1.5497591495513916,3358,738
2011_09_26_drive_0018_sync,0000000114,0,0.7683871984481812,29.509723663330078,-3.2269036769866943,-1.3095815181732178,True,81,0.763872504234314,0.5657126903533936,0.38560113310813904,29.799564361572266,-3.007915496826172,-1.1802572011947632,3300,796
2011_09_26_drive_0018_sync,0000000114,1,0.5923239588737488,41.35031509399414,-12.678122520446777,-1.4665850400924683,True,51,0.5452338457107544,0.7980484366416931,0.1603209227323532,41.29684066772461,-12.828869819641113,-1.4556976556777954,3300,796
2011_09_26_drive_0018_sync,0000000114,2,0.8977928161621094,20.004169464111328,-3.352592706680298,-1.6214138269424438,True,76,0.8563740849494934,0.8613674640655518,0.15720915794372559,20.159961700439453,-3.3386881351470947,-1.6055973768234253,3300,796
2011_09_26_drive_0018_sync,0000000114,3,0.3589555621147156,-1.2210228443145752,-7.160067558288574,-1.7672019004821777,True,39,0.35075587034225464,0.7076938152313232,0.3061293065547943,-1.493999719619751,-7.291370391845703,-1.7229485511779785,3300,796
2011_09_26_drive_0018_sync,0000000114,4,0.8673628568649292,19.67380142211914,-7.317709922790527,-1.5114442110061646,True,82,0.8582896590232849,0.8554792404174805,0.11594138294458389,19.5789794921875,-7.321937561035156,-1.5780274868011475,3300,796
2011_09_26_drive_0018_sync,0000000115,0,0.8569338917732239,21.188629150390625,-3.365464448928833,-1.5547592639923096,True,62,0.8794207572937012,0.853141188621521,0.12869100272655487,21.066102981567383,-3.382674217224121,-1.519368052482605,3256,840
2011_09_26_drive_0018_sync,0000000115,1,0.344880074262619,30.739826202392578,-2.979578971862793,-1.31143319606781,True,76,0.4849737286567688,0.8524264097213745,0.1190791055560112,30.833019256591797,-3.0277390480041504,-1.3677847385406494,3256,840
2011_09_26_drive_0018_sync,0000000115,2,0.8187615871429443,20.692163467407227,-7.331550121307373,-1.5118588209152222,True,90,0.8775413036346436,0.9020403623580933,0.09958593547344208,20.601144790649414,-7.295650482177734,-1.4933068752288818,3256,840
2011_09_26_drive_0018_sync,0000000115,3,0.6463040709495544,-0.9651584625244141,-6.919138431549072,-1.719977617263794,True,47,0.5701133012771606,0.6131675243377686,0.32741352915763855,-0.7505893707275391,-7.1475114822387695,-1.6250804662704468,3256,840
2011_09_26_drive_0018_sync,0000000116,0,0.8410825133323669,21.889387130737305,-7.31843376159668,-1.494311809539795,True,54,0.8563252091407776,0.8318639993667603,0.1209065169095993,21.977338790893555,-7.241265773773193,-1.4638488292694092,3210,886
2011_09_26_drive_0018_sync,0000000116,1,0.7379285097122192,32.097389221191406,-2.9099795818328857,-1.3300707340240479,True,51,0.6973435282707214,0.8352668285369873,0.1263798326253891,32.038570404052734,-3.0141196250915527,-1.3709003925323486,3210,886
2011_09_26_drive_0018_sync,0000000116,2,0.8971152305603027,22.315223693847656,-3.3600399494171143,-1.568407416343689,True,62,0.9038026332855225,0.8982841968536377,0.08603108674287796,22.356788635253906,-3.344914436340332,-1.4946177005767822,3210,886
2011_09_26_drive_0018_sync,0000000116,3,0.7241941690444946,-0.06209057569503784,-7.068737030029297,-1.7694458961486816,True,94,0.40585440397262573,0.7786501049995422,0.09442440420389175,-0.13505606353282928,-7.068600177764893,-1.709512710571289,3210,886
2011_09_26_drive_0018_sync,0000000117,0,0.3419972062110901,0.7500539422035217,-7.111227035522461,-1.652667760848999,True,72,0.5697970390319824,0.8402037620544434,0.07391440123319626,0.7705049514770508,-7.055224895477295,-1.6963582038879395,3170,926
2011_09_26_drive_0018_sync,0000000117,1,0.7979539036750793,33.04377365112305,-3.0469729900360107,-1.343227744102478,True,47,0.8134930729866028,0.8286464214324951,0.11786113679409027,33.137901306152344,-2.9765572547912598,-1.351763367652893,3170,926
2011_09_26_drive_0018_sync,0000000117,2,0.88649582862854,22.86304473876953,-7.291132926940918,-1.4756994247436523,True,76,0.8465441465377808,0.728545606136322,0.23786459863185883,22.646146774291992,-7.242217063903809,-1.5602102279663086,3170,926
2011_09_26_drive_0018_sync,0000000117,3,0.8698649406433105,23.622560501098633,-3.443716049194336,-1.5153226852416992,True,48,0.8266059756278992,0.865818202495575,0.06899411231279373,23.645021438598633,-3.3969156742095947,-1.5607695579528809,3170,926
2011_09_26_drive_0018_sync,0000000118,0,0.8336650729179382,23.999305725097656,-7.267838954925537,-1.4507578611373901,True,88,0.8367980718612671,0.9508915543556213,0.039851292967796326,24.031898498535156,-7.263952255249023,-1.4281585216522217,3166,930
2011_09_26_drive_0018_sync,0000000118,1,0.7458553314208984,34.157447814941406,-2.9026637077331543,-1.4221506118774414,True,86,0.7077671885490417,0.6478719711303711,0.24645200371742249,34.229644775390625,-3.1382460594177246,-1.4169403314590454,3166,930
2011_09_26_drive_0018_sync,0000000118,2,0.8460339903831482,24.720815658569336,-3.2408530712127686,-1.4625928401947021,True,61,0.8801367282867432,0.9064784646034241,0.045988764613866806,24.677902221679688,-3.256685972213745,-1.4673596620559692,3166,930
2011_09_26_drive_0018_sync,0000000119,0,0.8225036859512329,25.967506408691406,-3.3562536239624023,-1.50441575050354,True,96,0.8109954595565796,0.7981314063072205,0.1525035798549652,25.838205337524414,-3.2832260131835938,-1.4696948528289795,3217,879
2011_09_26_drive_0018_sync,0000000119,1,0.37556546926498413,35.395103454589844,-2.891425609588623,-1.337005615234375,True,38,0.7191154360771179,0.7664336562156677,0.1542748659849167,35.44990921020508,-2.7658112049102783,-1.266167163848877,3217,879
2011_09_26_drive_0018_sync,0000000119,2,0.4298643171787262,2.5469930171966553,-7.145976543426514,-1.7366496324539185,True,42,0.3654119670391083,0.8907938599586487,0.08784880489110947,2.579434633255005,-7.0923004150390625,-1.6751368045806885,3217,879
2011_09_26_drive_0018_sync,0000000119,3,0.8582594990730286,25.04650115966797,-7.174709796905518,-1.4224611520767212,True,87,0.7821912169456482,0.8543378114700317,0.061839718371629715,25.038164138793945,-7.2124481201171875,-1.470736026763916,3217,879
2011_09_26_drive_0018_sync,0000000120,0,0.8632505536079407,26.104875564575195,-7.200031757354736,-1.4654932022094727,True,61,0.8644962906837463,0.9297371506690979,0.044458989053964615,26.080963134765625,-7.1814093589782715,-1.4980201721191406,3139,957
2011_09_26_drive_0018_sync,0000000120,1,0.3276016414165497,3.4221107959747314,-7.065802097320557,-1.7395744323730469,True,80,0.5013132095336914,0.8638500571250916,0.10401052236557007,3.3670356273651123,-7.130143642425537,-1.6791999340057373,3139,957
2011_09_26_drive_0018_sync,0000000120,2,0.8358032703399658,27.094234466552734,-3.178133964538574,-1.4853320121765137,True,35,0.8581415414810181,0.8051537871360779,0.12458975613117218,27.125389099121094,-3.1968629360198975,-1.3661631345748901,3139,957
2011_09_26_drive_0018_sync,0000000121,0,0.3593110740184784,41.32248306274414,-12.549125671386719,-1.5072014331817627,True,98,0.18978700041770935,0.6628347039222717,0.23006290197372437,41.48311996459961,-12.589226722717285,-1.666940689086914,3167,929
2011_09_26_drive_0018_sync,0000000121,1,0.7168248295783997,28.411407470703125,-3.1991991996765137,-1.4652643203735352,True,73,0.6206375360488892,0.8718574643135071,0.06835412979125977,28.405393600463867,-3.2305617332458496,-1.4048283100128174,3167,929
2011_09_26_drive_0018_sync,0000000121,2,0.8542233109474182,27.264663696289062,-7.228382587432861,-1.5127629041671753,True,84,0.8689835071563721,0.8884511590003967,0.0796484425663948,27.31427764892578,-7.195195198059082,-1.5654973983764648,3167,929
2011_09_26_drive_0018_sync,0000000122,0,0.5312392711639404,41.46147537231445,-12.612981796264648,-1.4182724952697754,True,62,0.42238515615463257,0.8259382247924805,0.156551331281662,41.37397384643555,-12.737119674682617,-1.4562407732009888,3169,927
2011_09_26_drive_0018_sync,0000000122,1,0.8443405032157898,29.579727172851562,-3.0970048904418945,-1.5082465410232544,True,78,0.8437206149101257,0.8812993168830872,0.12676694989204407,29.702896118164062,-3.085256576538086,-1.5358372926712036,3169,927
2011_09_26_drive_0018_sync,0000000122,2,0.7459859848022461,28.443944931030273,-7.20719051361084,-1.4680407047271729,True,37,0.7667113542556763,0.7950779795646667,0.12284038215875626,28.36998748779297,-7.132291316986084,-1.5313665866851807,3169,927
2011_09_26_drive_0018_sync,0000000122,3,0.7461726665496826,39.13447952270508,-2.568901300430298,-1.367261290550232,True,30,0.6063080430030823,0.8669911026954651,0.10348595678806305,39.19337844848633,-2.491121292114258,-1.3327572345733643,3169,927
2011_09_26_drive_0018_sync,0000000123,0,0.6282113790512085,6.188267707824707,-7.050433158874512,-1.7727479934692383,True,62,0.17599783837795258,0.8691357374191284,0.04973495006561279,6.213129997253418,-7.055484294891357,-1.7299704551696777,3206,890
2011_09_26_drive_0018_sync,0000000123,1,0.5180396437644958,41.19103240966797,-12.684661865234375,-1.443902850151062,True,16,0.39408808946609497,0.8221893310546875,0.12641149759292603,41.29201889038086,-12.631965637207031,-1.498718023300171,3206,890
2011_09_26_drive_0018_sync,0000000123,2,0.8372334837913513,30.79536247253418,-3.0705368518829346,-1.4041751623153687,True,98,0.8104509115219116,0.7428741455078125,0.11828180402517319,30.807077407836914,-3.006119728088379,-1.5026829242706299,3206,890
2011_09_26_drive_0018_sync,0000000123,3,0.8480530381202698,29.599931716918945,-7.049041748046875,-1.5005310773849487,True,84,0.8625323176383972,0.8986848592758179,0.09429208934307098,29.51988983154297,-7.093658924102783,-1.47831392288208,3206,890
2011_09_26_drive_0018_sync,0000000123,4,0.6611294746398926,40.28582000732422,-2.7776119709014893,-1.2985470294952393,True,61,0.6805644035339355,0.8618131279945374,0.10486837476491928,40.19335174560547,-2.800898551940918,-1.254903793334961,3206,890
2011_09_26_drive_0018_sync,0000000124,0,0.6736466288566589,41.38795471191406,-12.596981048583984,-1.402259111404419,True,77,0.6305959224700928,0.9071539640426636,0.06134115159511566,41.364044189453125,-12.626144409179688,-1.4506380558013916,3227,869
2011_09_26_drive_0018_sync,0000000124,1,0.784050703048706,31.87213706970215,-3.0631439685821533,-1.481337070465088,True,78,0.8421067595481873,0.8749937415122986,0.08934319764375687,31.80487060546875,-3.0136709213256836,-1.449558973312378,3227,869
2011_09_26_drive_0018_sync,0000000124,2,0.7551329135894775,30.041603088378906,-7.11942720413208,-1.4118316173553467,True,57,0.7590662240982056,0.6663594841957092,0.48830029368400574,30.5195255279541,-7.022421836853027,-1.4366767406463623,3227,869
2011_09_26_drive_0018_sync,0000000124,3,0.6948233842849731,41.626678466796875,-2.6013588905334473,-1.237572193145752,True,48,0.5449861884117126,0.7049441337585449,0.2061299979686737,41.72563552856445,-2.4486334323883057,-1.1407630443572998,3227,869
2011_09_26_drive_0018_sync,0000000125,0,0.7856015563011169,41.445213317871094,-12.55323600769043,-1.456070899963379,True,61,0.5744067430496216,0.855938732624054,0.07202120125293732,41.474281311035156,-12.561591148376465,-1.390708088874817,3247,849
2011_09_26_drive_0018_sync,0000000125,1,0.7146763801574707,31.845972061157227,-7.2439751625061035,-1.4360558986663818,True,85,0.6536254286766052,0.8024667501449585,0.10232344269752502,31.814870834350586,-7.192875862121582,-1.3530398607254028,3247,849
2011_09_26_drive_0018_sync,0000000125,2,0.5848905444145203,33.310272216796875,-3.0163280963897705,-1.4777376651763916,True,43,0.683695375919342,0.8325653076171875,0.13058175146579742,33.30835723876953,-3.14685320854187,-1.474402904510498,3247,849
2011_09_26_drive_0018_sync,0000000126,0,0.7793834805488586,32.9385871887207,-6.98389196395874,-1.4424434900283813,True,80,0.08211996406316757,0.612765371799469,0.3474131226539612,32.82471466064453,-7.309309959411621,-1.485245943069458,3226,870
2011_09_26_drive_0018_sync,0000000126,1,0.5412935018539429,41.39532470703125,-12.608742713928223,-1.4631191492080688,True,64,0.10232006013393402,0.7129443883895874,0.2376108020544052,41.36693572998047,-12.84316635131836,-1.4366897344589233,3226,870
2011_09_26_drive_0018_sync,0000000126,2,0.43563416600227356,43.88990020751953,-2.534844398498535,-1.2594571113586426,False,,,0.0,,,,,3226,870
2011_09_26_drive_0018_sync,0000000126,3,0.5732486844062805,34.544368743896484,-3.1859662532806396,-1.4835731983184814,True,29,0.5128718614578247,0.8627922534942627,0.09448321163654327,34.486572265625,-3.249438524246216,-1.4441027641296387,3226,870
2011_09_26_drive_0018_sync,0000000127,0,0.8393315672874451,35.70000076293945,-2.9736647605895996,-1.3854029178619385,True,70,0.8357768058776855,0.9054998755455017,0.06015132740139961,35.74883270263672,-2.9670770168304443,-1.3509032726287842,3287,809
2011_09_26_drive_0018_sync,0000000127,1,0.7464784383773804,33.994571685791016,-7.002439498901367,-1.4609254598617554,True,80,0.7056010961532593,0.8361549973487854,0.16739121079444885,34.13969039916992,-6.965353012084961,-1.386192798614502,3287,809
2011_09_26_drive_0018_sync,0000000127,2,0.5038761496543884,40.95655822753906,-13.281815528869629,-1.481136679649353,True,58,0.4239790141582489,0.6933501958847046,0.29214099049568176,40.99728012084961,-12.992544174194336,-1.4779484272003174,3287,809
2011_09_26_drive_0018_sync,0000000128,0,0.8091632127761841,41.41560745239258,-12.612311363220215,-1.559216022491455,True,27,0.7694748044013977,0.9027822017669678,0.047090496867895126,41.42204284667969,-12.589555740356445,-1.5184940099716187,3301,795
2011_09_26_drive_0018_sync,0000000128,1,0.7884981632232666,36.89168930053711,-3.218928575515747,-1.3716278076171875,True,56,0.7476774454116821,0.8482165336608887,0.0988621860742569,36.965065002441406,-3.1632001399993896,-1.4074618816375732,3301,795
2011_09_26_drive_0018_sync,0000000128,2,0.4121454060077667,45.7247428894043,-3.6534101963043213,-1.2072515487670898,True,9,0.37418752908706665,0.825762927532196,0.12281271070241928,45.82176208496094,-3.7218000888824463,-1.2387644052505493,3301,795
2011_09_26_drive_0018_sync,0000000128,3,0.7610023021697998,35.17116928100586,-6.930933475494385,-1.4263994693756104,True,88,0.7970893383026123,0.7809188961982727,0.16014157235622406,35.15664291381836,-6.773349761962891,-1.4509286880493164,3301,795
2011_09_26_drive_0018_sync,0000000129,0,0.684704601764679,41.327720642089844,-12.643110275268555,-1.4479238986968994,True,27,0.709745466709137,0.9508367776870728,0.029348403215408325,41.29897689819336,-12.642765998840332,-1.4420071840286255,3273,823
2011_09_26_drive_0018_sync,0000000129,1,0.6592398881912231,38.02816390991211,-2.737954616546631,-1.469102144241333,True,29,0.7547890543937683,0.7205170392990112,0.24805139005184174,38.25592803955078,-2.8215737342834473,-1.4175188541412354,3273,823
2011_09_26_drive_0018_sync,0000000129,2,0.8107450008392334,36.407470703125,-7.006714820861816,-1.4474656581878662,True,54,0.7999221086502075,0.8578318357467651,0.08172888308763504,36.38957214355469,-6.928654193878174,-1.4311625957489014,3273,823
2011_09_26_drive_0018_sync,0000000130,0,0.6252377033233643,13.124309539794922,-6.988062381744385,-1.6247949600219727,True,66,0.8828160166740417,0.8991358876228333,0.09355514496564865,13.035880088806152,-7.016301155090332,-1.6131601333618164,3312,784
2011_09_26_drive_0018_sync,0000000130,1,0.5705817937850952,37.44330596923828,-7.14860725402832,-1.3434321880340576,True,78,0.6445859670639038,0.8302022218704224,0.12413716316223145,37.355934143066406,-7.213302135467529,-1.4033552408218384,3312,784
2011_09_26_drive_0018_sync,0000000130,2,0.790340781211853,39.33539581298828,-2.8425445556640625,-1.4213035106658936,True,7,0.7966554760932922,0.7936187982559204,0.14005738496780396,39.37095642089844,-2.976729393005371,-1.402703881263733,3312,784
2011_09_26_drive_0018_sync,0000000131,0,0.7338132858276367,41.279396057128906,-12.832846641540527,-1.459373950958252,True,58,0.7094823122024536,0.8723201155662537,0.09045087546110153,41.273048400878906,-12.742703437805176,-1.4632818698883057,3323,773
2011_09_26_drive_0018_sync,0000000131,1,0.872209370136261,14.102782249450684,-6.997281074523926,-1.5457544326782227,True,83,0.8328303694725037,0.8591817021369934,0.07769634574651718,14.06053638458252,-7.004884719848633,-1.6105170249938965,3323,773
2011_09_26_drive_0018_sync,0000000131,2,0.5090399384498596,38.389564514160156,-6.762959957122803,-1.3658102750778198,True,33,0.39501112699508667,0.7796517014503479,0.14239631593227386,38.38093566894531,-6.895944118499756,-1.4159846305847168,3323,773
2011_09_26_drive_0018_sync,0000000132,0,0.7437698841094971,39.97254943847656,-6.787534713745117,-1.4063920974731445,True,61,0.6890361905097961,0.871867299079895,0.07942644506692886,39.90445327758789,-6.826447486877441,-1.4189327955245972,3298,798
2011_09_26_drive_0018_sync,0000000132,1,0.6719847917556763,41.39787673950195,-12.583688735961914,-1.4821252822875977,True,95,0.6564452052116394,0.8093281388282776,0.1448390632867813,41.345306396484375,-12.71021842956543,-1.529082179069519,3298,798
2011_09_26_drive_0018_sync,0000000132,2,0.7630225419998169,15.160526275634766,-7.043152809143066,-1.5724316835403442,True,36,0.47448113560676575,0.7882367372512817,0.1706647276878357,15.121098518371582,-6.955761909484863,-1.7136220932006836,3298,798
2011_09_26_drive_0018_sync,0000000132,3,0.4492124617099762,41.91229248046875,-2.508744955062866,-1.3537534475326538,True,66,0.4024137556552887,0.7561540007591248,0.17175960540771484,41.88090896606445,-2.3547425270080566,-1.4230332374572754,3298,798
2011_09_26_drive_0018_sync,0000000133,0,0.6948364973068237,40.967567443847656,-6.770356178283691,-1.363459825515747,True,49,0.7301561236381531,0.7873873114585876,0.23658715188503265,41.20307540893555,-6.749186038970947,-1.3556305170059204,3300,796
2011_09_26_drive_0018_sync,0000000133,1,0.7064591646194458,41.28213119506836,-12.85993766784668,-1.4426865577697754,True,13,0.7472561001777649,0.8104469776153564,0.14624495804309845,41.34127426147461,-12.731317520141602,-1.479381799697876,3300,796
2011_09_26_drive_0018_sync,0000000133,2,0.7965044379234314,16.31169891357422,-7.008025646209717,-1.6056091785430908,True,41,0.8330842852592468,0.8839409947395325,0.05099935457110405,16.288293838500977,-6.972214221954346,-1.5778480768203735,3300,796
2011_09_26_drive_0018_sync,0000000134,0,0.3884342908859253,42.4288215637207,-6.2730937004089355,-1.4348406791687012,True,39,0.5411999821662903,0.6479705572128296,0.32632675766944885,42.37346267700195,-6.594549179077148,-1.4253052473068237,3368,728
2011_09_26_drive_0018_sync,0000000134,1,0.7709395885467529,17.328083038330078,-6.970822811126709,-1.5620570182800293,True,34,0.1543990671634674,0.7796798944473267,0.26350119709968567,17.55423927307129,-6.897439956665039,-1.6756404638290405,3368,728
2011_09_26_drive_0018_sync,0000000134,2,0.6968879103660583,44.353118896484375,-2.528602123260498,-1.3698694705963135,True,61,0.5609535574913025,0.8010365962982178,0.1622178703546524,44.48067855834961,-2.62865948677063,-1.3642396926879883,3368,728
2011_09_26_drive_0018_sync,0000000135,0,0.6646760702133179,43.530517578125,-6.716611385345459,-1.2926768064498901,True,12,0.6017823815345764,0.8699489831924438,0.1033758819103241,43.42818832397461,-6.716691970825195,-1.3073495626449585,3351,745
2011_09_26_drive_0018_sync,0000000135,1,0.4656626880168915,41.04084014892578,-12.9779691696167,-1.3941922187805176,True,92,0.4286211431026459,0.8845232725143433,0.14902263879776,41.13926696777344,-12.866591453552246,-1.404911994934082,3351,745
2011_09_26_drive_0018_sync,0000000136,0,0.41959425806999207,47.15988540649414,-2.7628517150878906,-1.3032702207565308,True,90,0.39678794145584106,0.7586880922317505,0.1631505787372589,47.07283401489258,-2.6313562393188477,-1.2614479064941406,3333,763
2011_09_26_drive_0018_sync,0000000136,1,0.5037782788276672,44.59939193725586,-6.608553409576416,-1.2701060771942139,True,50,0.32583093643188477,0.6891245245933533,0.2322046458721161,44.65428924560547,-6.383608341217041,-1.2526419162750244,3333,763
2011_09_26_drive_0018_sync,0000000136,2,0.8571949005126953,19.521154403686523,-6.854430198669434,-1.4698286056518555,True,31,0.8730066418647766,0.8549039959907532,0.0911022275686264,19.496774673461914,-6.8549723625183105,-1.5576064586639404,3333,763
2011_09_26_drive_0018_sync,0000000137,0,0.4257449507713318,48.37457275390625,-2.0294759273529053,-1.1714017391204834,True,54,0.1234784722328186,0.9024989604949951,0.026410412043333054,48.389373779296875,-2.042304515838623,-1.153685450553894,3341,755
2011_09_26_drive_0018_sync,0000000137,1,0.47183164954185486,45.709163665771484,-6.418963432312012,-1.2354087829589844,True,90,0.39358365535736084,0.7457582354545593,0.2513781785964966,45.94502258300781,-6.502154350280762,-1.2100942134857178,3341,755
2011_09_26_drive_0018_sync,0000000137,2,0.7801108360290527,20.752084732055664,-6.905264377593994,-1.470120906829834,True,71,0.6819489598274231,0.883513331413269,0.09834475815296173,20.782527923583984,-6.960313320159912,-1.54571533203125,3341,755
2011_09_26_drive_0018_sync,0000000138,0,0.43258050084114075,46.88883590698242,-6.63142728805542,-1.2637755870819092,True,0,0.1909445822238922,0.731019914150238,0.19563786685466766,47.005550384521484,-6.590896129608154,-1.4154632091522217,3362,734
2011_09_26_drive_0018_sync,0000000138,1,0.7482534646987915,21.683975219726562,-6.924365043640137,-1.473559856414795,True,88,0.825255811214447,0.8358416557312012,0.1477307677268982,21.587841033935547,-6.898044586181641,-1.3645193576812744,3362,734
2011_09_26_drive_0018_sync,0000000140,0,0.3950708508491516,52.12520217895508,-2.3361895084381104,-1.278212308883667,True,51,0.3099370002746582,0.773868978023529,0.1397746503353119,52.21616744995117,-2.4132039546966553,-1.2051982879638672,3350,746
2011_09_26_drive_0018_sync,0000000140,1,0.3550938069820404,24.10722541809082,-6.836299896240234,-1.5240617990493774,True,95,0.5094799995422363,0.7361469864845276,0.29242295026779175,23.957469940185547,-6.840185165405273,-1.272925615310669,3350,746
2011_09_26_drive_0018_sync,0000000141,0,0.3095669746398926,25.193750381469727,-6.740645408630371,-1.573793888092041,True,89,0.8466069102287292,0.8751100301742554,0.15398551523685455,25.140769958496094,-6.772498607635498,-1.4327620267868042,3292,804
2011_09_26_drive_0018_sync,0000000142,0,0.8088804483413696,26.19154930114746,-6.7799882888793945,-1.4532966613769531,True,10,0.7301774024963379,0.7739050388336182,0.1780814677476883,26.04044532775879,-6.705090045928955,-1.3961052894592285,3301,795
2011_09_26_drive_0018_sync,0000000142,1,0.3678719699382782,65.65338134765625,-1.7924875020980835,-0.8996760249137878,True,86,0.3377535939216614,0.8333465456962585,0.14127705991268158,65.77994537353516,-1.7487084865570068,-0.8546854257583618,3301,795
2011_09_26_drive_0018_sync,0000000144,0,0.3563758134841919,41.679412841796875,-13.032111167907715,-1.449849009513855,True,97,0.550040066242218,0.5961083769798279,0.3520616590976715,41.383949279785156,-12.842254638671875,-1.4252889156341553,3374,722
2011_09_26_drive_0018_sync,0000000145,0,0.5441768169403076,29.732526779174805,-6.841798782348633,-1.3917956352233887,True,65,0.6640777587890625,0.8088076114654541,0.15896235406398773,29.6723690032959,-6.695009708404541,-1.4019464254379272,3351,745
2011_09_26_drive_0018_sync,0000000145,1,0.5029089450836182,41.90202713012695,-13.521666526794434,-1.4549286365509033,False,,,0.0,,,,,3351,745
2011_09_26_drive_0018_sync,0000000146,0,0.6052858233451843,41.0260009765625,-12.868795394897461,-1.4545652866363525,True,48,0.265937477350235,0.7718791365623474,0.20435689389705658,41.2122802734375,-12.816557884216309,-1.5203908681869507,3305,791
2011_09_26_drive_0018_sync,0000000147,0,0.6629348397254944,41.309974670410156,-12.707259178161621,-1.4016289710998535,True,15,0.5396562814712524,0.8854137063026428,0.0354812890291214,41.31696319580078,-12.74055004119873,-1.4117186069488525,3365,731
2011_09_26_drive_0018_sync,0000000147,1,0.6439130306243896,31.948820114135742,-6.524858474731445,-1.4765262603759766,True,85,0.0822548121213913,0.77105712890625,0.14646384119987488,31.959474563598633,-6.477973461151123,-1.6148734092712402,3365,731
2011_09_26_drive_0018_sync,0000000148,0,0.5403909683227539,41.37502670288086,-12.635834693908691,-1.4563473463058472,True,89,0.6056231260299683,0.7908102869987488,0.10190730541944504,41.39505386352539,-12.682252883911133,-1.367863655090332,3358,738
2011_09_26_drive_0018_sync,0000000148,1,0.38868796825408936,33.23953628540039,-6.46624231338501,-1.4001284837722778,True,67,0.36457064747810364,0.648169994354248,0.347907692193985,32.988956451416016,-6.568981647491455,-1.1817386150360107,3358,738
2011_09_26_drive_0018_sync,0000000149,0,0.7555474042892456,41.294189453125,-12.611495018005371,-1.6134862899780273,True,39,0.6334107518196106,0.7340381741523743,0.24536313116550446,41.53764724731445,-12.603938102722168,-1.5839183330535889,3375,721
2011_09_26_drive_0018_sync,0000000149,1,0.43377920985221863,34.44077682495117,-6.858401298522949,-1.3360722064971924,True,80,0.2665647268295288,0.7643560767173767,0.20346291363239288,34.4402961730957,-6.670088768005371,-1.4131132364273071,3375,721
2011_09_26_drive_0018_sync,0000000150,0,0.7677854299545288,41.33652114868164,-12.643033027648926,-1.48243248462677,True,97,0.7186790108680725,0.7513991594314575,0.18861408531665802,41.41571044921875,-12.555953979492188,-1.629814863204956,3352,744
2011_09_26_drive_0018_sync,0000000151,0,0.5168918967247009,41.42891311645508,-12.490206718444824,-1.353715419769287,True,25,0.6042842268943787,0.7720712423324585,0.1566794216632843,41.45222473144531,-12.641475677490234,-1.3872222900390625,3366,730
2011_09_26_drive_0018_sync,0000000151,1,0.6104227900505066,36.86653518676758,-6.593502044677734,-1.1066710948944092,True,60,0.684879720211029,0.747072696685791,0.26612383127212524,36.62982177734375,-6.5027337074279785,-1.0257405042648315,3366,730
2011_09_26_drive_0018_sync,0000000152,0,0.6871336698532104,41.533321380615234,-12.62131404876709,-1.4536540508270264,True,89,0.7349807620048523,0.8744634389877319,0.15998102724552155,41.3978271484375,-12.692970275878906,-1.4078214168548584,3311,785
2011_09_26_drive_0018_sync,0000000152,1,0.3572688400745392,37.70305633544922,-6.473888397216797,-1.1820862293243408,True,99,0.11952588707208633,0.6950538158416748,0.2693462073802948,37.88588333129883,-6.660933971405029,-1.1177773475646973,3311,785
2011_09_26_drive_0018_sync,0000000153,0,0.6466197967529297,41.640052795410156,-12.46582317352295,-1.4368643760681152,True,79,0.5050675272941589,0.9017236232757568,0.02033867873251438,41.653770446777344,-12.464255332946777,-1.4517985582351685,3364,732
2011_09_26_drive_0018_sync,0000000154,0,0.5937792658805847,41.849971771240234,-12.38121509552002,-1.4794411659240723,True,67,0.3583126962184906,0.8167409896850586,0.23531979322433472,41.69296646118164,-12.55121898651123,-1.4367396831512451,3378,718
2011_09_26_drive_0018_sync,0000000154,1,0.7499246597290039,40.43370056152344,-6.45250129699707,-1.4158663749694824,True,63,0.43150952458381653,0.9258735775947571,0.036189965903759,40.45901107788086,-6.450016498565674,-1.4416135549545288,3378,718
2011_09_26_drive_0018_sync,0000000155,0,0.5001713037490845,41.58613204956055,-12.462604522705078,-1.494929313659668,True,55,0.6948599815368652,0.8387160301208496,0.12195520102977753,41.644893646240234,-12.355896949768066,-1.5007293224334717,3344,752
2011_09_26_drive_0018_sync,0000000155,1,0.5117489695549011,41.83213424682617,-6.321106910705566,-1.2334849834442139,True,22,0.5378240346908569,0.8152169585227966,0.10533053427934647,41.837425231933594,-6.233366966247559,-1.291521430015564,3344,752
2011_09_26_drive_0018_sync,0000000156,0,0.5386500358581543,42.064029693603516,-12.377222061157227,-1.5205047130584717,True,49,0.3423641622066498,0.7767846584320068,0.16297058761119843,41.9268798828125,-12.293359756469727,-1.493738055229187,3329,767
2011_09_26_drive_0018_sync,0000000156,1,0.7316617369651794,43.02814483642578,-6.448453903198242,-1.2199777364730835,True,76,0.3879072964191437,0.8078799843788147,0.23324866592884064,42.80307388305664,-6.405783653259277,-1.1760772466659546,3329,767
2011_09_26_drive_0018_sync,0000000157,0,0.44797462224960327,42.02347183227539,-12.22643756866455,-1.5101583003997803,True,73,0.7263514995574951,0.9077318906784058,0.05035758018493652,42.04762268066406,-12.22391414642334,-1.5542746782302856,3366,730
2011_09_26_drive_0018_sync,0000000158,0,0.643842339515686,45.4294319152832,-6.4441351890563965,-1.2523198127746582,True,45,0.3835074007511139,0.8719301819801331,0.13613738119602203,45.29585266113281,-6.437809944152832,-1.226825475692749,3376,720
2011_09_26_drive_0018_sync,0000000158,1,0.7620528340339661,42.395408630371094,-12.050541877746582,-1.450681447982788,True,94,0.5927380323410034,0.7705008387565613,0.2015944868326187,42.20860290527344,-12.110374450683594,-1.4972004890441895,3376,720
2011_09_26_drive_0018_sync,0000000159,0,0.7003602385520935,42.152523040771484,-12.068811416625977,-1.4288642406463623,True,74,0.5419034361839294,0.9203394651412964,0.019548853859305382,42.16905212402344,-12.078447341918945,-1.4328762292861938,3343,753
2011_09_26_drive_0018_sync,0000000160,0,0.4439196288585663,42.292625427246094,-12.06872844696045,-1.4060914516448975,True,75,0.21509581804275513,0.8730671405792236,0.028596147894859314,42.31447982788086,-12.0667085647583,-1.3877599239349365,3340,756
2011_09_26_drive_0018_sync,0000000161,0,0.5512350797653198,42.71229934692383,-11.873540878295898,-1.3724370002746582,True,13,0.6201059222221375,0.7154749631881714,0.13823381066322327,42.67870330810547,-11.761472702026367,-1.4460618495941162,3341,755
2011_09_26_drive_0018_sync,0000000162,0,0.7579125761985779,42.809814453125,-11.69734001159668,-1.3871970176696777,True,21,0.7805100083351135,0.9058892726898193,0.050610482692718506,42.78451919555664,-11.658565521240234,-1.4076447486877441,3353,743
2011_09_26_drive_0018_sync,0000000163,0,0.33938997983932495,42.846107482910156,-12.676613807678223,-1.6189472675323486,False,,,0.0,,,,,3388,708
2011_09_26_drive_0018_sync,0000000165,0,0.5764833688735962,43.39738082885742,-11.403755187988281,-1.396034836769104,True,10,0.5341600179672241,0.7921410799026489,0.1717732697725296,43.478553771972656,-11.282703399658203,-1.4869384765625,3391,705
2011_09_26_drive_0018_sync,0000000166,0,0.4235472083091736,43.8740119934082,-11.367217063903809,-1.4969117641448975,True,20,0.47209495306015015,0.7257046699523926,0.16777551174163818,43.81901550292969,-11.253323554992676,-1.386674404144287,3326,770
2011_09_26_drive_0018_sync,0000000167,0,0.6887760758399963,43.939178466796875,-10.956859588623047,-1.5390803813934326,True,14,0.37946826219558716,0.7106593251228333,0.18577978014945984,44.081024169921875,-10.979755401611328,-1.4213106632232666,3365,731
2011_09_26_drive_0018_sync,0000000169,0,0.742784857749939,44.54643630981445,-10.704171180725098,-1.3935972452163696,True,92,0.7536348700523376,0.9128368496894836,0.07745026797056198,44.46990203857422,-10.712562561035156,-1.4020016193389893,3360,736
2011_09_26_drive_0018_sync,0000000170,0,0.5339035391807556,44.79418182373047,-10.461899757385254,-1.426712989807129,True,99,0.3187701404094696,0.7832474112510681,0.0977293998003006,44.8818473815918,-10.503141403198242,-1.4395548105239868,3324,772
2011_09_26_drive_0018_sync,0000000171,0,0.4753435254096985,45.25739288330078,-10.2471342086792,-1.3165881633758545,True,48,0.4467959403991699,0.6509431004524231,0.28405705094337463,45.230003356933594,-10.5283842086792,-1.2876631021499634,3381,715
2011_09_26_drive_0018_sync,0000000172,0,0.500283420085907,45.56414794921875,-10.184534072875977,-1.4053065776824951,True,39,0.4601297080516815,0.9021139144897461,0.04685394838452339,45.56463623046875,-10.19748592376709,-1.360280990600586,3347,749
2011_09_26_drive_0018_sync,0000000173,0,0.5842674970626831,45.90145492553711,-9.987236976623535,-1.395288109779358,True,77,0.5682239532470703,0.8249894976615906,0.09748561680316925,45.8663215637207,-10.072480201721191,-1.4269533157348633,3343,753
2011_09_26_drive_0018_sync,0000000174,0,0.514918327331543,46.24980163574219,-9.804421424865723,-1.3208969831466675,True,64,0.4835226237773895,0.8568536639213562,0.06143556535243988,46.2896614074707,-9.807716369628906,-1.367530345916748,3417,679
2011_09_26_drive_0018_sync,0000000175,0,0.48077234625816345,46.86705017089844,-9.879490852355957,-1.3924298286437988,True,72,0.5105718970298767,0.9292200803756714,0.017421532422304153,46.86970901489258,-9.866567611694336,-1.4038065671920776,3341,755
2011_09_26_drive_0018_sync,0000000176,0,0.6744107604026794,47.22111892700195,-9.46732234954834,-1.3991665840148926,True,85,0.6433095335960388,0.936267614364624,0.047248076647520065,47.2624626159668,-9.467841148376465,-1.4220316410064697,3373,723
2011_09_26_drive_0018_sync,0000000177,0,0.3740614652633667,47.32807922363281,-9.628301620483398,-1.3946064710617065,True,96,0.3810853660106659,0.6997439861297607,0.2567334771156311,47.397003173828125,-9.874372482299805,-1.4193189144134521,3361,735
2011_09_26_drive_0018_sync,0000000178,0,0.47617611289024353,24.131818771362305,15.88137149810791,-1.3132598400115967,False,,,0.0,,,,,3159,937
2011_09_26_drive_0018_sync,0000000180,0,0.5073831677436829,49.175315856933594,-8.70859432220459,-1.4389313459396362,True,79,0.5992292165756226,0.853572428226471,0.08013246953487396,49.233009338378906,-8.76417350769043,-1.4408361911773682,3277,819
2011_09_26_drive_0018_sync,0000000188,0,0.4170336127281189,53.68583297729492,-7.823868751525879,-1.6230639219284058,True,75,0.26857060194015503,0.8085994720458984,0.14351756870746613,53.74544906616211,-7.7100043296813965,-1.6869239807128906,2097,1999
2011_09_26_drive_0018_sync,0000000192,0,0.6111409068107605,22.625959396362305,16.360145568847656,-1.1345921754837036,True,98,0.4197766184806824,0.7381154894828796,0.18979135155677795,22.67448616027832,16.22705078125,-1.2608921527862549,3038,1058
2011_09_26_drive_0018_sync,0000000207,0,0.49147099256515503,54.5346565246582,13.612661361694336,-1.6542649269104004,True,94,0.2564960718154907,0.7558164000511169,0.20398496091365814,54.68730163574219,13.729646682739258,-1.722263216972351,2367,1729
2011_09_26_drive_0018_sync,0000000212,0,0.4386538863182068,49.70161437988281,12.284098625183105,-1.6937437057495117,True,3,0.05329303815960884,0.7953643202781677,0.14863601326942444,49.730281829833984,12.262566566467285,-1.8379907608032227,2096,2000
2011_09_26_drive_0018_sync,0000000216,0,0.40515002608299255,45.65170669555664,9.74402904510498,-1.84299635887146,True,32,0.1432705521583557,0.8934128284454346,0.0983572006225586,45.55449295043945,9.757247924804688,-1.849988341331482,2333,1763
2011_09_26_drive_0018_sync,0000000218,0,0.5244095325469971,8.654982566833496,37.763763427734375,-1.9308760166168213,True,75,0.6769439578056335,0.8016658425331116,0.11147533357143402,8.566082000732422,37.772682189941406,-1.864213466644287,2417,1679
2011_09_26_drive_0018_sync,0000000218,1,0.4898667633533478,44.03975296020508,7.541732311248779,-1.7618918418884277,True,61,0.5625425577163696,0.7460674047470093,0.19414040446281433,43.941139221191406,7.70561408996582,-1.7285963296890259,2417,1679
2011_09_26_drive_0018_sync,0000000220,0,0.3267480134963989,36.613182067871094,9.86738109588623,-1.8485318422317505,True,44,0.445070743560791,0.7810998558998108,0.1316041499376297,36.69701385498047,9.800865173339844,-1.7719321250915527,2332,1764
2011_09_26_drive_0018_sync,0000000224,0,0.3548296093940735,9.746633529663086,32.03618240356445,-1.7071245908737183,False,,,0.0,,,,,2082,2014
2011_09_26_drive_0018_sync,0000000224,1,0.3801310658454895,38.20616149902344,-0.3489954173564911,-1.4299390316009521,True,63,0.3018297553062439,0.6895214915275574,0.19344986975193024,38.248374938964844,-0.16277934610843658,-1.4609947204589844,2082,2014
2011_09_26_drive_0018_sync,0000000227,0,0.6563642024993896,9.514118194580078,28.35272216796875,-1.8491381406784058,True,53,0.6525578498840332,0.7511453628540039,0.2277376502752304,9.483230590820312,28.139741897583008,-1.7746411561965942,2163,1933
2011_09_26_drive_0018_sync,0000000228,0,0.7069292664527893,9.21072006225586,27.52798080444336,-1.7857458591461182,True,49,0.7607751488685608,0.8220183849334717,0.11493348330259323,9.10341739654541,27.48731231689453,-1.7922203540802002,2212,1884
2011_09_26_drive_0018_sync,0000000229,0,0.7197905778884888,9.086752891540527,26.600950241088867,-1.7141315937042236,True,96,0.7392770648002625,0.8163322806358337,0.08820486068725586,9.16550350189209,26.632970809936523,-1.7376501560211182,2215,1881
2011_09_26_drive_0018_sync,0000000230,0,0.560494601726532,30.76766014099121,-7.720896244049072,-1.4117629528045654,True,53,0.05452559143304825,0.7016206979751587,0.20929411053657532,30.648147583007812,-7.8615875244140625,-1.5103871822357178,2173,1923
2011_09_26_drive_0018_sync,0000000230,1,0.8301347494125366,9.028436660766602,25.57617950439453,-1.7171432971954346,True,66,0.844627320766449,0.8681195974349976,0.14774316549301147,8.937503814697266,25.466842651367188,-1.7572021484375,2173,1923
2011_09_26_drive_0018_sync,0000000231,0,0.8126630783081055,8.6725435256958,24.67497444152832,-1.7894258499145508,True,73,0.8138006329536438,0.7497024536132812,0.21417003870010376,8.879382133483887,24.670730590820312,-1.8448206186294556,2312,1784
2011_09_26_drive_0018_sync,0000000232,0,0.8547958135604858,8.428680419921875,23.926115036010742,-1.846098780632019,True,72,0.7730402946472168,0.8741914629936218,0.16749083995819092,8.297025680541992,23.822980880737305,-1.855239748954773,2127,1969
2011_09_26_drive_0018_sync,0000000233,0,0.7806933522224426,8.0888090133667,23.203876495361328,-1.9294013977050781,True,61,0.7955123782157898,0.7570554614067078,0.09542178362607956,8.015878677368164,23.23531723022461,-1.9822971820831299,2362,1734
2011_09_26_drive_0018_sync,0000000234,0,0.8193597197532654,7.515801429748535,22.4090518951416,-1.8544267416000366,True,81,0.8568112254142761,0.897178053855896,0.07218922674655914,7.583611011505127,22.386262893676758,-1.864112138748169,2245,1851
2011_09_26_drive_0018_sync,0000000235,0,0.8661854863166809,7.043820381164551,21.85708999633789,-1.9259114265441895,True,72,0.8492535352706909,0.8922981023788452,0.07541293650865555,7.043136119842529,21.78217124938965,-1.9173192977905273,2150,1946
2011_09_26_drive_0018_sync,0000000236,0,0.839097261428833,6.505425930023193,21.317241668701172,-1.9916330575942993,True,86,0.8584128618240356,0.8558764457702637,0.12012849003076553,6.600114822387695,21.319425582885742,-1.9177405834197998,2313,1783
2011_09_26_drive_0018_sync,0000000237,0,0.8762368559837341,5.948977470397949,20.852828979492188,-1.963437557220459,True,94,0.8623459935188293,0.8769937753677368,0.06996404379606247,5.998833656311035,20.817508697509766,-1.9975228309631348,2101,1995
2011_09_26_drive_0018_sync,0000000238,0,0.878706693649292,5.435771465301514,20.44567108154297,-1.9438029527664185,True,84,0.8703725337982178,0.9143803119659424,0.035691067576408386,5.465145587921143,20.46574592590332,-1.9466338157653809,2208,1888
2011_09_26_drive_0018_sync,0000000239,0,0.8068112134933472,4.708091735839844,20.17926597595215,-1.9099724292755127,True,41,0.836341142654419,0.843921959400177,0.06876163184642792,4.711026668548584,20.194988250732422,-1.8430967330932617,2077,2019
2011_09_26_drive_0018_sync,0000000239,1,0.5299301147460938,17.680164337158203,-15.662384033203125,-1.3583952188491821,True,88,0.6738585233688354,0.7483941316604614,0.2589431703090668,17.483638763427734,-15.509078025817871,-1.2882059812545776,2077,2019
2011_09_26_drive_0018_sync,0000000240,0,0.6602618098258972,16.007749557495117,-16.51334571838379,-1.2367953062057495,True,70,0.2736622095108032,0.7794255614280701,0.3362181782722473,15.897343635559082,-16.19742774963379,-1.2691839933395386,2185,1911
2011_09_26_drive_0018_sync,0000000240,1,0.8327774405479431,4.097189426422119,19.928192138671875,-1.9088175296783447,True,99,0.851288914680481,0.9485922455787659,0.01148251537233591,4.107494831085205,19.933256149291992,-1.9087666273117065,2185,1911
2011_09_26_drive_0018_sync,0000000241,0,0.8504160642623901,3.4499261379241943,19.723487854003906,-1.9825210571289062,True,97,0.8398705720901489,0.9353222846984863,0.05568203330039978,3.482492685317993,19.74437713623047,-1.942476749420166,2066,2030
2011_09_26_drive_0018_sync,0000000242,0,0.8087799549102783,2.6639420986175537,19.670482635498047,-2.023648738861084,True,42,0.8348512649536133,0.898612916469574,0.13070933520793915,2.7893033027648926,19.660118103027344,-1.9881230592727661,2090,2006
2011_09_26_drive_0018_sync,0000000243,0,0.30195245146751404,11.040026664733887,-17.31475067138672,-1.4179631471633911,True,42,0.12629081308841705,0.6531615257263184,0.23745805025100708,11.192854881286621,-17.488525390625,-1.3647446632385254,2171,1925
2011_09_26_drive_0018_sync,0000000243,1,0.6742411851882935,1.9418561458587646,19.693592071533203,-1.9422791004180908,True,85,0.3890170454978943,0.8136513233184814,0.12190123647451401,2.0416159629821777,19.69737434387207,-1.8723249435424805,2171,1925
2011_09_26_drive_0018_sync,0000000244,0,0.6817284226417542,1.1672543287277222,19.692445755004883,-2.097966194152832,True,80,0.6856735348701477,0.9015917181968689,0.04286244511604309,1.1715970039367676,19.71285629272461,-2.135406017303467,2130,1966
2011_09_26_drive_0018_sync,0000000245,0,0.7764380574226379,0.44126591086387634,19.911540985107422,-1.963761568069458,True,61,0.6661962866783142,0.8722880482673645,0.0675981342792511,0.42366325855255127,19.875537872314453,-2.0181989669799805,2004,2092
2011_09_26_drive_0018_sync,0000000245,1,0.35731035470962524,7.84382438659668,-17.843101501464844,-1.4570013284683228,True,9,0.10030067712068558,0.7031702995300293,0.18410150706768036,7.693477630615234,-17.946680068969727,-1.4333223104476929,2004,2092
2011_09_26_drive_0018_sync,0000000246,0,0.7304955124855042,-0.5699708461761475,20.151323318481445,-1.9782533645629883,True,91,0.7915335893630981,0.8141424059867859,0.12665703892707825,-0.48688173294067383,20.19353485107422,-2.0640227794647217,2229,1867
2011_09_26_drive_0018_sync,0000000247,0,0.37161433696746826,4.865668296813965,-18.039846420288086,-1.3649038076400757,True,42,0.23336735367774963,0.7657039761543274,0.15588872134685516,4.917069435119629,-18.18341827392578,-1.3325566053390503,2073,2023
2011_09_26_drive_0018_sync,0000000250,0,0.4546818733215332,0.6120247840881348,-17.477739334106445,-1.4962983131408691,False,,,0.0,,,,,2292,1804
2011_09_26_drive_0018_sync,0000000252,0,0.35865047574043274,37.410728454589844,20.282833099365234,-1.8449424505233765,True,48,0.03986086696386337,0.534564197063446,0.48405396938323975,36.98240661621094,20.11427879333496,-1.6951489448547363,2257,1839
2011_09_26_drive_0018_sync,0000000256,0,0.3920753002166748,34.33197784423828,18.01620101928711,-1.438993215560913,False,,,0.0,,,,,2222,1874
2011_09_26_drive_0018_sync,0000000256,1,0.44754844903945923,22.862478256225586,38.30849838256836,0.045455098152160645,True,73,0.010205729864537716,0.8676479458808899,0.04407240450382233,22.899696350097656,38.285099029541016,0.042346954345703125,2222,1874
2011_09_26_drive_0018_sync,0000000263,0,0.43160006403923035,43.64106750488281,-3.0657107830047607,-1.1295444965362549,True,65,0.309369832277298,0.861582338809967,0.10337572544813156,43.739566802978516,-3.0435900688171387,-1.1517953872680664,2289,1807
2011_09_26_drive_0018_sync,0000000268,0,0.4994103014469147,23.8352108001709,17.91311264038086,-0.9144663214683533,True,21,0.5085369348526001,0.8080964684486389,0.13285750150680542,23.908267974853516,17.84926986694336,-1.0052289962768555,2335,1761
2011_09_26_drive_0018_sync,0000000269,0,0.5321530699729919,37.98784255981445,-2.742302656173706,-0.1222994327545166,True,95,0.3675537705421448,0.7921183109283447,0.15715070068836212,37.924949645996094,-2.6048572063446045,-0.16530609130859375,2291,1805
2011_09_26_drive_0018_sync,0000000269,1,0.6247091889381409,21.42947006225586,18.401193618774414,-0.8678249716758728,True,41,0.6152999997138977,0.5842336416244507,0.5315823554992676,21.497591018676758,18.88918113708496,-0.6683067083358765,2291,1805
