drive,frame,baseline_idx,baseline_score,baseline_x,baseline_y,baseline_z,matched,warm_idx,warm_score,iou,center_dist,warm_x,warm_y,warm_z,n_carried_over,n_freshly_refilled
2011_09_26_drive_0001_sync,0000000000,0,0.8281156420707703,25.189311981201172,8.581962585449219,-1.6370322704315186,True,7,0.8281156420707703,1.000000238418579,0.0,25.189311981201172,8.581962585449219,-1.6370322704315186,0,0
2011_09_26_drive_0001_sync,0000000000,1,0.5092338919639587,42.61431884765625,7.407992362976074,-1.456986665725708,True,22,0.5092338919639587,1.0,0.0,42.61431884765625,7.407992362976074,-1.456986665725708,0,0
2011_09_26_drive_0001_sync,0000000000,2,0.7618128657341003,33.4407958984375,7.9200215339660645,-1.738966464996338,True,51,0.7618128657341003,0.9999998211860657,0.0,33.4407958984375,7.9200215339660645,-1.738966464996338,0,0
2011_09_26_drive_0001_sync,0000000001,0,0.3668552041053772,32.00936508178711,7.475829124450684,-1.76702880859375,True,33,0.4846913814544678,0.5065463185310364,0.3495800793170929,32.00627517700195,7.825188636779785,-1.7790544033050537,3247,849
2011_09_26_drive_0001_sync,0000000001,1,0.5543375611305237,41.49570846557617,7.5351176261901855,-1.6307120323181152,True,87,0.7005317807197571,0.6967903971672058,0.06996436417102814,41.55442810058594,7.571476459503174,-1.6418946981430054,3247,849
2011_09_26_drive_0001_sync,0000000001,2,0.36533302068710327,21.3790283203125,15.90073013305664,-0.9728602170944214,False,,,0.0,,,,,3247,849
2011_09_26_drive_0001_sync,0000000001,3,0.7760445475578308,23.821434020996094,8.688435554504395,-1.5695985555648804,True,24,0.5848371982574463,0.7816252112388611,0.19999094307422638,23.94003677368164,8.637136459350586,-1.722235918045044,3247,849
2011_09_26_drive_0001_sync,0000000002,0,0.6845588088035583,22.496492385864258,8.637484550476074,-1.6023612022399902,True,54,0.7789663672447205,0.8753875494003296,0.11498358845710754,22.44507598876953,8.648466110229492,-1.704620599746704,3201,895
2011_09_26_drive_0001_sync,0000000002,1,0.6403313279151917,30.764938354492188,8.230831146240234,-1.8251906633377075,True,81,0.7366423606872559,0.8397510051727295,0.12503808736801147,30.770763397216797,8.108213424682617,-1.848970651626587,3201,895
2011_09_26_drive_0001_sync,0000000002,2,0.47294262051582336,39.92009735107422,7.139434337615967,-1.665832757949829,True,91,0.5350360870361328,0.796693742275238,0.13772569596767426,40.0212287902832,7.127955436706543,-1.5730478763580322,3201,895
2011_09_26_drive_0001_sync,0000000003,0,0.8932310342788696,21.113855361938477,8.726282119750977,-1.7142407894134521,True,90,0.705182671546936,0.8515214920043945,0.1315426379442215,21.100982666015625,8.647767066955566,-1.8189935684204102,3163,933
2011_09_26_drive_0001_sync,0000000003,1,0.48610106110572815,45.44639205932617,6.288912296295166,-1.680220127105713,True,20,0.41942158341407776,0.6799260973930359,0.07374514639377594,45.51313400268555,6.313360214233398,-1.660569190979004,3163,933
2011_09_26_drive_0001_sync,0000000003,2,0.7338807582855225,29.3187313079834,7.906735897064209,-1.9023555517196655,True,62,0.7094367146492004,0.737734317779541,0.2113649696111679,29.419851303100586,8.089435577392578,-1.869633674621582,3163,933
2011_09_26_drive_0001_sync,0000000004,0,0.8172647953033447,19.75916290283203,8.806441307067871,-1.707251787185669,True,75,0.8353961706161499,0.9002811312675476,0.07011062651872635,19.729928970336914,8.749176025390625,-1.73520827293396,3150,946
2011_09_26_drive_0001_sync,0000000004,1,0.7205445170402527,37.37213134765625,7.453200817108154,-1.6482722759246826,True,63,0.6523646116256714,0.9211311936378479,0.04054278880357742,37.35568618774414,7.427023410797119,-1.6745023727416992,3150,946
2011_09_26_drive_0001_sync,0000000004,2,0.882334291934967,28.162277221679688,8.137608528137207,-1.9076000452041626,True,45,0.8479950428009033,0.9270262122154236,0.03331024944782257,28.146745681762695,8.111884117126465,-1.9219735860824585,3150,946
2011_09_26_drive_0001_sync,0000000005,0,0.5359342098236084,35.90731430053711,7.609724044799805,-1.595177412033081,True,13,0.6001915335655212,0.8689346313476562,0.0873919203877449,35.98567581176758,7.572449684143066,-1.5848119258880615,3202,894
2011_09_26_drive_0001_sync,0000000005,1,0.8726440668106079,18.35086441040039,8.785945892333984,-1.5802385807037354,True,66,0.8893524408340454,0.9232355356216431,0.06747967004776001,18.330013275146484,8.756357192993164,-1.6371880769729614,3202,894
2011_09_26_drive_0001_sync,0000000005,2,0.8662533760070801,26.643945693969727,8.2142915725708,-1.797212839126587,True,82,0.8682101368904114,0.8538762331008911,0.1340852528810501,26.767929077148438,8.263099670410156,-1.812204360961914,3202,894
2011_09_26_drive_0001_sync,0000000006,0,0.6924287676811218,34.56719207763672,7.979795455932617,-1.6481927633285522,True,20,0.7522690892219543,0.7434859871864319,0.1965242326259613,34.64266586303711,7.799415588378906,-1.6284801959991455,3124,972
2011_09_26_drive_0001_sync,0000000006,1,0.8834019899368286,17.082544326782227,8.808485984802246,-1.66526198387146,True,93,0.8776060342788696,0.8385460376739502,0.08485468477010727,17.04644012451172,8.823637008666992,-1.5899808406829834,3124,972
2011_09_26_drive_0001_sync,0000000006,2,0.7419902682304382,25.454782485961914,8.325282096862793,-1.7763721942901611,True,58,0.848638117313385,0.8987900614738464,0.07912004739046097,25.505008697509766,8.265414237976074,-1.7639968395233154,3124,972
2011_09_26_drive_0001_sync,0000000007,0,0.8613219261169434,23.89423370361328,8.339245796203613,-1.8361634016036987,True,90,0.8372010588645935,0.8725199699401855,0.060392625629901886,23.891393661499023,8.398447036743164,-1.824569582939148,3155,941
2011_09_26_drive_0001_sync,0000000007,1,0.5230857133865356,40.379295349121094,7.016176223754883,-1.597991704940796,True,42,0.4933726489543915,0.8165951371192932,0.17851583659648895,40.20235824584961,7.02241325378418,-1.5751385688781738,3155,941
2011_09_26_drive_0001_sync,0000000007,2,0.7603557705879211,33.244022369384766,7.948061466217041,-1.675363540649414,True,61,0.7244877815246582,0.7274109721183777,0.20818530023097992,33.3262939453125,7.7571120262146,-1.685890555381775,3155,941
2011_09_26_drive_0001_sync,0000000007,3,0.871258020401001,15.665444374084473,8.899816513061523,-1.6990611553192139,True,88,0.7910020351409912,0.8734592795372009,0.14083780348300934,15.71562671661377,8.901040077209473,-1.8306496143341064,3155,941
2011_09_26_drive_0001_sync,0000000008,0,0.3400225043296814,38.75862503051758,7.421421527862549,-1.8012715578079224,True,7,0.2890354096889496,0.8270915746688843,0.12622317671775818,38.82583236694336,7.3324689865112305,-1.7420861721038818,3130,966
2011_09_26_drive_0001_sync,0000000008,1,0.605226457118988,31.840784072875977,7.746779441833496,-1.8511602878570557,True,42,0.7671393752098083,0.687993049621582,0.3175511062145233,32.12197494506836,7.87716817855835,-1.782101035118103,3130,966
2011_09_26_drive_0001_sync,0000000008,2,0.8804703950881958,14.360441207885742,8.91677474975586,-1.6857041120529175,True,68,0.8684104681015015,0.883587121963501,0.07702773064374924,14.370705604553223,8.950757026672363,-1.6173439025878906,3130,966
2011_09_26_drive_0001_sync,0000000008,3,0.8521543145179749,22.71446990966797,8.447748184204102,-1.84373140335083,True,58,0.8350377678871155,0.8779314756393433,0.05034143105149269,22.712453842163086,8.438142776489258,-1.8931068181991577,3130,966
2011_09_26_drive_0001_sync,0000000009,0,0.54042649269104,37.50130081176758,7.303348541259766,-1.5981531143188477,True,23,0.5583707690238953,0.7976424694061279,0.17885702848434448,37.33833694458008,7.252881050109863,-1.6518713235855103,3176,920
2011_09_26_drive_0001_sync,0000000009,1,0.8619251251220703,13.009904861450195,8.948171615600586,-1.6559784412384033,True,32,0.832503080368042,0.8672820925712585,0.11718969792127609,13.064125061035156,9.008565902709961,-1.7405132055282593,3176,920
2011_09_26_drive_0001_sync,0000000009,2,0.8832268714904785,21.411296844482422,8.567828178405762,-1.7954845428466797,True,97,0.8608801364898682,0.8198473453521729,0.0966915562748909,21.32740020751953,8.563196182250977,-1.7476394176483154,3176,920
2011_09_26_drive_0001_sync,0000000009,3,0.8028018474578857,30.513090133666992,7.982475757598877,-1.5958120822906494,True,28,0.7169367671012878,0.9299704432487488,0.03853638097643852,30.513690948486328,8.019649505615234,-1.5856728553771973,3176,920
2011_09_26_drive_0001_sync,0000000010,0,0.5205070376396179,36.31195068359375,7.507796764373779,-1.4962713718414307,True,57,0.5683608055114746,0.7519946098327637,0.19129124283790588,36.18696975708008,7.628667831420898,-1.5760353803634644,3199,897
2011_09_26_drive_0001_sync,0000000010,1,0.8625219464302063,20.06913185119629,8.582399368286133,-1.7693955898284912,True,96,0.8691241145133972,0.8238633275032043,0.17988048493862152,19.918106079101562,8.529804229736328,-1.8517482280731201,3199,897
2011_09_26_drive_0001_sync,0000000010,2,0.7191501259803772,29.335979461669922,8.188782691955566,-1.5920860767364502,True,9,0.7829306125640869,0.8166302442550659,0.12623022496700287,29.266361236572266,8.089744567871094,-1.5563254356384277,3199,897
2011_09_26_drive_0001_sync,0000000010,3,0.8804095983505249,11.738821029663086,8.963706016540527,-1.7594523429870605,True,90,0.8608867526054382,0.9072082042694092,0.11634925752878189,11.700970649719238,8.974485397338867,-1.649961233139038,3199,897
2011_09_26_drive_0001_sync,0000000011,0,0.9047074913978577,10.390447616577148,9.092342376708984,-1.7081929445266724,True,34,0.884552538394928,0.871533989906311,0.06637552380561829,10.405476570129395,9.070335388183594,-1.647402048110962,3210,886
2011_09_26_drive_0001_sync,0000000011,1,0.8305771946907043,28.169553756713867,8.302286148071289,-1.4849567413330078,True,33,0.8350419998168945,0.813369631767273,0.1799943596124649,28.00067710876465,8.247550010681152,-1.5146653652191162,3210,886
2011_09_26_drive_0001_sync,0000000011,2,0.8750806450843811,18.602792739868164,8.719793319702148,-1.699228286743164,True,27,0.893740177154541,0.9033429622650146,0.06200781092047691,18.656801223754883,8.701238632202148,-1.6750668287277222,3210,886
2011_09_26_drive_0001_sync,0000000012,0,0.8786641359329224,17.35110855102539,8.780538558959961,-1.7182835340499878,True,68,0.8999283909797668,0.8928579688072205,0.047672368586063385,17.376083374023438,8.792460441589355,-1.7571008205413818,3097,999
2011_09_26_drive_0001_sync,0000000012,1,0.8369751572608948,26.864261627197266,8.358674049377441,-1.5337402820587158,True,28,0.8257692456245422,0.9466253519058228,0.016863737255334854,26.867658615112305,8.34476089477539,-1.542643666267395,3097,999
2011_09_26_drive_0001_sync,0000000012,2,0.8839393258094788,9.139066696166992,9.0963134765625,-1.767571210861206,True,52,0.9052144885063171,0.8366151452064514,0.17097875475883484,9.12923526763916,9.130029678344727,-1.60023832321167,3097,999
2011_09_26_drive_0001_sync,0000000013,0,0.44404318928718567,31.84091567993164,8.733818054199219,-1.6458930969238281,True,65,0.49220311641693115,0.6867212057113647,0.2974042594432831,31.70259666442871,8.996956825256348,-1.6372251510620117,3120,976
2011_09_26_drive_0001_sync,0000000013,1,0.3998549282550812,51.84131622314453,6.25294303894043,-1.4432190656661987,True,26,0.4549356698989868,0.7720880508422852,0.2147335410118103,51.639869689941406,6.287107944488525,-1.5092686414718628,3120,976
2011_09_26_drive_0001_sync,0000000013,2,0.8925057649612427,7.842313766479492,9.08233642578125,-1.7416504621505737,True,49,0.880485475063324,0.9125317931175232,0.09043526649475098,7.830936431884766,9.113385200500488,-1.657477617263794,3120,976
2011_09_26_drive_0001_sync,0000000013,3,0.8675689101219177,25.517066955566406,8.441816329956055,-1.6180591583251953,True,56,0.8525296449661255,0.9428534507751465,0.017706817016005516,25.516719818115234,8.427860260009766,-1.6289513111114502,3120,976
2011_09_26_drive_0001_sync,0000000013,4,0.8737449645996094,16.125019073486328,8.849481582641602,-1.79521644115448,True,96,0.8855326175689697,0.9048206806182861,0.09392185509204865,16.03716468811035,8.82133960723877,-1.8128502368927002,3120,976
2011_09_26_drive_0001_sync,0000000014,0,0.8229129314422607,6.600185394287109,9.177330017089844,-1.8211194276809692,True,25,0.8708675503730774,0.9466989040374756,0.04172885790467262,6.640484809875488,9.166544914245605,-1.820151925086975,3095,1001
2011_09_26_drive_0001_sync,0000000014,1,0.7875015735626221,30.945497512817383,8.050293922424316,-1.646211862564087,True,24,0.7363854050636292,0.7756065130233765,0.15411287546157837,31.047346115112305,8.123818397521973,-1.556926965713501,3095,1001
2011_09_26_drive_0001_sync,0000000014,2,0.8981679081916809,24.224651336669922,8.534858703613281,-1.6577273607254028,True,80,0.8755121231079102,0.8903036713600159,0.08387056738138199,24.155916213989258,8.576517105102539,-1.6337621212005615,3095,1001
2011_09_26_drive_0001_sync,0000000014,3,0.5781006217002869,50.40743637084961,6.321379661560059,-1.5251498222351074,True,74,0.5781593918800354,0.9692909121513367,0.013826217502355576,50.41911315917969,6.326381206512451,-1.530608892440796,3095,1001
2011_09_26_drive_0001_sync,0000000014,4,0.8891887068748474,14.813908576965332,8.858738899230957,-1.8193879127502441,True,71,0.9036177396774292,0.9248632192611694,0.04359691962599754,14.835441589355469,8.871421813964844,-1.8551113605499268,3095,1001
2011_09_26_drive_0001_sync,0000000015,0,0.7418596148490906,5.2745466232299805,9.198019027709961,-1.8266212940216064,True,84,0.7942922115325928,0.9055624008178711,0.06168617308139801,5.273481369018555,9.218538284301758,-1.8847849369049072,3120,976
2011_09_26_drive_0001_sync,0000000015,1,0.6520422101020813,29.839275360107422,8.180742263793945,-1.6066619157791138,False,,,0.0,,,,,3120,976
2011_09_26_drive_0001_sync,0000000015,2,0.36357155442237854,34.96379470825195,8.213404655456543,-1.6527900695800781,True,31,0.08451049774885178,0.5965166091918945,0.3728529214859009,35.1904182434082,7.931577205657959,-1.5620466470718384,3120,976
2011_09_26_drive_0001_sync,0000000015,3,0.8941735029220581,22.99549674987793,8.586673736572266,-1.6247819662094116,True,86,0.8967485427856445,0.9556125402450562,0.07390739023685455,22.92215919494629,8.595730781555176,-1.6234123706817627,3120,976
2011_09_26_drive_0001_sync,0000000015,4,0.8841378688812256,13.520013809204102,8.918838500976562,-1.7901952266693115,True,60,0.8840591907501221,0.9070062041282654,0.07318327575922012,13.550929069519043,8.913419723510742,-1.8563063144683838,3120,976
2011_09_26_drive_0001_sync,0000000016,0,0.9071146249771118,12.331588745117188,8.970804214477539,-1.8745546340942383,True,88,0.905076265335083,0.9270089268684387,0.04697994887828827,12.320685386657715,8.951507568359375,-1.8331315517425537,3130,966
2011_09_26_drive_0001_sync,0000000016,1,0.8684782385826111,21.684362411499023,8.655173301696777,-1.601656198501587,True,27,0.8876974582672119,0.9263270497322083,0.0726282075047493,21.618572235107422,8.663456916809082,-1.6312854290008545,3130,966
2011_09_26_drive_0001_sync,0000000016,2,0.8200945854187012,28.39703941345215,8.347783088684082,-1.692861557006836,True,32,0.7400431632995605,0.7786620259284973,0.2049688994884491,28.57876968383789,8.439538955688477,-1.7166779041290283,3130,966
2011_09_26_drive_0001_sync,0000000016,3,0.838833212852478,4.058074951171875,9.214458465576172,-1.9102675914764404,True,75,0.8749937415122986,0.8841840028762817,0.13882504403591156,4.075366973876953,9.170605659484863,-1.7796907424926758,3130,966
2011_09_26_drive_0001_sync,0000000017,0,0.584751307964325,27.308502197265625,8.57681655883789,-1.6421897411346436,True,54,0.5496360063552856,0.7723142504692078,0.1389564573764801,27.431617736816406,8.520441055297852,-1.6109925508499146,3092,1004
2011_09_26_drive_0001_sync,0000000017,1,0.8949387073516846,20.536434173583984,8.740582466125488,-1.6794439554214478,True,72,0.8901821374893188,0.9429511427879333,0.00869043916463852,20.538990020751953,8.744494438171387,-1.672116756439209,3092,1004
2011_09_26_drive_0001_sync,0000000017,2,0.4440663158893585,46.67181396484375,7.2840094566345215,-1.6570435762405396,False,,,0.0,,,,,3092,1004
2011_09_26_drive_0001_sync,0000000017,3,0.7310950756072998,2.7713723182678223,9.28161334991455,-1.8056304454803467,True,64,0.8510901927947998,0.8639212250709534,0.08049594610929489,2.826070547103882,9.26131820678711,-1.8610904216766357,3092,1004
2011_09_26_drive_0001_sync,0000000017,4,0.9078323841094971,11.015498161315918,8.98001766204834,-1.874511480331421,True,39,0.903987467288971,0.9056578874588013,0.049889590591192245,11.045110702514648,9.018789291381836,-1.8640793561935425,3092,1004
2011_09_26_drive_0001_sync,0000000018,0,0.5461602807044983,31.229549407958984,8.28209114074707,-1.72342848777771,True,91,0.5292364358901978,0.8016194701194763,0.10204395651817322,31.317943572998047,8.231755256652832,-1.7153204679489136,3111,985
2011_09_26_drive_0001_sync,0000000018,1,0.9104494452476501,9.834546089172363,9.032925605773926,-1.918227195739746,True,57,0.9123294353485107,0.8735769987106323,0.05750104784965515,9.796520233154297,9.03457260131836,-1.8751262426376343,3111,985
2011_09_26_drive_0001_sync,0000000018,2,0.8455122709274292,26.03254508972168,8.516777992248535,-1.7234948873519897,True,43,0.8416963815689087,0.825437068939209,0.07781326025724411,26.057863235473633,8.533626556396484,-1.6518707275390625,3111,985
2011_09_26_drive_0001_sync,0000000018,3,0.8423912525177002,1.6818922758102417,9.208462715148926,-1.667985439300537,True,65,0.8169984817504883,0.7933275103569031,0.22153274714946747,1.5264463424682617,9.218280792236328,-1.825519323348999,3111,985
2011_09_26_drive_0001_sync,0000000018,4,0.8654677867889404,19.436748504638672,8.784988403320312,-1.6829190254211426,True,82,0.8919278383255005,0.8757279515266418,0.13035036623477936,19.309720993041992,8.802712440490723,-1.6596577167510986,3111,985
2011_09_26_drive_0001_sync,0000000019,0,0.8541373610496521,24.7745304107666,8.546736717224121,-1.6509201526641846,True,35,0.8482233881950378,0.8898588418960571,0.07949844747781754,24.79960060119629,8.594051361083984,-1.7096807956695557,3144,952
2011_09_26_drive_0001_sync,0000000019,1,0.31967854499816895,34.35370635986328,8.208830833435059,-1.7285622358322144,True,54,0.49887990951538086,0.6496195793151855,0.36319679021835327,34.62505340576172,7.970790386199951,-1.6883199214935303,3144,952
2011_09_26_drive_0001_sync,0000000019,2,0.898591160774231,17.945863723754883,8.830279350280762,-1.6763100624084473,True,82,0.902824342250824,0.9319139719009399,0.04298276826739311,17.95872688293457,8.864147186279297,-1.653179407119751,3144,952
2011_09_26_drive_0001_sync,0000000019,3,0.5852205157279968,0.5861558318138123,9.249588012695312,-1.651721715927124,True,90,0.6140947341918945,0.8085629343986511,0.26490557193756104,0.34927067160606384,9.241039276123047,-1.7699896097183228,3144,952
2011_09_26_drive_0001_sync,0000000019,4,0.9071707725524902,8.576436042785645,9.028014183044434,-1.8773081302642822,True,95,0.9077478051185608,0.9522501230239868,0.015459212474524975,8.576658248901367,9.042064666748047,-1.8837518692016602,3144,952
2011_09_26_drive_0001_sync,0000000020,0,0.6953420639038086,23.565641403198242,8.611221313476562,-1.6540417671203613,True,88,0.8442776799201965,0.9289116263389587,0.016523025929927826,23.574735641479492,8.611083030700684,-1.6678361892700195,3205,891
2011_09_26_drive_0001_sync,0000000020,1,0.6401088833808899,33.31550598144531,8.257171630859375,-1.7036327123641968,True,21,0.6735358834266663,0.8565805554389954,0.07249295711517334,33.29572677612305,8.202356338500977,-1.660513162612915,3205,891
2011_09_26_drive_0001_sync,0000000020,2,0.8925226330757141,16.66790008544922,8.901869773864746,-1.6754001379013062,True,77,0.9128686189651489,0.9105563163757324,0.07228384912014008,16.731216430664062,8.91740608215332,-1.644181251525879,3205,891
2011_09_26_drive_0001_sync,0000000020,3,0.8993024826049805,7.356657028198242,9.079696655273438,-1.8553415536880493,True,34,0.9108864068984985,0.9281790852546692,0.052504636347293854,7.309993743896484,9.061567306518555,-1.8711719512939453,3205,891
2011_09_26_drive_0001_sync,0000000020,4,0.6927846670150757,28.594541549682617,8.395840644836426,-1.682164192199707,True,72,0.50803142786026,0.8976262211799622,0.059266671538352966,28.538070678710938,8.390005111694336,-1.6991796493530273,3205,891
2011_09_26_drive_0001_sync,0000000021,0,0.8963727951049805,15.494287490844727,8.867583274841309,-1.7195239067077637,True,56,0.9058128595352173,0.8714409470558167,0.07905280590057373,15.510375022888184,8.941868782043457,-1.69779372215271,3139,957
2011_09_26_drive_0001_sync,0000000021,1,0.8703376650810242,22.221664428710938,8.669593811035156,-1.6494464874267578,True,76,0.8240541219711304,0.8803403973579407,0.09503362327814102,22.297677993774414,8.620884895324707,-1.6791242361068726,3139,957
2011_09_26_drive_0001_sync,0000000021,2,0.776650071144104,27.282522201538086,8.561708450317383,-1.6948567628860474,True,63,0.7152460813522339,0.7948473691940308,0.1440850794315338,27.358905792236328,8.498441696166992,-1.5903418064117432,3139,957
2011_09_26_drive_0001_sync,0000000021,3,0.9004559516906738,6.180695056915283,9.068415641784668,-1.8589751720428467,True,90,0.9076512455940247,0.8965097069740295,0.039304815232753754,6.181303977966309,9.09436321258545,-1.8884916305541992,3139,957
2011_09_26_drive_0001_sync,0000000022,0,0.8166823983192444,26.041309356689453,8.595867156982422,-1.6910958290100098,True,68,0.8138368725776672,0.8521835803985596,0.09300930052995682,26.099231719970703,8.524741172790527,-1.7064849138259888,3139,957
2011_09_26_drive_0001_sync,0000000022,1,0.4607503414154053,30.818309783935547,8.280965805053711,-1.6704046726226807,True,28,0.3372732102870941,0.8258718848228455,0.2637883126735687,31.07935333251953,8.243057250976562,-1.6722707748413086,3139,957
2011_09_26_drive_0001_sync,0000000022,2,0.9019205570220947,4.935800552368164,9.074684143066406,-1.9079298973083496,True,11,0.9130472540855408,0.9485611915588379,0.030715089291334152,4.924073696136475,9.084284782409668,-1.9346455335617065,3139,957
2011_09_26_drive_0001_sync,0000000022,3,0.8462774753570557,21.05172348022461,8.679937362670898,-1.6534230709075928,True,59,0.8508387207984924,0.9514082670211792,0.027364671230316162,21.03170394897461,8.66446590423584,-1.642998218536377,3139,957
2011_09_26_drive_0001_sync,0000000022,4,0.9025219678878784,14.269661903381348,8.949908256530762,-1.6907742023468018,True,45,0.8959681987762451,0.9456354379653931,0.0280777495354414,14.274602890014648,8.977109909057617,-1.6956748962402344,3139,957
2011_09_26_drive_0001_sync,0000000023,0,0.820605993270874,24.860132217407227,8.573953628540039,-1.6597986221313477,True,55,0.7764273285865784,0.8600698113441467,0.11309489607810974,24.967723846435547,8.601176261901855,-1.63804030418396,3120,976
2011_09_26_drive_0001_sync,0000000023,1,0.9064910411834717,3.758993625640869,9.096545219421387,-2.0049924850463867,True,28,0.8977882862091064,0.9094400405883789,0.05492379516363144,3.7204971313476562,9.058709144592285,-1.9948399066925049,3120,976
2011_09_26_drive_0001_sync,0000000023,2,0.8710051774978638,19.85902976989746,8.826252937316895,-1.6935555934906006,True,86,0.8740542531013489,0.8361737132072449,0.0946660116314888,19.81580352783203,8.745469093322754,-1.6697413921356201,3120,976
2011_09_26_drive_0001_sync,0000000023,3,0.9041971564292908,13.060076713562012,8.99588394165039,-1.7244019508361816,True,38,0.8996925950050354,0.9309910535812378,0.039543282240629196,13.065779685974121,9.009193420410156,-1.6876051425933838,3120,976
2011_09_26_drive_0001_sync,0000000023,4,0.6650795936584473,29.388673782348633,8.283550262451172,-1.6121658086776733,True,73,0.6669914722442627,0.8527243733406067,0.11115685850381851,29.4852294921875,8.240960121154785,-1.577252745628357,3120,976
2011_09_26_drive_0001_sync,0000000024,0,0.8615346550941467,18.579362869262695,8.830093383789062,-1.6982438564300537,True,20,0.8645617365837097,0.8570473194122314,0.08213836699724197,18.634456634521484,8.889131546020508,-1.713273286819458,3131,965
2011_09_26_drive_0001_sync,0000000024,1,0.8981271982192993,2.652676820755005,9.126523971557617,-1.883819341659546,True,23,0.9001867175102234,0.8655592799186707,0.09349367022514343,2.596559524536133,9.13884449005127,-1.9575765132904053,3131,965
2011_09_26_drive_0001_sync,0000000024,2,0.8346543312072754,28.34560775756836,8.343729019165039,-1.636770486831665,True,30,0.771329939365387,0.842502236366272,0.10345330834388733,28.3085880279541,8.437982559204102,-1.6579458713531494,3131,965
2011_09_26_drive_0001_sync,0000000024,3,0.9033861756324768,11.85690689086914,9.047317504882812,-1.7627280950546265,True,7,0.8925356864929199,0.9106476902961731,0.04953201860189438,11.898823738098145,9.024450302124023,-1.749556541442871,3131,965
2011_09_26_drive_0001_sync,0000000024,4,0.5315679311752319,38.26396560668945,7.997592449188232,-1.6862610578536987,True,33,0.3673395812511444,0.6391639709472656,0.26347798109054565,38.09581756591797,8.154284477233887,-1.5574414730072021,3131,965
2011_09_26_drive_0001_sync,0000000024,5,0.7008484601974487,23.402467727661133,8.597967147827148,-1.7674146890640259,True,38,0.7550642490386963,0.6570467352867126,0.265846312046051,23.5926570892334,8.763490676879883,-1.6831281185150146,3131,965
2011_09_26_drive_0001_sync,0000000025,0,0.37556737661361694,61.68048095703125,7.3458075523376465,-1.3050992488861084,True,90,0.34972769021987915,0.6849331259727478,0.2828693389892578,61.52913284301758,7.581541538238525,-1.2658779621124268,3176,920
2011_09_26_drive_0001_sync,0000000025,1,0.9058184623718262,10.6444091796875,9.05225658416748,-1.7552140951156616,True,58,0.900432288646698,0.9267452359199524,0.09630328416824341,10.73947811126709,9.03967571258545,-1.764042615890503,3176,920
2011_09_26_drive_0001_sync,0000000025,2,0.864067792892456,22.410371780395508,8.676079750061035,-1.7503939867019653,True,63,0.8388640880584717,0.8918660283088684,0.11720145493745804,22.298757553100586,8.69914436340332,-1.7777155637741089,3176,920
2011_09_26_drive_0001_sync,0000000025,3,0.46691280603408813,36.691741943359375,8.129785537719727,-1.6281347274780273,True,47,0.3841484487056732,0.7273284792900085,0.23015758395195007,36.8104133605957,8.324621200561523,-1.6586087942123413,3176,920
2011_09_26_drive_0001_sync,0000000025,4,0.8328258991241455,17.408458709716797,8.893648147583008,-1.6724975109100342,True,56,0.8534838557243347,0.8855477571487427,0.0951743796467781,17.488285064697266,8.923718452453613,-1.714707612991333,3176,920
2011_09_26_drive_0001_sync,0000000025,5,0.7150004506111145,27.017995834350586,8.496393203735352,-1.6490612030029297,True,70,0.700832188129425,0.8233677744865417,0.11639763414859772,27.079607009887695,8.398362159729004,-1.6371285915374756,3176,920
2011_09_26_drive_0001_sync,0000000025,6,0.8786308169364929,1.517756700515747,9.122010231018066,-1.9210811853408813,True,89,0.8635407090187073,0.864681601524353,0.030364030972123146,1.5338503122329712,9.147262573242188,-1.9160523414611816,3176,920
2011_09_26_drive_0001_sync,0000000026,0,0.6056365966796875,35.46985626220703,8.43964958190918,-1.6674351692199707,True,15,0.7054538130760193,0.5799643993377686,0.17539671063423157,35.578125,8.307266235351562,-1.6284924745559692,3210,886
2011_09_26_drive_0001_sync,0000000026,1,0.906434178352356,9.479975700378418,9.085128784179688,-1.7478501796722412,True,48,0.9098108410835266,0.9464750289916992,0.031433142721652985,9.509028434753418,9.080382347106934,-1.7588707208633423,3210,886
2011_09_26_drive_0001_sync,0000000026,2,0.8921126127243042,16.213674545288086,8.925041198730469,-1.6485011577606201,True,62,0.8816000819206238,0.8908461928367615,0.047495413571596146,16.222543716430664,8.87854290008545,-1.6523818969726562,3210,886
2011_09_26_drive_0001_sync,0000000026,3,0.8119379281997681,25.889699935913086,8.510740280151367,-1.5179829597473145,True,9,0.7670099139213562,0.8194763660430908,0.12425044924020767,25.795021057128906,8.43779182434082,-1.5519330501556396,3210,886
2011_09_26_drive_0001_sync,0000000026,4,0.8282240033149719,0.23841078579425812,9.079614639282227,-1.873967170715332,True,42,0.7983090281486511,0.8972824215888977,0.12376350164413452,0.3610043227672577,9.080995559692383,-1.8908882141113281,3210,886
2011_09_26_drive_0001_sync,0000000026,5,0.8405098915100098,21.24197006225586,8.759124755859375,-1.6420023441314697,True,39,0.847802996635437,0.9189156293869019,0.06477396935224533,21.18067169189453,8.763144493103027,-1.6214592456817627,3210,886
2011_09_26_drive_0001_sync,0000000027,0,0.8998187780380249,8.223522186279297,9.05410099029541,-1.746669888496399,True,32,0.9059443473815918,0.9371641278266907,0.03087599016726017,8.204000473022461,9.06668472290039,-1.7263258695602417,3197,899
2011_09_26_drive_0001_sync,0000000027,1,0.8075456619262695,24.85840606689453,8.59158706665039,-1.5582351684570312,True,95,0.8577759861946106,0.8154972195625305,0.17974671721458435,24.729124069213867,8.614411354064941,-1.6810117959976196,3197,899
2011_09_26_drive_0001_sync,0000000027,2,0.6956798434257507,34.384334564208984,8.388851165771484,-1.556262731552124,True,3,0.7099943161010742,0.8080224394798279,0.12291023135185242,34.422027587890625,8.505467414855957,-1.5469454526901245,3197,899
2011_09_26_drive_0001_sync,0000000027,3,0.8566336631774902,20.025476455688477,8.772499084472656,-1.7459006309509277,True,45,0.8886950612068176,0.901577889919281,0.03749791905283928,19.997371673583984,8.763745307922363,-1.722671627998352,3197,899
2011_09_26_drive_0001_sync,0000000027,4,0.8886417746543884,14.999092102050781,8.963309288024902,-1.6871592998504639,True,82,0.8893331289291382,0.9383127093315125,0.0247088260948658,14.986188888549805,8.946322441101074,-1.699628472328186,3197,899
2011_09_26_drive_0001_sync,0000000027,5,0.6773644685745239,-0.9201057553291321,9.1935396194458,-1.840448021888733,True,76,0.7304139733314514,0.8922354578971863,0.03427240625023842,-0.9142125844955444,9.161104202270508,-1.8498188257217407,3197,899
2011_09_26_drive_0001_sync,0000000028,0,0.6213377714157104,33.401790618896484,7.807181358337402,-1.5251719951629639,True,19,0.6077723503112793,0.8114243745803833,0.1495552510023117,33.326602935791016,7.924845218658447,-1.4716107845306396,3099,997
2011_09_26_drive_0001_sync,0000000028,1,0.8680734634399414,13.701139450073242,8.95487117767334,-1.7126989364624023,True,88,0.8938483595848083,0.9192779064178467,0.04532649368047714,13.730243682861328,8.95999526977539,-1.7470672130584717,3099,997
2011_09_26_drive_0001_sync,0000000028,2,0.9052483439445496,7.116588592529297,9.088231086730957,-1.780948519706726,True,17,0.8945754170417786,0.8979324102401733,0.008649437688291073,7.11181640625,9.089649200439453,-1.7880215644836426,3099,997
2011_09_26_drive_0001_sync,0000000028,3,0.8152648210525513,23.621387481689453,8.673014640808105,-1.6569557189941406,True,65,0.829974353313446,0.8744694590568542,0.0644955262541771,23.680471420288086,8.682011604309082,-1.6327108144760132,3099,997
2011_09_26_drive_0001_sync,0000000028,4,0.8887932300567627,18.766456604003906,8.78465747833252,-1.7288615703582764,True,56,0.8723980784416199,0.936582088470459,0.04272238165140152,18.740680694580078,8.818615913391113,-1.7260994911193848,3099,997
2011_09_26_drive_0001_sync,0000000029,0,0.9075254201889038,12.537088394165039,8.978428840637207,-1.7647790908813477,True,51,0.9112690687179565,0.911732017993927,0.03294341266155243,12.544875144958496,8.97903823852539,-1.7327749729156494,3142,954
2011_09_26_drive_0001_sync,0000000029,1,0.7604503035545349,32.19910430908203,8.37543773651123,-1.6916563510894775,True,20,0.7723554968833923,0.882169783115387,0.12042524665594101,32.09081268310547,8.358576774597168,-1.6417477130889893,3142,954
2011_09_26_drive_0001_sync,0000000029,2,0.896091878414154,17.49820327758789,8.848000526428223,-1.7742068767547607,True,65,0.8761669397354126,0.866715669631958,0.10022377967834473,17.577089309692383,8.908907890319824,-1.7636195421218872,3142,954
2011_09_26_drive_0001_sync,0000000029,3,0.7337769269943237,37.27389907836914,7.926211357116699,-1.471083641052246,True,46,0.7874660491943359,0.9153506755828857,0.04848361387848854,37.26057434082031,7.971776485443115,-1.4809290170669556,3142,954
2011_09_26_drive_0001_sync,0000000029,4,0.8431239128112793,22.362445831298828,8.689525604248047,-1.7329537868499756,True,62,0.814895510673523,0.9107964634895325,0.048830658197402954,22.315303802490234,8.698891639709473,-1.741575837135315,3142,954
2011_09_26_drive_0001_sync,0000000029,5,0.8921440839767456,5.890530586242676,9.060781478881836,-1.7731468677520752,True,23,0.9054948091506958,0.8726164102554321,0.07152234762907028,5.832991600036621,9.0935640335083,-1.8001656532287598,3142,954
2011_09_26_drive_0001_sync,0000000030,0,0.7291480898857117,21.14249038696289,8.790616035461426,-1.712674617767334,True,73,0.8628410696983337,0.8539659976959229,0.09109168499708176,21.215639114379883,8.743987083435059,-1.6848771572113037,3148,948
2011_09_26_drive_0001_sync,0000000030,1,0.8890081644058228,4.724606513977051,9.113856315612793,-1.8003710508346558,True,39,0.904136061668396,0.9242361783981323,0.059034205973148346,4.677367210388184,9.14393424987793,-1.8190473318099976,3148,948
2011_09_26_drive_0001_sync,0000000030,2,0.8231540322303772,30.913270950317383,8.37790584564209,-1.6084654331207275,True,11,0.8224454522132874,0.89405757188797,0.07059885561466217,30.893720626831055,8.349828720092773,-1.6702202558517456,3148,948
2011_09_26_drive_0001_sync,0000000030,3,0.9061863422393799,11.43010425567627,8.980152130126953,-1.7886003255844116,True,54,0.8966577649116516,0.9211898446083069,0.051153432577848434,11.382159233093262,8.962409973144531,-1.7903791666030884,3148,948
2011_09_26_drive_0001_sync,0000000030,4,0.7016343474388123,36.043724060058594,8.031603813171387,-1.525368332862854,True,24,0.6777765154838562,0.8942685723304749,0.08779088407754898,36.12677764892578,8.003365516662598,-1.528823733329773,3148,948
2011_09_26_drive_0001_sync,0000000030,5,0.8892045617103577,16.315237045288086,8.894668579101562,-1.7656140327453613,True,25,0.8992738127708435,0.9427689909934998,0.020495349541306496,16.320831298828125,8.881772994995117,-1.7805293798446655,3148,948
2011_09_26_drive_0001_sync,0000000031,0,0.9019511938095093,3.5406506061553955,9.124979972839355,-1.805206537246704,True,34,0.8933455944061279,0.9470707774162292,0.02769991010427475,3.5486292839050293,9.151423454284668,-1.8072965145111084,3130,966
2011_09_26_drive_0001_sync,0000000031,1,0.8952584266662598,10.14787769317627,9.031149864196777,-1.7667421102523804,True,76,0.9128429889678955,0.9525342583656311,0.020986108109354973,10.136479377746582,9.039172172546387,-1.78243088722229,3130,966
2011_09_26_drive_0001_sync,0000000031,2,0.6480209827423096,29.647594451904297,8.659404754638672,-1.6320536136627197,True,38,0.6329256296157837,0.8539351224899292,0.0977868139743805,29.61203956604004,8.57352066040039,-1.6016886234283447,3130,966
2011_09_26_drive_0001_sync,0000000031,3,0.4718523919582367,34.916263580322266,8.018330574035645,-1.5493735074996948,True,87,0.19385747611522675,0.8282829523086548,0.11916744709014893,34.9123420715332,8.1235990524292,-1.6050875186920166,3130,966
2011_09_26_drive_0001_sync,0000000031,4,0.8870148658752441,15.172760963439941,8.920722961425781,-1.7709252834320068,True,42,0.8923265337944031,0.9246383309364319,0.040130045264959335,15.155550003051758,8.951446533203125,-1.7901675701141357,3130,966
2011_09_26_drive_0001_sync,0000000031,5,0.8642827868461609,19.984355926513672,8.80190372467041,-1.7178597450256348,True,31,0.8730536699295044,0.9357917904853821,0.03290795162320137,19.9774169921875,8.78771686553955,-1.7467304468154907,3130,966
2011_09_26_drive_0001_sync,0000000032,0,0.8941128849983215,13.959248542785645,8.979430198669434,-1.829100489616394,True,94,0.8851056098937988,0.8688318133354187,0.08686783164739609,13.874675750732422,8.964200019836426,-1.8418089151382446,3120,976
2011_09_26_drive_0001_sync,0000000032,1,0.8180712461471558,28.65341567993164,8.518668174743652,-1.6863678693771362,True,59,0.7486832737922668,0.8592342734336853,0.051352910697460175,28.618667602539062,8.551238059997559,-1.667161226272583,3120,976
2011_09_26_drive_0001_sync,0000000032,2,0.9154388904571533,8.994121551513672,8.995706558227539,-1.7254384756088257,True,77,0.9081634879112244,0.9098290801048279,0.10623171180486679,9.007440567016602,8.988798141479492,-1.8306052684783936,3120,976
2011_09_26_drive_0001_sync,0000000032,3,0.4797726571559906,33.78765106201172,8.246269226074219,-1.6026816368103027,True,80,0.33433255553245544,0.7022302150726318,0.2152654081583023,33.87201690673828,8.44169807434082,-1.570600986480713,3120,976
2011_09_26_drive_0001_sync,0000000032,4,0.8832891583442688,18.66655921936035,8.84608268737793,-1.7826385498046875,True,54,0.8533565998077393,0.8933748602867126,0.15296222269535065,18.81125259399414,8.849528312683105,-1.733147144317627,3120,976
2011_09_26_drive_0001_sync,0000000032,5,0.9034703969955444,2.3442819118499756,9.121088027954102,-1.8685367107391357,True,70,0.8828391432762146,0.9453232288360596,0.03611777722835541,2.312528371810913,9.136780738830566,-1.8614695072174072,3120,976
2011_09_26_drive_0001_sync,0000000033,0,0.8708879947662354,17.50819969177246,8.884867668151855,-1.843083381652832,True,20,0.8837265372276306,0.8710911273956299,0.08381617814302444,17.47262191772461,8.938393592834473,-1.7892842292785645,3070,1026
2011_09_26_drive_0001_sync,0000000033,1,0.7080813646316528,27.134807586669922,8.375350952148438,-1.7248203754425049,True,48,0.7596701979637146,0.7085476517677307,0.10497397184371948,27.18086051940918,8.298746109008789,-1.669771671295166,3070,1026
2011_09_26_drive_0001_sync,0000000033,2,0.8714290857315063,1.3487420082092285,9.146758079528809,-1.8785459995269775,True,70,0.8303600549697876,0.8773884177207947,0.09372939169406891,1.2690703868865967,9.186129570007324,-1.8487547636032104,3070,1026
2011_09_26_drive_0001_sync,0000000033,3,0.9115492701530457,7.752573490142822,9.064159393310547,-1.843616008758545,True,84,0.8970553874969482,0.937995433807373,0.01860511302947998,7.761573314666748,9.075658798217773,-1.8320870399475098,3070,1026
2011_09_26_drive_0001_sync,0000000033,4,0.9016837477684021,12.765254020690918,8.974828720092773,-1.8596056699752808,True,33,0.9115113615989685,0.886344850063324,0.06062820181250572,12.803570747375488,9.018810272216797,-1.8761353492736816,3070,1026
2011_09_26_drive_0001_sync,0000000033,5,0.7355561256408691,32.41827392578125,8.27283763885498,-1.6984353065490723,True,83,0.7967258095741272,0.9358996748924255,0.021450713276863098,32.43891906738281,8.267303466796875,-1.6966230869293213,3070,1026
2011_09_26_drive_0001_sync,0000000034,0,0.8399276733398438,31.375720977783203,8.424206733703613,-1.5927207469940186,True,74,0.7937137484550476,0.897386372089386,0.06142333522439003,31.417682647705078,8.430331230163574,-1.5482850074768066,3128,968
2011_09_26_drive_0001_sync,0000000034,1,0.8500956892967224,16.36564826965332,8.98071002960205,-1.762239933013916,True,82,0.8509373664855957,0.9499346017837524,0.02526533231139183,16.381614685058594,8.96120548248291,-1.7639671564102173,3128,968
2011_09_26_drive_0001_sync,0000000034,2,0.9008262157440186,11.55466365814209,8.977810859680176,-1.8513762950897217,True,42,0.9012413024902344,0.8809773921966553,0.07604365050792694,11.566977500915527,9.024371147155762,-1.9102247953414917,3128,968
2011_09_26_drive_0001_sync,0000000034,3,0.8093528747558594,0.02884666621685028,9.051470756530762,-1.9151487350463867,True,29,0.8258740901947021,0.8192606568336487,0.10719068348407745,0.11918193101882935,9.10790729522705,-1.9271612167358398,3128,968
2011_09_26_drive_0001_sync,0000000034,4,0.8124865293502808,26.14527702331543,8.624226570129395,-1.7620413303375244,True,79,0.7774816751480103,0.7925830483436584,0.16415254771709442,26.199066162109375,8.511311531066895,-1.6557258367538452,3128,968
2011_09_26_drive_0001_sync,0000000034,5,0.9067692756652832,6.680848598480225,9.049782752990723,-1.8611912727355957,True,43,0.8946025967597961,0.8977401256561279,0.06588304042816162,6.667424201965332,9.089326858520508,-1.912148356437683,3128,968
2011_09_26_drive_0001_sync,0000000035,0,0.876209020614624,15.167250633239746,8.96015739440918,-1.8578741550445557,True,70,0.8569124341011047,0.9288901090621948,0.0795312449336052,15.148813247680664,8.967409133911133,-1.7808501720428467,3102,994
2011_09_26_drive_0001_sync,0000000035,1,0.6050096750259399,-1.0137137174606323,9.10219669342041,-1.8886712789535522,True,84,0.3271733522415161,0.8059735298156738,0.10997603088617325,-1.1134644746780396,9.140131950378418,-1.8621113300323486,3102,994
2011_09_26_drive_0001_sync,0000000035,2,0.7974801063537598,30.141576766967773,8.351699829101562,-1.5593581199645996,True,66,0.763533890247345,0.7969830632209778,0.13596151769161224,30.127696990966797,8.386937141418457,-1.6899384260177612,3102,994
2011_09_26_drive_0001_sync,0000000035,3,0.8488181829452515,24.928253173828125,8.707688331604004,-1.6206419467926025,True,87,0.8344862461090088,0.798114538192749,0.17754177749156952,25.098817825317383,8.717557907104492,-1.6689262390136719,3102,994
2011_09_26_drive_0001_sync,0000000035,4,0.8974958062171936,10.35317325592041,9.028554916381836,-1.8635419607162476,True,21,0.9004592299461365,0.8867056369781494,0.0667460709810257,10.406855583190918,9.039509773254395,-1.825420618057251,3102,994
2011_09_26_drive_0001_sync,0000000035,5,0.8952193260192871,5.498398303985596,9.103619575500488,-1.8694498538970947,True,58,0.8934832811355591,0.8870800137519836,0.057300835847854614,5.474903106689453,9.052376747131348,-1.8797228336334229,3102,994
2011_09_26_drive_0001_sync,0000000036,0,0.9097762107849121,4.316452503204346,9.048840522766113,-1.8818727731704712,True,71,0.9040597677230835,0.8883297443389893,0.04529848322272301,4.334124565124512,9.079062461853027,-1.9106179475784302,3136,960
2011_09_26_drive_0001_sync,0000000036,1,0.768688440322876,29.143381118774414,8.48201847076416,-1.6226965188980103,True,23,0.6200347542762756,0.7894949316978455,0.33498406410217285,28.811763763427734,8.529369354248047,-1.6241614818572998,3136,960
2011_09_26_drive_0001_sync,0000000036,2,0.859057605266571,14.013650894165039,9.012331008911133,-1.7723983526229858,True,85,0.8679794073104858,0.8883761763572693,0.10188782215118408,13.994479179382324,9.015228271484375,-1.8724242448806763,3136,960
2011_09_26_drive_0001_sync,0000000036,3,0.8619626760482788,23.780338287353516,8.736324310302734,-1.7050199508666992,True,12,0.8708701729774475,0.9141284823417664,0.05545913055539131,23.760889053344727,8.706534385681152,-1.662475824356079,3136,960
2011_09_26_drive_0001_sync,0000000036,4,0.9002386331558228,9.183053970336914,9.071861267089844,-1.8329523801803589,True,67,0.9079084992408752,0.8963515758514404,0.09808330982923508,9.275189399719238,9.040003776550293,-1.822158932685852,3136,960
2011_09_26_drive_0001_sync,0000000037,0,0.9087076187133789,3.164259910583496,9.07949161529541,-1.9333486557006836,True,85,0.9012656211853027,0.8996990323066711,0.07059531658887863,3.13132381439209,9.041489601135254,-1.883803129196167,3122,974
2011_09_26_drive_0001_sync,0000000037,1,0.7949478030204773,27.77332305908203,8.569607734680176,-1.614743947982788,True,72,0.867155909538269,0.9334828853607178,0.06040192395448685,27.72268295288086,8.562118530273438,-1.6468045711517334,3122,974
2011_09_26_drive_0001_sync,0000000037,2,0.9045982360839844,12.80115795135498,9.048049926757812,-1.8816254138946533,True,24,0.8794825077056885,0.9211847186088562,0.05136162042617798,12.838022232055664,9.032154083251953,-1.8495885133743286,3122,974
2011_09_26_drive_0001_sync,0000000037,3,0.8588482737541199,22.476463317871094,8.79444408416748,-1.6934728622436523,True,48,0.848141074180603,0.9244045615196228,0.060240406543016434,22.52530860900879,8.829560279846191,-1.6966187953948975,3122,974
2011_09_26_drive_0001_sync,0000000037,4,0.7669693827629089,47.34116744995117,8.204967498779297,-1.4102195501327515,True,41,0.7668328881263733,0.8718649744987488,0.1329127550125122,47.20906448364258,8.192475318908691,-1.4025676250457764,3122,974
2011_09_26_drive_0001_sync,0000000037,5,0.906964898109436,8.043741226196289,9.041690826416016,-1.8895800113677979,True,47,0.9018831253051758,0.9343401789665222,0.05438445508480072,8.028562545776367,9.049957275390625,-1.838015079498291,3122,974
2011_09_26_drive_0001_sync,0000000038,0,0.8244218826293945,26.850725173950195,8.662936210632324,-1.6256816387176514,True,35,0.8396339416503906,0.8709951043128967,0.08770160377025604,26.76809310913086,8.637537956237793,-1.6109018325805664,3046,1050
2011_09_26_drive_0001_sync,0000000038,1,0.8782946467399597,21.51178741455078,8.81641674041748,-1.7103911638259888,True,42,0.8914113640785217,0.8880545496940613,0.10333607345819473,21.422922134399414,8.798057556152344,-1.7598304748535156,3046,1050
2011_09_26_drive_0001_sync,0000000038,2,0.8955324292182922,2.0502798557281494,9.108277320861816,-1.922368049621582,True,52,0.9037459492683411,0.9305976033210754,0.029881644994020462,2.0598013401031494,9.124249458312988,-1.9457591772079468,3046,1050
2011_09_26_drive_0001_sync,0000000038,3,0.8904364109039307,11.639107704162598,9.076369285583496,-1.9162585735321045,True,82,0.9064411520957947,0.9523037075996399,0.03273032233119011,11.62588882446289,9.049365043640137,-1.9291932582855225,3046,1050
2011_09_26_drive_0001_sync,0000000038,4,0.6368713974952698,45.94643783569336,8.433761596679688,-1.3866841793060303,True,73,0.6424255967140198,0.9717458486557007,0.007954129949212074,45.93941116333008,8.434868812561035,-1.3831249475479126,3046,1050
2011_09_26_drive_0001_sync,0000000038,5,0.907010555267334,6.9244489669799805,9.101061820983887,-1.9256911277770996,True,69,0.8979791402816772,0.8936596512794495,0.06724268198013306,6.872591495513916,9.080004692077637,-1.962960124015808,3046,1050
2011_09_26_drive_0001_sync,0000000039,0,0.8670065402984619,20.363924026489258,8.897318840026855,-1.762406826019287,True,44,0.8868700265884399,0.8767550587654114,0.04421689733862877,20.326889038085938,8.893667221069336,-1.7862858772277832,3080,1016
2011_09_26_drive_0001_sync,0000000039,1,0.8436340689659119,0.8881576061248779,9.055811882019043,-1.9020229578018188,True,25,0.8224968910217285,0.8895175457000732,0.09430845081806183,0.8638544082641602,9.102717399597168,-1.823899269104004,3080,1016
2011_09_26_drive_0001_sync,0000000039,2,0.8587870001792908,25.3803653717041,8.715127944946289,-1.6943929195404053,True,75,0.8326631188392639,0.8615148663520813,0.13495317101478577,25.512039184570312,8.69742488861084,-1.7180776596069336,3080,1016
2011_09_26_drive_0001_sync,0000000039,3,0.9064297080039978,5.725467205047607,9.061971664428711,-1.9587278366088867,True,16,0.9056428074836731,0.8921271562576294,0.0757439061999321,5.755470275878906,9.088805198669434,-2.022891044616699,3080,1016
2011_09_26_drive_0001_sync,0000000039,4,0.8889098763465881,10.436372756958008,9.067694664001465,-1.9715690612792969,True,24,0.8909160494804382,0.9013544917106628,0.03132221847772598,10.42805004119873,9.09273910522461,-1.9546992778778076,3080,1016
2011_09_26_drive_0001_sync,0000000040,0,0.9004875421524048,4.617408752441406,9.068188667297363,-1.9961432218551636,True,30,0.9041668772697449,0.8845146894454956,0.06659748405218124,4.588933944702148,9.125670433044434,-1.9782475233078003,3080,1016
2011_09_26_drive_0001_sync,0000000040,1,0.8538200855255127,24.244230270385742,8.77512264251709,-1.7063417434692383,True,60,0.8780580759048462,0.8930920362472534,0.026332462206482887,24.25727653503418,8.75227165222168,-1.7073545455932617,3080,1016
2011_09_26_drive_0001_sync,0000000040,2,0.90008544921875,9.29563045501709,9.083470344543457,-1.9443042278289795,True,79,0.8966054320335388,0.9287662506103516,0.037561655044555664,9.258448600769043,9.088787078857422,-1.943957805633545,3080,1016
2011_09_26_drive_0001_sync,0000000040,3,0.8962387442588806,19.085634231567383,8.961525917053223,-1.7992725372314453,True,54,0.8921282887458801,0.9007036089897156,0.06394170969724655,19.03023910522461,8.934898376464844,-1.8169047832489014,3080,1016
2011_09_26_drive_0001_sync,0000000040,4,0.5680381059646606,43.63554000854492,8.331356048583984,-1.5381215810775757,True,27,0.578089714050293,0.8940193057060242,0.05806732550263405,43.64742660522461,8.279956817626953,-1.5138596296310425,3080,1016
2011_09_26_drive_0001_sync,0000000040,5,0.6253875494003296,-0.40607383847236633,9.085668563842773,-2.004584789276123,True,81,0.7161550521850586,0.908089816570282,0.06380406767129898,-0.46891701221466064,9.086363792419434,-1.9935752153396606,3080,1016
2011_09_26_drive_0001_sync,0000000041,0,0.5460977554321289,42.67695236206055,8.906265258789062,-1.498508334159851,True,30,0.38710343837738037,0.6292745471000671,0.13797517120838165,42.66252899169922,8.794304847717285,-1.5778429508209229,3165,931
2011_09_26_drive_0001_sync,0000000041,1,0.8891583681106567,3.4816291332244873,9.146812438964844,-1.9416929483413696,True,49,0.9010840654373169,0.9214560389518738,0.03378177061676979,3.476928949356079,9.129047393798828,-1.9700393676757812,3165,931
2011_09_26_drive_0001_sync,0000000041,2,0.8907479643821716,8.161042213439941,9.11630916595459,-2.0475192070007324,True,72,0.8977904915809631,0.9190008044242859,0.06970706582069397,8.182881355285645,9.142277717590332,-1.9866278171539307,3165,931
2011_09_26_drive_0001_sync,0000000041,3,0.8634566068649292,23.117813110351562,8.811582565307617,-1.7177226543426514,True,82,0.8693839311599731,0.8745914101600647,0.05747414007782936,23.140090942382812,8.8588228225708,-1.6937365531921387,3165,931
2011_09_26_drive_0001_sync,0000000041,4,0.5291761755943298,-1.29929518699646,9.089662551879883,-1.9260542392730713,True,15,0.5051449537277222,0.7307089567184448,0.23959878087043762,-1.4484126567840576,8.912720680236816,-1.988208293914795,3165,931
2011_09_26_drive_0001_sync,0000000041,5,0.9022513628005981,17.913787841796875,8.936175346374512,-1.823465347290039,True,9,0.8596471548080444,0.8859131336212158,0.04640468955039978,17.912166595458984,8.978289604187012,-1.8428858518600464,3165,931
2011_09_26_drive_0001_sync,0000000042,0,0.8877796530723572,22.094728469848633,8.886992454528809,-1.731921672821045,True,61,0.8992236852645874,0.8982303142547607,0.02617841586470604,22.088985443115234,8.911761283874512,-1.7381532192230225,3135,961
2011_09_26_drive_0001_sync,0000000042,1,0.9021898508071899,7.075962066650391,9.121788024902344,-2.009244680404663,True,15,0.8801758885383606,0.9047988653182983,0.07239643484354019,7.029272556304932,9.077897071838379,-1.9755561351776123,3135,961
2011_09_26_drive_0001_sync,0000000042,2,0.8964487314224243,2.337759256362915,9.16987419128418,-1.970260500907898,True,33,0.9054101705551147,0.8950139880180359,0.04917745292186737,2.320800542831421,9.125919342041016,-1.9843599796295166,3135,961
2011_09_26_drive_0001_sync,0000000042,3,0.9036280512809753,16.748510360717773,8.949454307556152,-1.835716962814331,True,47,0.8957245945930481,0.8984888792037964,0.046005405485630035,16.710214614868164,8.958287239074707,-1.8118022680282593,3135,961
2011_09_26_drive_0001_sync,0000000043,0,0.8819504976272583,5.844696521759033,9.123696327209473,-2.024221181869507,True,40,0.877215564250946,0.9048327803611755,0.05149412155151367,5.861410617828369,9.168577194213867,-2.0431418418884277,3097,999
2011_09_26_drive_0001_sync,0000000043,1,0.8721076250076294,1.293623924255371,9.085822105407715,-2.0071396827697754,True,28,0.8839603662490845,0.8762335777282715,0.07243049889802933,1.2513893842697144,9.143084526062012,-2.020683526992798,3097,999
2011_09_26_drive_0001_sync,0000000043,2,0.9060468077659607,15.625703811645508,9.020005226135254,-1.8213388919830322,True,41,0.9033885598182678,0.9155980944633484,0.07585901767015457,15.567848205566406,9.006111145019531,-1.7742828130722046,3097,999
2011_09_26_drive_0001_sync,0000000043,3,0.8762698769569397,20.77707290649414,8.958634376525879,-1.6978116035461426,True,15,0.8973544239997864,0.9167627096176147,0.07315297424793243,20.815574645996094,8.976517677307129,-1.7573864459991455,3097,999
2011_09_26_drive_0001_sync,0000000043,4,0.6389278173446655,40.30331039428711,8.803377151489258,-1.534005880355835,True,94,0.5931138396263123,0.8036827445030212,0.11651673913002014,40.32876205444336,8.8916654586792,-1.4623571634292603,3097,999
2011_09_26_drive_0001_sync,0000000044,0,0.8697770237922668,19.61631965637207,8.939647674560547,-1.7332149744033813,True,50,0.8720492720603943,0.8120031356811523,0.13807760179042816,19.744186401367188,8.988865852355957,-1.7503348588943481,3140,956
2011_09_26_drive_0001_sync,0000000044,1,0.5958212614059448,39.114803314208984,8.997735023498535,-1.633273959159851,True,91,0.66005939245224,0.8903820514678955,0.09887245297431946,39.03582000732422,9.057096481323242,-1.6295839548110962,3140,956
2011_09_26_drive_0001_sync,0000000044,2,0.9003068208694458,4.812468528747559,9.15758991241455,-2.042233467102051,True,62,0.8937927484512329,0.9652252197265625,0.032170508056879044,4.784395217895508,9.154305458068848,-2.026869773864746,3140,956
2011_09_26_drive_0001_sync,0000000044,3,0.7663215398788452,-0.21047115325927734,9.069512367248535,-2.051083564758301,True,82,0.7587648034095764,0.8820369839668274,0.1544792801141739,-0.3626733720302582,9.095925331115723,-2.0502538681030273,3140,956
2011_09_26_drive_0001_sync,0000000044,4,0.8944202065467834,14.429021835327148,9.042881965637207,-1.8208699226379395,True,54,0.8847278356552124,0.9189008474349976,0.02421926148235798,14.451944351196289,9.03688907623291,-1.8258914947509766,3140,956
2011_09_26_drive_0001_sync,0000000045,0,0.7622801065444946,38.00645446777344,8.924736976623535,-1.4885754585266113,True,88,0.7460236549377441,0.7611002922058105,0.20264679193496704,38.11750411987305,8.76541519165039,-1.5464569330215454,3145,951
2011_09_26_drive_0001_sync,0000000045,1,0.705011785030365,-1.1679203510284424,9.100194931030273,-2.084420680999756,True,95,0.5551942586898804,0.7684417366981506,0.2141599953174591,-1.342944860458374,8.977398872375488,-2.072089672088623,3145,951
2011_09_26_drive_0001_sync,0000000045,2,0.8717603087425232,18.435258865356445,9.030985832214355,-1.7545297145843506,True,78,0.9029986262321472,0.9460070729255676,0.023452240973711014,18.456571578979492,9.02178955078125,-1.757876992225647,3145,951
2011_09_26_drive_0001_sync,0000000045,3,0.8985481858253479,13.26819133758545,9.07892894744873,-1.8452787399291992,True,36,0.9072268009185791,0.9297178387641907,0.06123027205467224,13.207178115844727,9.078237533569336,-1.8401743173599243,3145,951
2011_09_26_drive_0001_sync,0000000045,4,0.8964447379112244,3.6592025756835938,9.230635643005371,-2.0848305225372314,True,25,0.8874126672744751,0.8767306804656982,0.09613790363073349,3.6967062950134277,9.187252044677734,-2.007669448852539,3145,951
2011_09_26_drive_0001_sync,0000000046,0,0.8257735967636108,37.09547805786133,8.945463180541992,-1.4561454057693481,True,39,0.8715654015541077,0.8913394212722778,0.04753156006336212,37.099674224853516,8.98835277557373,-1.476198434829712,3135,961
2011_09_26_drive_0001_sync,0000000046,1,0.9004623293876648,17.266279220581055,9.03179931640625,-1.7811167240142822,True,54,0.9000930786132812,0.9218975901603699,0.048788562417030334,17.284353256225586,9.076879501342773,-1.7857459783554077,3135,961
2011_09_26_drive_0001_sync,0000000046,2,0.8864955902099609,2.5156452655792236,9.218480110168457,-2.057131767272949,True,66,0.8854131698608398,0.9042147397994995,0.0479583740234375,2.508713960647583,9.211721420288086,-2.104102849960327,3135,961
2011_09_26_drive_0001_sync,0000000046,3,0.9012420773506165,12.118046760559082,9.126595497131348,-1.8883424997329712,True,96,0.9102019667625427,0.9428890347480774,0.01479296199977398,12.117828369140625,9.114113807678223,-1.8804057836532593,3135,961
2011_09_26_drive_0001_sync,0000000047,0,0.9008200168609619,16.14048957824707,9.089401245117188,-1.7688639163970947,True,48,0.9010891318321228,0.9286550283432007,0.07677751779556274,16.215627670288086,9.086727142333984,-1.7533106803894043,3098,998
2011_09_26_drive_0001_sync,0000000047,1,0.8666406273841858,35.84867858886719,9.107324600219727,-1.5166562795639038,True,89,0.876349151134491,0.9281057119369507,0.06595861911773682,35.82820510864258,9.135353088378906,-1.572743535041809,3098,998
2011_09_26_drive_0001_sync,0000000047,2,0.872397780418396,1.647858738899231,9.22797966003418,-2.017354965209961,True,24,0.8490490317344666,0.8687447905540466,0.15472544729709625,1.512736439704895,9.181330680847168,-1.9581451416015625,3098,998
2011_09_26_drive_0001_sync,0000000047,3,0.9175514578819275,11.022866249084473,9.132827758789062,-1.8643425703048706,True,77,0.9138792157173157,0.9093267917633057,0.038917284458875656,11.041117668151855,9.155522346496582,-1.8901572227478027,3098,998
2011_09_26_drive_0001_sync,0000000048,0,0.9038461446762085,9.860392570495605,9.128908157348633,-1.8597192764282227,True,48,0.9118171334266663,0.9318323135375977,0.03504972532391548,9.881732940673828,9.14462947845459,-1.8826520442962646,3130,966
2011_09_26_drive_0001_sync,0000000048,1,0.8243013024330139,0.3909861743450165,9.233595848083496,-2.0033082962036133,True,29,0.8497346639633179,0.8725218772888184,0.07681147754192352,0.4444512128829956,9.207895278930664,-2.0521035194396973,3130,966
2011_09_26_drive_0001_sync,0000000048,2,0.8965522050857544,14.992137908935547,9.113641738891602,-1.779547929763794,True,34,0.9015690684318542,0.933197557926178,0.046027619391679764,15.033592224121094,9.132367134094238,-1.7725164890289307,3130,966
2011_09_26_drive_0001_sync,0000000048,3,0.8447450995445251,34.8882942199707,9.245733261108398,-1.578119158744812,True,10,0.8545762896537781,0.8916924595832825,0.07313760370016098,34.90728759765625,9.177838325500488,-1.5975778102874756,3130,966
2011_09_26_drive_0001_sync,0000000049,0,0.6280216574668884,33.374629974365234,9.209213256835938,-1.5382542610168457,True,81,0.5446200966835022,0.9244478344917297,0.05379540100693703,33.42623519897461,9.224130630493164,-1.5353702306747437,3149,947
2011_09_26_drive_0001_sync,0000000049,1,0.9036896824836731,13.91970443725586,9.201353073120117,-1.7802692651748657,True,65,0.8938145637512207,0.8794692754745483,0.043047912418842316,13.896141052246094,9.17570972442627,-1.805573582649231,3149,947
2011_09_26_drive_0001_sync,0000000049,2,0.7641041874885559,-0.6733934283256531,9.288000106811523,-1.944884181022644,True,82,0.7713881134986877,0.867925226688385,0.05944383516907692,-0.6509946584701538,9.261341094970703,-1.8967057466506958,3149,947
2011_09_26_drive_0001_sync,0000000049,3,0.9054749608039856,8.752083778381348,9.157526969909668,-1.8303583860397339,True,98,0.9145973324775696,0.912238359451294,0.0537751168012619,8.753913879394531,9.189866065979004,-1.873283863067627,3149,947
2011_09_26_drive_0001_sync,0000000050,0,0.9142599105834961,7.6400580406188965,9.192606925964355,-1.9262933731079102,True,60,0.9015198349952698,0.8924778699874878,0.05149146541953087,7.630179405212402,9.176851272583008,-1.87827730178833,3135,961
2011_09_26_drive_0001_sync,0000000050,1,0.80426424741745,32.30841827392578,9.326199531555176,-1.584475040435791,True,43,0.8428496718406677,0.8374696373939514,0.17044129967689514,32.460262298583984,9.333300590515137,-1.661567211151123,3135,961
2011_09_26_drive_0001_sync,0000000050,2,0.905149519443512,12.853129386901855,9.1656494140625,-1.8231573104858398,True,65,0.8980252146720886,0.893470287322998,0.05192948505282402,12.826711654663086,9.209351539611816,-1.8137286901474,3135,961
2011_09_26_drive_0001_sync,0000000050,3,0.35787683725357056,-1.0372426509857178,9.834736824035645,-1.8665289878845215,True,24,0.3849509656429291,0.5930690765380859,0.08038749545812607,-1.1174521446228027,9.839956283569336,-1.8676884174346924,3135,961
2011_09_26_drive_0001_sync,0000000051,0,0.8964568972587585,11.738131523132324,9.230141639709473,-1.855211853981018,True,57,0.8916161060333252,0.9277921915054321,0.045237865298986435,11.694314002990723,9.222740173339844,-1.8467438220977783,3153,943
2011_09_26_drive_0001_sync,0000000051,1,0.9090075492858887,6.586572647094727,9.217517852783203,-1.9239630699157715,True,70,0.9135873913764954,0.9091145396232605,0.0431331992149353,6.604207992553711,9.199594497680664,-1.888917088508606,3153,943
2011_09_26_drive_0001_sync,0000000051,2,0.8287360668182373,31.372112274169922,9.338032722473145,-1.8293718099594116,True,86,0.8436406850814819,0.867462694644928,0.10508956015110016,31.297073364257812,9.377222061157227,-1.7671048641204834,3153,943
2011_09_26_drive_0001_sync,0000000052,0,0.914984405040741,5.5143723487854,9.157026290893555,-1.9216339588165283,True,38,0.9118409752845764,0.9076054692268372,0.0389891192317009,5.531053066253662,9.149418830871582,-1.8872241973876953,3159,937
2011_09_26_drive_0001_sync,0000000052,1,0.8464169502258301,30.21225357055664,9.322344779968262,-1.6763739585876465,True,27,0.8593946695327759,0.9190518260002136,0.12049641460180283,30.093313217163086,9.32379150390625,-1.6571259498596191,3159,937
2011_09_26_drive_0001_sync,0000000052,2,0.9071730375289917,10.65883731842041,9.240006446838379,-1.9135407209396362,True,47,0.8990842700004578,0.9034308195114136,0.05902143940329552,10.684814453125,9.20999813079834,-1.8698575496673584,3159,937
2011_09_26_drive_0001_sync,0000000053,0,0.903807520866394,4.488681316375732,9.233823776245117,-1.884312391281128,True,25,0.9105821847915649,0.9192473292350769,0.04789365828037262,4.456516742706299,9.21052074432373,-1.9110745191574097,3161,935
2011_09_26_drive_0001_sync,0000000053,1,0.910976231098175,9.541885375976562,9.211845397949219,-1.8617496490478516,True,75,0.892512857913971,0.925288736820221,0.049223292618989944,9.50838565826416,9.245895385742188,-1.8498626947402954,3161,935
2011_09_26_drive_0001_sync,0000000053,2,0.8613358736038208,29.300983428955078,9.385068893432617,-1.7013604640960693,True,60,0.8636059761047363,0.907565712928772,0.07398731261491776,29.357784271240234,9.341973304748535,-1.7211229801177979,3161,935
2011_09_26_drive_0001_sync,0000000054,0,0.9111545085906982,3.430689811706543,9.19635009765625,-1.9473750591278076,True,68,0.9119823575019836,0.9492474794387817,0.037364985793828964,3.4256339073181152,9.199431419372559,-1.9104821681976318,3255,841
2011_09_26_drive_0001_sync,0000000054,1,0.9109610915184021,8.49651050567627,9.15225601196289,-1.8291016817092896,True,67,0.9081439971923828,0.9023336172103882,0.06571248918771744,8.509979248046875,9.206868171691895,-1.8630757331848145,3255,841
2011_09_26_drive_0001_sync,0000000054,2,0.8356567025184631,28.506961822509766,9.417540550231934,-1.6524628400802612,True,55,0.8227983117103577,0.9190449714660645,0.0647478774189949,28.47766876220703,9.424491882324219,-1.7097854614257812,3255,841
2011_09_26_drive_0001_sync,0000000055,0,0.8564607501029968,27.233579635620117,9.424944877624512,-1.6386151313781738,True,85,0.8649659156799316,0.927586555480957,0.028544630855321884,27.20670509338379,9.41739273071289,-1.6445749998092651,3216,880
2011_09_26_drive_0001_sync,0000000055,1,0.8887864351272583,2.388291358947754,9.179069519042969,-1.9087378978729248,True,26,0.9062759280204773,0.9114463329315186,0.05711767449975014,2.415062189102173,9.180913925170898,-1.9591596126556396,3216,880
2011_09_26_drive_0001_sync,0000000055,2,0.9080626368522644,7.4940314292907715,9.218331336975098,-1.8796327114105225,True,78,0.8986155986785889,0.9268171191215515,0.042249828577041626,7.46853494644165,9.251886367797852,-1.882638931274414,3216,880
2011_09_26_drive_0001_sync,0000000056,0,0.3706871271133423,45.47428512573242,-11.954107284545898,-1.0315358638763428,True,80,0.36096012592315674,0.7217463254928589,0.1709713488817215,45.56230163574219,-11.893084526062012,-0.8982672691345215,3155,941
2011_09_26_drive_0001_sync,0000000056,1,0.9113080501556396,6.459867000579834,9.200512886047363,-1.9275450706481934,True,71,0.9111292958259583,0.9114768505096436,0.05335058644413948,6.487118244171143,9.21218204498291,-1.8831887245178223,3155,941
2011_09_26_drive_0001_sync,0000000056,2,0.8897775411605835,26.153764724731445,9.459900856018066,-1.6470271348953247,True,41,0.8671041131019592,0.9034138917922974,0.07835106551647186,26.094097137451172,9.484947204589844,-1.6912012100219727,3155,941
2011_09_26_drive_0001_sync,0000000056,3,0.8785464763641357,1.5575299263000488,9.107563018798828,-1.9141809940338135,True,97,0.8787453174591064,0.8707791566848755,0.09474437683820724,1.4806029796600342,9.162538528442383,-1.9202171564102173,3155,941
2011_09_26_drive_0001_sync,0000000057,0,0.8411973118782043,0.4119855761528015,9.1767578125,-1.9363949298858643,True,41,0.8342148065567017,0.8653936386108398,0.1564258635044098,0.2591090500354767,9.195162773132324,-1.9639462232589722,3140,956
2011_09_26_drive_0001_sync,0000000057,1,0.9177190065383911,5.394093036651611,9.226278305053711,-1.8966922760009766,True,55,0.9161054491996765,0.8828790187835693,0.033925388008356094,5.417814254760742,9.20979118347168,-1.914480209350586,3140,956
2011_09_26_drive_0001_sync,0000000057,2,0.8765889406204224,25.074960708618164,9.502306938171387,-1.7142302989959717,True,87,0.8727392554283142,0.9327378869056702,0.0602300651371479,25.123645782470703,9.470549583435059,-1.6984539031982422,3140,956
2011_09_26_drive_0001_sync,0000000058,0,0.697681725025177,-0.6757441163063049,9.191102027893066,-1.9752960205078125,False,,,0.0,,,,,3174,922
2011_09_26_drive_0001_sync,0000000058,1,0.9021124243736267,4.442362308502197,9.217598915100098,-1.8828580379486084,True,81,0.9030071496963501,0.9454999566078186,0.009233352728188038,4.440911769866943,9.208521842956543,-1.8819876909255981,3174,922
2011_09_26_drive_0001_sync,0000000058,2,0.8718886375427246,23.97138023376465,9.510247230529785,-1.7668628692626953,True,61,0.8497774004936218,0.8619029521942139,0.14602512121200562,24.109777450561523,9.509827613830566,-1.7202863693237305,3174,922
2011_09_26_drive_0001_sync,0000000059,0,0.3671036660671234,-1.5292177200317383,9.082571983337402,-1.9794634580612183,True,26,0.6140844225883484,0.6358418464660645,0.278108149766922,-1.5454442501068115,9.3428316116333,-1.882789969444275,3193,903
2011_09_26_drive_0001_sync,0000000059,1,0.8677517175674438,23.14080810546875,9.523805618286133,-1.714964509010315,True,91,0.8468719720840454,0.906091570854187,0.06775953620672226,23.17027473449707,9.581233978271484,-1.735581398010254,3193,903
2011_09_26_drive_0001_sync,0000000059,2,0.9173738956451416,3.4496865272521973,9.195798873901367,-1.9387887716293335,True,90,0.9129899144172668,0.8722063899040222,0.08718684315681458,3.422260284423828,9.238356590270996,-1.8678085803985596,3193,903
2011_09_26_drive_0001_sync,0000000060,0,0.8930270671844482,21.7906494140625,9.516304016113281,-1.7308536767959595,True,99,0.8935978412628174,0.9037434458732605,0.06277681887149811,21.831439971923828,9.472403526306152,-1.7121505737304688,3184,912
2011_09_26_drive_0001_sync,0000000060,1,0.9012059569358826,2.4574239253997803,9.23166561126709,-1.9194622039794922,True,17,0.8987273573875427,0.9008880257606506,0.06237351894378662,2.498408794403076,9.185582160949707,-1.910134196281433,3184,912
2011_09_26_drive_0001_sync,0000000061,0,0.8666449785232544,1.5717966556549072,9.245345115661621,-1.9403491020202637,True,56,0.888884961605072,0.8157955408096313,0.09534343332052231,1.5994693040847778,9.157426834106445,-1.9159570932388306,3153,943
2011_09_26_drive_0001_sync,0000000061,1,0.899491012096405,21.109220504760742,9.474910736083984,-1.72029709815979,True,57,0.8863974809646606,0.8730973601341248,0.07671945542097092,21.08972930908203,9.520941734313965,-1.6620981693267822,3153,943
2011_09_26_drive_0001_sync,0000000062,0,0.8900249600410461,20.10314178466797,9.504715919494629,-1.685877799987793,True,54,0.8956345319747925,0.8581237196922302,0.13038119673728943,20.206180572509766,9.524752616882324,-1.7632133960723877,3168,928
2011_09_26_drive_0001_sync,0000000062,1,0.8588225245475769,0.5912390947341919,9.233421325683594,-1.9164832830429077,True,79,0.8506864309310913,0.9106990098953247,0.05007152631878853,0.5607260465621948,9.251254081726074,-1.9519530534744263,3168,928
2011_09_26_drive_0001_sync,0000000063,0,0.6585201025009155,-0.33805108070373535,9.283219337463379,-1.9306899309158325,True,79,0.8115330934524536,0.8941782712936401,0.08968807011842728,-0.25999197363853455,9.263931274414062,-1.9704227447509766,3149,947
2011_09_26_drive_0001_sync,0000000063,1,0.8914538025856018,18.96952247619629,9.499381065368652,-1.736719012260437,True,44,0.8949811458587646,0.8855644464492798,0.06074007600545883,19.01938247680664,9.523786544799805,-1.7613707780838013,3149,947
2011_09_26_drive_0001_sync,0000000064,0,0.6630853414535522,-1.0166414976119995,9.092794418334961,-1.9375133514404297,True,74,0.7045501470565796,0.7634797692298889,0.15515032410621643,-1.0017311573028564,8.938711166381836,-1.9478890895843506,3186,910
2011_09_26_drive_0001_sync,0000000064,1,0.9076899290084839,18.054414749145508,9.538315773010254,-1.7582948207855225,True,25,0.8839713335037231,0.8802476525306702,0.08329018950462341,18.034835815429688,9.49442195892334,-1.8263187408447266,3186,910
2011_09_26_drive_0001_sync,0000000065,0,0.8925394415855408,17.232181549072266,9.549300193786621,-1.7808302640914917,True,29,0.836298406124115,0.871101438999176,0.10659047216176987,17.298616409301758,9.518397331237793,-1.703416109085083,3166,930
2011_09_26_drive_0001_sync,0000000066,0,0.8780264258384705,16.11742401123047,9.492987632751465,-1.7867742776870728,True,90,0.9063252210617065,0.8845831751823425,0.1360510140657425,16.247169494628906,9.484100341796875,-1.8267368078231812,3115,981
2011_09_26_drive_0001_sync,0000000067,0,0.9025452136993408,15.43411922454834,9.49966812133789,-1.8034851551055908,True,87,0.8903900980949402,0.9328827857971191,0.048196617513895035,15.396529197692871,9.504526138305664,-1.8332560062408447,3124,972
2011_09_26_drive_0001_sync,0000000068,0,0.9017735719680786,14.403996467590332,9.491911888122559,-1.8444523811340332,True,45,0.8893681168556213,0.9188751578330994,0.020998459309339523,14.388883590698242,9.493735313415527,-1.8589165210723877,3158,938
2011_09_26_drive_0001_sync,0000000069,0,0.904056191444397,13.469292640686035,9.46820068359375,-1.8695122003555298,True,87,0.9024068713188171,0.9235879778862,0.06592720001935959,13.519623756408691,9.491011619567871,-1.8335561752319336,3176,920
2011_09_26_drive_0001_sync,0000000069,1,0.4998031556606293,22.123620986938477,28.511550903320312,-0.5539484024047852,True,79,0.029718492180109024,0.7074312567710876,0.21495282649993896,22.005414962768555,28.456928253173828,-0.7249701023101807,3176,920
2011_09_26_drive_0001_sync,0000000070,0,0.893022358417511,12.545572280883789,9.471221923828125,-1.877045750617981,True,55,0.8870104551315308,0.910470724105835,0.0893399715423584,12.631622314453125,9.466135025024414,-1.8535692691802979,3135,961
2011_09_26_drive_0001_sync,0000000071,0,0.903901219367981,11.73798656463623,9.449507713317871,-1.823304533958435,True,77,0.9013095498085022,0.9250378012657166,0.0401642881333828,11.715389251708984,9.418268203735352,-1.834557294845581,3252,844
2011_09_26_drive_0001_sync,0000000072,0,0.8818773627281189,10.920430183410645,9.478275299072266,-1.8073835372924805,True,10,0.8920571208000183,0.8660182952880859,0.12187386304140091,10.81110954284668,9.447731018066406,-1.8517601490020752,3323,773
2011_09_26_drive_0001_sync,0000000073,0,0.9007914662361145,9.879875183105469,9.405194282531738,-1.8066728115081787,True,89,0.9094024300575256,0.9081437587738037,0.08759649097919464,9.801971435546875,9.44122314453125,-1.8241677284240723,3251,845
2011_09_26_drive_0001_sync,0000000074,0,0.9006938934326172,9.061392784118652,9.472966194152832,-1.7700303792953491,True,27,0.9069368243217468,0.929751992225647,0.035278357565402985,9.071151733398438,9.439432144165039,-1.7750096321105957,3320,776
2011_09_26_drive_0001_sync,0000000075,0,0.8700760006904602,8.268497467041016,9.420619010925293,-1.7822391986846924,True,73,0.8885623812675476,0.9326729774475098,0.047397155314683914,8.292984008789062,9.397126197814941,-1.7491486072540283,3157,939
2011_09_26_drive_0001_sync,0000000076,0,0.9058364629745483,7.32354736328125,9.435288429260254,-1.7717560529708862,True,95,0.9047715067863464,0.9199949502944946,0.05561623349785805,7.350273609161377,9.386544227600098,-1.7734519243240356,3206,890
2011_09_26_drive_0001_sync,0000000077,0,0.8987618088722229,6.546729564666748,9.425271987915039,-1.7806124687194824,True,66,0.9038957357406616,0.9612105488777161,0.013978264294564724,6.558119773864746,9.421544075012207,-1.787806749343872,3291,805
2011_09_26_drive_0001_sync,0000000078,0,0.8941082954406738,5.715087413787842,9.370924949645996,-1.7497260570526123,True,73,0.8978336453437805,0.9220538139343262,0.0671921893954277,5.77152156829834,9.405357360839844,-1.761742115020752,3222,874
2011_09_26_drive_0001_sync,0000000079,0,0.8994852304458618,4.808257579803467,9.36402702331543,-1.7900054454803467,True,53,0.8988329768180847,0.9320359230041504,0.02132337912917137,4.823147773742676,9.374855041503906,-1.8007628917694092,3281,815
2011_09_26_drive_0001_sync,0000000080,0,0.8940393924713135,4.111004829406738,9.388514518737793,-1.8384732007980347,True,92,0.8754058480262756,0.9109961986541748,0.05364476889371872,4.0768513679504395,9.429203987121582,-1.8310120105743408,3159,937
2011_09_26_drive_0001_sync,0000000081,0,0.8920150995254517,3.242110252380371,9.368185997009277,-1.8135756254196167,True,90,0.8933358192443848,0.9164934754371643,0.07457505166530609,3.174257755279541,9.39846134185791,-1.8199694156646729,3156,940
2011_09_26_drive_0001_sync,0000000082,0,0.8878170847892761,2.483327627182007,9.41571044921875,-1.8454079627990723,True,93,0.8818603754043579,0.8615140318870544,0.10105156898498535,2.4212217330932617,9.34154224395752,-1.8161957263946533,3150,946
2011_09_26_drive_0001_sync,0000000083,0,0.8735731244087219,1.8137974739074707,9.380890846252441,-1.8468589782714844,True,73,0.8790903687477112,0.9446703791618347,0.04097653180360794,1.8513883352279663,9.38591194152832,-1.8623764514923096,3084,1012
2011_09_26_drive_0001_sync,0000000084,0,0.8223465085029602,0.9723833799362183,9.354769706726074,-1.8948371410369873,True,71,0.823875904083252,0.8932753801345825,0.09643266350030899,1.0500544309616089,9.382298469543457,-1.8447508811950684,3150,946
2011_09_26_drive_0001_sync,0000000085,0,0.8063274025917053,0.3011792302131653,9.380735397338867,-1.8945648670196533,True,61,0.7619412541389465,0.8639408946037292,0.1321043074131012,0.4112594723701477,9.307808876037598,-1.8906140327453613,3143,953
2011_09_26_drive_0001_sync,0000000086,0,0.7679184675216675,-0.3042960464954376,9.46016788482666,-1.8261386156082153,True,95,0.7161353826522827,0.8246880769729614,0.18770085275173187,-0.4762318432331085,9.411771774291992,-1.8838231563568115,3240,856
2011_09_26_drive_0001_sync,0000000087,0,0.5986217260360718,-0.9462572932243347,9.333369255065918,-1.8554327487945557,False,,,0.0,,,,,3346,750
2011_09_26_drive_0001_sync,0000000088,0,0.6334334015846252,-0.6899517774581909,10.33568286895752,-1.9668240547180176,True,68,0.5844174027442932,0.7031458020210266,0.21709053218364716,-0.8981784582138062,10.343941688537598,-1.9059821367263794,3318,778
2011_09_26_drive_0001_sync,0000000090,0,0.5305270552635193,42.799522399902344,19.715341567993164,-1.5389587879180908,True,68,0.5533787608146667,0.9661645889282227,0.024998342618346214,42.804039001464844,19.699810028076172,-1.5198986530303955,3134,962
2011_09_26_drive_0001_sync,0000000092,0,0.34968963265419006,24.889665603637695,18.369386672973633,-1.5187232494354248,True,4,0.3334778845310211,0.9145178198814392,0.05935874581336975,24.929546356201172,18.41155433654785,-1.5311681032180786,3336,760
2011_09_26_drive_0001_sync,0000000094,0,0.5170676112174988,38.797576904296875,20.9543514251709,-1.66777765750885,True,34,0.38088852167129517,0.6007845997810364,0.6761316657066345,38.60663604736328,21.602855682373047,-1.656036138534546,3356,740
2011_09_26_drive_0001_sync,0000000095,0,0.7396226525306702,22.758432388305664,18.724679946899414,-1.6628942489624023,True,12,0.6767674088478088,0.8555724620819092,0.14548535645008087,22.7569522857666,18.581298828125,-1.6382842063903809,3340,756
2011_09_26_drive_0001_sync,0000000096,0,0.4014555513858795,21.995718002319336,18.10512924194336,-1.668652892112732,True,35,0.6876515746116638,0.9110252857208252,0.09020966291427612,21.98886489868164,18.194807052612305,-1.6756319999694824,3404,692
2011_09_26_drive_0001_sync,0000000096,1,0.34738659858703613,30.23908805847168,-10.963373184204102,-0.924634575843811,True,81,0.11740642040967941,0.550866961479187,0.40445685386657715,30.158231735229492,-11.35815143585205,-0.8900264501571655,3404,692
2011_09_26_drive_0001_sync,0000000097,0,0.3469507396221161,55.88396072387695,2.7690489292144775,-0.5433515310287476,True,38,0.10681939870119095,0.5897929668426514,0.38146284222602844,55.7270393371582,3.1166296005249023,-0.534562885761261,3321,775
2011_09_26_drive_0001_sync,0000000097,1,0.37250128388404846,37.06025314331055,21.259563446044922,-1.6531703472137451,False,,,0.0,,,,,3321,775
2011_09_26_drive_0001_sync,0000000097,2,0.6149263978004456,21.610340118408203,19.57908821105957,-1.578294038772583,True,91,0.6516391634941101,0.8114836812019348,0.11197665333747864,21.619237899780273,19.519895553588867,-1.672929286956787,3321,775
2011_09_26_drive_0001_sync,0000000098,0,0.3571062684059143,30.307586669921875,19.07965850830078,-1.4321926832199097,False,,,0.0,,,,,3250,846
2011_09_26_drive_0001_sync,0000000098,1,0.6121445298194885,20.748611450195312,18.552949905395508,-1.6762484312057495,True,39,0.5740891695022583,0.8079622387886047,0.14327222108840942,20.699798583984375,18.67267417907715,-1.61452054977417,3250,846
2011_09_26_drive_0001_sync,0000000100,0,0.43519553542137146,35.071102142333984,21.420307159423828,-1.6250925064086914,True,44,0.1546773761510849,0.6573463082313538,0.47284868359565735,35.15814208984375,20.95797348022461,-1.577579379081726,3384,712
2011_09_26_drive_0001_sync,0000000101,0,0.4563993811607361,34.36448287963867,21.288677215576172,-1.7965281009674072,True,33,0.6201649308204651,0.911529541015625,0.04612196981906891,34.34934616088867,21.33104133605957,-1.7863596677780151,3260,836
2011_09_26_drive_0001_sync,0000000101,1,0.6232807040214539,18.948333740234375,18.553085327148438,-1.5525838136672974,True,71,0.7324042320251465,0.806228518486023,0.08489671349525452,18.989700317382812,18.57840347290039,-1.6222634315490723,3260,836
2011_09_26_drive_0001_sync,0000000101,2,0.37869760394096375,37.789794921875,21.210660934448242,-1.8419491052627563,True,90,0.26232144236564636,0.9127370119094849,0.03827734664082527,37.78601837158203,21.179656982421875,-1.8198211193084717,3260,836
2011_09_26_drive_0001_sync,0000000102,0,0.38178113102912903,33.842464447021484,21.549283981323242,-1.7491538524627686,True,47,0.5187863707542419,0.7769214510917664,0.2211560159921646,33.74126434326172,21.74137306213379,-1.7912288904190063,3154,942
2011_09_26_drive_0001_sync,0000000102,1,0.8275871872901917,18.577009201049805,19.1362361907959,-1.7967933416366577,True,25,0.8216160535812378,0.8793691396713257,0.08856488764286041,18.558828353881836,19.060394287109375,-1.8387600183486938,3154,942
2011_09_26_drive_0001_sync,0000000102,2,0.41297176480293274,28.033327102661133,19.268129348754883,-1.460235357284546,True,94,0.20713835954666138,0.6673208475112915,0.2930353581905365,27.860858917236328,19.500181198120117,-1.4125239849090576,3154,942
2011_09_26_drive_0001_sync,0000000103,0,0.5690292716026306,33.216033935546875,21.206594467163086,-1.6712689399719238,True,71,0.6994883418083191,0.8822842836380005,0.10001932829618454,33.190277099609375,21.110260009765625,-1.6635149717330933,3334,762
2011_09_26_drive_0001_sync,0000000103,1,0.7838708758354187,17.82614517211914,18.414457321166992,-1.8612619638442993,True,68,0.7119580507278442,0.7828493118286133,0.17541031539440155,17.899137496948242,18.32061767578125,-1.7322851419448853,3334,762
2011_09_26_drive_0001_sync,0000000103,2,0.45137542486190796,18.01988983154297,23.097476959228516,-1.7714143991470337,True,86,0.45039093494415283,0.6391334533691406,0.26206475496292114,18.20213508605957,23.193458557128906,-1.9334394931793213,3334,762
2011_09_26_drive_0001_sync,0000000104,0,0.6224254369735718,17.30156898498535,18.217529296875,-1.8353526592254639,False,,,0.0,,,,,3260,836
2011_09_26_drive_0001_sync,0000000104,1,0.529475748538971,32.69759750366211,21.429584503173828,-1.8491090536117554,True,46,0.6025931239128113,0.8592817187309265,0.18931390345096588,32.692535400390625,21.61724281311035,-1.8735730648040771,3260,836
2011_09_26_drive_0001_sync,0000000105,0,0.6298730969429016,16.885059356689453,18.697843551635742,-1.8547431230545044,True,49,0.7038328647613525,0.8161687850952148,0.12567965686321259,16.817712783813477,18.612018585205078,-1.9171441793441772,3238,858
2011_09_26_drive_0001_sync,0000000105,1,0.5075963139533997,32.32004928588867,21.172691345214844,-2.0089492797851562,True,77,0.6262503266334534,0.7876685857772827,0.10975861549377441,32.31214141845703,21.113252639770508,-1.9170174598693848,3238,858
2011_09_26_drive_0001_sync,0000000106,0,0.6694458723068237,16.689828872680664,23.47626304626465,-2.2220683097839355,True,25,0.6650237441062927,0.96598219871521,0.015557738021016121,16.684734344482422,23.488954544067383,-2.214651107788086,3204,892
2011_09_26_drive_0001_sync,0000000106,1,0.8011106848716736,31.918920516967773,21.153270721435547,-1.8794220685958862,True,87,0.7784268260002136,0.8813579678535461,0.07341821491718292,31.905603408813477,21.19918441772461,-1.935142993927002,3204,892
2011_09_26_drive_0001_sync,0000000107,0,0.8172234892845154,15.888162612915039,18.33519744873047,-1.850144863128662,True,82,0.6919118762016296,0.8467243909835815,0.19730925559997559,15.917206764221191,18.52965545654297,-1.8336081504821777,3200,896
2011_09_26_drive_0001_sync,0000000107,1,0.32496944069862366,25.469650268554688,19.372577667236328,-1.7176843881607056,True,77,0.03879772126674652,0.5530256032943726,0.38177114725112915,25.538429260253906,19.143369674682617,-1.4202245473861694,3200,896
2011_09_26_drive_0001_sync,0000000107,2,0.8130810856819153,31.311262130737305,21.251018524169922,-1.7956364154815674,True,40,0.7445835471153259,0.8703405261039734,0.13389894366264343,31.302736282348633,21.11797523498535,-1.7831577062606812,3200,896
2011_09_26_drive_0015_sync,0000000000,0,0.655053973197937,-0.046039313077926636,20.246484756469727,-1.5375303030014038,True,15,0.655053973197937,1.0,0.0,-0.046039313077926636,20.246484756469727,-1.5375303030014038,0,0
2011_09_26_drive_0015_sync,0000000000,1,0.472648561000824,58.28073501586914,21.99199867248535,-1.0357682704925537,True,21,0.472648561000824,1.0000003576278687,0.0,58.28073501586914,21.99199867248535,-1.0357682704925537,0,0
2011_09_26_drive_0015_sync,0000000000,2,0.7660248875617981,34.86838150024414,0.7608113288879395,-1.3951808214187622,True,43,0.7660248875617981,0.9999998211860657,0.0,34.86838150024414,0.7608113288879395,-1.3951808214187622,0,0
2011_09_26_drive_0015_sync,0000000001,0,0.6884819269180298,45.12940979003906,21.746688842773438,-1.2616543769836426,True,72,0.533280611038208,0.6849865317344666,0.22954155504703522,45.20354461669922,21.548826217651367,-1.1719675064086914,3107,989
2011_09_26_drive_0015_sync,0000000001,1,0.7849335670471191,34.82948303222656,1.046748399734497,-1.28787100315094,True,13,0.7796124219894409,0.8115952610969543,0.14860767126083374,34.75885009765625,0.9882144331932068,-1.1709564924240112,3107,989
2011_09_26_drive_0015_sync,0000000002,0,0.6338295936584473,43.4648551940918,21.336423873901367,-1.1806588172912598,True,45,0.4835980534553528,0.7900872230529785,0.16190394759178162,43.6180419921875,21.285552978515625,-1.1932622194290161,3078,1018
2011_09_26_drive_0015_sync,0000000002,1,0.759935200214386,34.677486419677734,0.7519519925117493,-1.2196747064590454,True,29,0.758505642414093,0.9224123358726501,0.043760232627391815,34.64768981933594,0.7350378632545471,-1.2468966245651245,3078,1018
2011_09_26_drive_0015_sync,0000000003,0,0.5868952870368958,34.23267364501953,1.4268025159835815,-1.3843152523040771,True,48,0.4550100862979889,0.5470112562179565,0.3643089830875397,34.31031799316406,1.0884766578674316,-1.2737349271774292,3028,1068
2011_09_26_drive_0015_sync,0000000003,1,0.5511292219161987,41.74303436279297,21.34820556640625,-1.0448799133300781,True,11,0.3733579218387604,0.7341905832290649,0.1893535852432251,41.69673538208008,21.5085391998291,-0.9554131031036377,3028,1068
2011_09_26_drive_0015_sync,0000000004,0,0.8433029055595398,34.288726806640625,0.825455904006958,-1.3340141773223877,True,52,0.8635097742080688,0.8655024766921997,0.10820518434047699,34.22924041748047,0.882116436958313,-1.2635917663574219,3069,1027
2011_09_26_drive_0015_sync,0000000004,1,0.46441853046417236,39.801177978515625,20.771121978759766,-0.9812794327735901,True,12,0.16669057309627533,0.6891239285469055,0.16523738205432892,39.86224365234375,20.879989624023438,-1.0895485877990723,3069,1027
2011_09_26_drive_0015_sync,0000000005,0,0.7116112112998962,34.080955505371094,1.0424607992172241,-1.1703221797943115,True,32,0.7707382440567017,0.9540687799453735,0.03141696751117706,34.05392074584961,1.0285110473632812,-1.178167700767517,3091,1005
2011_09_26_drive_0015_sync,0000000005,1,0.5085361003875732,38.16363525390625,21.142404556274414,-0.9194226861000061,True,28,0.5020298957824707,0.8507242202758789,0.07855923473834991,38.21466827392578,21.16848373413086,-0.9731540679931641,3091,1005
2011_09_26_drive_0015_sync,0000000006,0,0.7458359003067017,36.54681396484375,21.01606559753418,-0.9430270195007324,True,67,0.7518669366836548,0.8534835577011108,0.07156915217638016,36.48630905151367,21.044757843017578,-0.9177672863006592,3039,1057
2011_09_26_drive_0015_sync,0000000006,1,0.6015454530715942,33.82966232299805,0.9640790224075317,-1.2916077375411987,True,60,0.7716885805130005,0.795893132686615,0.1458946019411087,33.91931915283203,1.0487761497497559,-1.3695390224456787,3039,1057
2011_09_26_drive_0015_sync,0000000007,0,0.8187979459762573,34.53889083862305,20.961963653564453,-1.0029473304748535,True,87,0.7744480967521667,0.8643803596496582,0.11105158925056458,34.625057220458984,21.01534652709961,-1.0483133792877197,3039,1057
2011_09_26_drive_0015_sync,0000000007,1,0.7035010457038879,33.570980072021484,0.7174394130706787,-1.3618255853652954,True,46,0.7324829697608948,0.5809245109558105,0.314873605966568,33.634063720703125,0.9972991347312927,-1.2320396900177002,3039,1057
2011_09_26_drive_0015_sync,0000000008,0,0.7114179730415344,32.921268463134766,21.08793067932129,-1.1003568172454834,True,46,0.8268122673034668,0.7108445167541504,0.1843370497226715,32.90571975708008,20.90768051147461,-1.065026044845581,3014,1082
2011_09_26_drive_0015_sync,0000000008,1,0.6250283718109131,33.69796371459961,0.6261382699012756,-1.4565224647521973,True,84,0.6138672828674316,0.7039260864257812,0.26386427879333496,33.58230972290039,0.856927752494812,-1.4018898010253906,3014,1082
2011_09_26_drive_0015_sync,0000000009,0,0.8577496409416199,33.56551742553711,0.7515817880630493,-1.4286839962005615,True,79,0.8263943195343018,0.8947287201881409,0.05091521516442299,33.527748107910156,0.7591132521629333,-1.3953806161880493,2981,1115
2011_09_26_drive_0015_sync,0000000009,1,0.8224025368690491,31.280378341674805,20.874120712280273,-1.1503456830978394,True,86,0.7921597957611084,0.7767693996429443,0.14634262025356293,31.37785530090332,20.9820499420166,-1.1666455268859863,2981,1115
2011_09_26_drive_0015_sync,0000000010,0,0.844814121723175,29.392242431640625,20.808521270751953,-1.1914088726043701,True,93,0.840269923210144,0.9266627430915833,0.049935776740312576,29.409067153930664,20.852134704589844,-1.1738481521606445,3073,1023
2011_09_26_drive_0015_sync,0000000010,1,0.5937371253967285,32.892730712890625,1.2041877508163452,-1.3789827823638916,True,61,0.4579911530017853,0.8220402002334595,0.11667867004871368,32.954593658447266,1.1392730474472046,-1.4536350965499878,3073,1023
2011_09_26_drive_0015_sync,0000000011,0,0.6721574068069458,38.62773513793945,20.983928680419922,-1.1217048168182373,True,36,0.49454817175865173,0.8067263960838318,0.182716503739357,38.778968811035156,21.0483455657959,-1.201480507850647,3026,1070
2011_09_26_drive_0015_sync,0000000011,1,0.824633777141571,27.506580352783203,20.815519332885742,-1.24884033203125,True,70,0.7856436371803284,0.7716779708862305,0.23882107436656952,27.733104705810547,20.784242630004883,-1.1799637079238892,3026,1070
2011_09_26_drive_0015_sync,0000000011,2,0.7834930419921875,33.016563415527344,0.6793001294136047,-1.597267985343933,True,95,0.770331621170044,0.843902051448822,0.11304209381341934,32.97458267211914,0.7820681929588318,-1.5759406089782715,3026,1070
2011_09_26_drive_0015_sync,0000000012,0,0.7858502268791199,32.863704681396484,0.9316951036453247,-1.4963215589523315,True,59,0.7846096158027649,0.9677065014839172,0.01621566154062748,32.85330581665039,0.9393652081489563,-1.4865245819091797,3020,1076
2011_09_26_drive_0015_sync,0000000012,1,0.8755165934562683,25.92474937438965,20.757186889648438,-1.2095921039581299,True,90,0.8102275133132935,0.8544520735740662,0.09366588294506073,25.897798538208008,20.75039291381836,-1.1201449632644653,3020,1076
2011_09_26_drive_0015_sync,0000000013,0,0.8420956134796143,24.255887985229492,20.767026901245117,-1.1663357019424438,True,48,0.8703946471214294,0.9502764344215393,0.02254979871213436,24.27322006225586,20.772613525390625,-1.1530359983444214,3050,1046
2011_09_26_drive_0015_sync,0000000013,1,0.8133508563041687,32.68110656738281,1.0343353748321533,-1.5722401142120361,True,86,0.7736391425132751,0.8681579828262329,0.08572355657815933,32.67945098876953,1.1144251823425293,-1.5417211055755615,3050,1046
2011_09_26_drive_0015_sync,0000000013,2,0.7422938346862793,35.04800033569336,20.796653747558594,-1.2064001560211182,True,66,0.7899413108825684,0.9625359773635864,0.022357042878866196,35.052650451660156,20.77540397644043,-1.2115635871887207,3050,1046
2011_09_26_drive_0015_sync,0000000014,0,0.7620669603347778,32.52259826660156,0.6746954917907715,-1.638458490371704,False,,,0.0,,,,,3057,1039
2011_09_26_drive_0015_sync,0000000014,1,0.8746992349624634,22.389240264892578,20.643795013427734,-1.1457544565200806,True,96,0.8383572697639465,0.8642473220825195,0.1514996737241745,22.470783233642578,20.66407012939453,-1.2718172073364258,3057,1039
2011_09_26_drive_0015_sync,0000000014,2,0.7495563626289368,33.263946533203125,20.738107681274414,-1.091665267944336,True,84,0.8339657783508301,0.8893749713897705,0.055989861488342285,33.252708435058594,20.71912384033203,-1.1431257724761963,3057,1039
2011_09_26_drive_0015_sync,0000000015,0,0.8713106513023376,32.548179626464844,0.74274080991745,-1.445476770401001,True,26,0.8758385181427002,0.8415341377258301,0.0956789180636406,32.50148010253906,0.6710025072097778,-1.4882228374481201,3043,1053
2011_09_26_drive_0015_sync,0000000015,1,0.7050748467445374,31.754709243774414,20.672245025634766,-1.079369068145752,True,75,0.7225483655929565,0.8309805989265442,0.08939764648675919,31.75595474243164,20.75472068786621,-1.1138386726379395,3043,1053
2011_09_26_drive_0015_sync,0000000015,2,0.8356386423110962,20.800457000732422,20.674081802368164,-1.1670312881469727,True,50,0.8469569683074951,0.8643506765365601,0.12456319481134415,20.693490982055664,20.625102996826172,-1.207962155342102,3043,1053
2011_09_26_drive_0015_sync,0000000016,0,0.7898465394973755,32.175418853759766,0.5585997700691223,-1.4368221759796143,True,21,0.7815424799919128,0.6588320136070251,0.2455984503030777,32.14518737792969,0.7759870886802673,-1.3266068696975708,3029,1067
2011_09_26_drive_0015_sync,0000000016,1,0.8366408348083496,29.75904655456543,20.679187774658203,-1.113690733909607,True,86,0.857932448387146,0.8031715750694275,0.10557317733764648,29.657636642456055,20.66657066345215,-1.1401960849761963,3029,1067
2011_09_26_drive_0015_sync,0000000016,2,0.8452094197273254,18.90251922607422,20.619672775268555,-1.222122311592102,True,42,0.8082761168479919,0.8796753883361816,0.08121427893638611,18.89561653137207,20.69341468811035,-1.1888020038604736,3029,1067
2011_09_26_drive_0015_sync,0000000017,0,0.7354289293289185,32.16176986694336,0.775603175163269,-1.4868862628936768,True,63,0.7671040892601013,0.7101669907569885,0.2044171690940857,32.118408203125,0.9099432229995728,-1.3390387296676636,3052,1044
2011_09_26_drive_0015_sync,0000000017,1,0.8551102876663208,27.85394859313965,20.694610595703125,-1.0936884880065918,True,61,0.8467127084732056,0.8740754723548889,0.07305408269166946,27.884057998657227,20.66663932800293,-1.0332903861999512,3052,1044
2011_09_26_drive_0015_sync,0000000017,2,0.855139434337616,17.201719284057617,20.707765579223633,-1.2310806512832642,True,80,0.8642198443412781,0.8772697448730469,0.07533860206604004,17.22970199584961,20.653806686401367,-1.1865687370300293,3052,1044
2011_09_26_drive_0015_sync,0000000018,0,0.7318810820579529,31.686046600341797,1.2261079549789429,-1.309135913848877,True,29,0.5735998153686523,0.8382551074028015,0.1422150880098343,31.578027725219727,1.1399348974227905,-1.2755017280578613,3028,1068
2011_09_26_drive_0015_sync,0000000018,1,0.8563287258148193,15.468324661254883,20.634122848510742,-1.2894794940948486,True,48,0.8582580089569092,0.9656527042388916,0.01147092692553997,15.459856986999512,20.63173484802246,-1.2821189165115356,3028,1068
2011_09_26_drive_0015_sync,0000000018,2,0.7999171614646912,26.21168327331543,20.71099281311035,-1.0914828777313232,True,75,0.8481450080871582,0.8412125706672668,0.1009197011590004,26.13861656188965,20.65846824645996,-1.1371688842773438,3028,1068
2011_09_26_drive_0015_sync,0000000019,0,0.8665531277656555,13.77263355255127,20.665800094604492,-1.2414155006408691,True,53,0.8932067155838013,0.9118126034736633,0.07005219161510468,13.77754020690918,20.652164459228516,-1.172878623008728,3009,1087
2011_09_26_drive_0015_sync,0000000019,1,0.810555100440979,31.738431930541992,0.6931362152099609,-1.3325369358062744,True,28,0.7583930492401123,0.7560503482818604,0.17073655128479004,31.824743270874023,0.8081299662590027,-1.4246116876602173,3009,1087
2011_09_26_drive_0015_sync,0000000019,2,0.8352674841880798,24.512548446655273,20.635011672973633,-1.143465280532837,True,61,0.8672375082969666,0.8134506940841675,0.15167877078056335,24.616283416748047,20.736698150634766,-1.099814772605896,3009,1087
2011_09_26_drive_0015_sync,0000000020,0,0.8226158618927002,23.012889862060547,20.649274826049805,-1.0579708814620972,True,98,0.8154167532920837,0.7580796480178833,0.2770901322364807,22.763273239135742,20.658843994140625,-1.1778830289840698,3019,1077
2011_09_26_drive_0015_sync,0000000020,1,0.8844268321990967,12.004423141479492,20.669654846191406,-1.3121836185455322,True,15,0.8741767406463623,0.9076530933380127,0.06286502629518509,11.95024585723877,20.681047439575195,-1.3419668674468994,3019,1077
2011_09_26_drive_0015_sync,0000000020,2,0.5755925178527832,31.419095993041992,0.6820844411849976,-1.3574130535125732,True,39,0.5890302658081055,0.8313292860984802,0.10313165932893753,31.40442657470703,0.6356502771377563,-1.4483240842819214,3019,1077
2011_09_26_drive_0015_sync,0000000020,3,0.35647162795066833,53.490318298339844,21.788606643676758,-1.0326952934265137,True,96,0.3717557191848755,0.8605502247810364,0.06446949392557144,53.472232818603516,21.821941375732422,-0.9805606007575989,3019,1077
2011_09_26_drive_0015_sync,0000000021,0,0.7569814324378967,21.03311538696289,20.680477142333984,-1.278053641319275,True,66,0.6798497438430786,0.9030459523200989,0.04999030753970146,21.015596389770508,20.63373374938965,-1.2753758430480957,3038,1058
2011_09_26_drive_0015_sync,0000000021,1,0.8343874216079712,31.381298065185547,0.8599916696548462,-1.4250222444534302,True,32,0.8526100516319275,0.8878483176231384,0.0791013166308403,31.326904296875,0.8623614311218262,-1.3676400184631348,3038,1058
2011_09_26_drive_0015_sync,0000000021,2,0.890131413936615,10.238516807556152,20.640138626098633,-1.3886300325393677,True,48,0.8872595429420471,0.8943997025489807,0.046764396131038666,10.277440071105957,20.643714904785156,-1.414302945137024,3038,1058
2011_09_26_drive_0015_sync,0000000022,0,0.8378022909164429,8.55482292175293,20.531307220458984,-1.4542198181152344,True,79,0.8926831483840942,0.8499953746795654,0.10236378759145737,8.58809757232666,20.623321533203125,-1.4241447448730469,3022,1074
2011_09_26_drive_0015_sync,0000000022,1,0.8659382462501526,31.233760833740234,0.8198530077934265,-1.3942012786865234,True,46,0.85789555311203,0.7633113265037537,0.18090274930000305,31.293956756591797,0.975064218044281,-1.4649949073791504,3022,1074
2011_09_26_drive_0015_sync,0000000022,2,0.7856561541557312,19.521018981933594,20.592308044433594,-1.2841591835021973,True,56,0.8290680050849915,0.8295075297355652,0.11528970301151276,19.414596557617188,20.62434196472168,-1.2535028457641602,3022,1074
2011_09_26_drive_0015_sync,0000000023,0,0.8049298524856567,30.86515235900879,0.8551138639450073,-1.3427340984344482,True,98,0.8456529378890991,0.8407072424888611,0.070530965924263,30.90029525756836,0.8041309714317322,-1.3765029907226562,3074,1022
2011_09_26_drive_0015_sync,0000000023,1,0.882045567035675,17.518238067626953,20.619510650634766,-1.231885313987732,True,91,0.8775356411933899,0.8180890083312988,0.17733946442604065,17.64258575439453,20.651668548583984,-1.3541669845581055,3074,1022
2011_09_26_drive_0015_sync,0000000023,2,0.901118278503418,6.843949794769287,20.685571670532227,-1.4477674961090088,True,72,0.8877849578857422,0.9114229679107666,0.0420164130628109,6.828798770904541,20.66932487487793,-1.4121042490005493,3074,1022
2011_09_26_drive_0015_sync,0000000024,0,0.7714287042617798,30.447011947631836,0.7334897518157959,-1.2521588802337646,True,42,0.8092436194419861,0.7568999528884888,0.13867978751659393,30.419612884521484,0.7050928473472595,-1.3851062059402466,3044,1052
2011_09_26_drive_0015_sync,0000000024,1,0.42026767134666443,46.680931091308594,21.675186157226562,-0.8725442886352539,True,46,0.3257771134376526,0.8574432730674744,0.08983387053012848,46.7205924987793,21.68198013305664,-0.952862024307251,3044,1052
2011_09_26_drive_0015_sync,0000000024,2,0.8712557554244995,15.873208999633789,20.567047119140625,-1.2817308902740479,True,27,0.8721894025802612,0.8725894689559937,0.06652523577213287,15.877650260925293,20.588451385498047,-1.2188998460769653,3044,1052
2011_09_26_drive_0015_sync,0000000024,3,0.8929166197776794,5.242316246032715,20.64352035522461,-1.3744547367095947,True,99,0.8725880980491638,0.8581898212432861,0.1181616559624672,5.264643669128418,20.61854362487793,-1.4877676963806152,3044,1052
2011_09_26_drive_0015_sync,0000000025,0,0.37772896885871887,30.006288528442383,0.6345855593681335,-1.280696153640747,True,21,0.527928352355957,0.8091825246810913,0.20144276320934296,30.18422508239746,0.7289810180664062,-1.2780005931854248,3046,1050
2011_09_26_drive_0015_sync,0000000025,1,0.8457795977592468,3.570220470428467,20.607688903808594,-1.4331114292144775,True,79,0.8529701232910156,0.8241924047470093,0.11450204998254776,3.651934862136841,20.65178871154785,-1.500109076499939,3046,1050
2011_09_26_drive_0015_sync,0000000025,2,0.8839951157569885,14.292923927307129,20.572067260742188,-1.336326003074646,True,34,0.8879275918006897,0.8858243227005005,0.08196981996297836,14.216635704040527,20.59661293029785,-1.3535500764846802,3046,1050
2011_09_26_drive_0015_sync,0000000026,0,0.8474887609481812,30.366256713867188,0.6094616651535034,-1.318730354309082,True,61,0.8321345448493958,0.8206671476364136,0.14028458297252655,30.265945434570312,0.7045076489448547,-1.342889666557312,3036,1060
2011_09_26_drive_0015_sync,0000000026,1,0.8486256003379822,1.985752820968628,20.615394592285156,-1.4900530576705933,True,84,0.8703484535217285,0.8907859921455383,0.08669355511665344,1.9441633224487305,20.691450119018555,-1.4913350343704224,3036,1060
2011_09_26_drive_0015_sync,0000000026,2,0.8894522190093994,12.60722541809082,20.563846588134766,-1.4020841121673584,True,98,0.8953531980514526,0.8666091561317444,0.12638363242149353,12.71675968170166,20.615739822387695,-1.4378913640975952,3036,1060
2011_09_26_drive_0015_sync,0000000027,0,0.8616333603858948,11.008584022521973,20.55085563659668,-1.3478094339370728,True,64,0.9014729857444763,0.9429718852043152,0.040975797921419144,10.969058990478516,20.5590763092041,-1.3548243045806885,3039,1057
2011_09_26_drive_0015_sync,0000000027,1,0.6217015385627747,30.101457595825195,0.8161308765411377,-1.3777827024459839,True,6,0.739235520362854,0.873600959777832,0.045909732580184937,30.085542678833008,0.8229807615280151,-1.3352680206298828,3039,1057
2011_09_26_drive_0015_sync,0000000027,2,0.620962917804718,0.24941828846931458,20.552722930908203,-1.4796085357666016,True,98,0.7060250043869019,0.7532844543457031,0.22054331004619598,0.044509172439575195,20.60548210144043,-1.5418024063110352,3039,1057
2011_09_26_drive_0015_sync,0000000028,0,0.7013049721717834,39.9925651550293,21.57298469543457,-1.1095975637435913,True,85,0.6441321969032288,0.8695623278617859,0.05218448117375374,40.032081604003906,21.567243576049805,-1.0760012865066528,3040,1056
2011_09_26_drive_0015_sync,0000000028,1,0.8408927321434021,29.930545806884766,0.7608564496040344,-1.3443458080291748,True,69,0.8569114804267883,0.8134427666664124,0.1236904114484787,29.926965713500977,0.6572854518890381,-1.4118702411651611,3040,1056
2011_09_26_drive_0015_sync,0000000028,2,0.8778578042984009,9.256217002868652,20.53689956665039,-1.3803040981292725,True,98,0.8933507204055786,0.8865270018577576,0.0864098072052002,9.330082893371582,20.541271209716797,-1.424928903579712,3040,1056
2011_09_26_drive_0015_sync,0000000029,0,0.8953460454940796,7.743697643280029,20.556900024414062,-1.389940619468689,True,29,0.8880181908607483,0.8943494558334351,0.06113091856241226,7.778168201446533,20.54559898376465,-1.4391448497772217,3055,1041
2011_09_26_drive_0015_sync,0000000029,1,0.6811845302581787,38.2462158203125,21.693227767944336,-1.0813058614730835,True,41,0.6783653497695923,0.9064434170722961,0.0619351752102375,38.214012145996094,21.647735595703125,-1.0542993545532227,3055,1041
2011_09_26_drive_0015_sync,0000000029,2,0.7933358550071716,29.456912994384766,0.8321670889854431,-1.334925651550293,True,89,0.8122715950012207,0.8830685615539551,0.08297396451234818,29.522436141967773,0.7822125554084778,-1.3447206020355225,3055,1041
2011_09_26_drive_0015_sync,0000000030,0,0.8743868470191956,6.144290924072266,20.482492446899414,-1.4137914180755615,True,27,0.9039155840873718,0.8906961679458618,0.07766752690076828,6.11455774307251,20.546463012695312,-1.4462867975234985,3043,1053
2011_09_26_drive_0015_sync,0000000030,1,0.8301312923431396,29.451126098632812,0.559744119644165,-1.318192958831787,True,34,0.7967542409896851,0.778436005115509,0.20954164862632751,29.2487850189209,0.5965707898139954,-1.2780733108520508,3043,1053
2011_09_26_drive_0015_sync,0000000031,0,0.8621784448623657,4.5433430671691895,20.56818389892578,-1.451507568359375,True,74,0.8529670238494873,0.8900108337402344,0.03458879142999649,4.565817832946777,20.555845260620117,-1.428290605545044,3077,1019
2011_09_26_drive_0015_sync,0000000031,1,0.840337336063385,29.180423736572266,0.6386593580245972,-1.174363613128662,True,8,0.8156777024269104,0.8961249589920044,0.043000128120183945,29.14116859436035,0.6487932205200195,-1.1600335836410522,3077,1019
2011_09_26_drive_0015_sync,0000000032,0,0.8631327748298645,29.180421829223633,0.5637713074684143,-1.2513759136199951,True,54,0.8308032751083374,0.8122549653053284,0.09353064000606537,29.227773666381836,0.6274228692054749,-1.3009164333343506,3048,1048
2011_09_26_drive_0015_sync,0000000032,1,0.8246066570281982,3.080090045928955,20.476177215576172,-1.425370216369629,True,98,0.854569673538208,0.8876261115074158,0.08601106703281403,3.016697645187378,20.532699584960938,-1.4117860794067383,3048,1048
2011_09_26_drive_0015_sync,0000000033,0,0.7701651453971863,28.880693435668945,0.735013484954834,-1.1936599016189575,True,26,0.807960569858551,0.8485971689224243,0.08711472898721695,28.899316787719727,0.665499210357666,-1.2427507638931274,3038,1058
2011_09_26_drive_0015_sync,0000000033,1,0.8250142335891724,1.3948613405227661,20.470577239990234,-1.5019835233688354,True,34,0.7883570194244385,0.90479975938797,0.031919900327920914,1.3842521905899048,20.499963760375977,-1.5085225105285645,3038,1058
2011_09_26_drive_0015_sync,0000000033,2,0.7574812769889832,31.995832443237305,21.286319732666016,-1.1256914138793945,True,67,0.7750937342643738,0.8976995944976807,0.046988412737846375,31.990612030029297,21.332996368408203,-1.1270877122879028,3038,1058
2011_09_26_drive_0015_sync,0000000034,0,0.8758748173713684,28.81365203857422,0.7158556580543518,-1.3060861825942993,True,41,0.8717471361160278,0.7975404858589172,0.15999473631381989,28.92254066467285,0.8327882885932922,-1.314353108406067,3073,1023
2011_09_26_drive_0015_sync,0000000034,1,0.6123119592666626,-0.4204633831977844,20.500385284423828,-1.4227168560028076,True,95,0.4672068953514099,0.6577470302581787,0.2813320755958557,-0.27980825304985046,20.734886169433594,-1.488847017288208,3073,1023
2011_09_26_drive_0015_sync,0000000035,0,0.8330808281898499,28.590354919433594,0.7846006751060486,-1.3137624263763428,True,90,0.7998970150947571,0.9240273833274841,0.06357448548078537,28.632165908813477,0.8066287636756897,-1.3562867641448975,3018,1078
2011_09_26_drive_0015_sync,0000000035,1,0.685001015663147,29.08003807067871,21.183134078979492,-1.248323678970337,True,19,0.7572586536407471,0.8496886491775513,0.0803493782877922,29.106630325317383,21.256484985351562,-1.267520546913147,3018,1078
2011_09_26_drive_0015_sync,0000000036,0,0.7721316814422607,27.632448196411133,21.15403175354004,-1.2212631702423096,True,95,0.799697995185852,0.9274773597717285,0.045877180993556976,27.658721923828125,21.190906524658203,-1.22865629196167,3039,1057
2011_09_26_drive_0015_sync,0000000036,1,0.6395544409751892,28.47089385986328,0.7996430397033691,-1.3558926582336426,True,61,0.50075364112854,0.6303200721740723,0.3698939085006714,28.287723541259766,1.1208890676498413,-1.347458839416504,3039,1057
2011_09_26_drive_0015_sync,0000000037,0,0.86641925573349,28.423110961914062,0.8239144086837769,-1.3438026905059814,True,53,0.8202258944511414,0.9242100715637207,0.05456765741109848,28.39640235900879,0.7943188548088074,-1.3065416812896729,3062,1034
2011_09_26_drive_0015_sync,0000000037,1,0.7122921943664551,25.930973052978516,21.071748733520508,-1.1917122602462769,True,66,0.708036482334137,0.8559970855712891,0.14396555721759796,26.06938362121582,21.11065673828125,-1.1991125345230103,3062,1034
2011_09_26_drive_0015_sync,0000000038,0,0.8661202192306519,28.089107513427734,0.4447914659976959,-1.333700180053711,True,23,0.8566603064537048,0.9127031564712524,0.08058936893939972,28.16192054748535,0.4700951874256134,-1.357208251953125,3064,1032
2011_09_26_drive_0015_sync,0000000038,1,0.7272067666053772,24.64847755432129,21.162174224853516,-1.1394675970077515,True,54,0.4005321264266968,0.7185733914375305,0.14424066245555878,24.68347930908203,21.292041778564453,-1.1915700435638428,3064,1032
2011_09_26_drive_0015_sync,0000000039,0,0.8558482527732849,28.010908126831055,0.7874318361282349,-1.3250923156738281,True,41,0.8663910627365112,0.8071237206459045,0.15821385383605957,28.045928955078125,0.6341185569763184,-1.3424186706542969,3070,1026
2011_09_26_drive_0015_sync,0000000039,1,0.8290491104125977,23.305219650268555,21.13199234008789,-1.2256619930267334,True,50,0.8446692228317261,0.901221513748169,0.05732310935854912,23.328676223754883,21.102794647216797,-1.1822658777236938,3070,1026
2011_09_26_drive_0015_sync,0000000040,0,0.7995226979255676,27.835081100463867,0.9505404829978943,-1.3339145183563232,True,60,0.8039971590042114,0.8164634108543396,0.1291828602552414,27.886001586914062,0.8367682695388794,-1.2999851703643799,3029,1067
2011_09_26_drive_0015_sync,0000000040,1,0.8699781894683838,21.96540069580078,21.057266235351562,-1.2597992420196533,True,58,0.8423624038696289,0.8899275660514832,0.08985316008329391,21.883777618408203,21.090646743774414,-1.242565393447876,3029,1067
2011_09_26_drive_0015_sync,0000000041,0,0.8744465112686157,27.795944213867188,0.7492648959159851,-1.3627114295959473,True,67,0.8697174787521362,0.8530331254005432,0.09125179797410965,27.859228134155273,0.6891164183616638,-1.336174726486206,3019,1077
2011_09_26_drive_0015_sync,0000000041,1,0.7922899723052979,20.389427185058594,21.031213760375977,-1.2222477197647095,True,33,0.8137149810791016,0.7677444219589233,0.15233935415744781,20.419052124023438,21.06791114807129,-1.3671026229858398,3019,1077
2011_09_26_drive_0015_sync,0000000042,0,0.8636503219604492,18.967548370361328,20.90376091003418,-1.317199945449829,True,27,0.8238967061042786,0.7799160480499268,0.13633549213409424,19.002605438232422,21.015233993530273,-1.3874289989471436,3013,1083
2011_09_26_drive_0015_sync,0000000042,1,0.664721667766571,27.401546478271484,0.6435682773590088,-1.3401525020599365,True,70,0.7547040581703186,0.7456181049346924,0.2407676726579666,27.59814453125,0.7804757952690125,-1.3161814212799072,3013,1083
2011_09_26_drive_0015_sync,0000000043,0,0.8450733423233032,27.331384658813477,0.594414472579956,-1.2876759767532349,True,90,0.852960467338562,0.8797725439071655,0.09956755489110947,27.42085075378418,0.6100754737854004,-1.3284711837768555,3048,1048
2011_09_26_drive_0015_sync,0000000043,1,0.8174123764038086,17.680166244506836,20.880468368530273,-1.357129454612732,True,57,0.8093904256820679,0.8266438841819763,0.12009459733963013,17.638504028320312,20.988754272460938,-1.326127290725708,3048,1048
2011_09_26_drive_0015_sync,0000000044,0,0.8548586368560791,16.287109375,20.938661575317383,-1.367136836051941,True,69,0.8977753520011902,0.8940286636352539,0.04927342012524605,16.30120086669922,20.974775314331055,-1.397552251815796,3024,1072
2011_09_26_drive_0015_sync,0000000044,1,0.8720061779022217,27.45768928527832,0.5644996166229248,-1.4532792568206787,True,20,0.8724659085273743,0.879779577255249,0.08065103739500046,27.4395694732666,0.499449223279953,-1.4091804027557373,3024,1072
2011_09_26_drive_0015_sync,0000000044,2,0.34690314531326294,47.80638122558594,22.39334487915039,-1.0158531665802002,True,33,0.34467387199401855,0.6661140322685242,0.2893315553665161,47.73392105102539,22.121021270751953,-1.0814437866210938,3024,1072
2011_09_26_drive_0015_sync,0000000045,0,0.32118967175483704,46.19780349731445,22.286853790283203,-0.9289158582687378,True,18,0.4131651520729065,0.7903289198875427,0.1393142193555832,46.12496566772461,22.17630386352539,-0.9722957611083984,3016,1080
2011_09_26_drive_0015_sync,0000000045,1,0.8722895383834839,14.915993690490723,20.9417781829834,-1.4330368041992188,True,75,0.8768717646598816,0.8807348012924194,0.051736652851104736,14.909745216369629,20.893817901611328,-1.4514065980911255,3016,1080
2011_09_26_drive_0015_sync,0000000045,2,0.846635103225708,27.01828384399414,0.47906219959259033,-1.4408704042434692,True,17,0.8302748203277588,0.8625056147575378,0.038473691791296005,27.039255142211914,0.45184287428855896,-1.4235632419586182,3016,1080
2011_09_26_drive_0015_sync,0000000046,0,0.8676479458808899,13.515953063964844,20.911943435668945,-1.4485669136047363,True,73,0.8765161037445068,0.8834115862846375,0.06924647837877274,13.459976196289062,20.904394149780273,-1.408508539199829,3090,1006
2011_09_26_drive_0015_sync,0000000046,1,0.8425078392028809,26.85069465637207,0.5095596313476562,-1.3453552722930908,True,20,0.8377044200897217,0.7367926239967346,0.1759318858385086,26.743850708007812,0.643739640712738,-1.3844976425170898,3090,1006
2011_09_26_drive_0015_sync,0000000047,0,0.8713155388832092,12.28416633605957,20.83662986755371,-1.4557136297225952,True,13,0.8553410172462463,0.8390843272209167,0.016097327694296837,12.279333114624023,20.85187339782715,-1.4538700580596924,3078,1018
2011_09_26_drive_0015_sync,0000000047,1,0.838094174861908,26.747394561767578,0.49061140418052673,-1.4762541055679321,True,25,0.794215738773346,0.7272315621376038,0.15172217786312103,26.810712814331055,0.6112934350967407,-1.4095737934112549,3078,1018
2011_09_26_drive_0015_sync,0000000048,0,0.3459320366382599,43.48588180541992,27.998733520507812,-0.6733154058456421,True,33,0.26157262921333313,0.8804560303688049,0.09991899877786636,43.52460861206055,28.04584503173828,-0.7524642944335938,3056,1040
2011_09_26_drive_0015_sync,0000000048,1,0.8669019341468811,10.757495880126953,20.84657859802246,-1.5809109210968018,True,97,0.8744533061981201,0.8321423530578613,0.09602714329957962,10.846114158630371,20.835988998413086,-1.5454726219177246,3056,1040
2011_09_26_drive_0015_sync,0000000048,2,0.5918828248977661,42.197227478027344,22.092159271240234,-1.145912766456604,True,77,0.619682252407074,0.7868743538856506,0.16820445656776428,42.1170654296875,21.944734573364258,-1.1343913078308105,3056,1040
2011_09_26_drive_0015_sync,0000000048,3,0.8711299896240234,26.675634384155273,0.5506008863449097,-1.4772236347198486,True,54,0.8822057843208313,0.8343268632888794,0.15139292180538177,26.81305694580078,0.5032458305358887,-1.5195598602294922,3056,1040
2011_09_26_drive_0015_sync,0000000049,0,0.6733217239379883,40.67044448852539,22.097257614135742,-1.0715426206588745,True,50,0.6861172914505005,0.8767294883728027,0.09097451716661453,40.630531311035156,22.17873764038086,-1.0648863315582275,3138,958
2011_09_26_drive_0015_sync,0000000049,1,0.7532922029495239,26.251718521118164,0.4779190719127655,-1.3268121480941772,True,79,0.8261939287185669,0.7405958771705627,0.26689183712005615,26.50144386291504,0.5083659887313843,-1.4159271717071533,3138,958
2011_09_26_drive_0015_sync,0000000049,2,0.859728991985321,9.416252136230469,20.84379768371582,-1.5498138666152954,True,58,0.8576748371124268,0.9112935662269592,0.06287555396556854,9.355097770690918,20.840370178222656,-1.5356106758117676,3138,958
2011_09_26_drive_0015_sync,0000000050,0,0.321377158164978,44.52333450317383,22.397014617919922,-1.095365047454834,True,81,0.3493962287902832,0.8687133193016052,0.10234197974205017,44.61375045776367,22.444231033325195,-1.087031602859497,3066,1030
2011_09_26_drive_0015_sync,0000000050,1,0.8789845108985901,8.04820728302002,20.7967529296875,-1.5173795223236084,True,93,0.8516173362731934,0.9089112877845764,0.05766449123620987,7.998086929321289,20.813011169433594,-1.5408062934875488,3066,1030
2011_09_26_drive_0015_sync,0000000050,2,0.43030285835266113,40.841949462890625,27.674055099487305,-0.951604962348938,True,49,0.2932544946670532,0.7813602089881897,0.16500668227672577,40.83930969238281,27.734724044799805,-0.798179030418396,3066,1030
2011_09_26_drive_0015_sync,0000000050,3,0.858805775642395,26.426471710205078,0.6572613716125488,-1.4706627130508423,True,73,0.8551817536354065,0.8594869375228882,0.10465952008962631,26.383716583251953,0.5850082635879517,-1.4081718921661377,3066,1030
2011_09_26_drive_0015_sync,0000000050,4,0.5844658613204956,39.20058822631836,22.224960327148438,-1.0397425889968872,True,17,0.675478994846344,0.7012161612510681,0.4160241186618805,39.60700607299805,22.21495246887207,-1.1280627250671387,3066,1030
2011_09_26_drive_0015_sync,0000000051,0,0.8438583612442017,6.722804069519043,20.829280853271484,-1.5252264738082886,True,83,0.8670899271965027,0.8665664792060852,0.07629084587097168,6.649672985076904,20.827585220336914,-1.5035640001296997,3076,1020
2011_09_26_drive_0015_sync,0000000051,1,0.8269503116607666,26.093063354492188,0.6606498956680298,-1.4389126300811768,True,92,0.7939320802688599,0.9044029116630554,0.11336721479892731,25.98333740234375,0.6723263263702393,-1.4129126071929932,3076,1020
2011_09_26_drive_0015_sync,0000000051,2,0.3964501917362213,38.06235122680664,22.460311889648438,-0.9440560340881348,False,,,0.0,,,,,3076,1020
2011_09_26_drive_0015_sync,0000000052,0,0.8568273782730103,5.335247993469238,20.802413940429688,-1.4892191886901855,True,24,0.8566093444824219,0.8328040242195129,0.17662689089775085,5.506970405578613,20.7635440826416,-1.4751619100570679,3035,1061
2011_09_26_drive_0015_sync,0000000052,1,0.826081395149231,25.873472213745117,0.5101830959320068,-1.475806713104248,True,30,0.7913973927497864,0.8553056716918945,0.1012195274233818,25.92349624633789,0.5971717834472656,-1.4890716075897217,3035,1061
2011_09_26_drive_0015_sync,0000000053,0,0.8643189668655396,25.785663604736328,0.5253299474716187,-1.453341007232666,True,58,0.8698597550392151,0.8420373201370239,0.12745359539985657,25.6820068359375,0.5445270538330078,-1.3817088603973389,3093,1003
2011_09_26_drive_0015_sync,0000000053,1,0.8433099389076233,4.072561740875244,20.782512664794922,-1.5358079671859741,True,78,0.8565592765808105,0.8435080051422119,0.10611239075660706,4.03571081161499,20.686079025268555,-1.5112640857696533,3093,1003
2011_09_26_drive_0015_sync,0000000054,0,0.3422509729862213,34.0714225769043,22.236120223999023,-1.1330196857452393,True,54,0.2786377966403961,0.8167341351509094,0.18248508870601654,33.94701385498047,22.10293960571289,-1.1423043012619019,3004,1092
2011_09_26_drive_0015_sync,0000000054,1,0.854503870010376,25.494138717651367,0.39697742462158203,-1.4109582901000977,True,72,0.8320770263671875,0.8276069760322571,0.11233194172382355,25.42816162109375,0.31353959441185,-1.44706392288208,3004,1092
2011_09_26_drive_0015_sync,0000000054,2,0.8305432200431824,2.780648708343506,20.70694351196289,-1.5567963123321533,True,74,0.8140818476676941,0.8118981122970581,0.07459485530853271,2.8193531036376953,20.7548770904541,-1.5988526344299316,3004,1092
2011_09_26_drive_0015_sync,0000000055,0,0.858543336391449,25.356998443603516,0.4664941430091858,-1.442846655845642,True,76,0.8629338145256042,0.8650413155555725,0.09060341864824295,25.325185775756836,0.38412293791770935,-1.422550916671753,3035,1061
2011_09_26_drive_0015_sync,0000000055,1,0.3505195379257202,37.98295974731445,22.380441665649414,-1.0389232635498047,True,55,0.1445675939321518,0.6570371389389038,0.23236820101737976,38.169342041015625,22.374099731445312,-1.177546501159668,3035,1061
2011_09_26_drive_0015_sync,0000000055,2,0.8610198497772217,1.5382174253463745,20.706710815429688,-1.5560636520385742,True,87,0.8741039037704468,0.9150025248527527,0.05725187435746193,1.5022993087768555,20.668033599853516,-1.5338884592056274,3035,1061
2011_09_26_drive_0015_sync,0000000055,3,0.6643548011779785,32.957244873046875,21.723526000976562,-1.0176563262939453,False,,,0.0,,,,,3035,1061
2011_09_26_drive_0015_sync,0000000056,0,0.31228479743003845,36.81856155395508,22.157482147216797,-1.0708701610565186,True,25,0.616675853729248,0.6523155570030212,0.24915628135204315,36.87613296508789,21.951570510864258,-1.1987950801849365,3135,961
2011_09_26_drive_0015_sync,0000000056,1,0.8209943771362305,25.278430938720703,0.5241737961769104,-1.3804042339324951,True,90,0.8095291256904602,0.8890125155448914,0.05639781430363655,25.26858901977539,0.5062346458435059,-1.4329593181610107,3135,961
2011_09_26_drive_0015_sync,0000000056,2,0.573403000831604,0.2637941241264343,20.788646697998047,-1.5652631521224976,True,75,0.5922021269798279,0.7596505880355835,0.20057284832000732,0.11478912830352783,20.66539192199707,-1.618510127067566,3135,961
2011_09_26_drive_0015_sync,0000000057,0,0.8841946125030518,25.179107666015625,0.46380335092544556,-1.4355781078338623,True,85,0.8893593549728394,0.8977733254432678,0.11863541603088379,25.074928283691406,0.4425545930862427,-1.3829519748687744,3084,1012
2011_09_26_drive_0015_sync,0000000058,0,0.7245036959648132,28.673057556152344,21.61122703552246,-1.270530104637146,True,47,0.8130191564559937,0.8189114928245544,0.05281834304332733,28.715261459350586,21.58308982849121,-1.2558023929595947,3051,1045
2011_09_26_drive_0015_sync,0000000058,1,0.8542145490646362,24.955455780029297,0.34552809596061707,-1.4349150657653809,True,93,0.86701899766922,0.9092305898666382,0.06646496057510376,24.91238784790039,0.2997109293937683,-1.413385272026062,3051,1045
2011_09_26_drive_0015_sync,0000000059,0,0.6114363074302673,27.59902000427246,21.66349220275879,-1.3114471435546875,False,,,0.0,,,,,3077,1019
2011_09_26_drive_0015_sync,0000000059,1,0.8763794898986816,24.742168426513672,0.3037925362586975,-1.3402533531188965,True,28,0.8782703876495361,0.8007944226264954,0.15841157734394073,24.772676467895508,0.45700326561927795,-1.3665204048156738,3077,1019
2011_09_26_drive_0015_sync,0000000060,0,0.6067678332328796,31.711429595947266,21.936349868774414,-1.076131820678711,True,77,0.6361210942268372,0.9047958850860596,0.06326357275247574,31.656627655029297,21.959613800048828,-1.0547351837158203,3193,903
2011_09_26_drive_0015_sync,0000000060,1,0.8587316870689392,24.72498321533203,0.3401294946670532,-1.3775405883789062,True,10,0.8657987713813782,0.9529790282249451,0.059547651559114456,24.66726303100586,0.3547585606575012,-1.3769986629486084,3193,903
2011_09_26_drive_0015_sync,0000000061,0,0.8068793416023254,25.24089813232422,21.524168014526367,-1.274373173713684,True,5,0.7574622631072998,0.7241262197494507,0.17608511447906494,25.153364181518555,21.41642951965332,-1.1660394668579102,3080,1016
2011_09_26_drive_0015_sync,0000000061,1,0.8643339276313782,24.556917190551758,0.28372886776924133,-1.4635332822799683,True,31,0.8690245747566223,0.8612464666366577,0.1253633052110672,24.633150100708008,0.31257927417755127,-1.3682854175567627,3080,1016
2011_09_26_drive_0015_sync,0000000062,0,0.32345035672187805,68.7532730102539,22.29620933532715,-0.506470263004303,True,46,0.4163837134838104,0.8786923885345459,0.10833271592855453,68.81441497802734,22.30036163330078,-0.4171372056007385,3170,926
2011_09_26_drive_0015_sync,0000000062,1,0.7878422141075134,23.929302215576172,21.433061599731445,-1.1742064952850342,True,80,0.8376075625419617,0.8519597053527832,0.0791933536529541,23.890586853027344,21.479679107666016,-1.2251919507980347,3170,926
2011_09_26_drive_0015_sync,0000000062,2,0.33140596747398376,29.18102264404297,22.158946990966797,-0.999123215675354,True,33,0.28662431240081787,0.646264374256134,0.2644729018211365,29.346336364746094,22.34459686279297,-1.0894083976745605,3170,926
2011_09_26_drive_0015_sync,0000000062,3,0.8477141857147217,24.445524215698242,0.201329305768013,-1.2664978504180908,True,43,0.8703449964523315,0.7879718542098999,0.14771917462348938,24.407548904418945,0.06836424767971039,-1.318450927734375,3170,926
2011_09_26_drive_0015_sync,0000000063,0,0.37383168935775757,67.61250305175781,22.825281143188477,-0.5161514282226562,True,81,0.2466476857662201,0.6720719933509827,0.233561173081398,67.6955795288086,22.607208251953125,-0.5064903497695923,3081,1015
2011_09_26_drive_0015_sync,0000000063,1,0.7821486592292786,22.875652313232422,21.482715606689453,-1.0927783250808716,True,31,0.8093723654747009,0.7586930990219116,0.12994223833084106,22.804712295532227,21.46949005126953,-1.2008411884307861,3081,1015
2011_09_26_drive_0015_sync,0000000063,2,0.8257361650466919,28.31942367553711,21.80550765991211,-1.0830451250076294,True,89,0.8345720767974854,0.7681026458740234,0.15677079558372498,28.280649185180664,21.923572540283203,-1.1786186695098877,3081,1015
2011_09_26_drive_0015_sync,0000000063,3,0.8866746425628662,24.4217472076416,0.10217630118131638,-1.4377202987670898,True,33,0.8451883792877197,0.830020546913147,0.1027473583817482,24.413307189941406,0.18375222384929657,-1.375823974609375,3081,1015
2011_09_26_drive_0015_sync,0000000064,0,0.7889071106910706,27.107913970947266,21.867151260375977,-1.0917333364486694,True,25,0.835574746131897,0.8557769060134888,0.08791176974773407,27.028484344482422,21.82996368408203,-1.0977747440338135,3073,1023
2011_09_26_drive_0015_sync,0000000064,1,0.8610417246818542,24.219947814941406,0.13732866942882538,-1.407764196395874,True,7,0.871370255947113,0.90915447473526,0.044429246336221695,24.2384090423584,0.17675715684890747,-1.416626214981079,3073,1023
2011_09_26_drive_0015_sync,0000000064,2,0.6531882286071777,21.54074478149414,21.599334716796875,-1.1707311868667603,True,26,0.6046217679977417,0.7617616057395935,0.12514059245586395,21.620656967163086,21.525758743286133,-1.2328664064407349,3073,1023
2011_09_26_drive_0015_sync,0000000065,0,0.8042405843734741,25.845121383666992,21.804397583007812,-1.2260138988494873,True,46,0.7521240711212158,0.8573131561279297,0.07230239361524582,25.87897491455078,21.742862701416016,-1.2088373899459839,3060,1036
2011_09_26_drive_0015_sync,0000000065,1,0.45285338163375854,21.5339298248291,27.244884490966797,-0.8999006152153015,True,33,0.00858633778989315,0.5511890649795532,0.39537879824638367,21.814077377319336,27.474685668945312,-1.058119297027588,3060,1036
2011_09_26_drive_0015_sync,0000000065,2,0.84865802526474,24.15711784362793,0.2716267704963684,-1.439035177230835,True,88,0.8621195554733276,0.8669411540031433,0.07461623102426529,24.12407875061035,0.3381924629211426,-1.4457440376281738,3060,1036
2011_09_26_drive_0015_sync,0000000065,3,0.8551781177520752,20.446998596191406,21.414533615112305,-1.3092703819274902,True,96,0.848251223564148,0.9127311706542969,0.07584511488676071,20.516801834106445,21.388490676879883,-1.2950663566589355,3060,1036
2011_09_26_drive_0015_sync,0000000066,0,0.8000746369361877,19.458465576171875,21.383180618286133,-1.2487562894821167,True,30,0.7386408448219299,0.7921054363250732,0.21259991824626923,19.276487350463867,21.368642807006836,-1.3577117919921875,3146,950
2011_09_26_drive_0015_sync,0000000066,1,0.7510461807250977,24.71702766418457,21.703922271728516,-1.1776529550552368,True,51,0.8100675344467163,0.7744962573051453,0.14753350615501404,24.610855102539062,21.80390739440918,-1.1999351978302002,3146,950
2011_09_26_drive_0015_sync,0000000066,2,0.866546630859375,24.078834533691406,0.21802504360675812,-1.4703623056411743,True,84,0.8795202970504761,0.9168387055397034,0.06103317812085152,24.03932762145996,0.23085236549377441,-1.4256441593170166,3146,950
2011_09_26_drive_0015_sync,0000000067,0,0.7802931070327759,18.265941619873047,21.350997924804688,-1.3193557262420654,True,11,0.8501635789871216,0.9159300923347473,0.033041249960660934,18.297109603881836,21.354833602905273,-1.3090810775756836,3080,1016
2011_09_26_drive_0015_sync,0000000067,1,0.7656941413879395,23.561813354492188,21.782150268554688,-1.248854398727417,True,47,0.8324810266494751,0.834713339805603,0.1629636287689209,23.70720863342285,21.786182403564453,-1.175362229347229,3080,1016
2011_09_26_drive_0015_sync,0000000067,2,0.8826892375946045,24.08574676513672,0.14026755094528198,-1.4782133102416992,True,35,0.8609060049057007,0.8541024923324585,0.12893235683441162,23.974956512451172,0.1276329904794693,-1.413487434387207,3080,1016
2011_09_26_drive_0015_sync,0000000068,0,0.8065742254257202,22.67426300048828,21.717853546142578,-1.138386845588684,True,55,0.7253747582435608,0.8685070872306824,0.03513171523809433,22.655803680419922,21.711933135986328,-1.1090877056121826,3105,991
2011_09_26_drive_0015_sync,0000000068,1,0.7615237832069397,17.211076736450195,21.307785034179688,-1.4421755075454712,True,58,0.6429957747459412,0.8328608274459839,0.11902210116386414,17.136075973510742,21.307056427001953,-1.3497600555419922,3105,991
2011_09_26_drive_0015_sync,0000000068,2,0.8683149218559265,24.11941909790039,0.32747066020965576,-1.3824255466461182,True,50,0.8416045904159546,0.860877275466919,0.1053086593747139,24.168642044067383,0.3613693118095398,-1.469131350517273,3105,991
2011_09_26_drive_0015_sync,0000000069,0,0.7530196905136108,16.086116790771484,21.290889739990234,-1.3821697235107422,True,98,0.7884035110473633,0.9448041915893555,0.07402502745389938,16.012489318847656,21.298240661621094,-1.3843293190002441,3122,974
2011_09_26_drive_0015_sync,0000000069,1,0.8571085333824158,24.196008682250977,0.24771727621555328,-1.4815669059753418,True,87,0.8527210354804993,0.904558002948761,0.05695624649524689,24.1458683013916,0.23758630454540253,-1.4565205574035645,3122,974
2011_09_26_drive_0015_sync,0000000069,2,0.67778480052948,21.654226303100586,21.652671813964844,-1.228121280670166,True,80,0.8088425397872925,0.7850645184516907,0.22464275360107422,21.455326080322266,21.687198638916016,-1.3266655206680298,3122,974
2011_09_26_drive_0015_sync,0000000070,0,0.320840984582901,32.2949104309082,27.525527954101562,-0.8697773218154907,False,,,0.0,,,,,3112,984
2011_09_26_drive_0015_sync,0000000070,1,0.851832926273346,24.201492309570312,0.16958369314670563,-1.3918612003326416,True,37,0.8044339418411255,0.7416359782218933,0.22758808732032776,24.023622512817383,0.3089074194431305,-1.4192030429840088,3112,984
2011_09_26_drive_0015_sync,0000000070,2,0.8797697424888611,20.30948257446289,21.67251205444336,-1.2522634267807007,True,93,0.8539987802505493,0.8947873115539551,0.061109136790037155,20.25581169128418,21.654455184936523,-1.2292914390563965,3112,984
2011_09_26_drive_0015_sync,0000000070,3,0.31906917691230774,16.288911819458008,27.26500701904297,-0.9897941946983337,True,82,0.739893913269043,0.6967209577560425,0.2407863438129425,16.41574478149414,27.06166648864746,-1.0131199359893799,3112,984
2011_09_26_drive_0015_sync,0000000070,4,0.8116612434387207,15.06165599822998,21.28618621826172,-1.3242671489715576,True,32,0.8103064894676208,0.8619136810302734,0.08660206943750381,15.034431457519531,21.215063095092773,-1.2830331325531006,3112,984
2011_09_26_drive_0015_sync,0000000071,0,0.8768547177314758,14.030447959899902,21.27107048034668,-1.3313653469085693,True,62,0.8624774813652039,0.8816946744918823,0.04956306517124176,14.046382904052734,21.266660690307617,-1.3780893087387085,3149,947
2011_09_26_drive_0015_sync,0000000071,1,0.8721325993537903,23.948848724365234,0.23494508862495422,-1.4376211166381836,True,99,0.8771631121635437,0.825639545917511,0.10133569687604904,23.909605026245117,0.2867463529109955,-1.5153738260269165,3149,947
2011_09_26_drive_0015_sync,0000000071,2,0.8481481671333313,19.266029357910156,21.55923080444336,-1.250345230102539,True,96,0.8374849557876587,0.8604857921600342,0.07141169905662537,19.268190383911133,21.62856101989746,-1.2333663702011108,3149,947
2011_09_26_drive_0015_sync,0000000072,0,0.8661805391311646,24.034833908081055,0.3413894772529602,-1.3999205827713013,True,78,0.8541721701622009,0.879624605178833,0.08508540689945221,24.074966430664062,0.2717626988887787,-1.4278672933578491,3085,1011
2011_09_26_drive_0015_sync,0000000072,1,0.8533653616905212,12.868951797485352,21.213815689086914,-1.2821555137634277,True,84,0.8526557683944702,0.7972361445426941,0.14661617577075958,12.748363494873047,21.243654251098633,-1.360029935836792,3085,1011
2011_09_26_drive_0015_sync,0000000072,2,0.8358952403068542,18.300046920776367,21.5709171295166,-1.2589468955993652,True,95,0.8585196137428284,0.7877548336982727,0.08812545239925385,18.299964904785156,21.65593147277832,-1.2821557521820068,3085,1011
2011_09_26_drive_0015_sync,0000000073,0,0.4991762042045593,29.168128967285156,27.333093643188477,-0.9972214698791504,True,35,0.251720666885376,0.736091673374176,0.23446278274059296,29.29092025756836,27.429269790649414,-0.8221636414527893,3109,987
2011_09_26_drive_0015_sync,0000000073,1,0.8663535118103027,11.94498062133789,21.21739387512207,-1.4066327810287476,True,52,0.855852484703064,0.9000998735427856,0.08900648355484009,11.861647605895996,21.232513427734375,-1.3792619705200195,3109,987
2011_09_26_drive_0015_sync,0000000073,2,0.8762170076370239,17.261001586914062,21.61879539489746,-1.2052932977676392,True,90,0.8468946814537048,0.9130067825317383,0.033956173807382584,17.243391036987305,21.622045516967773,-1.1764432191848755,3109,987
2011_09_26_drive_0015_sync,0000000073,3,0.8852263689041138,24.06513214111328,0.0887298434972763,-1.5024776458740234,True,97,0.8666046261787415,0.9145119190216064,0.03817537799477577,24.08734893798828,0.08949356526136398,-1.4714423418045044,3109,987
2011_09_26_drive_0015_sync,0000000074,0,0.5415593385696411,12.369800567626953,26.929643630981445,-1.0458306074142456,True,84,0.3933337926864624,0.8571540713310242,0.09131874144077301,12.327835083007812,26.913604736328125,-0.9663273692131042,3120,976
2011_09_26_drive_0015_sync,0000000074,1,0.8549380898475647,10.933357238769531,21.212635040283203,-1.4928829669952393,True,82,0.8405611515045166,0.8718731999397278,0.08917097747325897,10.903315544128418,21.21143913269043,-1.408933401107788,3120,976
2011_09_26_drive_0015_sync,0000000074,2,0.8647754192352295,23.999183654785156,0.17528453469276428,-1.4291337728500366,True,76,0.873605489730835,0.9176563620567322,0.05930484086275101,24.012075424194336,0.11966864764690399,-1.445188045501709,3120,976
2011_09_26_drive_0015_sync,0000000074,3,0.8325270414352417,16.15283203125,21.581806182861328,-1.3145161867141724,True,23,0.7993177771568298,0.9384353756904602,0.07502152025699615,16.22657585144043,21.57878303527832,-1.3279675245285034,3120,976
2011_09_26_drive_0015_sync,0000000074,4,0.4061034619808197,55.552188873291016,21.459423065185547,-0.8259145021438599,True,35,0.37916845083236694,0.9377030730247498,0.026955904439091682,55.53266525268555,21.443580627441406,-0.8356338739395142,3120,976
2011_09_26_drive_0015_sync,0000000075,0,0.8797796964645386,9.766425132751465,21.19556999206543,-1.3936771154403687,True,80,0.8864389061927795,0.9334619641304016,0.03850749135017395,9.730212211608887,21.197267532348633,-1.3806936740875244,3074,1022
2011_09_26_drive_0015_sync,0000000075,1,0.5721887350082397,46.717227935791016,21.30752944946289,-0.8972907066345215,True,82,0.7181078195571899,0.7799627184867859,0.1705423891544342,46.811763763427734,21.444334030151367,-0.8594464063644409,3074,1022
2011_09_26_drive_0015_sync,0000000075,2,0.5473219752311707,54.4434928894043,22.13327980041504,-0.7088510990142822,True,45,0.3497569262981415,0.8274839520454407,0.08865579962730408,54.42933654785156,22.220779418945312,-0.7070440053939819,3074,1022
2011_09_26_drive_0015_sync,0000000075,3,0.830215334892273,15.201722145080566,21.52036476135254,-1.3022007942199707,True,54,0.807918906211853,0.8838498592376709,0.08113594353199005,15.201946258544922,21.56411361694336,-1.233870506286621,3074,1022
2011_09_26_drive_0015_sync,0000000075,4,0.8742688894271851,24.097999572753906,0.2727694511413574,-1.5180206298828125,True,53,0.8769322037696838,0.8878591656684875,0.08956397324800491,24.170257568359375,0.2690109610557556,-1.465234637260437,3074,1022
2011_09_26_drive_0015_sync,0000000075,5,0.4458407461643219,11.201688766479492,26.90938949584961,-1.004845380783081,True,16,0.5454577803611755,0.8156828880310059,0.17591336369514465,11.115781784057617,26.95212173461914,-0.8574023246765137,3074,1022
2011_09_26_drive_0015_sync,0000000076,0,0.8289334774017334,8.99852466583252,21.162593841552734,-1.4680356979370117,True,85,0.8730177283287048,0.9225018620491028,0.04940219223499298,9.021836280822754,21.198575973510742,-1.4434912204742432,3140,956
2011_09_26_drive_0015_sync,0000000076,1,0.8632212281227112,14.176637649536133,21.548175811767578,-1.318458080291748,True,61,0.8749151825904846,0.8807560205459595,0.07013393193483353,14.230055809020996,21.510356903076172,-1.2932589054107666,3140,956
2011_09_26_drive_0015_sync,0000000076,2,0.8505840301513672,24.05824851989746,0.08906307816505432,-1.4750781059265137,True,51,0.8316368460655212,0.7759262323379517,0.16471527516841888,23.946407318115234,0.20505291223526,-1.4408870935440063,3140,956
2011_09_26_drive_0015_sync,0000000076,3,0.7356138825416565,25.949384689331055,27.281309127807617,-0.9587122201919556,True,28,0.6700036525726318,0.879141092300415,0.09615887701511383,26.04415512084961,27.289255142211914,-0.9729233384132385,3140,956
2011_09_26_drive_0015_sync,0000000077,0,0.6398600935935974,44.622283935546875,21.209840774536133,-0.8724260330200195,True,42,0.6809710264205933,0.8662474155426025,0.07995598763227463,44.65004348754883,21.208541870117188,-0.9473972320556641,3105,991
2011_09_26_drive_0015_sync,0000000077,1,0.8876721858978271,13.141074180603027,21.49495506286621,-1.2205026149749756,True,78,0.8763596415519714,0.8622507452964783,0.12224116176366806,13.154135704040527,21.478775024414062,-1.3409621715545654,3105,991
2011_09_26_drive_0015_sync,0000000077,2,0.8556499481201172,24.0629940032959,-0.21791759133338928,-1.4438645839691162,True,19,0.785417377948761,0.7970283031463623,0.15381619334220886,23.935388565063477,-0.14128156006336212,-1.4050935506820679,3105,991
2011_09_26_drive_0015_sync,0000000077,3,0.3347629904747009,59.1830940246582,-20.80489730834961,0.06378108263015747,True,65,0.2599371373653412,0.896248459815979,0.09857293218374252,59.27899169921875,-20.782812118530273,0.05807995796203613,3105,991
2011_09_26_drive_0015_sync,0000000077,4,0.8811672329902649,7.852783679962158,21.236392974853516,-1.4259113073349,True,83,0.8666315078735352,0.9237207770347595,0.046326894313097,7.841050148010254,21.215351104736328,-1.4654808044433594,3105,991
2011_09_26_drive_0015_sync,0000000078,0,0.8270965218544006,6.996819972991943,21.204633712768555,-1.5276556015014648,True,77,0.8632692098617554,0.8818610310554504,0.05042262002825737,6.9877729415893555,21.195072174072266,-1.4789814949035645,3076,1020
2011_09_26_drive_0015_sync,0000000078,1,0.37842297554016113,24.252370834350586,27.290822982788086,-1.116097092628479,True,15,0.3387255370616913,0.7122431993484497,0.24014189839363098,24.046390533447266,27.189476013183594,-1.0456056594848633,3076,1020
2011_09_26_drive_0015_sync,0000000078,2,0.8809091448783875,24.227218627929688,0.07814528793096542,-1.4449965953826904,True,68,0.8727318048477173,0.906857430934906,0.07054919004440308,24.184877395629883,0.1329110860824585,-1.4586023092269897,3076,1020
2011_09_26_drive_0015_sync,0000000078,3,0.8285324573516846,12.201333045959473,21.448511123657227,-1.3885655403137207,True,82,0.8607016801834106,0.8465341329574585,0.12815409898757935,12.318313598632812,21.50074005126953,-1.391906499862671,3076,1020
2011_09_26_drive_0015_sync,0000000079,0,0.7198743224143982,57.959075927734375,22.028854370117188,-0.8839653134346008,True,55,0.6629452109336853,0.8515075445175171,0.11587419360876083,57.85818862915039,22.024057388305664,-0.8271712064743042,3064,1032
2011_09_26_drive_0015_sync,0000000079,1,0.8707414269447327,24.10225486755371,0.00139666348695755,-1.5279288291931152,True,67,0.8603333234786987,0.9379581809043884,0.05919750779867172,24.059839248657227,0.01329144835472107,-1.4883842468261719,3064,1032
2011_09_26_drive_0015_sync,0000000079,2,0.7126211524009705,7.469422817230225,26.899080276489258,-1.3523352146148682,True,21,0.2962500751018524,0.880847692489624,0.15208478271961212,7.619330406188965,26.874343872070312,-1.35908842086792,3064,1032
2011_09_26_drive_0015_sync,0000000079,3,0.4840354919433594,23.30370330810547,27.092512130737305,-0.8778259754180908,True,50,0.15801866352558136,0.911729097366333,0.1049453541636467,23.407957077026367,27.10230255126953,-0.8708384037017822,3064,1032
2011_09_26_drive_0015_sync,0000000079,4,0.8369917273521423,5.787246227264404,21.20153045654297,-1.454174518585205,True,64,0.7991188764572144,0.849696934223175,0.2042376697063446,5.987794399261475,21.239593505859375,-1.4608575105667114,3064,1032
2011_09_26_drive_0015_sync,0000000079,5,0.8740447759628296,11.248385429382324,21.459959030151367,-1.3450381755828857,True,59,0.8666735887527466,0.9259912371635437,0.07212495803833008,11.20287036895752,21.46539878845215,-1.4007229804992676,3064,1032
2011_09_26_drive_0015_sync,0000000080,0,0.8569361567497253,24.20611572265625,0.15156733989715576,-1.4894955158233643,True,20,0.8773548603057861,0.9218289852142334,0.04385843127965927,24.162870407104492,0.14426283538341522,-1.489274501800537,3138,958
2011_09_26_drive_0015_sync,0000000080,1,0.8349081873893738,5.024126052856445,21.1073055267334,-1.562023401260376,True,72,0.8073859810829163,0.8474963903427124,0.05312960222363472,5.023828029632568,21.082935333251953,-1.5148136615753174,3138,958
2011_09_26_drive_0015_sync,0000000080,2,0.5811042189598083,49.35392379760742,21.639320373535156,-0.8599563837051392,True,67,0.4495806396007538,0.880888819694519,0.13286104798316956,49.48354721069336,21.63851547241211,-0.8890970945358276,3138,958
2011_09_26_drive_0015_sync,0000000080,3,0.7325404286384583,10.096034049987793,21.462970733642578,-1.3772395849227905,True,82,0.7870018482208252,0.8296611905097961,0.13717161118984222,10.227621078491211,21.4766845703125,-1.4134726524353027,3138,958
2011_09_26_drive_0015_sync,0000000080,4,0.7747949957847595,6.478862762451172,26.88890266418457,-1.217339038848877,True,13,0.48099061846733093,0.7541332244873047,0.23025020956993103,6.445711135864258,26.890602111816406,-0.989494264125824,3138,958
2011_09_26_drive_0015_sync,0000000080,5,0.6880178451538086,22.358280181884766,27.11277198791504,-0.9700767993927002,True,35,0.06841067969799042,0.805680513381958,0.26429277658462524,22.619455337524414,27.08952522277832,-1.0032097101211548,3138,958
2011_09_26_drive_0015_sync,0000000080,6,0.4961945116519928,41.727237701416016,21.10706901550293,-1.1052519083023071,True,63,0.14273041486740112,0.6292425394058228,0.3328726589679718,41.914913177490234,21.38164520263672,-1.119037389755249,3138,958
2011_09_26_drive_0015_sync,0000000081,0,0.8733953833580017,9.22138786315918,21.40545082092285,-1.3761900663375854,True,85,0.8609901666641235,0.8818762898445129,0.07923360913991928,9.227663040161133,21.45205307006836,-1.4399616718292236,3140,956
2011_09_26_drive_0015_sync,0000000081,1,0.8430970311164856,3.979050636291504,21.14375877380371,-1.544862151145935,True,66,0.861099898815155,0.90729159116745,0.09231768548488617,3.887254238128662,21.150236129760742,-1.5522119998931885,3140,956
2011_09_26_drive_0015_sync,0000000081,2,0.8739815950393677,24.17917251586914,0.04607293754816055,-1.5276753902435303,True,74,0.8855980634689331,0.7810493111610413,0.16472084820270538,24.107616424560547,0.08851788938045502,-1.3855096101760864,3140,956
2011_09_26_drive_0015_sync,0000000081,3,0.4571606516838074,5.221192836761475,26.878400802612305,-1.1355814933776855,True,99,0.5101000666618347,0.8762561678886414,0.1109497994184494,5.228519439697266,26.816871643066406,-1.2276159524917603,3140,956
2011_09_26_drive_0015_sync,0000000082,0,0.5029501914978027,4.593530654907227,26.73264503479004,-1.2422397136688232,True,28,0.5453608632087708,0.8116426467895508,0.1599329113960266,4.478110313415527,26.836753845214844,-1.2798964977264404,3169,927
2011_09_26_drive_0015_sync,0000000082,1,0.8332428336143494,3.0071868896484375,21.074504852294922,-1.5838732719421387,True,56,0.8617656826972961,0.9223508834838867,0.11880742013454437,3.1249375343322754,21.08171844482422,-1.5698037147521973,3169,927
2011_09_26_drive_0015_sync,0000000082,2,0.8811883330345154,24.24859046936035,0.03849957138299942,-1.5172345638275146,True,88,0.8658490777015686,0.8737303614616394,0.13955563306808472,24.109603881835938,0.03666821867227554,-1.5047786235809326,3169,927
2011_09_26_drive_0015_sync,0000000082,3,0.8707523941993713,8.236693382263184,21.387527465820312,-1.340863585472107,True,81,0.867247998714447,0.884471595287323,0.05909142270684242,8.200276374816895,21.36066436767578,-1.3788632154464722,3169,927
2011_09_26_drive_0015_sync,0000000083,0,0.8652852177619934,24.162813186645508,0.08680029958486557,-1.4702117443084717,True,80,0.8271634578704834,0.8690948486328125,0.11188971996307373,24.079133987426758,0.16082285344600677,-1.476356863975525,3099,997
2011_09_26_drive_0015_sync,0000000083,1,0.8270914554595947,7.274509906768799,21.44684600830078,-1.447139024734497,True,57,0.8322290778160095,0.9322171807289124,0.05317457392811775,7.324932098388672,21.445343017578125,-1.4303200244903564,3099,997
2011_09_26_drive_0015_sync,0000000083,2,0.3406858742237091,46.57948303222656,21.272104263305664,-0.8727500438690186,True,77,0.15295056998729706,0.8858242630958557,0.06186888366937637,46.59599304199219,21.290334701538086,-0.815980076789856,3099,997
2011_09_26_drive_0015_sync,0000000083,3,0.8715777397155762,2.024390935897827,21.140789031982422,-1.6437678337097168,True,53,0.8595498204231262,0.8735255599021912,0.09246278554201126,1.9709718227386475,21.186447143554688,-1.5836753845214844,3099,997
2011_09_26_drive_0015_sync,0000000084,0,0.8430302739143372,24.02793312072754,0.07733191549777985,-1.4217357635498047,True,98,0.8507935404777527,0.9068072438240051,0.05699818581342697,24.076894760131836,0.06101730093359947,-1.4459304809570312,3168,928
2011_09_26_drive_0015_sync,0000000084,1,0.8503959774971008,6.2296857833862305,21.46153450012207,-1.4331384897232056,True,52,0.8573947548866272,0.8667526841163635,0.10901836305856705,6.2581281661987305,21.53141975402832,-1.5118283033370972,3168,928
2011_09_26_drive_0015_sync,0000000084,2,0.7201023697853088,1.4313950538635254,21.09081268310547,-1.5588784217834473,True,88,0.7870703935623169,0.9027619361877441,0.09177035093307495,1.5218980312347412,21.082561492919922,-1.546114206314087,3168,928
2011_09_26_drive_0015_sync,0000000084,3,0.4496527314186096,38.05937957763672,20.885034561157227,-1.048231601715088,True,51,0.03052470088005066,0.6392149925231934,0.31456291675567627,38.17314147949219,21.16404914855957,-1.138558268547058,3168,928
2011_09_26_drive_0015_sync,0000000084,4,0.4514029622077942,18.525339126586914,27.26923179626465,-1.157309889793396,True,34,0.20414605736732483,0.8766369819641113,0.08204188197851181,18.45985221862793,27.304622650146484,-1.1228160858154297,3168,928
2011_09_26_drive_0015_sync,0000000085,0,0.8729522824287415,23.954553604125977,0.024540219455957413,-1.4793965816497803,True,39,0.8717217445373535,0.9342967867851257,0.03321871533989906,23.96686553955078,0.00980030745267868,-1.5065007209777832,3209,887
2011_09_26_drive_0015_sync,0000000085,1,0.36218681931495667,44.47836685180664,21.11737632751465,-0.8698161840438843,True,94,0.3693319261074066,0.945419430732727,0.05149281397461891,44.52788162231445,21.105613708496094,-0.8776544332504272,3209,887
2011_09_26_drive_0015_sync,0000000085,2,0.8708325624465942,5.369205951690674,21.39006996154785,-1.381468415260315,True,55,0.831480085849762,0.8347172737121582,0.025642067193984985,5.3901896476745605,21.39421272277832,-1.3956118822097778,3209,887
2011_09_26_drive_0015_sync,0000000085,3,0.5038855671882629,-0.017708532512187958,21.109424591064453,-1.554229497909546,True,78,0.7485500574111938,0.7999585270881653,0.1365097165107727,0.08788363635540009,21.10024642944336,-1.6402583122253418,3209,887
2011_09_26_drive_0015_sync,0000000086,0,0.8407368063926697,4.416797161102295,21.401762008666992,-1.4067285060882568,True,52,0.8437512516975403,0.8773534297943115,0.04363229498267174,4.399709224700928,21.366682052612305,-1.4262522459030151,3179,917
2011_09_26_drive_0015_sync,0000000086,1,0.7323989868164062,35.88455581665039,20.985057830810547,-0.9942201375961304,True,56,0.7055239677429199,0.7843393683433533,0.17859691381454468,36.04867172241211,20.92117691040039,-1.0239195823669434,3179,917
2011_09_26_drive_0015_sync,0000000086,2,0.853554904460907,23.997346878051758,-0.03604763746261597,-1.4062365293502808,True,99,0.8503826260566711,0.7922770977020264,0.08104046434164047,24.036069869995117,0.026578504592180252,-1.4400899410247803,3179,917
2011_09_26_drive_0015_sync,0000000086,3,0.5525985956192017,43.62044143676758,21.204214096069336,-0.7789270877838135,True,95,0.406277596950531,0.8774331212043762,0.1140199527144432,43.528846740722656,21.185251235961914,-0.8441296219825745,3179,917
2011_09_26_drive_0015_sync,0000000087,0,0.605482816696167,42.64482879638672,21.348922729492188,-0.8273462653160095,True,43,0.25131240487098694,0.8396385908126831,0.15932106971740723,42.78535079956055,21.41205596923828,-0.8679783344268799,3203,893
2011_09_26_drive_0015_sync,0000000087,1,0.7392491102218628,35.057918548583984,20.88140106201172,-1.0400190353393555,True,90,0.7884514927864075,0.8173370957374573,0.10760936886072159,35.1494140625,20.933603286743164,-1.0180355310440063,3203,893
2011_09_26_drive_0015_sync,0000000087,2,0.6497510075569153,23.691011428833008,0.14321120083332062,-1.3701629638671875,False,,,0.0,,,,,3203,893
2011_09_26_drive_0015_sync,0000000087,3,0.8506103754043579,3.4688103199005127,21.405559539794922,-1.4635863304138184,True,34,0.7902584075927734,0.8611360788345337,0.10883987694978714,3.42698335647583,21.505268096923828,-1.4511433839797974,3203,893
2011_09_26_drive_0015_sync,0000000088,0,0.8384474515914917,23.815935134887695,0.13577477633953094,-1.3618112802505493,True,72,0.8443579077720642,0.8297619819641113,0.07512011379003525,23.80731964111328,0.10294899344444275,-1.428828239440918,3176,920
2011_09_26_drive_0015_sync,0000000088,1,0.4031246602535248,41.58989334106445,21.243623733520508,-0.8491255640983582,False,,,0.0,,,,,3176,920
2011_09_26_drive_0015_sync,0000000088,2,0.8216135501861572,34.07705307006836,20.89000701904297,-1.0001816749572754,True,26,0.6710972189903259,0.7953367829322815,0.14601878821849823,34.17204284667969,20.954700469970703,-1.0902549028396606,3176,920
2011_09_26_drive_0015_sync,0000000088,3,0.8324376344680786,2.453254222869873,21.397499084472656,-1.3670092821121216,True,39,0.8541037440299988,0.8565295934677124,0.13432693481445312,2.4873099327087402,21.400251388549805,-1.4969183206558228,3176,920
2011_09_26_drive_0015_sync,0000000089,0,0.6875925660133362,33.15297317504883,20.822193145751953,-1.0648030042648315,True,15,0.7158861756324768,0.9116969704627991,0.02351204864680767,33.13241958618164,20.822040557861328,-1.0762197971343994,3164,932
2011_09_26_drive_0015_sync,0000000089,1,0.7611544132232666,1.7435554265975952,21.334516525268555,-1.459119439125061,True,98,0.7919203639030457,0.8756937980651855,0.09726742655038834,1.6897504329681396,21.36071014404297,-1.382439136505127,3164,932
2011_09_26_drive_0015_sync,0000000089,2,0.8477373123168945,23.868083953857422,-0.06795201450586319,-1.4569523334503174,True,6,0.821877658367157,0.8431735038757324,0.1438278704881668,23.744827270507812,-0.11199578642845154,-1.3973336219787598,3164,932
2011_09_26_drive_0015_sync,0000000089,3,0.42833882570266724,40.76170349121094,21.350744247436523,-0.8917855620384216,True,83,0.5051360726356506,0.9048172831535339,0.05438925325870514,40.81576919555664,21.35577964782715,-0.8886654376983643,3164,932
2011_09_26_drive_0015_sync,0000000090,0,0.7036157250404358,32.17591857910156,20.977684020996094,-1.0244455337524414,True,74,0.6768098473548889,0.8646517395973206,0.1331459879875183,32.048561096191406,20.96148681640625,-0.9891527891159058,3220,876
2011_09_26_drive_0015_sync,0000000090,1,0.8770754337310791,23.780061721801758,0.17495958507061005,-1.388980746269226,True,89,0.8657757043838501,0.9441685080528259,0.05353069677948952,23.736406326293945,0.1612849086523056,-1.4167790412902832,3220,876
2011_09_26_drive_0015_sync,0000000090,2,0.428200364112854,0.5375981330871582,21.450042724609375,-1.4487926959991455,True,91,0.6978350281715393,0.7754425406455994,0.12731078267097473,0.5803191661834717,21.335737228393555,-1.4850859642028809,3220,876
2011_09_26_drive_0015_sync,0000000091,0,0.8291917443275452,23.711109161376953,0.33551377058029175,-1.352652668952942,True,26,0.8449269533157349,0.8365522623062134,0.11330073326826096,23.6893367767334,0.36070147156715393,-1.460951328277588,3208,888
2011_09_26_drive_0015_sync,0000000091,1,0.4460863769054413,-0.3691190481185913,21.451854705810547,-1.3919169902801514,True,68,0.4601612985134125,0.7881430983543396,0.21164129674434662,-0.1862054169178009,21.40066146850586,-1.4852652549743652,3208,888
2011_09_26_drive_0015_sync,0000000092,0,0.8637639880180359,23.600210189819336,0.11915145814418793,-1.4402387142181396,True,19,0.8716458678245544,0.8396080136299133,0.1677207499742508,23.4475040435791,0.17381949722766876,-1.3975480794906616,3134,962
2011_09_26_drive_0015_sync,0000000092,1,0.6391782164573669,30.48733139038086,20.868074417114258,-1.0423583984375,True,64,0.6335040330886841,0.7259102463722229,0.22999709844589233,30.4117374420166,21.085044860839844,-1.03196382522583,3134,962
2011_09_26_drive_0015_sync,0000000092,2,0.4543083906173706,38.2082633972168,21.163928985595703,-0.9495834112167358,False,,,0.0,,,,,3134,962
2011_09_26_drive_0015_sync,0000000093,0,0.5681009292602539,29.485445022583008,20.921083450317383,-1.020544409751892,True,64,0.6434743404388428,0.7361629009246826,0.20617732405662537,29.64431381225586,21.05239486694336,-1.0153379440307617,3147,949
2011_09_26_drive_0015_sync,0000000093,1,0.866254448890686,23.37442398071289,0.2546408772468567,-1.4371323585510254,True,73,0.8746066689491272,0.8768435716629028,0.12119103223085403,23.494600296020508,0.2699540853500366,-1.4403612613677979,3147,949
2011_09_26_drive_0015_sync,0000000094,0,0.8672807216644287,23.39215660095215,0.03379783779382706,-1.4077563285827637,True,84,0.8710336685180664,0.8813129663467407,0.06945371627807617,23.404043197631836,-0.03436135873198509,-1.4138269424438477,3111,985
2011_09_26_drive_0015_sync,0000000094,1,0.7878671884536743,36.2523307800293,21.092073440551758,-0.8876643776893616,True,83,0.7524363994598389,0.8208771347999573,0.2644128203392029,35.99436950683594,21.085308074951172,-0.9453215599060059,3111,985
2011_09_26_drive_0015_sync,0000000094,2,0.8461272716522217,28.543664932250977,20.85409164428711,-1.0437313318252563,True,63,0.7990535497665405,0.8073785901069641,0.0840914249420166,28.518110275268555,20.87322425842285,-1.1215276718139648,3111,985
2011_09_26_drive_0015_sync,0000000095,0,0.8575746417045593,23.267061233520508,0.22645477950572968,-1.4372975826263428,True,79,0.871368408203125,0.9120638370513916,0.04929080232977867,23.289405822753906,0.18259091675281525,-1.4347947835922241,3146,950
2011_09_26_drive_0015_sync,0000000095,1,0.6839079856872559,27.87652015686035,20.868383407592773,-0.9927706718444824,True,15,0.7639327049255371,0.7783830165863037,0.13900119066238403,27.76227569580078,20.923137664794922,-1.0499677658081055,3146,950
2011_09_26_drive_0015_sync,0000000095,2,0.6759412884712219,35.2640380859375,21.15228271484375,-0.9675500392913818,True,99,0.655739963054657,0.8622116446495056,0.10894283652305603,35.168827056884766,21.099336624145508,-0.9672133326530457,3146,950
2011_09_26_drive_0015_sync,0000000096,0,0.8813409209251404,23.243377685546875,0.08235211670398712,-1.4047092199325562,True,62,0.866404116153717,0.8952399492263794,0.04334136098623276,23.24346351623535,0.07130342721939087,-1.4466185569763184,3193,903
2011_09_26_drive_0015_sync,0000000096,1,0.7629972696304321,26.869548797607422,20.833847045898438,-1.133337378501892,True,49,0.7970093488693237,0.7968924045562744,0.19649505615234375,26.69017219543457,20.899620056152344,-1.179253101348877,3193,903
2011_09_26_drive_0015_sync,0000000096,2,0.568546712398529,41.76942825317383,21.56198501586914,-0.9501886963844299,True,89,0.6192202568054199,0.9053329825401306,0.07185909897089005,41.809425354003906,21.52754783630371,-0.9014235138893127,3193,903
2011_09_26_drive_0015_sync,0000000096,3,0.7946780323982239,34.2969856262207,21.030109405517578,-0.8346465229988098,True,55,0.7262176275253296,0.8434054255485535,0.12351428717374802,34.40747833251953,21.0675106048584,-0.8752456903457642,3193,903
2011_09_26_drive_0015_sync,0000000097,0,0.8611320853233337,25.89093589782715,20.896432876586914,-1.0338103771209717,True,85,0.8436710834503174,0.8217062950134277,0.03945009782910347,25.888126373291016,20.873273849487305,-1.0656235218048096,3108,988
2011_09_26_drive_0015_sync,0000000097,1,0.7706308960914612,23.07933807373047,0.3340149223804474,-1.358024001121521,True,29,0.8281909823417664,0.9211987257003784,0.03090166486799717,23.10132598876953,0.316718727350235,-1.3711497783660889,3108,988
2011_09_26_drive_0015_sync,0000000098,0,0.8576422929763794,23.013864517211914,0.26002049446105957,-1.3790512084960938,True,63,0.8395111560821533,0.8092130422592163,0.19253437221050262,22.85070037841797,0.1583445519208908,-1.3686132431030273,3094,1002
2011_09_26_drive_0015_sync,0000000098,1,0.6403994560241699,39.96824645996094,21.36561393737793,-1.0205297470092773,True,50,0.40433698892593384,0.8365116119384766,0.12477201968431473,39.88441467285156,21.457185745239258,-1.0080841779708862,3094,1002
2011_09_26_drive_0015_sync,0000000098,2,0.8089974522590637,25.1069393157959,20.900043487548828,-1.2081398963928223,True,39,0.830600917339325,0.7708210945129395,0.16246189177036285,25.014188766479492,20.940656661987305,-1.0810896158218384,3094,1002
2011_09_26_drive_0015_sync,0000000098,3,0.7911513447761536,32.58350372314453,21.120685577392578,-1.084337830543518,True,47,0.7645495533943176,0.8181710839271545,0.1371978521347046,32.688663482666016,21.203275680541992,-1.0536205768585205,3094,1002
2011_09_26_drive_0015_sync,0000000099,0,0.8714936375617981,22.932191848754883,0.2998494803905487,-1.3922691345214844,True,96,0.8698856234550476,0.8815687298774719,0.10605143010616302,23.01732063293457,0.36196643114089966,-1.4041637182235718,3287,809
2011_09_26_drive_0015_sync,0000000099,1,0.8359786868095398,24.084379196166992,20.94987678527832,-1.230615496635437,True,57,0.8625956177711487,0.9010578989982605,0.05512726306915283,24.09593391418457,20.93111228942871,-1.2811466455459595,3287,809
2011_09_26_drive_0015_sync,0000000099,2,0.6853457093238831,31.633804321289062,21.23616600036621,-1.0898427963256836,True,82,0.7674704194068909,0.8077716827392578,0.1384291648864746,31.736774444580078,21.15073013305664,-1.125346302986145,3287,809
2011_09_26_drive_0015_sync,0000000099,3,0.6856434345245361,39.122684478759766,21.373144149780273,-0.9176375865936279,True,44,0.49828654527664185,0.7399430274963379,0.18765084445476532,39.01266860961914,21.24542236328125,-1.0000784397125244,3287,809
2011_09_26_drive_0015_sync,0000000100,0,0.8613705635070801,22.778696060180664,0.2324989140033722,-1.3365709781646729,True,59,0.8751729726791382,0.8918053507804871,0.07444639503955841,22.762983322143555,0.19240087270736694,-1.3972959518432617,3131,965
2011_09_26_drive_0015_sync,0000000100,1,0.8156923055648804,23.328166961669922,20.867273330688477,-1.2278996706008911,True,86,0.8323099613189697,0.8835241198539734,0.08466483652591705,23.245357513427734,20.849929809570312,-1.2310512065887451,3131,965
2011_09_26_drive_0015_sync,0000000100,2,0.5333540439605713,30.56559944152832,21.13777732849121,-1.0923306941986084,True,56,0.5407329201698303,0.7847189903259277,0.2058350294828415,30.758922576904297,21.20305633544922,-1.0652589797973633,3131,965
2011_09_26_drive_0015_sync,0000000101,0,0.8005800843238831,30.026870727539062,21.133323669433594,-1.0824878215789795,True,59,0.7504763007164001,0.745577335357666,0.1237095519900322,30.071029663085938,21.22376251220703,-1.0105513334274292,3102,994
2011_09_26_drive_0015_sync,0000000101,1,0.7797719240188599,22.600187301635742,20.883970260620117,-1.178436279296875,True,12,0.8247430920600891,0.8450939655303955,0.10530881583690643,22.677255630493164,20.953170776367188,-1.1974549293518066,3102,994
2011_09_26_drive_0015_sync,0000000101,2,0.8699995875358582,22.78858757019043,0.3758193552494049,-1.4143483638763428,True,29,0.8735299706459045,0.8770373463630676,0.09801372140645981,22.72185707092285,0.31928372383117676,-1.4585914611816406,3102,994
2011_09_26_drive_0015_sync,0000000102,0,0.8811858296394348,22.68797492980957,0.2310141623020172,-1.4474399089813232,True,12,0.8791640400886536,0.7702430486679077,0.2003830224275589,22.509361267089844,0.3217412829399109,-1.4518107175827026,3121,975
2011_09_26_drive_0015_sync,0000000102,1,0.8301563858985901,29.079856872558594,21.185686111450195,-1.1211092472076416,True,27,0.833676278591156,0.8041141629219055,0.2230832725763321,28.87005615234375,21.13431739807129,-1.0653324127197266,3121,975
2011_09_26_drive_0015_sync,0000000102,2,0.8260015249252319,21.71258544921875,20.897998809814453,-1.2661170959472656,True,17,0.8337522149085999,0.8328170776367188,0.09560856223106384,21.696584701538086,20.97672462463379,-1.317955493927002,3121,975
2011_09_26_drive_0015_sync,0000000102,3,0.40895509719848633,36.61796951293945,21.117042541503906,-1.112095594406128,True,65,0.27675050497055054,0.7894455194473267,0.13348408043384552,36.61018371582031,21.25010871887207,-1.1192212104797363,3121,975
2011_09_26_drive_0015_sync,0000000103,0,0.889491081237793,21.01714324951172,20.968570709228516,-1.3455897569656372,True,88,0.8773452639579773,0.8703693151473999,0.13068154454231262,20.8990421295166,20.91817283630371,-1.3213030099868774,3135,961
2011_09_26_drive_0015_sync,0000000103,1,0.872952938079834,22.59218978881836,0.19318684935569763,-1.496171236038208,True,95,0.8810591101646423,0.9368242025375366,0.05677322670817375,22.540307998657227,0.17694887518882751,-1.5125360488891602,3135,961
2011_09_26_drive_0015_sync,0000000103,2,0.7818479537963867,35.815677642822266,21.598814010620117,-1.2136256694793701,True,94,0.799568772315979,0.9320043325424194,0.04462430998682976,35.85258483886719,21.621004104614258,-1.2253212928771973,3135,961
2011_09_26_drive_0015_sync,0000000103,3,0.7252019047737122,28.45662498474121,21.075332641601562,-1.1747074127197266,True,65,0.7947180271148682,0.7554225921630859,0.13077370822429657,28.476709365844727,21.178861618041992,-1.2520387172698975,3135,961
2011_09_26_drive_0015_sync,0000000104,0,0.6305941939353943,34.96063232421875,21.46281623840332,-1.2747409343719482,True,79,0.5772331953048706,0.8968487977981567,0.08259321004152298,35.02056121826172,21.51807975769043,-1.2880115509033203,3127,969
2011_09_26_drive_0015_sync,0000000104,1,0.6784932613372803,22.2703857421875,0.39619556069374084,-1.5184900760650635,True,44,0.8185449838638306,0.8390452265739441,0.10167118161916733,22.3253231048584,0.45561501383781433,-1.4569413661956787,3127,969
2011_09_26_drive_0015_sync,0000000104,2,0.8583691120147705,27.528959274291992,21.193790435791016,-1.1983716487884521,True,72,0.830057680606842,0.8904533386230469,0.12615153193473816,27.410015106201172,21.161781311035156,-1.1711336374282837,3127,969
2011_09_26_drive_0015_sync,0000000104,3,0.7908294796943665,20.070669174194336,20.923660278320312,-1.4162626266479492,True,51,0.8331559896469116,0.792350709438324,0.15507696568965912,20.200536727905273,20.986494064331055,-1.3593838214874268,3127,969
2011_09_26_drive_0015_sync,0000000105,0,0.8449966311454773,26.69028091430664,21.201128005981445,-1.3158888816833496,True,73,0.8634954690933228,0.933856189250946,0.05261805281043053,26.735219955444336,21.187841415405273,-1.2919596433639526,3270,826
2011_09_26_drive_0015_sync,0000000105,1,0.866001546382904,22.3638916015625,0.35018107295036316,-1.4717811346054077,True,97,0.8580496311187744,0.8919457197189331,0.08636295795440674,22.309526443481445,0.41448333859443665,-1.4909698963165283,3270,826
2011_09_26_drive_0015_sync,0000000105,2,0.7039281129837036,34.22998809814453,21.532989501953125,-1.2182841300964355,True,36,0.7246567606925964,0.8379982113838196,0.08226341009140015,34.18881607055664,21.498655319213867,-1.2806804180145264,3270,826
2011_09_26_drive_0015_sync,0000000105,3,0.7873116731643677,19.4127197265625,20.949302673339844,-1.3083901405334473,True,39,0.8055786490440369,0.8600817918777466,0.10107952356338501,19.49525260925293,20.99736213684082,-1.2752890586853027,3270,826
2011_09_26_drive_0015_sync,0000000106,0,0.8371145129203796,22.18935775756836,0.42716526985168457,-1.477774739265442,True,62,0.8756213784217834,0.9195478558540344,0.06285112351179123,22.128036499023438,0.4188069701194763,-1.46681547164917,3246,850
2011_09_26_drive_0015_sync,0000000106,1,0.8150046467781067,25.812442779541016,21.20508575439453,-1.1662784814834595,True,79,0.8782047033309937,0.9312607645988464,0.018576202914118767,25.810405731201172,21.193824768066406,-1.1809111833572388,3246,850
2011_09_26_drive_0015_sync,0000000106,2,0.5000184774398804,33.379974365234375,21.52348518371582,-1.199023723602295,True,12,0.6437950134277344,0.8814952969551086,0.05905618891119957,33.362064361572266,21.529138565063477,-1.143033504486084,3246,850
2011_09_26_drive_0015_sync,0000000106,3,0.8030211329460144,18.580286026000977,20.953048706054688,-1.3150293827056885,True,81,0.7470201849937439,0.7823610901832581,0.14349837601184845,18.462738037109375,20.88483238220215,-1.268977403640747,3246,850
2011_09_26_drive_0015_sync,0000000107,0,0.7111093401908875,32.47096252441406,21.656490325927734,-1.2022466659545898,True,33,0.7273200750350952,0.7349100708961487,0.23394326865673065,32.65309143066406,21.509742736816406,-1.2071112394332886,3239,857
2011_09_26_drive_0015_sync,0000000107,1,0.8534834384918213,24.99955177307129,21.141904830932617,-1.1897815465927124,True,41,0.849649965763092,0.9467630386352539,0.06263940036296844,25.061389923095703,21.151607513427734,-1.1874159574508667,3239,857
2011_09_26_drive_0015_sync,0000000107,2,0.8610463738441467,17.75234603881836,20.978782653808594,-1.326678991317749,True,14,0.8694485425949097,0.9302965998649597,0.07472176849842072,17.691736221313477,20.983139038085938,-1.3701624870300293,3239,857
2011_09_26_drive_0015_sync,0000000107,3,0.8755916953086853,22.254310607910156,0.44640177488327026,-1.4372220039367676,True,71,0.8700441122055054,0.8426746129989624,0.1364639401435852,22.139310836791992,0.3821156322956085,-1.4727853536605835,3239,857
2011_09_26_drive_0015_sync,0000000108,0,0.8826830387115479,16.930587768554688,20.933435440063477,-1.305039405822754,True,80,0.8064643740653992,0.7565788626670837,0.1293821483850479,16.87050437927246,20.876916885375977,-1.2053630352020264,3176,920
2011_09_26_drive_0015_sync,0000000108,1,0.538476824760437,31.724939346313477,21.53466033935547,-1.1568794250488281,True,77,0.6454902291297913,0.9029932618141174,0.027262762188911438,31.712051391601562,21.557336807250977,-1.1489461660385132,3176,920
2011_09_26_drive_0015_sync,0000000108,2,0.859804630279541,22.098859786987305,0.32251450419425964,-1.4538021087646484,True,67,0.8509463667869568,0.8505371809005737,0.10694918781518936,22.061674118041992,0.41752928495407104,-1.4858574867248535,3176,920
2011_09_26_drive_0015_sync,0000000108,3,0.8620633482933044,24.412464141845703,21.18325424194336,-1.3136579990386963,True,87,0.8530058264732361,0.8123854398727417,0.16647937893867493,24.26144027709961,21.209203720092773,-1.248590350151062,3176,920
2011_09_26_drive_0015_sync,0000000109,0,0.8903809189796448,16.094955444335938,20.94849967956543,-1.3112143278121948,True,43,0.872983455657959,0.9292464852333069,0.04479539021849632,16.13344955444336,20.971376419067383,-1.3099956512451172,3175,921
2011_09_26_drive_0015_sync,0000000109,1,0.8949286341667175,23.70774269104004,21.303945541381836,-1.1885755062103271,True,44,0.9096161127090454,0.8645672798156738,0.11536853015422821,23.66619300842285,21.263347625732422,-1.2882516384124756,3175,921
2011_09_26_drive_0015_sync,0000000109,2,0.879928469657898,21.97169303894043,0.5466295480728149,-1.4770545959472656,True,86,0.8634146451950073,0.8415945172309875,0.06488702446222305,21.956863403320312,0.49719396233558655,-1.5163805484771729,3175,921
2011_09_26_drive_0015_sync,0000000109,3,0.5226653814315796,31.108854293823242,21.93054962158203,-1.21915864944458,True,72,0.40325209498405457,0.5370913743972778,0.3865181505680084,30.756397247314453,22.086326599121094,-1.249222755432129,3175,921
2011_09_26_drive_0015_sync,0000000110,0,0.4740017056465149,30.22202491760254,21.570432662963867,-1.2006536722183228,False,,,0.0,,,,,3203,893
2011_09_26_drive_0015_sync,0000000110,1,0.799004316329956,21.864381790161133,0.6040177941322327,-1.50495445728302,True,46,0.7791414856910706,0.8618692755699158,0.125151589512825,21.747894287109375,0.6292919516563416,-1.4668126106262207,3203,893
2011_09_26_drive_0015_sync,0000000110,2,0.8075204491615295,22.936302185058594,21.32139778137207,-1.2371859550476074,True,32,0.8803742527961731,0.8670646548271179,0.09108995646238327,22.862716674804688,21.29823875427246,-1.2856236696243286,3203,893
2011_09_26_drive_0015_sync,0000000110,3,0.8710527420043945,15.323121070861816,20.9713077545166,-1.3310422897338867,True,79,0.8787147998809814,0.8773419857025146,0.0684843584895134,15.390121459960938,20.984498977661133,-1.336242914199829,3203,893
2011_09_26_drive_0015_sync,0000000111,0,0.8576877117156982,22.11138153076172,21.340303421020508,-1.1745657920837402,True,52,0.8460260629653931,0.7475823760032654,0.236810103058815,21.885393142700195,21.298847198486328,-1.2319213151931763,3280,816
2011_09_26_drive_0015_sync,0000000111,1,0.8730141520500183,21.928152084350586,0.5984426736831665,-1.5301884412765503,True,38,0.8886640071868896,0.8775591850280762,0.07729943841695786,21.924907684326172,0.6632183790206909,-1.4881315231323242,3280,816
2011_09_26_drive_0015_sync,0000000111,2,0.33207622170448303,29.508678436279297,21.76059913635254,-1.2185393571853638,True,93,0.12577210366725922,0.7425311803817749,0.17222923040390015,29.38500213623047,21.680055618286133,-1.3073077201843262,3280,816
2011_09_26_drive_0015_sync,0000000111,3,0.884121835231781,14.641829490661621,21.02298927307129,-1.251397728919983,True,97,0.9028992652893066,0.9087303280830383,0.06182200089097023,14.684293746948242,20.993330001831055,-1.2851479053497314,3280,816
2011_09_26_drive_0015_sync,0000000112,0,0.8502881526947021,21.854164123535156,0.6503936648368835,-1.525915265083313,True,26,0.8555037975311279,0.8891851902008057,0.09101439267396927,21.785982131958008,0.6315365433692932,-1.4686505794525146,3271,825
2011_09_26_drive_0015_sync,0000000112,1,0.869957685470581,21.252498626708984,21.306472778320312,-1.2117928266525269,True,29,0.83050137758255,0.8888140916824341,0.10656502842903137,21.15508270263672,21.277511596679688,-1.1797382831573486,3271,825
2011_09_26_drive_0015_sync,0000000112,2,0.8773333430290222,13.903736114501953,21.08575439453125,-1.2508389949798584,True,89,0.8826586604118347,0.9476758241653442,0.021232150495052338,13.920877456665039,21.076963424682617,-1.2597663402557373,3271,825
2011_09_26_drive_0015_sync,0000000112,3,0.7854047417640686,28.75564956665039,22.046649932861328,-1.1934130191802979,True,87,0.7249035239219666,0.8167452812194824,0.232417494058609,28.527740478515625,22.001840591430664,-1.18519926071167,3271,825
2011_09_26_drive_0015_sync,0000000113,0,0.8151260614395142,20.322998046875,21.31989097595215,-1.234032392501831,True,58,0.8224881887435913,0.8451412916183472,0.14059321582317352,20.439170837402344,21.294078826904297,-1.1591720581054688,3279,817
2011_09_26_drive_0015_sync,0000000113,1,0.8586596846580505,12.852343559265137,20.987010955810547,-1.3485878705978394,True,77,0.8848180770874023,0.8425993919372559,0.16014491021633148,13.003567695617676,21.038013458251953,-1.3618693351745605,3279,817
2011_09_26_drive_0015_sync,0000000113,2,0.4532979130744934,27.811843872070312,21.769315719604492,-1.2283824682235718,True,27,0.4014425277709961,0.8103514313697815,0.195211723446846,27.996944427490234,21.71489715576172,-1.2581150531768799,3279,817
2011_09_26_drive_0015_sync,0000000113,3,0.872018039226532,21.768171310424805,0.673300564289093,-1.4989218711853027,True,94,0.8311961889266968,0.7610752582550049,0.1742377132177353,21.70423698425293,0.816798210144043,-1.4235587120056152,3279,817
2011_09_26_drive_0015_sync,0000000114,0,0.8741961717605591,12.26968002319336,21.08258056640625,-1.262308955192566,True,68,0.8736510872840881,0.911012589931488,0.05617683008313179,12.318102836608887,21.071626663208008,-1.2885973453521729,3150,946
2011_09_26_drive_0015_sync,0000000114,1,0.8619381785392761,21.781360626220703,0.7661927342414856,-1.451480507850647,True,65,0.8591941595077515,0.8612567186355591,0.11589625477790833,21.67477798461914,0.8060762286186218,-1.4734210968017578,3150,946
2011_09_26_drive_0015_sync,0000000114,2,0.8550252318382263,19.978179931640625,21.43829345703125,-1.1930173635482788,True,52,0.8665791749954224,0.8804184794425964,0.064943827688694,19.990684509277344,21.38005828857422,-1.2189017534255981,3150,946
2011_09_26_drive_0015_sync,0000000114,3,0.7957803606987,27.185476303100586,21.634016036987305,-1.2182159423828125,True,73,0.7751061320304871,0.6951364278793335,0.2116958498954773,27.076478958129883,21.80463218688965,-1.2800612449645996,3150,946
2011_09_26_drive_0015_sync,0000000115,0,0.7527342438697815,26.26123809814453,21.768014907836914,-1.2423714399337769,True,74,0.8123628497123718,0.8340151906013489,0.14183270931243896,26.397258758544922,21.77597999572754,-1.2817599773406982,3242,854
2011_09_26_drive_0015_sync,0000000115,1,0.8681109547615051,11.612689971923828,21.079896926879883,-1.2851355075836182,True,60,0.8728875517845154,0.8453422784805298,0.07799496501684189,11.590723037719727,21.020551681518555,-1.2395415306091309,3242,854
2011_09_26_drive_0015_sync,0000000115,2,0.8803022503852844,19.285324096679688,21.47112274169922,-1.2724350690841675,True,82,0.875821590423584,0.8477634191513062,0.10691148787736893,19.20797348022461,21.530244827270508,-1.2282589673995972,3242,854
2011_09_26_drive_0015_sync,0000000115,3,0.8346341848373413,21.739559173583984,0.9203814268112183,-1.5282992124557495,True,87,0.8697571158409119,0.8846144080162048,0.11733585596084595,21.641681671142578,0.9223920702934265,-1.5929803848266602,3242,854
2011_09_26_drive_0015_sync,0000000116,0,0.8690840005874634,21.833620071411133,0.7340397238731384,-1.4678354263305664,True,51,0.8521793484687805,0.7247611880302429,0.22754396498203278,21.704965591430664,0.9054862260818481,-1.5441923141479492,3209,887
2011_09_26_drive_0015_sync,0000000116,1,0.8748878836631775,18.436054229736328,21.431106567382812,-1.2168538570404053,True,36,0.8343373537063599,0.8366600275039673,0.09387015551328659,18.389705657958984,21.349864959716797,-1.2248047590255737,3209,887
2011_09_26_drive_0015_sync,0000000116,2,0.886713981628418,10.813117027282715,21.1535701751709,-1.3869099617004395,True,44,0.8696476221084595,0.874040961265564,0.09157584607601166,10.799333572387695,21.068744659423828,-1.3552747964859009,3209,887
2011_09_26_drive_0015_sync,0000000116,3,0.4396362006664276,25.561050415039062,21.857898712158203,-1.3468389511108398,True,41,0.7064943313598633,0.744910717010498,0.07085076719522476,25.611841201782227,21.851058959960938,-1.297917127609253,3209,887
2011_09_26_drive_0015_sync,0000000117,0,0.8729749917984009,21.691661834716797,0.9672800898551941,-1.4463715553283691,True,77,0.879577100276947,0.8648292422294617,0.0600341372191906,21.665327072143555,0.9843820929527283,-1.4975389242172241,3243,853
2011_09_26_drive_0015_sync,0000000117,1,0.37771517038345337,1.31121826171875,-0.33909183740615845,-1.7573810815811157,True,40,0.03654494509100914,0.7240700125694275,0.43328532576560974,1.7388077974319458,-0.4091070890426636,-1.7562665939331055,3243,853
2011_09_26_drive_0015_sync,0000000117,2,0.8956525325775146,17.672119140625,21.477293014526367,-1.244181752204895,True,34,0.8723474144935608,0.8804417848587036,0.0841248631477356,17.603357315063477,21.441604614257812,-1.2769711017608643,3243,853
2011_09_26_drive_0015_sync,0000000117,3,0.8500102162361145,10.047486305236816,21.177858352661133,-1.3598706722259521,True,87,0.8583073616027832,0.8516605496406555,0.1286775916814804,10.145270347595215,21.09424591064453,-1.3575987815856934,3243,853
2011_09_26_drive_0015_sync,0000000117,4,0.7654604315757751,24.912588119506836,21.776805877685547,-1.2909578084945679,True,74,0.7326858043670654,0.8488608002662659,0.1077565923333168,24.846004486083984,21.7681884765625,-1.206673502922058,3243,853
2011_09_26_drive_0015_sync,0000000118,0,0.34000420570373535,23.683387756347656,22.5933895111084,-1.2874348163604736,True,33,0.44766098260879517,0.5483425259590149,0.5186331272125244,24.193593978881836,22.509607315063477,-1.2468087673187256,3267,829
2011_09_26_drive_0015_sync,0000000118,1,0.892793595790863,16.950050354003906,21.4581298828125,-1.2333028316497803,True,59,0.8853170275688171,0.922946035861969,0.08146373927593231,16.8726806640625,21.454172134399414,-1.258494257926941,3267,829
2011_09_26_drive_0015_sync,0000000118,2,0.8558709621429443,9.442861557006836,21.109811782836914,-1.357213020324707,True,19,0.8557520508766174,0.9208226203918457,0.04991016536951065,9.426094055175781,21.086612701416016,-1.3980991840362549,3267,829
2011_09_26_drive_0015_sync,0000000118,3,0.8602014780044556,21.753259658813477,0.896192193031311,-1.4729700088500977,True,74,0.8532952070236206,0.791028618812561,0.07633771002292633,21.76683235168457,0.9542489051818848,-1.425297737121582,3267,829
2011_09_26_drive_0015_sync,0000000119,0,0.8198199272155762,21.67656707763672,0.9300950169563293,-1.4694623947143555,True,72,0.8462758660316467,0.7880281805992126,0.17369985580444336,21.694255828857422,1.09920072555542,-1.504987120628357,3215,881
2011_09_26_drive_0015_sync,0000000119,1,0.3075854182243347,23.604846954345703,21.955516815185547,-1.3477039337158203,False,,,0.0,,,,,3215,881
2011_09_26_drive_0015_sync,0000000119,2,0.8789775371551514,16.43592071533203,21.48841094970703,-1.280060052871704,True,54,0.8852159380912781,0.9503244161605835,0.042918700724840164,16.441516876220703,21.48125648498535,-1.238113522529602,3215,881
2011_09_26_drive_0015_sync,0000000119,3,0.8932974338531494,8.782123565673828,21.071971893310547,-1.3893330097198486,True,28,0.8377493619918823,0.900355339050293,0.08762766420841217,8.697277069091797,21.05060386657715,-1.3845281600952148,3215,881
2011_09_26_drive_0015_sync,0000000120,0,0.8897133469581604,8.129603385925293,21.101558685302734,-1.4230895042419434,True,41,0.8848496079444885,0.908045768737793,0.01787547767162323,8.12464714050293,21.109355926513672,-1.438392162322998,3256,840
2011_09_26_drive_0015_sync,0000000120,1,0.8478675484657288,21.682289123535156,1.026690125465393,-1.5326142311096191,True,22,0.8459194302558899,0.7502439022064209,0.2031267285346985,21.626270294189453,1.2208757400512695,-1.5529687404632568,3256,840
2011_09_26_drive_0015_sync,0000000120,2,0.8530991673469543,22.756303787231445,21.86884117126465,-1.2513161897659302,True,75,0.818751871585846,0.8236173391342163,0.1983058750629425,22.94174575805664,21.938358306884766,-1.261507511138916,3256,840
2011_09_26_drive_0015_sync,0000000120,3,0.8886682391166687,15.570796966552734,21.463764190673828,-1.2833255529403687,True,48,0.9029622673988342,0.8947259783744812,0.05995795130729675,15.612967491149902,21.45627212524414,-1.3252835273742676,3256,840
2011_09_26_drive_0015_sync,0000000121,0,0.8552112579345703,7.491987705230713,21.08350944519043,-1.3376286029815674,True,76,0.8715901374816895,0.8723021745681763,0.10724548250436783,7.56020975112915,21.13555145263672,-1.401963472366333,3317,779
2011_09_26_drive_0015_sync,0000000121,1,0.8272097706794739,21.468292236328125,0.8370664715766907,-1.5317881107330322,True,47,0.8433316349983215,0.8880346417427063,0.09450361877679825,21.534591674804688,0.8205087780952454,-1.466510534286499,3317,779
2011_09_26_drive_0015_sync,0000000121,2,0.8712096810340881,15.073299407958984,21.400283813476562,-1.2871372699737549,True,90,0.8787609338760376,0.8208984732627869,0.10385248064994812,15.009963035583496,21.414644241333008,-1.368178129196167,3317,779
2011_09_26_drive_0015_sync,0000000121,3,0.7743380069732666,22.371559143066406,21.82322120666504,-1.1804695129394531,True,82,0.7906916737556458,0.8648631572723389,0.06468355655670166,22.402780532836914,21.841262817382812,-1.2341694831848145,3317,779
2011_09_26_drive_0015_sync,0000000122,0,0.8490058183670044,6.605882167816162,21.1143741607666,-1.493896484375,True,46,0.8457632660865784,0.8991679549217224,0.0574050210416317,6.588698863983154,21.119670867919922,-1.4393802881240845,3239,857
2011_09_26_drive_0015_sync,0000000122,1,0.8866515159606934,14.343245506286621,21.36834144592285,-1.2979590892791748,True,41,0.8787506222724915,0.9325032830238342,0.06358441710472107,14.282207489013672,21.38568687438965,-1.3020180463790894,3239,857
2011_09_26_drive_0015_sync,0000000122,2,0.874732255935669,21.657907485961914,0.9619198441505432,-1.5025235414505005,True,56,0.860592246055603,0.9327404499053955,0.028268080204725266,21.662885665893555,0.9390051364898682,-1.4867368936538696,3239,857
2011_09_26_drive_0015_sync,0000000122,3,0.8592566251754761,21.46855354309082,21.76933479309082,-1.239284873008728,True,43,0.8460974097251892,0.8114759922027588,0.10242636501789093,21.559146881103516,21.812007904052734,-1.2608026266098022,3239,857
2011_09_26_drive_0015_sync,0000000123,0,0.8439143300056458,6.037322044372559,21.014217376708984,-1.4075918197631836,True,94,0.8824067711830139,0.853422224521637,0.11929994821548462,5.955397605895996,21.07798194885254,-1.4663705825805664,3269,827
2011_09_26_drive_0015_sync,0000000123,1,0.8430798053741455,20.926111221313477,21.739492416381836,-1.3859705924987793,True,53,0.8102406859397888,0.8949972987174988,0.05926485359668732,20.92562484741211,21.685165405273438,-1.4096488952636719,3269,827
2011_09_26_drive_0015_sync,0000000123,2,0.838771641254425,21.64723777770996,0.8402249813079834,-1.3795526027679443,True,93,0.8390625715255737,0.88836669921875,0.09942521154880524,21.562246322631836,0.8465023636817932,-1.4307621717453003,3269,827
2011_09_26_drive_0015_sync,0000000123,3,0.8632684946060181,13.698043823242188,21.330442428588867,-1.3112925291061401,True,49,0.8685593008995056,0.939033031463623,0.04333989694714546,13.677348136901855,21.32971954345703,-1.349364995956421,3269,827
2011_09_26_drive_0015_sync,0000000124,0,0.8698877692222595,5.559425354003906,21.042125701904297,-1.4280911684036255,True,81,0.8569566607475281,0.9094476103782654,0.04984311759471893,5.543936729431152,21.016765594482422,-1.4681074619293213,3198,898
2011_09_26_drive_0015_sync,0000000124,1,0.874462366104126,21.713130950927734,0.7809661030769348,-1.5627938508987427,True,14,0.8527186512947083,0.8347703814506531,0.17733971774578094,21.55138397216797,0.7950963973999023,-1.4914662837982178,3198,898
2011_09_26_drive_0015_sync,0000000124,2,0.8003215789794922,20.350370407104492,21.707021713256836,-1.3053250312805176,True,70,0.8274096250534058,0.8297706246376038,0.1437661200761795,20.238788604736328,21.695613861083984,-1.2153913974761963,3198,898
2011_09_26_drive_0015_sync,0000000124,3,0.8923768997192383,13.100364685058594,21.317779541015625,-1.356153964996338,True,48,0.8816878199577332,0.9181204438209534,0.08106701821088791,13.03759479522705,21.3140811920166,-1.407321572303772,3198,898
2011_09_26_drive_0015_sync,0000000125,0,0.7300251722335815,19.721101760864258,21.539716720581055,-1.2763108015060425,True,41,0.7948786020278931,0.8289604187011719,0.1606910079717636,19.56188201904297,21.51806640625,-1.2749191522598267,3176,920
2011_09_26_drive_0015_sync,0000000125,1,0.8552618026733398,5.003421783447266,21.01734161376953,-1.476026177406311,True,83,0.8286274075508118,0.8283249735832214,0.2323741763830185,4.7764153480529785,20.970064163208008,-1.4608380794525146,3176,920
2011_09_26_drive_0015_sync,0000000125,2,0.3431400656700134,40.81795120239258,27.156007766723633,-0.8711917400360107,True,55,0.14695380628108978,0.9016080498695374,0.047554176300764084,40.805843353271484,27.201913833618164,-0.8684654235839844,3176,920
2011_09_26_drive_0015_sync,0000000125,3,0.8747866153717041,21.57683753967285,0.886398434638977,-1.5028492212295532,True,29,0.8684407472610474,0.8895663619041443,0.057733550667762756,21.540111541748047,0.8480737209320068,-1.4801428318023682,3176,920
2011_09_26_drive_0015_sync,0000000125,4,0.8568642139434814,12.55879020690918,21.262039184570312,-1.3661103248596191,True,89,0.8550581932067871,0.8559685349464417,0.16423174738883972,12.397787094116211,21.25318145751953,-1.33493971824646,3176,920
2011_09_26_drive_0015_sync,0000000125,5,0.45992666482925415,29.33687400817871,27.288265228271484,-0.8400508761405945,True,81,0.22317330539226532,0.536074697971344,0.5008676648139954,29.046735763549805,27.67029571533203,-0.6960336565971375,3176,920
2011_09_26_drive_0015_sync,0000000126,0,0.8895562291145325,21.49909782409668,0.8424032926559448,-1.5938770771026611,True,40,0.8618780970573425,0.9005443453788757,0.10306935757398605,21.596216201782227,0.8093032836914062,-1.5840942859649658,3183,913
2011_09_26_drive_0015_sync,0000000126,1,0.8829929828643799,11.891215324401855,21.299209594726562,-1.4434220790863037,True,82,0.8798497319221497,0.869526743888855,0.082425057888031,11.938703536987305,21.30825424194336,-1.3766616582870483,3183,913
2011_09_26_drive_0015_sync,0000000126,2,0.8836429119110107,4.288235187530518,20.96577262878418,-1.4407532215118408,True,93,0.8685137629508972,0.8706299066543579,0.06940425932407379,4.304425239562988,21.03118324279785,-1.4241313934326172,3183,913
2011_09_26_drive_0015_sync,0000000126,3,0.8590372800827026,19.018449783325195,21.539140701293945,-1.3127473592758179,True,78,0.829206109046936,0.8572528958320618,0.08498278260231018,19.002197265625,21.505664825439453,-1.38914954662323,3183,913
2011_09_26_drive_0015_sync,0000000126,4,0.44809505343437195,28.85745620727539,26.918607711791992,-0.7535198330879211,True,67,0.5554434657096863,0.8532127141952515,0.12870053946971893,28.73171043395996,26.943443298339844,-0.7651396989822388,3183,913
2011_09_26_drive_0015_sync,0000000127,0,0.8386412262916565,18.44658088684082,21.497432708740234,-1.341526746749878,True,68,0.7871620655059814,0.8264455795288086,0.08399453014135361,18.51638412475586,21.462026596069336,-1.3110473155975342,3173,923
2011_09_26_drive_0015_sync,0000000127,1,0.8686193227767944,21.554149627685547,0.7687353491783142,-1.568136215209961,True,46,0.8356806039810181,0.9419775605201721,0.04292330890893936,21.51760482788086,0.7910420894622803,-1.5711853504180908,3173,923
2011_09_26_drive_0015_sync,0000000127,2,0.8586111664772034,3.6238112449645996,20.9657039642334,-1.4910087585449219,True,98,0.8639493584632874,0.864107072353363,0.10963305085897446,3.733177900314331,20.9730281829834,-1.4888415336608887,3173,923
2011_09_26_drive_0015_sync,0000000127,3,0.8936595320701599,11.23929214477539,21.24956703186035,-1.3683089017868042,True,33,0.8925893306732178,0.8792837262153625,0.07015456259250641,11.293074607849121,21.27269744873047,-1.4069623947143555,3173,923
2011_09_26_drive_0015_sync,0000000128,0,0.8567484021186829,21.50210952758789,0.6405543684959412,-1.5611069202423096,True,65,0.8705032467842102,0.9131866693496704,0.0562630221247673,21.497419357299805,0.6820259094238281,-1.5233757495880127,3175,921
2011_09_26_drive_0015_sync,0000000128,1,0.8762913346290588,2.908975601196289,21.038482666015625,-1.4748157262802124,True,96,0.8666174411773682,0.8893735408782959,0.14262422919273376,3.048630952835083,21.021486282348633,-1.4982502460479736,3175,921
2011_09_26_drive_0015_sync,0000000128,2,0.8731085658073425,17.601715087890625,21.47502326965332,-1.4465748071670532,True,34,0.8706150650978088,0.9013978838920593,0.0738213062286377,17.64449119567871,21.449127197265625,-1.392268419265747,3175,921
2011_09_26_drive_0015_sync,0000000128,3,0.8989222645759583,10.666261672973633,21.26450538635254,-1.4920005798339844,True,79,0.8867542147636414,0.8552945256233215,0.11443176865577698,10.616253852844238,21.309988021850586,-1.3996686935424805,3175,921
2011_09_26_drive_0015_sync,0000000128,4,0.5716384053230286,27.931095123291016,26.808147430419922,-0.9059838652610779,True,42,0.18423901498317719,0.6760289072990417,0.4162614941596985,28.346677780151367,26.831525802612305,-0.901725172996521,3175,921
2011_09_26_drive_0015_sync,0000000129,0,0.8740615248680115,21.31235694885254,0.7782864570617676,-1.554948091506958,True,79,0.8818557858467102,0.8953302502632141,0.08411085605621338,21.385665893554688,0.7519335150718689,-1.5866649150848389,3177,919
2011_09_26_drive_0015_sync,0000000129,1,0.881198525428772,9.831377983093262,21.185657501220703,-1.4761040210723877,True,62,0.8805361986160278,0.8824647665023804,0.06381324678659439,9.890641212463379,21.20621681213379,-1.48782217502594,3177,919
2011_09_26_drive_0015_sync,0000000129,2,0.8499125242233276,2.2950897216796875,20.973302841186523,-1.5503814220428467,True,39,0.8480493426322937,0.8947362303733826,0.028569918125867844,2.282560348510742,20.978286743164062,-1.5251938104629517,3177,919
2011_09_26_drive_0015_sync,0000000129,3,0.86495441198349,17.077980041503906,21.474031448364258,-1.4109838008880615,True,97,0.8613414764404297,0.9640328884124756,0.03016631491482258,17.107633590698242,21.475582122802734,-1.416300654411316,3177,919
2011_09_26_drive_0015_sync,0000000130,0,0.8301451206207275,9.079986572265625,21.251371383666992,-1.4821676015853882,True,61,0.8757311105728149,0.8469763994216919,0.1034165546298027,9.146265983581543,21.178260803222656,-1.4512343406677246,3307,789
2011_09_26_drive_0015_sync,0000000130,1,0.8598562479019165,21.26540184020996,0.8458027243614197,-1.563982367515564,True,84,0.8773295879364014,0.7941596508026123,0.15828314423561096,21.296920776367188,0.6964330077171326,-1.605800986289978,3307,789
2011_09_26_drive_0015_sync,0000000130,2,0.7654260396957397,1.767507791519165,21.06521224975586,-1.4398610591888428,True,64,0.7628128528594971,0.8433246612548828,0.04443730041384697,1.7600291967391968,21.021791458129883,-1.4456385374069214,3307,789
2011_09_26_drive_0015_sync,0000000130,3,0.8756101727485657,16.2679443359375,21.520967483520508,-1.4212169647216797,True,75,0.8842651844024658,0.8433184027671814,0.09020470827817917,16.195117950439453,21.468069076538086,-1.4271302223205566,3307,789
2011_09_26_drive_0015_sync,0000000131,0,0.812910795211792,1.099645972251892,20.95269203186035,-1.5116636753082275,True,17,0.844240665435791,0.842555046081543,0.07676833868026733,1.1327005624771118,20.945484161376953,-1.4427520036697388,3293,803
2011_09_26_drive_0015_sync,0000000131,1,0.8812149167060852,15.810900688171387,21.433610916137695,-1.403395175933838,True,91,0.8814383149147034,0.7936475276947021,0.23790089786052704,15.575263023376465,21.431272506713867,-1.370741605758667,3293,803
2011_09_26_drive_0015_sync,0000000131,2,0.7267273664474487,25.548540115356445,26.681468963623047,-0.9307472705841064,True,4,0.7862144708633423,0.8050181865692139,0.1343049257993698,25.68079376220703,26.697248458862305,-0.9480040073394775,3293,803
2011_09_26_drive_0015_sync,0000000131,3,0.8867743015289307,21.349746704101562,0.7389941215515137,-1.5660040378570557,True,31,0.86027592420578,0.9508237838745117,0.031028427183628082,21.346723556518555,0.7288484573364258,-1.5368374586105347,3293,803
2011_09_26_drive_0015_sync,0000000131,4,0.7681810855865479,8.418595314025879,21.173900604248047,-1.4300724267959595,True,77,0.801672101020813,0.9339656233787537,0.055682726204395294,8.364067077636719,21.162622451782227,-1.42987060546875,3293,803
2011_09_26_drive_0015_sync,0000000132,0,0.8849982619285583,21.377132415771484,0.8023072481155396,-1.6180717945098877,True,87,0.8597210049629211,0.8823530673980713,0.0927886962890625,21.33233070373535,0.7214409708976746,-1.6260212659835815,3269,827
2011_09_26_drive_0015_sync,0000000132,1,0.8723501563072205,14.97706413269043,21.440366744995117,-1.4352085590362549,True,9,0.8797788619995117,0.9073776602745056,0.04859323427081108,14.931120872497559,21.42491340637207,-1.4386310577392578,3269,827
2011_09_26_drive_0015_sync,0000000132,2,0.8641861081123352,7.930062294006348,21.196495056152344,-1.4585561752319336,True,44,0.8868362307548523,0.8759849667549133,0.08023548126220703,7.956897735595703,21.23841094970703,-1.5214898586273193,3269,827
2011_09_26_drive_0015_sync,0000000132,3,0.7811013460159302,0.5396757125854492,20.952129364013672,-1.466120958328247,True,97,0.8281559944152832,0.8870183229446411,0.046470142900943756,0.5345942974090576,20.950347900390625,-1.5122780799865723,3269,827
2011_09_26_drive_0015_sync,0000000133,0,0.8666900396347046,14.421927452087402,21.474994659423828,-1.4141477346420288,True,63,0.8717681169509888,0.9158648252487183,0.051028721034526825,14.399852752685547,21.457752227783203,-1.456801414489746,3239,857
2011_09_26_drive_0015_sync,0000000133,1,0.8591262102127075,7.426822662353516,21.208110809326172,-1.47151517868042,True,93,0.8460015654563904,0.8228316903114319,0.17016863822937012,7.269827842712402,21.213577270507812,-1.5369377136230469,3239,857
2011_09_26_drive_0015_sync,0000000133,2,0.8486457467079163,21.098716735839844,0.745881199836731,-1.5240986347198486,True,89,0.8132996559143066,0.8110516667366028,0.16170497238636017,21.247507095336914,0.7122135758399963,-1.4704663753509521,3239,857
2011_09_26_drive_0015_sync,0000000133,3,0.4369720220565796,24.303468704223633,26.729455947875977,-0.9979778528213501,True,34,0.41500264406204224,0.832922637462616,0.07227717339992523,24.33123779296875,26.667438507080078,-1.0226092338562012,3239,857
2011_09_26_drive_0015_sync,0000000133,4,0.614567220211029,-0.03729984164237976,20.875534057617188,-1.530799150466919,True,84,0.6898640990257263,0.8583568334579468,0.10683396458625793,-0.10118284821510315,20.961153030395508,-1.5294395685195923,3239,857
2011_09_26_drive_0015_sync,0000000134,0,0.8691069483757019,21.274747848510742,0.7177038788795471,-1.5250639915466309,True,58,0.8727480173110962,0.9533068537712097,0.03316829726099968,21.276796340942383,0.6877987384796143,-1.5108646154403687,3198,898
2011_09_26_drive_0015_sync,0000000134,1,0.8877540230751038,13.67897891998291,21.379018783569336,-1.5037109851837158,True,36,0.889263927936554,0.9130166172981262,0.05059042200446129,13.711389541625977,21.40823745727539,-1.4781138896942139,3198,898
2011_09_26_drive_0015_sync,0000000134,2,0.8764286637306213,6.573889255523682,21.17357635498047,-1.5111479759216309,True,81,0.8495109677314758,0.8857513666152954,0.033720843493938446,6.5996809005737305,21.1882266998291,-1.4951088428497314,3198,898
2011_09_26_drive_0015_sync,0000000135,0,0.4056699275970459,33.23239517211914,31.11639404296875,-0.8728256225585938,True,4,0.031137773767113686,0.5949879288673401,0.4637923538684845,33.62320327758789,30.872756958007812,-0.9277197122573853,3189,907
2011_09_26_drive_0015_sync,0000000135,1,0.8701009750366211,13.20224380493164,21.48048210144043,-1.4430723190307617,True,98,0.8721157312393188,0.8785714507102966,0.03304461017251015,13.194948196411133,21.45615005493164,-1.4642069339752197,3189,907
2011_09_26_drive_0015_sync,0000000135,2,0.8588221669197083,21.24295425415039,0.7202061414718628,-1.5628241300582886,True,40,0.8558539748191833,0.9058196544647217,0.07100556790828705,21.20294189453125,0.6622194647789001,-1.5539727210998535,3189,907
2011_09_26_drive_0015_sync,0000000135,3,0.8553698062896729,5.826772689819336,21.19515037536621,-1.587486743927002,True,92,0.8359582424163818,0.835663378238678,0.110484279692173,5.915304660797119,21.255151748657227,-1.5597612857818604,3189,907
2011_09_26_drive_0015_sync,0000000136,0,0.461823433637619,20.022907257080078,33.10770797729492,-0.840305507183075,True,38,0.12045276165008545,0.5544479489326477,0.35622310638427734,20.051748275756836,32.77237319946289,-0.9569831490516663,3241,855
2011_09_26_drive_0015_sync,0000000136,1,0.847270131111145,12.477128028869629,21.417469024658203,-1.5315639972686768,True,39,0.8527836799621582,0.8820798993110657,0.12195505201816559,12.359627723693848,21.421035766601562,-1.499098777770996,3241,855
2011_09_26_drive_0015_sync,0000000136,2,0.8301240801811218,21.262144088745117,0.7082558870315552,-1.6045706272125244,True,27,0.8731532692909241,0.7796535491943359,0.14768274128437042,21.200668334960938,0.5999890565872192,-1.5251400470733643,3241,855
2011_09_26_drive_0015_sync,0000000136,3,0.880730390548706,5.247753143310547,21.229045867919922,-1.4734716415405273,True,64,0.8804214596748352,0.8809083104133606,0.04340345785021782,5.204398155212402,21.2277889251709,-1.4750919342041016,3241,855
2011_09_26_drive_0015_sync,0000000136,4,0.8433725833892822,22.207796096801758,26.682294845581055,-0.9682254195213318,True,58,0.8505445718765259,0.9527145028114319,0.03884069249033928,22.239849090576172,26.66498374938965,-0.981698751449585,3241,855
2011_09_26_drive_0015_sync,0000000137,0,0.8473319411277771,11.71568775177002,21.395185470581055,-1.4499340057373047,True,79,0.8648600578308105,0.891965925693512,0.07362228631973267,11.759654998779297,21.42086410522461,-1.503110408782959,3280,816
2011_09_26_drive_0015_sync,0000000137,1,0.8428078293800354,21.2318172454834,0.7625079154968262,-1.5398722887039185,True,68,0.8497944474220276,0.9291273951530457,0.04414840787649155,21.22163200378418,0.7765830755233765,-1.580458402633667,3280,816
2011_09_26_drive_0015_sync,0000000137,2,0.7519128918647766,21.413345336914062,26.710243225097656,-0.9991106390953064,True,8,0.687614917755127,0.8377218842506409,0.08433438837528229,21.373519897460938,26.663524627685547,-0.9412868022918701,3280,816
2011_09_26_drive_0015_sync,0000000137,3,0.8745290040969849,4.6033477783203125,21.178789138793945,-1.4877099990844727,True,11,0.8316895365715027,0.921219527721405,0.07573695480823517,4.616488456726074,21.191808700561523,-1.5611531734466553,3280,816
2011_09_26_drive_0015_sync,0000000138,0,0.8283852338790894,20.993837356567383,26.61661720275879,-0.9569034576416016,True,68,0.8091976642608643,0.8417469263076782,0.10244534909725189,21.074359893798828,26.646982192993164,-1.0124834775924683,3291,805
2011_09_26_drive_0015_sync,0000000138,1,0.8772077560424805,3.848278522491455,21.14238929748535,-1.4975773096084595,True,83,0.864007830619812,0.8479996919631958,0.1375567466020584,3.736158609390259,21.15797233581543,-1.5757319927215576,3291,805
2011_09_26_drive_0015_sync,0000000138,2,0.8718405365943909,10.958284378051758,21.370468139648438,-1.5182981491088867,True,74,0.8990070819854736,0.8819358348846436,0.07835941761732101,10.893677711486816,21.404016494750977,-1.547292709350586,3291,805
2011_09_26_drive_0015_sync,0000000138,3,0.8579806685447693,21.181732177734375,0.6884075999259949,-1.604353666305542,True,84,0.8554461002349854,0.7645516991615295,0.18118496239185333,21.139774322509766,0.8564316630363464,-1.5511047840118408,3291,805
2011_09_26_drive_0015_sync,0000000138,4,0.3660290837287903,31.745820999145508,27.484952926635742,-0.9510077238082886,False,,,0.0,,,,,3291,805
2011_09_26_drive_0015_sync,0000000139,0,0.882569432258606,21.2360897064209,0.8241698741912842,-1.5563969612121582,True,53,0.8680256605148315,0.8928160071372986,0.09467924386262894,21.157135009765625,0.7737275958061218,-1.5427627563476562,3234,862
2011_09_26_drive_0015_sync,0000000139,1,0.8695068359375,20.13946533203125,26.635841369628906,-0.7969847917556763,True,51,0.8687384724617004,0.8349065184593201,0.1096106469631195,20.215930938720703,26.64942741394043,-0.8743341565132141,3234,862
2011_09_26_drive_0015_sync,0000000139,2,0.39067280292510986,19.524410247802734,34.33135223388672,-0.8425334692001343,True,54,0.24707597494125366,0.7343849539756775,0.4166103005409241,19.424692153930664,33.92705154418945,-0.8552373647689819,3234,862
2011_09_26_drive_0015_sync,0000000139,3,0.852494478225708,3.2137911319732666,21.16168785095215,-1.5732923746109009,True,49,0.8132270574569702,0.8195736408233643,0.043322302401065826,3.1784660816192627,21.185152053833008,-1.5644383430480957,3234,862
2011_09_26_drive_0015_sync,0000000139,4,0.8905308246612549,10.382099151611328,21.378337860107422,-1.5367510318756104,True,46,0.8888081908226013,0.9070929884910583,0.05719482898712158,10.357518196105957,21.423276901245117,-1.5113048553466797,3234,862
2011_09_26_drive_0015_sync,0000000140,0,0.8603132963180542,2.4118120670318604,21.098848342895508,-1.5558929443359375,True,44,0.8552626967430115,0.8395735025405884,0.10882151871919632,2.435537338256836,21.191635131835938,-1.6075634956359863,3168,928
2011_09_26_drive_0015_sync,0000000140,1,0.8282254934310913,21.243999481201172,0.7806506156921387,-1.4749746322631836,True,25,0.7969769239425659,0.9037908911705017,0.1021980419754982,21.163984298706055,0.7833046317100525,-1.5384960174560547,3168,928
2011_09_26_drive_0015_sync,0000000140,2,0.901906430721283,9.522382736206055,21.373743057250977,-1.5366320610046387,True,56,0.8897449374198914,0.8747383952140808,0.04369671642780304,9.5247220993042,21.37774658203125,-1.4931820631027222,3168,928
2011_09_26_drive_0015_sync,0000000140,3,0.7308395504951477,19.646371841430664,26.580896377563477,-0.9270789623260498,True,89,0.660416841506958,0.8547433614730835,0.08476174622774124,19.57127571105957,26.620180130004883,-0.9284615516662598,3168,928
2011_09_26_drive_0015_sync,0000000141,0,0.8253523111343384,1.8309345245361328,21.09491729736328,-1.6217706203460693,True,40,0.8585946559906006,0.8203641772270203,0.07772801071405411,1.830426573753357,21.152803421020508,-1.5698997974395752,3190,906
2011_09_26_drive_0015_sync,0000000141,1,0.8824564218521118,8.94514274597168,21.402408599853516,-1.5031068325042725,True,29,0.8838984370231628,0.9385485649108887,0.049864452332258224,8.898828506469727,21.403820037841797,-1.521531343460083,3190,906
2011_09_26_drive_0015_sync,0000000141,2,0.5181841850280762,29.73520278930664,27.00705909729004,-1.019737958908081,True,53,0.5904331803321838,0.8979424834251404,0.0916932001709938,29.79622459411621,27.073223114013672,-1.0022363662719727,3190,906
2011_09_26_drive_0015_sync,0000000141,3,0.8453633189201355,21.04439353942871,0.9644060134887695,-1.5484436750411987,True,46,0.8448905944824219,0.7566145062446594,0.13122819364070892,21.098630905151367,0.8452709913253784,-1.5391703844070435,3190,906
2011_09_26_drive_0015_sync,0000000141,4,0.7119153141975403,18.719688415527344,26.59147834777832,-0.954018771648407,True,44,0.7353173494338989,0.9329749345779419,0.03722456842660904,18.751079559326172,26.571861267089844,-0.9579474925994873,3190,906
2011_09_26_drive_0015_sync,0000000142,0,0.8507845401763916,21.19819450378418,0.7625095844268799,-1.5649937391281128,True,86,0.8579468727111816,0.7701126933097839,0.156387060880661,21.262474060058594,0.900242269039154,-1.5281866788864136,3201,895
2011_09_26_drive_0015_sync,0000000142,1,0.885256290435791,8.09282112121582,21.428815841674805,-1.4596097469329834,True,94,0.873390257358551,0.955096960067749,0.019518017768859863,8.10416030883789,21.421892166137695,-1.4739079475402832,3201,895
2011_09_26_drive_0015_sync,0000000142,2,0.8188658952713013,1.2394061088562012,21.147933959960938,-1.600865364074707,True,69,0.8113290071487427,0.8295288681983948,0.07201414555311203,1.252453327178955,21.152767181396484,-1.671522617340088,3201,895
2011_09_26_drive_0015_sync,0000000142,3,0.3105979859828949,27.66925621032715,35.3336296081543,-0.5605326890945435,True,48,0.1948217898607254,0.8343908190727234,0.11348401010036469,27.680740356445312,35.42880630493164,-0.6212626695632935,3201,895
2011_09_26_drive_0015_sync,0000000142,4,0.3030591905117035,15.968868255615234,33.158287048339844,-0.9423990249633789,True,74,0.10472718626260757,0.5688178539276123,0.5621448755264282,16.530858993530273,33.14530563354492,-0.9402128458023071,3201,895
2011_09_26_drive_0015_sync,0000000142,5,0.7604507803916931,17.910104751586914,26.535802841186523,-1.0493475198745728,True,19,0.6593801975250244,0.8540390133857727,0.13111519813537598,17.978071212768555,26.453969955444336,-0.9726980924606323,3201,895
2011_09_26_drive_0015_sync,0000000143,0,0.3013889193534851,67.62716674804688,6.57548189163208,-1.2876214981079102,True,6,0.3013889193534851,1.0,0.0,67.62716674804688,6.57548189163208,-1.2876214981079102,3270,826
2011_09_26_drive_0015_sync,0000000143,1,0.8409062027931213,21.1809024810791,0.8020504117012024,-1.528116226196289,True,99,0.858160674571991,0.8796358704566956,0.0705125704407692,21.141183853149414,0.7506522536277771,-1.555551290512085,3270,826
2011_09_26_drive_0015_sync,0000000143,2,0.43402910232543945,26.73567771911621,35.9287223815918,-0.597324013710022,False,,,0.0,,,,,3270,826
2011_09_26_drive_0015_sync,0000000143,3,0.845015287399292,7.496711254119873,21.43585777282715,-1.5380442142486572,True,80,0.8790984749794006,0.8508439660072327,0.07850280404090881,7.536313533782959,21.37477684020996,-1.5674290657043457,3270,826
2011_09_26_drive_0015_sync,0000000143,4,0.6976277828216553,0.3340787887573242,21.11175537109375,-1.567850112915039,True,65,0.6961286664009094,0.7285063862800598,0.3134022653102875,0.6461738348007202,21.099655151367188,-1.5419418811798096,3270,826
2011_09_26_drive_0015_sync,0000000143,5,0.6558340191841125,16.537927627563477,26.904102325439453,-0.9467277526855469,True,61,0.42895931005477905,0.8928951621055603,0.04199732840061188,16.552026748657227,26.9360408782959,-0.9700712561607361,3270,826
2011_09_26_drive_0015_sync,0000000144,0,0.7859845757484436,16.762859344482422,26.49299430847168,-0.9977817535400391,True,84,0.8246285319328308,0.8514617085456848,0.2172393798828125,16.554025650024414,26.54731559753418,-1.0228941440582275,3240,856
2011_09_26_drive_0015_sync,0000000144,1,0.8584174513816833,21.338823318481445,0.769768238067627,-1.5105127096176147,True,14,0.8702676296234131,0.9196100234985352,0.04382438212633133,21.343652725219727,0.7274472713470459,-1.520817518234253,3240,856
2011_09_26_drive_0015_sync,0000000144,2,0.8670654892921448,6.707808971405029,21.39464569091797,-1.559131145477295,True,71,0.821434497833252,0.932256817817688,0.016257744282484055,6.716386795043945,21.408233642578125,-1.556660771369934,3240,856
2011_09_26_drive_0015_sync,0000000145,0,0.833634078502655,15.814815521240234,26.58366584777832,-1.0141607522964478,True,88,0.8378148674964905,0.9576741456985474,0.03915466368198395,15.815560340881348,26.574026107788086,-0.976218581199646,3254,842
2011_09_26_drive_0015_sync,0000000145,1,0.8747544288635254,6.108802318572998,21.345396041870117,-1.504941701889038,True,19,0.8201793432235718,0.8183977007865906,0.15619401633739471,5.964040279388428,21.34088897705078,-1.5634242296218872,3254,842
2011_09_26_drive_0015_sync,0000000145,2,0.8702986240386963,21.321796417236328,1.0438522100448608,-1.5594664812088013,True,48,0.8670868277549744,0.896673858165741,0.07602569460868835,21.317874908447266,0.9679297208786011,-1.5589150190353394,3254,842
2011_09_26_drive_0015_sync,0000000146,0,0.8320170640945435,15.067198753356934,26.52402114868164,-0.9823801517486572,True,78,0.8368263244628906,0.8325480222702026,0.13594411313533783,14.9404935836792,26.573280334472656,-0.9820153117179871,3243,853
2011_09_26_drive_0015_sync,0000000146,1,0.8360358476638794,21.266462326049805,0.9369878768920898,-1.530580759048462,True,15,0.867173433303833,0.9086341261863708,0.045132994651794434,21.26738739013672,0.9087041616439819,-1.4954216480255127,3243,853
2011_09_26_drive_0015_sync,0000000146,2,0.8211569786071777,5.308860778808594,21.338489532470703,-1.5177364349365234,True,90,0.8591572642326355,0.8138527274131775,0.0759984478354454,5.3017048835754395,21.39681053161621,-1.4695366621017456,3243,853
2011_09_26_drive_0015_sync,0000000147,0,0.8654984831809998,4.62094259262085,21.37577247619629,-1.5397104024887085,True,61,0.8484982252120972,0.8844782710075378,0.08449827134609222,4.6900177001953125,21.414274215698242,-1.5099412202835083,3173,923
2011_09_26_drive_0015_sync,0000000147,1,0.8376326560974121,21.46976089477539,1.0084850788116455,-1.5549263954162598,True,80,0.8562418222427368,0.8875746130943298,0.056601714342832565,21.50153160095215,1.0445598363876343,-1.5250434875488281,3173,923
2011_09_26_drive_0015_sync,0000000147,2,0.7862881422042847,14.455338478088379,26.494932174682617,-0.9937096238136292,True,26,0.7509732246398926,0.8358871936798096,0.18491573631763458,14.326233863830566,26.625532150268555,-0.9720422625541687,3173,923
2011_09_26_drive_0015_sync,0000000148,0,0.7530621886253357,13.793120384216309,26.484655380249023,-0.994037389755249,True,48,0.8206923007965088,0.854069709777832,0.036607932299375534,13.81453800201416,26.49270248413086,-1.02261483669281,3132,964
2011_09_26_drive_0015_sync,0000000148,1,0.8597269058227539,3.7575619220733643,21.422260284423828,-1.5515615940093994,True,34,0.8661073446273804,0.8980269432067871,0.09272860735654831,3.828774929046631,21.39996337890625,-1.4965147972106934,3132,964
2011_09_26_drive_0015_sync,0000000148,2,0.872016966342926,21.622573852539062,0.9241483211517334,-1.5972039699554443,True,47,0.8679407835006714,0.8340977430343628,0.11521557718515396,21.59210205078125,1.0337345600128174,-1.5788476467132568,3132,964
2011_09_26_drive_0015_sync,0000000149,0,0.8917922377586365,3.081705093383789,21.315990447998047,-1.4872336387634277,True,51,0.8563541173934937,0.8924387693405151,0.05537702888250351,3.104156017303467,21.351903915405273,-1.5229098796844482,3154,942
2011_09_26_drive_0015_sync,0000000149,1,0.861469566822052,21.444961547851562,0.9586156606674194,-1.559730887413025,True,31,0.8598883152008057,0.8618216514587402,0.17889241874217987,21.61785888671875,0.9319003820419312,-1.597084641456604,3154,942
2011_09_26_drive_0015_sync,0000000150,0,0.8426781892776489,2.30961537361145,21.373598098754883,-1.5827922821044922,True,74,0.8736863732337952,0.8065718412399292,0.15706199407577515,2.317640781402588,21.33964729309082,-1.4296537637710571,3190,906
2011_09_26_drive_0015_sync,0000000150,1,0.8162574768066406,12.014108657836914,26.64866065979004,-0.8958448767662048,True,56,0.6828557252883911,0.7472887635231018,0.22702264785766602,12.107719421386719,26.469928741455078,-0.7917717695236206,3190,906
2011_09_26_drive_0015_sync,0000000150,2,0.8803511261940002,21.692079544067383,0.8742253184318542,-1.5527355670928955,True,53,0.8496167063713074,0.8049111366271973,0.14060311019420624,21.674684524536133,1.0022189617156982,-1.497199296951294,3190,906
2011_09_26_drive_0015_sync,0000000151,0,0.8398986458778381,11.509026527404785,26.494077682495117,-0.9455952048301697,True,51,0.8507203459739685,0.8765960335731506,0.13872194290161133,11.626450538635254,26.425222396850586,-0.9188682436943054,3142,954
2011_09_26_drive_0015_sync,0000000151,1,0.8593518733978271,21.888980865478516,0.9933273792266846,-1.514499306678772,True,89,0.8694123029708862,0.8544959425926208,0.10528889298439026,21.962949752807617,0.9835529327392578,-1.5887880325317383,3142,954
2011_09_26_drive_0015_sync,0000000151,2,0.8371168375015259,1.7293375730514526,21.308433532714844,-1.5563931465148926,True,8,0.8734827041625977,0.8945345282554626,0.06888602674007416,1.6666367053985596,21.314125061035156,-1.5284379720687866,3142,954
2011_09_26_drive_0015_sync,0000000152,0,0.771125078201294,0.6726621389389038,21.302888870239258,-1.4451711177825928,True,38,0.8231613039970398,0.7988941669464111,0.23078560829162598,0.8811464905738831,21.353673934936523,-1.5301249027252197,3167,929
2011_09_26_drive_0015_sync,0000000152,1,0.8551657199859619,22.02526092529297,0.976902186870575,-1.5290894508361816,True,69,0.864666759967804,0.9077697992324829,0.040454890578985214,22.024486541748047,1.006049633026123,-1.5571327209472656,3167,929
2011_09_26_drive_0015_sync,0000000152,2,0.8496337532997131,10.886302947998047,26.50326919555664,-0.9345844984054565,True,85,0.8317466378211975,0.9106713533401489,0.06172196567058563,10.842535972595215,26.470701217651367,-0.9057161808013916,3167,929
2011_09_26_drive_0015_sync,0000000153,0,0.4126840829849243,43.59144592285156,5.715743064880371,-1.4413402080535889,True,60,0.28592613339424133,0.7612613439559937,0.18761798739433289,43.6801872253418,5.875436305999756,-1.4840433597564697,3154,942
2011_09_26_drive_0015_sync,0000000153,1,0.35135355591773987,20.892879486083984,27.109420776367188,-0.9232572913169861,False,,,0.0,,,,,3154,942
2011_09_26_drive_0015_sync,0000000153,2,0.8769859075546265,22.07768440246582,1.1221487522125244,-1.5513114929199219,True,88,0.8568572998046875,0.9137127995491028,0.032868027687072754,22.07754898071289,1.1532529592514038,-1.5406899452209473,3154,942
2011_09_26_drive_0015_sync,0000000153,3,0.8610134124755859,10.21727180480957,26.426008224487305,-0.9891727566719055,True,9,0.8550925254821777,0.8513274192810059,0.0981379970908165,10.213253021240234,26.391944885253906,-0.8972238302230835,3154,942
2011_09_26_drive_0015_sync,0000000153,4,0.7969655394554138,0.0841505229473114,21.362876892089844,-1.5482237339019775,True,66,0.7755218148231506,0.7869606614112854,0.23856861889362335,-0.13233405351638794,21.263999938964844,-1.5317082405090332,3154,942
2011_09_26_drive_0015_sync,0000000154,0,0.841218888759613,9.396283149719238,26.43150520324707,-0.8946830034255981,True,15,0.7641170024871826,0.8883094191551208,0.06280703097581863,9.345088958740234,26.448150634765625,-0.8623285889625549,3167,929
2011_09_26_drive_0015_sync,0000000154,1,0.34567543864250183,-0.8653786778450012,21.137516021728516,-1.40162992477417,True,36,0.17789721488952637,0.6724682450294495,0.35056933760643005,-0.55919349193573,21.210628509521484,-1.5559155941009521,3167,929
2011_09_26_drive_0015_sync,0000000154,2,0.8576757311820984,22.15726089477539,0.9939908981323242,-1.5637907981872559,True,50,0.8331419229507446,0.8339976668357849,0.1100151315331459,22.113731384277344,1.0843286514282227,-1.518540382385254,3167,929
2011_09_26_drive_0015_sync,0000000155,0,0.5053661465644836,8.826652526855469,26.34536361694336,-0.7917593717575073,True,57,0.3031982481479645,0.6984825730323792,0.38918012380599976,8.533905982971191,26.596851348876953,-0.8419046998023987,3186,910
2011_09_26_drive_0015_sync,0000000155,1,0.726302981376648,38.84661865234375,5.251062870025635,-1.4677730798721313,True,70,0.7695954442024231,0.7912912368774414,0.14027149975299835,38.77237319946289,5.352384090423584,-1.5302047729492188,3186,910
2011_09_26_drive_0015_sync,0000000155,2,0.8728551864624023,22.334962844848633,0.9343570470809937,-1.5454299449920654,True,99,0.8574053049087524,0.8675714135169983,0.08181458711624146,22.30101776123047,0.8688738942146301,-1.5100277662277222,3186,910
2011_09_26_drive_0015_sync,0000000155,3,0.3855099081993103,3.801907539367676,35.82746124267578,-0.7377738356590271,True,45,0.5024315118789673,0.8892624974250793,0.09483815729618073,3.872469663619995,35.85817337036133,-0.6823479533195496,3186,910
2011_09_26_drive_0015_sync,0000000156,0,0.7796167731285095,8.131589889526367,26.41091537475586,-0.9407482147216797,True,57,0.8577685952186584,0.7449033260345459,0.16044200956821442,8.002735137939453,26.362834930419922,-1.0233700275421143,3154,942
2011_09_26_drive_0015_sync,0000000156,1,0.8817266225814819,22.682147979736328,0.9637358784675598,-1.544982671737671,True,46,0.855445384979248,0.8187942504882812,0.24700471758842468,22.45144271850586,0.9219335913658142,-1.4672718048095703,3154,942
2011_09_26_drive_0015_sync,0000000157,0,0.85406094789505,22.626663208007812,1.0464954376220703,-1.575571894645691,True,20,0.8773717880249023,0.86476069688797,0.10310325026512146,22.698862075805664,0.9757495522499084,-1.5552587509155273,3208,888
2011_09_26_drive_0015_sync,0000000157,1,0.8191032409667969,7.448834419250488,26.28373146057129,-0.892534077167511,True,73,0.6974384784698486,0.7978726625442505,0.08865036070346832,7.453368186950684,26.276958465576172,-0.9808089733123779,3208,888
2011_09_26_drive_0015_sync,0000000157,2,0.35027170181274414,2.2964823246002197,35.85134506225586,-0.5653054714202881,False,,,0.0,,,,,3208,888
2011_09_26_drive_0015_sync,0000000157,3,0.42709043622016907,34.14027404785156,4.791687488555908,-1.2562172412872314,True,54,0.060508351773023605,0.6087132096290588,0.38907310366630554,33.82019805908203,4.6447224617004395,-1.4215366840362549,3208,888
2011_09_26_drive_0015_sync,0000000157,4,0.47397175431251526,17.647539138793945,32.14411926269531,-0.7043677568435669,True,98,0.15222498774528503,0.7890835404396057,0.1163657084107399,17.599536895751953,32.08700180053711,-0.7936670184135437,3208,888
2011_09_26_drive_0015_sync,0000000157,5,0.6326428055763245,17.053091049194336,35.24879837036133,-0.35082554817199707,True,90,0.5606804490089417,0.8661994934082031,0.16158178448677063,17.182964324951172,35.32910919189453,-0.4036628305912018,3208,888
2011_09_26_drive_0015_sync,0000000158,0,0.6062803864479065,18.419921875,26.428142547607422,-0.9077526330947876,True,55,0.3159775137901306,0.8826027512550354,0.07325740158557892,18.3560733795166,26.435529708862305,-0.872603714466095,3231,865
2011_09_26_drive_0015_sync,0000000158,1,0.5795137882232666,0.9403431415557861,35.8399772644043,-0.5616002082824707,True,53,0.6560865044593811,0.871380090713501,0.1044919416308403,1.024119257926941,35.77762222290039,-0.5650609731674194,3231,865
2011_09_26_drive_0015_sync,0000000158,2,0.4187377989292145,16.400653839111328,35.3930549621582,-0.4872032701969147,True,68,0.6322179436683655,0.8171645998954773,0.13179710507392883,16.47445297241211,35.29241943359375,-0.44481632113456726,3231,865
2011_09_26_drive_0015_sync,0000000158,3,0.7061966061592102,6.756832122802734,26.19879913330078,-0.9828153848648071,True,73,0.5623864531517029,0.7324510812759399,0.3321464955806732,6.506889343261719,26.40648651123047,-1.0514874458312988,3231,865
2011_09_26_drive_0015_sync,0000000158,4,0.8300962448120117,22.791501998901367,1.0960761308670044,-1.5605753660202026,True,37,0.7973566055297852,0.8679067492485046,0.08483205735683441,22.774106979370117,1.1487209796905518,-1.6247813701629639,3231,865
2011_09_26_drive_0015_sync,0000000159,0,0.6862266063690186,6.147555828094482,26.301300048828125,-0.9157902002334595,True,68,0.6562452912330627,0.8407644629478455,0.2276034951210022,5.95122766494751,26.412883758544922,-0.9442099332809448,3190,906
2011_09_26_drive_0015_sync,0000000159,1,0.574883759021759,16.048629760742188,32.372371673583984,-0.7463517189025879,False,,,0.0,,,,,3190,906
2011_09_26_drive_0015_sync,0000000159,2,0.7413303256034851,29.190074920654297,4.483987808227539,-1.4935872554779053,True,64,0.048504188656806946,0.8017145991325378,0.15611307322978973,29.09444236755371,4.403588771820068,-1.5871912240982056,3190,906
2011_09_26_drive_0015_sync,0000000159,3,0.85146164894104,22.994117736816406,0.7590633034706116,-1.5220774412155151,True,66,0.8085371851921082,0.769317090511322,0.13448360562324524,22.961462020874023,0.865615963935852,-1.4468047618865967,3190,906
2011_09_26_drive_0015_sync,0000000160,0,0.6639460921287537,5.199140548706055,26.3281307220459,-0.9503045082092285,True,86,0.7082117199897766,0.9027780294418335,0.11923472583293915,5.0799078941345215,26.327909469604492,-0.9496377110481262,3135,961
2011_09_26_drive_0015_sync,0000000160,1,0.8421083092689514,23.229656219482422,0.7669435143470764,-1.6245687007904053,True,26,0.8212553262710571,0.8743909001350403,0.06967390328645706,23.210025787353516,0.8336944580078125,-1.6209067106246948,3135,961
2011_09_26_drive_0015_sync,0000000161,0,0.8585329651832581,23.430400848388672,0.7349547147750854,-1.5640909671783447,True,54,0.8783143162727356,0.7941014766693115,0.14399650692939758,23.31361961364746,0.6912758350372314,-1.6361277103424072,3130,966
2011_09_26_drive_0015_sync,0000000161,1,0.3650798201560974,13.891925811767578,34.779232025146484,-0.44347649812698364,True,81,0.6400746703147888,0.6579623818397522,0.30859997868537903,14.050590515136719,35.04350662231445,-0.4286980926990509,3130,966
2011_09_26_drive_0015_sync,0000000161,2,0.45352795720100403,4.494998455047607,26.247943878173828,-0.9768097996711731,True,92,0.7534835338592529,0.8609554767608643,0.09330123662948608,4.415557384490967,26.208641052246094,-1.0059564113616943,3130,966
2011_09_26_drive_0015_sync,0000000161,3,0.48947596549987793,14.682071685791016,31.931058883666992,-0.8505248427391052,True,65,0.47381359338760376,0.737509548664093,0.40831458568573,15.032844543457031,32.140052795410156,-0.8513880372047424,3130,966
2011_09_26_drive_0015_sync,0000000162,0,0.3541971445083618,3.5456364154815674,26.338512420654297,-1.06321382522583,True,77,0.5076679587364197,0.8323890566825867,0.14000211656093597,3.627988576889038,26.260698318481445,-0.9809722304344177,3132,964
2011_09_26_drive_0015_sync,0000000162,1,0.8389983177185059,23.560993194580078,0.6779670119285583,-1.6622917652130127,True,80,0.8470787405967712,0.8326953053474426,0.09423394501209259,23.51093101501465,0.7423064112663269,-1.6150238513946533,3132,964
2011_09_26_drive_0015_sync,0000000162,2,0.5498262643814087,48.91534423828125,-21.976743698120117,-2.433814764022827,True,7,0.5498693585395813,0.8725541830062866,0.0764206051826477,48.89810562133789,-22.033605575561523,-2.4818737506866455,3132,964
2011_09_26_drive_0015_sync,0000000162,3,0.539326012134552,21.59339714050293,4.154576778411865,-1.519521713256836,True,38,0.6618223786354065,0.8084930181503296,0.137607604265213,21.701881408691406,4.238039493560791,-1.5053446292877197,3132,964
2011_09_26_drive_0015_sync,0000000163,0,0.7010019421577454,2.6719088554382324,26.258934020996094,-1.112841248512268,True,31,0.7612611055374146,0.7313714623451233,0.29556936025619507,2.9029014110565186,26.19745635986328,-0.9389902353286743,3114,982
2011_09_26_drive_0015_sync,0000000163,1,0.8643239736557007,23.85064697265625,0.8344396948814392,-1.6810497045516968,True,58,0.8521237373352051,0.8664962649345398,0.11496323347091675,23.7402400970459,0.8664677143096924,-1.6820859909057617,3114,982
2011_09_26_drive_0015_sync,0000000163,2,0.4381393790245056,14.209928512573242,26.171688079833984,-1.0404490232467651,True,51,0.07741992175579071,0.5531849265098572,0.3652740716934204,14.102428436279297,26.455429077148438,-1.2438204288482666,3114,982
2011_09_26_drive_0015_sync,0000000163,3,0.44251465797424316,48.04292678833008,-22.441579818725586,-2.54193115234375,True,23,0.5194653272628784,0.8843400478363037,0.10509864240884781,48.084842681884766,-22.347238540649414,-2.5616416931152344,3114,982
2011_09_26_drive_0015_sync,0000000164,0,0.38276392221450806,11.732146263122559,34.73257064819336,-0.47978532314300537,False,,,0.0,,,,,3053,1043
2011_09_26_drive_0015_sync,0000000164,1,0.36300256848335266,12.334681510925293,31.85068130493164,-0.8050225973129272,True,93,0.4745088815689087,0.8584767580032349,0.0941241979598999,12.424091339111328,31.87818717956543,-0.8154473304748535,3053,1043
2011_09_26_drive_0015_sync,0000000164,2,0.8570272922515869,23.91088104248047,1.0026203393936157,-1.6644253730773926,True,41,0.8351280093193054,0.8521443605422974,0.09328082203865051,23.889089584350586,0.9235092997550964,-1.6200644969940186,3053,1043
2011_09_26_drive_0015_sync,0000000165,0,0.8505656123161316,24.109657287597656,1.0593739748001099,-1.6856043338775635,True,67,0.8417786359786987,0.8140727877616882,0.09431293606758118,24.11769676208496,0.97121661901474,-1.7181401252746582,3101,995
2011_09_26_drive_0015_sync,0000000165,1,0.4415050446987152,46.39482116699219,-22.70779800415039,-2.6703851222991943,True,6,0.2165367305278778,0.8549495935440063,0.10381993651390076,46.401309967041016,-22.804277420043945,-2.6325936317443848,3101,995
2011_09_26_drive_0015_sync,0000000165,2,0.6891821026802063,1.4539504051208496,26.194740295410156,-1.1107174158096313,True,85,0.5175098776817322,0.8900816440582275,0.09630190581083298,1.3868348598480225,26.248149871826172,-1.0669341087341309,3101,995
2011_09_26_drive_0015_sync,0000000165,3,0.6951859593391418,13.897624969482422,4.084233283996582,-1.672642707824707,True,82,0.4223635494709015,0.8625407218933105,0.10668410360813141,13.928653717041016,4.183319091796875,-1.6971522569656372,3101,995
2011_09_26_drive_0015_sync,0000000165,4,0.4660511910915375,11.589899063110352,32.006778717041016,-0.9271930456161499,True,21,0.23418422043323517,0.7610371112823486,0.14943595230579376,11.676183700561523,31.88628387451172,-0.9463517665863037,3101,995
2011_09_26_drive_0015_sync,0000000165,5,0.3162819743156433,10.880264282226562,24.539785385131836,-0.819564700126648,True,61,0.01067777257412672,0.6791066527366638,0.2526979446411133,10.758855819702148,24.324953079223633,-0.7651283740997314,3101,995
2011_09_26_drive_0015_sync,0000000166,0,0.3141947388648987,10.501449584960938,35.23322296142578,-0.6196067929267883,True,31,0.17429451644420624,0.8480136394500732,0.16304758191108704,10.436172485351562,35.08381652832031,-0.618542492389679,3089,1007
2011_09_26_drive_0015_sync,0000000166,1,0.8664715886116028,24.400619506835938,0.9989432692527771,-1.6977304220199585,True,21,0.8646240234375,0.9103899002075195,0.050359442830085754,24.383684158325195,0.9515473246574402,-1.6994309425354004,3089,1007
2011_09_26_drive_0015_sync,0000000167,0,0.6405104994773865,44.396846771240234,-22.66761589050293,-2.6691603660583496,True,63,0.29200175404548645,0.8278435468673706,0.20432434976100922,44.37225341796875,-22.5955753326416,-2.8587751388549805,2974,1122
2011_09_26_drive_0015_sync,0000000167,1,0.8423382043838501,24.44647216796875,0.8339321613311768,-1.683982014656067,True,35,0.8651129007339478,0.7017835974693298,0.23088979721069336,24.5725040435791,1.00827956199646,-1.7678214311599731,2974,1122
2011_09_26_drive_0015_sync,0000000168,0,0.850365936756134,24.581558227539062,0.9344495534896851,-1.622539758682251,True,38,0.8480746150016785,0.7889191508293152,0.1490609347820282,24.690160751342773,0.8439270257949829,-1.6697660684585571,2946,1150
2011_09_26_drive_0015_sync,0000000168,1,0.6574472188949585,10.178218841552734,26.133747100830078,-0.9536938071250916,True,75,0.22783614695072174,0.836881160736084,0.111961230635643,10.102571487426758,26.119413375854492,-1.0349793434143066,2946,1150
2011_09_26_drive_0015_sync,0000000168,2,0.7538557052612305,43.60758590698242,-22.825284957885742,-2.687356948852539,True,72,0.7079394459724426,0.8567786812782288,0.07251237332820892,43.640235900878906,-22.832122802734375,-2.7517406940460205,2946,1150
2011_09_26_drive_0015_sync,0000000169,0,0.8504016995429993,24.870445251464844,0.957995593547821,-1.6725910902023315,True,55,0.8535894155502319,0.8805447816848755,0.07714899629354477,24.812013626098633,0.9288684129714966,-1.7136924266815186,2829,1267
2011_09_26_drive_0015_sync,0000000169,1,0.4072551727294922,42.57758331298828,-22.460458755493164,-2.651156425476074,True,77,0.6946070790290833,0.8461999297142029,0.20257602632045746,42.55140686035156,-22.658933639526367,-2.6201796531677246,2829,1267
2011_09_26_drive_0015_sync,0000000169,2,0.6526630520820618,12.57620906829834,23.08258819580078,-1.494541883468628,True,80,0.21518681943416595,0.6327789425849915,0.26690998673439026,12.721357345581055,22.873804092407227,-1.4134116172790527,2829,1267
2011_09_26_drive_0015_sync,0000000169,3,0.6018568873405457,9.36212158203125,26.111251831054688,-1.0292192697525024,True,42,0.34838971495628357,0.7056687474250793,0.22676542401313782,9.341620445251465,26.335908889770508,-1.0061657428741455,2829,1267
2011_09_26_drive_0015_sync,0000000170,0,0.8859753012657166,25.00181770324707,0.830073893070221,-1.7359859943389893,True,48,0.876383900642395,0.8951143622398376,0.08147237449884415,24.929487228393555,0.8042683601379395,-1.7087807655334473,2693,1403
2011_09_26_drive_0015_sync,0000000170,1,0.4741717278957367,58.6912727355957,5.752621173858643,-1.6674919128417969,True,18,0.212495356798172,0.813452959060669,0.1404440999031067,58.6944694519043,5.613192558288574,-1.6509393453598022,2693,1403
2011_09_26_drive_0015_sync,0000000171,0,0.35567882657051086,52.03764724731445,22.184526443481445,-1.3806215524673462,True,94,0.4359671175479889,0.6064256429672241,0.415854275226593,51.70071029663086,21.941261291503906,-1.3654447793960571,2992,1104
2011_09_26_drive_0015_sync,0000000171,1,0.8812690377235413,25.073890686035156,0.7361778616905212,-1.6591808795928955,True,44,0.8676833510398865,0.9030125737190247,0.05596631392836571,25.09625816345215,0.7802005410194397,-1.6855233907699585,2992,1104
2011_09_26_drive_0015_sync,0000000171,2,0.40001368522644043,40.7255744934082,-22.945383071899414,-2.7781476974487305,True,87,0.26058489084243774,0.922771155834198,0.032632872462272644,40.7503776550293,-22.966581344604492,-2.778731346130371,2992,1104
2011_09_26_drive_0015_sync,0000000172,0,0.8667178750038147,25.353105545043945,0.7198702096939087,-1.6715223789215088,True,78,0.8489106893539429,0.912447988986969,0.04609208181500435,25.35891342163086,0.7565925121307373,-1.6987661123275757,3032,1064
2011_09_26_drive_0015_sync,0000000172,1,0.38268861174583435,6.649686813354492,26.22815704345703,-0.8693849444389343,True,29,0.2862195074558258,0.8758598566055298,0.09804994612932205,6.572183609008789,26.21915054321289,-0.9287644624710083,3032,1064
2011_09_26_drive_0015_sync,0000000173,0,0.3029039204120636,51.91339111328125,5.209510803222656,-1.463430404663086,True,26,0.4857269823551178,0.5659620761871338,0.14460192620754242,51.8846435546875,5.283185958862305,-1.584489345550537,3087,1009
2011_09_26_drive_0015_sync,0000000173,1,0.8344866633415222,25.27586555480957,0.660383403301239,-1.5739543437957764,True,39,0.8207173943519592,0.7494093179702759,0.2202615737915039,25.413179397583008,0.8286374807357788,-1.6107053756713867,3087,1009
2011_09_26_drive_0015_sync,0000000173,2,0.5569049715995789,39.37934112548828,-28.332307815551758,-2.986799478530884,True,74,0.26874449849128723,0.641917884349823,0.23316563665866852,39.523887634277344,-28.347787857055664,-2.8045005798339844,3087,1009
2011_09_26_drive_0015_sync,0000000173,3,0.3509514331817627,38.81388473510742,-22.875516891479492,-2.7124643325805664,True,47,0.6282817721366882,0.7695972323417664,0.26798805594444275,38.73572540283203,-23.131572723388672,-2.7244696617126465,3087,1009
2011_09_26_drive_0015_sync,0000000174,0,0.33484947681427,38.42775344848633,-27.79539680480957,-2.963461399078369,True,77,0.3543577790260315,0.7078962326049805,0.30102527141571045,38.30268859863281,-28.06572151184082,-2.919877529144287,3095,1001
2011_09_26_drive_0015_sync,0000000174,1,0.6178820729255676,37.80095672607422,-22.90259552001953,-2.6594996452331543,True,27,0.37941452860832214,0.6672179698944092,0.5752536058425903,37.7357292175293,-23.473989486694336,-2.6725776195526123,3095,1001
2011_09_26_drive_0015_sync,0000000174,2,0.8579224348068237,25.544511795043945,0.6216588616371155,-1.6968063116073608,True,31,0.8566724061965942,0.879761815071106,0.13509255647659302,25.4207706451416,0.5906620025634766,-1.652339220046997,3095,1001
2011_09_26_drive_0015_sync,0000000175,0,0.3079889118671417,37.350914001464844,-28.264148712158203,-2.9234633445739746,True,23,0.054826632142066956,0.6320064663887024,0.46304693818092346,37.204097747802734,-27.839038848876953,-3.0336408615112305,3066,1030
2011_09_26_drive_0015_sync,0000000175,1,0.8550342917442322,25.483057022094727,0.7009581327438354,-1.598986268043518,True,6,0.8363823294639587,0.8225088715553284,0.17281867563724518,25.6204891204834,0.6501446962356567,-1.6906198263168335,3066,1030
2011_09_26_drive_0015_sync,0000000176,0,0.6147577166557312,44.878501892089844,4.849140167236328,-1.5808906555175781,True,74,0.632910966873169,0.9532409310340881,0.029067151248455048,44.86273956298828,4.842227458953857,-1.5574671030044556,3046,1050
2011_09_26_drive_0015_sync,0000000176,1,0.8120470643043518,25.614992141723633,0.7880812883377075,-1.610182523727417,True,94,0.8204487562179565,0.8507557511329651,0.09810962527990341,25.52246856689453,0.7902443408966064,-1.6427433490753174,3046,1050
2011_09_26_drive_0015_sync,0000000176,2,0.527812659740448,35.56230545043945,-22.817188262939453,-2.5736687183380127,True,58,0.5002086162567139,0.6927523612976074,0.3056740462779999,35.51872634887695,-23.087186813354492,-2.710190773010254,3046,1050
2011_09_26_drive_0015_sync,0000000177,0,0.4026181101799011,41.958702087402344,5.508892059326172,-1.6747641563415527,True,5,0.20141291618347168,0.9125320911407471,0.06883154809474945,41.96194839477539,5.440138339996338,-1.674351692199707,3053,1043
2011_09_26_drive_0015_sync,0000000177,1,0.6535115838050842,35.15531539916992,-28.34822654724121,-2.926833152770996,True,64,0.5930285453796387,0.8074722290039062,0.13333694636821747,35.111793518066406,-28.365623474121094,-3.0516607761383057,3053,1043
2011_09_26_drive_0015_sync,0000000177,2,0.4999450445175171,34.74846649169922,-22.833581924438477,-2.710040807723999,True,54,0.4478174149990082,0.9160134792327881,0.07111050188541412,34.73358154296875,-22.896215438842773,-2.7402431964874268,3053,1043
2011_09_26_drive_0015_sync,0000000177,3,0.8229358196258545,25.73402214050293,0.639782726764679,-1.6520715951919556,True,97,0.8284737467765808,0.8881855010986328,0.07429304718971252,25.80459976196289,0.648537278175354,-1.6735568046569824,3053,1043
2011_09_26_drive_0015_sync,0000000178,0,0.41570231318473816,40.460147857666016,4.4397149085998535,-1.6439769268035889,True,15,0.49732130765914917,0.7656490206718445,0.15094999969005585,40.4098014831543,4.359129905700684,-1.7612680196762085,2997,1099
2011_09_26_drive_0015_sync,0000000178,1,0.8510283827781677,25.86240005493164,0.6498503684997559,-1.6714203357696533,True,21,0.8420383930206299,0.8375276327133179,0.10836339741945267,25.785388946533203,0.5928913354873657,-1.6207489967346191,2997,1099
2011_09_26_drive_0015_sync,0000000178,2,0.562776505947113,32.14611053466797,21.74799346923828,-1.4637207984924316,True,32,0.33207812905311584,0.8017378449440002,0.1695743352174759,32.20186233520508,21.904922485351562,-1.4956656694412231,2997,1099
2011_09_26_drive_0015_sync,0000000178,3,0.6864743232727051,33.97086715698242,-28.388774871826172,-2.964676856994629,True,20,0.5525641441345215,0.7399768829345703,0.18380489945411682,34.11017608642578,-28.494211196899414,-2.907576560974121,2997,1099
2011_09_26_drive_0015_sync,0000000178,4,0.37245768308639526,11.810386657714844,25.138452529907227,-1.1568944454193115,True,67,0.05826285853981972,0.562118649482727,0.21463926136493683,11.622415542602539,25.177406311035156,-1.2529125213623047,2997,1099
2011_09_26_drive_0015_sync,0000000179,0,0.3729459047317505,32.47229766845703,-23.31360626220703,-2.746480941772461,True,80,0.7551599740982056,0.7154297232627869,0.24693416059017181,32.346923828125,-23.130859375,-2.63757061958313,3082,1014
2011_09_26_drive_0015_sync,0000000179,1,0.4862712025642395,37.63661575317383,4.301180839538574,-1.569671630859375,True,27,0.5618976354598999,0.6231116056442261,0.28506386280059814,37.876705169677734,4.452704906463623,-1.5953413248062134,3082,1014
2011_09_26_drive_0015_sync,0000000179,2,0.8493720293045044,25.978038787841797,0.5504025816917419,-1.675046682357788,True,42,0.8335497379302979,0.8903650045394897,0.08236747980117798,26.029088973999023,0.6119377613067627,-1.6948381662368774,3082,1014
2011_09_26_drive_0015_sync,0000000179,3,0.7064187526702881,32.89632797241211,-28.255029678344727,-2.9497642517089844,True,46,0.6512688994407654,0.8201155066490173,0.09906172752380371,32.97102355957031,-28.283374786376953,-2.891195058822632,3082,1014
2011_09_26_drive_0015_sync,0000000180,0,0.755940318107605,35.51462936401367,4.3431196212768555,-1.5460171699523926,True,63,0.725019633769989,0.7786397337913513,0.09226963669061661,35.531211853027344,4.403079509735107,-1.6141605377197266,3133,963
2011_09_26_drive_0015_sync,0000000180,1,0.8411145806312561,25.912399291992188,0.6758936643600464,-1.5771305561065674,True,66,0.7997125387191772,0.8142418265342712,0.1456126570701599,25.767282485961914,0.6643242835998535,-1.5803415775299072,3133,963
2011_09_26_drive_0015_sync,0000000180,2,0.37095922231674194,31.858675003051758,-28.41120719909668,-2.7935612201690674,True,61,0.11915693432092667,0.6056438088417053,0.44621700048446655,32.05931091308594,-28.020671844482422,-2.713956117630005,3133,963
2011_09_26_drive_0015_sync,0000000181,0,0.6478909254074097,35.65730667114258,21.10430145263672,-1.2742888927459717,True,87,0.2171788066625595,0.596847653388977,0.4105171859264374,35.375877380371094,21.402299880981445,-1.2515102624893188,3038,1058
2011_09_26_drive_0015_sync,0000000181,1,0.7699145674705505,30.446565628051758,-23.23796844482422,-2.6197710037231445,True,90,0.8206725716590881,0.7656375169754028,0.1427919864654541,30.325298309326172,-23.162595748901367,-2.621427536010742,3038,1058
2011_09_26_drive_0015_sync,0000000181,2,0.7989699840545654,25.93174934387207,0.4308010935783386,-1.5301920175552368,True,40,0.7696962952613831,0.7576664090156555,0.11343181878328323,25.993650436401367,0.34619104862213135,-1.486877202987671,3038,1058
2011_09_26_drive_0015_sync,0000000181,3,0.6947532892227173,33.04701232910156,4.233216285705566,-1.5123804807662964,True,33,0.6904258728027344,0.848585844039917,0.10438283532857895,33.13056945800781,4.291095733642578,-1.4886327981948853,3038,1058
2011_09_26_drive_0015_sync,0000000181,4,0.813674807548523,30.693239212036133,-28.34079933166504,-2.8484749794006348,True,66,0.6977999806404114,0.7719352841377258,0.1500675529241562,30.725725173950195,-28.267738342285156,-2.721482753753662,3038,1058
2011_09_26_drive_0015_sync,0000000181,5,0.3801300525665283,0.911556601524353,39.05863571166992,-0.3911331593990326,True,91,0.4198097288608551,0.9249534010887146,0.027057664468884468,0.8959169387817383,39.05868148803711,-0.41321292519569397,3038,1058
2011_09_26_drive_0015_sync,0000000182,0,0.7802668809890747,29.68015480041504,-28.3802547454834,-2.7849960327148438,True,14,0.7758615612983704,0.7612283229827881,0.24823038280010223,29.765953063964844,-28.599899291992188,-2.8625411987304688,2994,1102
2011_09_26_drive_0015_sync,0000000182,1,0.8426368236541748,29.167287826538086,-23.224956512451172,-2.5716264247894287,True,53,0.5975868105888367,0.7656853795051575,0.0572691448032856,29.122943878173828,-23.260757446289062,-2.5659995079040527,2994,1102
2011_09_26_drive_0015_sync,0000000182,2,0.7973738312721252,30.632373809814453,4.3772807121276855,-1.4499619007110596,True,84,0.7615215182304382,0.8372381925582886,0.10680203139781952,30.615737915039062,4.469720840454102,-1.3991215229034424,2994,1102
2011_09_26_drive_0015_sync,0000000182,3,0.6076037883758545,25.756540298461914,0.3390143811702728,-1.524353265762329,True,77,0.6581712961196899,0.8271532654762268,0.10802904516458511,25.8182373046875,0.42245617508888245,-1.4943329095840454,2994,1102
2011_09_26_drive_0015_sync,0000000183,0,0.8086778521537781,26.229110717773438,0.6481086015701294,-1.5191047191619873,True,46,0.8132855892181396,0.8949055671691895,0.08228566497564316,26.24434471130371,0.5989869236946106,-1.454871416091919,3011,1085
2011_09_26_drive_0015_sync,0000000183,1,0.7436972856521606,28.031660079956055,-23.197900772094727,-2.766057014465332,True,23,0.5551245212554932,0.892027735710144,0.07509360462427139,28.00571632385254,-23.232372283935547,-2.8275198936462402,3011,1085
2011_09_26_drive_0015_sync,0000000183,2,0.7597914934158325,28.225677490234375,4.386329174041748,-1.5174460411071777,True,55,0.7642678022384644,0.89061039686203,0.03822195902466774,28.24138832092285,4.365384101867676,-1.5452919006347656,3011,1085
2011_09_26_drive_0015_sync,0000000184,0,0.6750391721725464,48.228424072265625,4.323984622955322,-1.4655978679656982,True,76,0.684864342212677,0.8492642641067505,0.12558619678020477,48.34324264526367,4.273114204406738,-1.4664857387542725,3044,1052
2011_09_26_drive_0015_sync,0000000184,1,0.8687397241592407,26.408472061157227,0.5099131464958191,-1.625429391860962,True,50,0.8464524745941162,0.8114163279533386,0.131158247590065,26.314695358276367,0.5275156497955322,-1.5354373455047607,3044,1052
2011_09_26_drive_0015_sync,0000000184,2,0.603456974029541,5.892429351806641,25.096580505371094,-1.0720899105072021,True,63,0.44874176383018494,0.7686507701873779,0.12673939764499664,5.807490348815918,25.112180709838867,-1.1648523807525635,3044,1052
2011_09_26_drive_0015_sync,0000000184,3,0.4331096410751343,27.524986267089844,-28.194923400878906,-2.9399189949035645,True,16,0.561170756816864,0.6252056956291199,0.4520246088504791,27.737428665161133,-28.591230392456055,-2.8937103748321533,3044,1052
2011_09_26_drive_0015_sync,0000000184,4,0.8346557021141052,25.511947631835938,4.234395980834961,-1.5193493366241455,True,87,0.7704707980155945,0.8526787161827087,0.18414708971977234,25.69455337524414,4.213047027587891,-1.5088844299316406,3044,1052
2011_09_26_drive_0015_sync,0000000184,5,0.6809567809104919,27.00560188293457,-23.347692489624023,-2.7072322368621826,True,85,0.7809804677963257,0.8421579003334045,0.10340408235788345,27.048049926757812,-23.25690460205078,-2.7326905727386475,3044,1052
2011_09_26_drive_0015_sync,0000000185,0,0.8729617595672607,23.264129638671875,4.2968950271606445,-1.5389142036437988,True,69,0.8714584112167358,0.8637850880622864,0.06387193500995636,23.23040771484375,4.244684219360352,-1.524200677871704,3088,1008
2011_09_26_drive_0015_sync,0000000185,1,0.7991756796836853,26.422954559326172,0.2720259726047516,-1.5331532955169678,True,55,0.8116142749786377,0.8664194941520691,0.05819503962993622,26.37281036376953,0.27193483710289,-1.5036200284957886,3088,1008
2011_09_26_drive_0015_sync,0000000185,2,0.34449535608291626,37.734222412109375,21.216150283813477,-1.3381125926971436,True,28,0.35135596990585327,0.7709518671035767,0.14454616606235504,37.78908157348633,21.345870971679688,-1.3706181049346924,3088,1008
2011_09_26_drive_0015_sync,0000000185,3,0.5387738943099976,25.918176651000977,-23.354429244995117,-2.6129512786865234,True,21,0.775490939617157,0.7684852480888367,0.17185531556606293,25.773277282714844,-23.400463104248047,-2.6930718421936035,3088,1008
2011_09_26_drive_0015_sync,0000000185,4,0.5846357345581055,26.428455352783203,-28.723541259765625,-2.670494794845581,True,56,0.25865495204925537,0.8345474004745483,0.10207876563072205,26.48118019104004,-28.715858459472656,-2.7575645446777344,3088,1008
2011_09_26_drive_0015_sync,0000000186,0,0.8125579953193665,20.820335388183594,4.221739292144775,-1.5096569061279297,True,22,0.8481562733650208,0.8790619969367981,0.08170738816261292,20.763057708740234,4.230745792388916,-1.5672264099121094,3078,1018
2011_09_26_drive_0015_sync,0000000186,1,0.6238282918930054,29.945192337036133,20.50735855102539,-1.2805428504943848,True,19,0.2779379189014435,0.8505666851997375,0.11390244215726852,29.987777709960938,20.521270751953125,-1.3852648735046387,3078,1018
2011_09_26_drive_0015_sync,0000000186,2,0.7814730405807495,24.712657928466797,-23.727754592895508,-2.625842809677124,True,28,0.8236885666847229,0.7499120235443115,0.2310657948255539,24.762643814086914,-23.50813102722168,-2.574284076690674,3078,1018
2011_09_26_drive_0015_sync,0000000186,3,0.6469453573226929,26.357967376708984,0.3018978238105774,-1.5632601976394653,True,70,0.4642336964607239,0.5694791078567505,0.12602968513965607,26.387420654296875,0.37972062826156616,-1.4686050415039062,3078,1018
2011_09_26_drive_0015_sync,0000000187,0,0.6503404378890991,40.895538330078125,20.37236785888672,-1.3650856018066406,True,41,0.6490694284439087,0.9285780787467957,0.04469810426235199,40.92599868774414,20.399904251098633,-1.3827444314956665,2993,1103
2011_09_26_drive_0015_sync,0000000187,1,0.8096396923065186,23.657262802124023,-23.29338836669922,-2.630040168762207,True,62,0.853752613067627,0.8721158504486084,0.09905639290809631,23.636613845825195,-23.38924217224121,-2.6159746646881104,2993,1103
2011_09_26_drive_0015_sync,0000000187,2,0.8385165333747864,18.433320999145508,4.1842451095581055,-1.5779781341552734,True,35,0.849737286567688,0.8606274724006653,0.07216332107782364,18.395206451416016,4.134292125701904,-1.6134679317474365,2993,1103
2011_09_26_drive_0015_sync,0000000187,3,0.3792216181755066,2.398634910583496,24.70133399963379,-1.2455039024353027,False,,,0.0,,,,,2993,1103
2011_09_26_drive_0015_sync,0000000187,4,0.8620444536209106,26.85715675354004,0.3618270456790924,-1.5776926279067993,True,27,0.8586063385009766,0.9496555924415588,0.03809814900159836,26.871044158935547,0.3565738797187805,-1.6127784252166748,2993,1103
2011_09_26_drive_0015_sync,0000000188,0,0.7576573491096497,22.923044204711914,-28.652328491210938,-2.8117518424987793,True,94,0.7329610586166382,0.9226499199867249,0.04718151316046715,22.898439407348633,-28.686172485351562,-2.833552837371826,3024,1072
2011_09_26_drive_0015_sync,0000000188,1,0.8674555420875549,22.44786834716797,-23.476993560791016,-2.5922164916992188,True,71,0.8305390477180481,0.8375893235206604,0.13529138267040253,22.47587776184082,-23.348798751831055,-2.559272289276123,3024,1072
2011_09_26_drive_0015_sync,0000000188,2,0.7735304236412048,38.62362289428711,4.038435459136963,-1.5296943187713623,True,89,0.6602243185043335,0.748968780040741,0.2719283699989319,38.37033462524414,3.9510419368743896,-1.483299732208252,3024,1072
2011_09_26_drive_0015_sync,0000000188,3,0.862590491771698,15.882619857788086,4.13194465637207,-1.6124794483184814,True,77,0.873466432094574,0.9143415093421936,0.07156674563884735,15.911964416503906,4.111473083496094,-1.5504987239837646,3024,1072
2011_09_26_drive_0015_sync,0000000188,4,0.877464234828949,27.036149978637695,0.27571725845336914,-1.6283739805221558,True,26,0.8153820633888245,0.8610858917236328,0.13755032420158386,26.91935920715332,0.34566444158554077,-1.6086915731430054,3024,1072
2011_09_26_drive_0015_sync,0000000189,0,0.6484407782554626,26.898988723754883,0.41274675726890564,-1.6425514221191406,True,72,0.5406681299209595,0.7435819506645203,0.20811259746551514,26.780654907226562,0.5835878849029541,-1.6315391063690186,3044,1052
2011_09_26_drive_0015_sync,0000000189,1,0.7617672085762024,21.759849548339844,-28.609588623046875,-2.7932820320129395,True,54,0.7414897084236145,0.6869151592254639,0.38386598229408264,21.81220054626465,-28.953022003173828,-2.6299848556518555,3044,1052
2011_09_26_drive_0015_sync,0000000189,2,0.8238332867622375,21.326173782348633,-23.695106506347656,-2.6628801822662354,True,67,0.785567045211792,0.867946982383728,0.07149593532085419,21.38332176208496,-23.707250595092773,-2.7040905952453613,3044,1052
2011_09_26_drive_0015_sync,0000000189,3,0.844588041305542,13.316076278686523,4.073352813720703,-1.6084076166152954,True,62,0.8749427199363708,0.8519415259361267,0.07474532723426819,13.383244514465332,4.105245113372803,-1.6007804870605469,3044,1052
2011_09_26_drive_0015_sync,0000000189,4,0.6843429803848267,35.8291015625,4.135838031768799,-1.5612196922302246,True,41,0.5884181261062622,0.780461847782135,0.1684778332710266,35.79422378540039,3.9753668308258057,-1.5235724449157715,3044,1052
2011_09_26_drive_0015_sync,0000000189,5,0.47173061966896057,0.4695206582546234,25.13644027709961,-1.2123509645462036,True,75,0.19160951673984528,0.7345309257507324,0.06384285539388657,0.47097522020339966,25.184436798095703,-1.2544238567352295,3044,1052
2011_09_26_drive_0015_sync,0000000190,0,0.7970960140228271,25.88773536682129,20.821331024169922,-1.4089943170547485,True,58,0.7759382724761963,0.7635946869850159,0.17915457487106323,25.776113510131836,20.688148498535156,-1.45257568359375,3030,1066
2011_09_26_drive_0015_sync,0000000190,1,0.6175493001937866,37.55984115600586,20.112478256225586,-1.5011950731277466,True,34,0.6233813166618347,0.7561448812484741,0.13845330476760864,37.5989990234375,20.22726058959961,-1.5679857730865479,3030,1066
2011_09_26_drive_0015_sync,0000000190,2,0.3946329355239868,19.720478057861328,20.95163917541504,-1.5357508659362793,True,28,0.6608738303184509,0.7661688327789307,0.17394787073135376,19.80617332458496,20.84723663330078,-1.6453605890274048,3030,1066
2011_09_26_drive_0015_sync,0000000190,3,0.8923605680465698,10.874686241149902,4.055037975311279,-1.647411823272705,True,74,0.8959778547286987,0.8543212413787842,0.06579875946044922,10.834832191467285,4.092408180236816,-1.6840806007385254,3030,1066
2011_09_26_drive_0015_sync,0000000190,4,0.8385743498802185,20.19569206237793,-23.517942428588867,-2.5318212509155273,True,36,0.799347460269928,0.8490616083145142,0.09801752865314484,20.130523681640625,-23.527442932128906,-2.6044178009033203,3030,1066
2011_09_26_drive_0015_sync,0000000190,5,0.7879574298858643,27.21537971496582,0.21760651469230652,-1.5448518991470337,True,89,0.6005051732063293,0.8507007360458374,0.10870944708585739,27.177064895629883,0.2595389485359192,-1.637541651725769,3030,1066
2011_09_26_drive_0015_sync,0000000190,6,0.7028143405914307,32.417972564697266,20.94476890563965,-1.4577810764312744,True,66,0.7400944828987122,0.8335689306259155,0.19574818015098572,32.60130310058594,21.005821228027344,-1.489084005355835,3030,1066
2011_09_26_drive_0015_sync,0000000191,0,0.8225590586662292,27.2709903717041,0.15772698819637299,-1.5206520557403564,True,54,0.8360402584075928,0.8188999891281128,0.10604076087474823,27.219070434570312,0.21424345672130585,-1.5938289165496826,3007,1089
2011_09_26_drive_0015_sync,0000000191,1,0.5351462364196777,66.9312744140625,4.387235164642334,-1.6178511381149292,True,24,0.285073846578598,0.7662172913551331,0.167231023311615,67.0439682006836,4.491622447967529,-1.5517480373382568,3007,1089
2011_09_26_drive_0015_sync,0000000191,2,0.8823482394218445,8.36796760559082,4.053217887878418,-1.6815882921218872,True,84,0.8737149238586426,0.9288342595100403,0.02495306171476841,8.370038032531738,4.0350518226623535,-1.6985695362091064,3007,1089
2011_09_26_drive_0015_sync,0000000191,3,0.7107723951339722,19.065752029418945,-23.554115295410156,-2.6558423042297363,True,31,0.7829301357269287,0.8691767454147339,0.05252068489789963,19.115787506103516,-23.55307960510254,-2.63991117477417,3007,1089
2011_09_26_drive_0015_sync,0000000191,4,0.46954914927482605,19.544647216796875,-28.805099487304688,-2.797757863998413,True,27,0.42676764726638794,0.7775720953941345,0.20312105119228363,19.486143112182617,-28.98720932006836,-2.72940993309021,3007,1089
2011_09_26_drive_0015_sync,0000000191,5,0.6583477854728699,31.12213897705078,4.002294540405273,-1.6612005233764648,True,47,0.6595232486724854,0.7987442016601562,0.30034175515174866,30.82427215576172,3.965611696243286,-1.6728150844573975,3007,1089
2011_09_26_drive_0015_sync,0000000192,0,0.7357001900672913,28.551063537597656,3.8703434467315674,-1.7167482376098633,True,89,0.7843767404556274,0.7788825631141663,0.15270979702472687,28.643394470214844,3.762695550918579,-1.6601159572601318,2978,1118
2011_09_26_drive_0015_sync,0000000192,1,0.7577274441719055,17.47149085998535,20.76593017578125,-1.578235387802124,True,43,0.7516599893569946,0.8629414439201355,0.11774426698684692,17.371946334838867,20.790496826171875,-1.5203468799591064,2978,1118
2011_09_26_drive_0015_sync,0000000192,2,0.7537500858306885,18.338600158691406,-28.794143676757812,-2.8010590076446533,True,68,0.7141504883766174,0.9000411033630371,0.05176432430744171,18.377830505371094,-28.765579223632812,-2.7830424308776855,2978,1118
2011_09_26_drive_0015_sync,0000000192,3,0.7508527636528015,23.609086990356445,20.71623992919922,-1.6053056716918945,True,44,0.4514109194278717,0.7612515687942505,0.22459636628627777,23.411222457885742,20.696386337280273,-1.5009074211120605,2978,1118
2011_09_26_drive_0015_sync,0000000192,4,0.8767017126083374,17.921619415283203,-23.60140609741211,-2.6560721397399902,True,25,0.8570409417152405,0.8224170207977295,0.10636494308710098,17.898523330688477,-23.567960739135742,-2.557779312133789,2978,1118
2011_09_26_drive_0015_sync,0000000192,5,0.8816385269165039,5.8741135597229,4.0771589279174805,-1.6318063735961914,True,83,0.8792282938957214,0.8827053904533386,0.07971622794866562,5.932066440582275,4.055728912353516,-1.5814387798309326,2978,1118
2011_09_26_drive_0015_sync,0000000192,6,0.8314951062202454,27.35280418395996,0.5417965650558472,-1.5903196334838867,True,40,0.8576051592826843,0.7557407021522522,0.14372338354587555,27.381999969482422,0.45680418610572815,-1.7024816274642944,2978,1118
2011_09_26_drive_0015_sync,0000000193,0,0.8461872339248657,27.624094009399414,0.1288972944021225,-1.6180248260498047,True,71,0.8477014899253845,0.8811637163162231,0.06766524910926819,27.628986358642578,0.17253707349300385,-1.6695051193237305,3021,1075
2011_09_26_drive_0015_sync,0000000193,1,0.6365536451339722,17.12660789489746,-28.92453384399414,-2.550537347793579,True,42,0.7433936595916748,0.6632132530212402,0.32597047090530396,17.172603607177734,-28.662439346313477,-2.7388126850128174,3021,1075
2011_09_26_drive_0015_sync,0000000193,2,0.8468249440193176,16.64249610900879,-23.642976760864258,-2.4812140464782715,True,76,0.8649135828018188,0.866203784942627,0.07479799538850784,16.68790054321289,-23.63106346130371,-2.5394484996795654,3021,1075
2011_09_26_drive_0015_sync,0000000193,3,0.8666182160377502,3.465379238128662,3.978543519973755,-1.6551318168640137,True,85,0.8852658867835999,0.9103615880012512,0.041665248572826385,3.4470314979553223,3.969266176223755,-1.6188925504684448,3021,1075
2011_09_26_drive_0015_sync,0000000193,4,0.7152249813079834,16.34400177001953,20.902328491210938,-1.6030771732330322,True,67,0.775572657585144,0.7653190493583679,0.17050881683826447,16.29551124572754,20.740306854248047,-1.581376552581787,3021,1075
2011_09_26_drive_0015_sync,0000000193,5,0.7867836952209473,25.911951065063477,3.7909047603607178,-1.672203540802002,True,84,0.7707116007804871,0.7334142923355103,0.23074202239513397,26.04253578186035,3.974057197570801,-1.7236301898956299,3021,1075
2011_09_26_drive_0015_sync,0000000193,6,0.33702918887138367,34.4651985168457,19.884153366088867,-1.6571377515792847,True,90,0.08809448033571243,0.7353150844573975,0.19443176686763763,34.45866394042969,20.058021545410156,-1.7439182996749878,3021,1075
2011_09_26_drive_0015_sync,0000000194,0,0.7373921871185303,1.2953866720199585,3.9392573833465576,-1.6752359867095947,True,63,0.7610193490982056,0.7679866552352905,0.24865788221359253,1.056919813156128,4.008270740509033,-1.661042332649231,2814,1282
2011_09_26_drive_0015_sync,0000000194,1,0.8269827365875244,27.686767578125,0.1305944174528122,-1.659347414970398,True,66,0.8273032307624817,0.9624637365341187,0.0244482159614563,27.67070960998535,0.13979572057724,-1.643372654914856,2814,1282
2011_09_26_drive_0015_sync,0000000194,2,0.6444674134254456,28.092302322387695,21.25982093811035,-1.5924062728881836,True,56,0.6850648522377014,0.7689558863639832,0.16445936262607574,28.1083927154541,21.096473693847656,-1.6026852130889893,2814,1282
2011_09_26_drive_0015_sync,0000000194,3,0.5031375288963318,33.06884765625,20.262630462646484,-1.6592414379119873,True,54,0.727837085723877,0.5905666351318359,0.3923710286617279,33.22366714477539,19.902915954589844,-1.6349226236343384,2814,1282
2011_09_26_drive_0015_sync,0000000194,4,0.5913224816322327,21.313190460205078,20.623098373413086,-1.5209945440292358,True,6,0.81424880027771,0.8396471738815308,0.13785646855831146,21.410968780517578,20.590177536010742,-1.6124277114868164,2814,1282
2011_09_26_drive_0015_sync,0000000194,5,0.8346480131149292,23.375259399414062,3.827045202255249,-1.7027790546417236,True,98,0.8576387763023376,0.8750775456428528,0.052968088537454605,23.338409423828125,3.807342290878296,-1.670229196548462,2814,1282
2011_09_26_drive_0015_sync,0000000194,6,0.7906622886657715,15.554549217224121,-23.803218841552734,-2.628065824508667,True,79,0.7487435936927795,0.8769571781158447,0.045592550188302994,15.552715301513672,-23.75836753845215,-2.6200859546661377,2814,1282
2011_09_26_drive_0015_sync,0000000195,0,0.7695609331130981,32.31161880493164,20.10201644897461,-1.5214178562164307,True,79,0.5254932045936584,0.849868655204773,0.11640523374080658,32.310943603515625,19.98598289489746,-1.5121476650238037,2960,1136
2011_09_26_drive_0015_sync,0000000195,1,0.8508157730102539,27.904569625854492,-0.011397574096918106,-1.637183666229248,True,83,0.8643665313720703,0.7558245062828064,0.1876419335603714,27.867021560668945,0.16629701852798462,-1.6843458414077759,2960,1136
2011_09_26_drive_0015_sync,0000000195,2,0.8175874352455139,14.345466613769531,-23.747520446777344,-2.542001724243164,True,95,0.6888161897659302,0.7334538102149963,0.16613157093524933,14.394511222839355,-23.616220474243164,-2.631190538406372,2960,1136
2011_09_26_drive_0015_sync,0000000195,3,0.6232902407646179,14.73754596710205,-28.890846252441406,-2.9067440032958984,True,46,0.5693787932395935,0.7347100973129272,0.23846933245658875,14.72313404083252,-29.09068489074707,-2.777420997619629,2960,1136
2011_09_26_drive_0015_sync,0000000195,4,0.8026617765426636,20.31515884399414,20.502178192138672,-1.4493300914764404,True,27,0.8306098580360413,0.881223738193512,0.09633516520261765,20.37040901184082,20.581092834472656,-1.4499309062957764,2960,1136
2011_09_26_drive_0015_sync,0000000195,5,0.5619420409202576,26.882307052612305,20.75959587097168,-1.607771635055542,True,49,0.6310913562774658,0.6484139561653137,0.2807779014110565,26.74440574645996,20.955413818359375,-1.461228847503662,2960,1136
2011_09_26_drive_0015_sync,0000000195,6,0.8166749477386475,21.062297821044922,3.8988046646118164,-1.7421163320541382,True,56,0.8430542945861816,0.7262179851531982,0.22985751926898956,20.93150520324707,3.8141446113586426,-1.573117971420288,2960,1136
2011_09_26_drive_0015_sync,0000000196,0,0.83424973487854,27.99281883239746,0.10201966762542725,-1.6164453029632568,True,90,0.7768034934997559,0.8124454617500305,0.13403001427650452,28.024124145507812,-0.02498646080493927,-1.587231159210205,3104,992
2011_09_26_drive_0015_sync,0000000196,1,0.3184671998023987,30.99038314819336,19.868019104003906,-1.5772150754928589,False,,,0.0,,,,,3104,992
2011_09_26_drive_0015_sync,0000000196,2,0.8153497576713562,18.437366485595703,3.750565528869629,-1.6128458976745605,True,93,0.8194345235824585,0.8447953462600708,0.17407850921154022,18.26451301574707,3.7380282878875732,-1.629211187362671,3104,992
2011_09_26_drive_0015_sync,0000000196,3,0.4269290268421173,53.73463821411133,3.9916062355041504,-1.600192666053772,True,75,0.4959421753883362,0.7472267746925354,0.1702953279018402,53.66372299194336,3.838101387023926,-1.6203864812850952,3104,992
2011_09_26_drive_0015_sync,0000000196,4,0.8092303276062012,13.110827445983887,-23.670360565185547,-2.6503992080688477,True,46,0.8285249471664429,0.7542550563812256,0.23800770938396454,13.219649314880371,-23.85964584350586,-2.7451438903808594,3104,992
2011_09_26_drive_0015_sync,0000000196,5,0.6089901328086853,12.665674209594727,20.940170288085938,-1.529745101928711,True,88,0.476474404335022,0.7220108509063721,0.3708832263946533,12.306044578552246,20.852140426635742,-1.5514626502990723,3104,992
2011_09_26_drive_0015_sync,0000000197,0,0.7874535322189331,11.949752807617188,-23.378602981567383,-2.7799246311187744,True,84,0.8166978359222412,0.8479861617088318,0.11342273652553558,11.883210182189941,-23.45247459411621,-2.725337266921997,3046,1050
2011_09_26_drive_0015_sync,0000000197,1,0.8565884828567505,28.226093292236328,0.06091678515076637,-1.6492254734039307,True,17,0.8343519568443298,0.889522135257721,0.05861588194966316,28.188798904418945,0.01967783086001873,-1.630670189857483,3046,1050
2011_09_26_drive_0015_sync,0000000197,2,0.38524314761161804,17.75052261352539,20.592775344848633,-1.500693440437317,True,67,0.7057345509529114,0.7709993720054626,0.2608743906021118,18.00786018371582,20.55078125,-1.492368221282959,3046,1050
2011_09_26_drive_0015_sync,0000000197,3,0.5720250010490417,12.344205856323242,-28.964298248291016,-2.827488899230957,True,88,0.5812715888023376,0.8701384663581848,0.0760834664106369,12.404404640197754,-28.946571350097656,-2.784470796585083,3046,1050
2011_09_26_drive_0015_sync,0000000197,4,0.8808838129043579,15.771520614624023,3.7968525886535645,-1.6537047624588013,True,53,0.8462690114974976,0.791078507900238,0.12542982399463654,15.841839790344238,3.7006795406341553,-1.6144797801971436,3046,1050
2011_09_26_drive_0015_sync,0000000197,5,0.7306985855102539,11.56223201751709,20.787797927856445,-1.5046733617782593,True,49,0.7132129669189453,0.8548391461372375,0.034298237413167953,11.556467056274414,20.765928268432617,-1.4788886308670044,3046,1050
2011_09_26_drive_0015_sync,0000000198,0,0.7424723505973816,16.707624435424805,20.68977165222168,-1.4149017333984375,True,86,0.8277267813682556,0.8203556537628174,0.110268235206604,16.701255798339844,20.59394645690918,-1.3607163429260254,3048,1048
2011_09_26_drive_0015_sync,0000000198,1,0.8673081398010254,13.422324180603027,3.8322322368621826,-1.6230854988098145,True,77,0.8560507297515869,0.8116760849952698,0.16071246564388275,13.279253005981445,3.7832982540130615,-1.6775336265563965,3048,1048
2011_09_26_drive_0015_sync,0000000198,2,0.44825479388237,28.514177322387695,20.014633178710938,-1.6160738468170166,True,5,0.4831886291503906,0.8624782562255859,0.08492553234100342,28.483530044555664,19.9807071685791,-1.5445048809051514,3048,1048
2011_09_26_drive_0015_sync,0000000198,3,0.6501385569572449,11.086211204528809,-28.762638092041016,-2.882249355316162,True,35,0.1387109011411667,0.8483777642250061,0.055992063134908676,11.065262794494629,-28.769914627075195,-2.830836057662964,3048,1048
2011_09_26_drive_0015_sync,0000000198,4,0.8522287011146545,10.586607933044434,-23.478822708129883,-2.777885675430298,True,41,0.8305475115776062,0.7887616753578186,0.0955105572938919,10.672443389892578,-23.504785537719727,-2.810756206512451,3048,1048
2011_09_26_drive_0015_sync,0000000198,5,0.7455042600631714,28.098047256469727,0.0011157393455505371,-1.6841387748718262,True,82,0.7902264595031738,0.847669780254364,0.09780377894639969,28.102672576904297,0.08254694938659668,-1.6301652193069458,3048,1048
2011_09_26_drive_0015_sync,0000000198,6,0.7917181253433228,10.508885383605957,20.703937530517578,-1.4597991704940796,True,38,0.8073444366455078,0.9000208377838135,0.05777823179960251,10.51180648803711,20.652315139770508,-1.4340131282806396,3048,1048
2011_09_26_drive_0015_sync,0000000199,0,0.7188257575035095,9.367388725280762,20.69560432434082,-1.3947906494140625,True,72,0.7382187247276306,0.8136172294616699,0.11890722066164017,9.302976608276367,20.795381546020508,-1.3889158964157104,3028,1068
2011_09_26_drive_0015_sync,0000000199,1,0.8531352877616882,9.416268348693848,-23.537216186523438,-2.7915401458740234,True,89,0.8589255809783936,0.8307205438613892,0.10924080014228821,9.38210391998291,-23.549053192138672,-2.8946237564086914,3028,1068
2011_09_26_drive_0015_sync,0000000199,2,0.7208809852600098,22.045753479003906,20.733945846557617,-1.367688775062561,True,59,0.7145797610282898,0.8973970413208008,0.08621672540903091,22.002498626708984,20.702762603759766,-1.4354379177093506,3028,1068
2011_09_26_drive_0015_sync,0000000199,3,0.7160297632217407,9.932075500488281,-28.852886199951172,-2.880509376525879,True,73,0.7887924313545227,0.7314615249633789,0.20030736923217773,9.887152671813965,-28.82733726501465,-3.074035167694092,3028,1068
2011_09_26_drive_0015_sync,0000000199,4,0.581184983253479,46.25727844238281,4.309778690338135,-1.5349088907241821,True,27,0.6311705112457275,0.7218884229660034,0.24268269538879395,46.11532211303711,4.1129536628723145,-1.5366973876953125,3028,1068
2011_09_26_drive_0015_sync,0000000199,5,0.7703618407249451,15.454972267150879,20.559385299682617,-1.3078019618988037,True,30,0.44123002886772156,0.7461296916007996,0.19190406799316406,15.34436321258545,20.709117889404297,-1.261186957359314,3028,1068
2011_09_26_drive_0015_sync,0000000199,6,0.578715443611145,27.22174835205078,20.022754669189453,-1.5251498222351074,True,91,0.32891878485679626,0.9320678114891052,0.053113631904125214,27.17529296875,20.04376792907715,-1.5400292873382568,3028,1068
2011_09_26_drive_0015_sync,0000000199,7,0.7013310194015503,28.47592544555664,0.2676159739494324,-1.6513869762420654,True,87,0.849743127822876,0.6977949738502502,0.2505398988723755,28.623598098754883,0.07193757593631744,-1.7030880451202393,3028,1068
2011_09_26_drive_0015_sync,0000000199,8,0.8355915546417236,10.791210174560547,3.7360901832580566,-1.639909029006958,True,84,0.8462380766868591,0.8509560227394104,0.1302885115146637,10.661507606506348,3.7354860305786133,-1.6522369384765625,3028,1068
2011_09_26_drive_0015_sync,0000000200,0,0.5078549385070801,43.11100769042969,4.3467278480529785,-1.67202889919281,True,28,0.07128480821847916,0.6696552634239197,0.12028143554925919,43.21533966064453,4.356021881103516,-1.612901210784912,3026,1070
2011_09_26_drive_0015_sync,0000000200,1,0.8195865750312805,8.065810203552246,20.643131256103516,-1.3483757972717285,True,97,0.8461537957191467,0.7944973707199097,0.07486717402935028,8.039144515991211,20.633224487304688,-1.4176281690597534,3026,1070
2011_09_26_drive_0015_sync,0000000200,2,0.787363588809967,28.64730453491211,-0.027552109211683273,-1.573745608329773,True,6,0.730121910572052,0.794966995716095,0.1553264558315277,28.58078956604004,0.09601126611232758,-1.5071561336517334,3026,1070
2011_09_26_drive_0015_sync,0000000200,3,0.8643421530723572,8.12735366821289,3.7999472618103027,-1.668611764907837,True,68,0.8243618607521057,0.7980655431747437,0.08981255441904068,8.10017204284668,3.714414119720459,-1.6720081567764282,3026,1070
2011_09_26_drive_0015_sync,0000000200,4,0.3064694106578827,20.844440460205078,20.759662628173828,-1.461559534072876,True,47,0.35759228467941284,0.696193277835846,0.2257179617881775,20.721115112304688,20.925031661987305,-1.5531703233718872,3026,1070
2011_09_26_drive_0015_sync,0000000200,5,0.840356707572937,14.242140769958496,20.52762222290039,-1.3127739429473877,True,92,0.8363193869590759,0.7902981042861938,0.09357960522174835,14.230539321899414,20.499364852905273,-1.4012277126312256,3026,1070
2011_09_26_drive_0015_sync,0000000200,6,0.409580796957016,8.919281005859375,-28.663572311401367,-3.0454518795013428,True,83,0.48919498920440674,0.6919387578964233,0.2901908755302429,8.673664093017578,-28.817951202392578,-3.052539825439453,3026,1070
2011_09_26_drive_0015_sync,0000000200,7,0.7426418662071228,26.115215301513672,20.056488037109375,-1.4831011295318604,True,87,0.5652361512184143,0.8866077065467834,0.05877668783068657,26.07744598388672,20.101152420043945,-1.4888691902160645,3026,1070
2011_09_26_drive_0015_sync,0000000200,8,0.8246596455574036,8.160746574401855,-23.57786750793457,-2.839895009994507,True,57,0.8366195559501648,0.9090900421142578,0.04417908936738968,8.200834274291992,-23.594282150268555,-2.848574161529541,3026,1070
2011_09_26_drive_0015_sync,0000000201,0,0.42028525471687317,40.52510452270508,3.915006160736084,-1.5659639835357666,True,46,0.1236262395977974,0.7837891578674316,0.21675747632980347,40.731666564941406,3.962268114089966,-1.6115955114364624,3044,1052
2011_09_26_drive_0015_sync,0000000201,1,0.7116715908050537,6.779608726501465,20.631006240844727,-1.4586000442504883,True,17,0.7532507181167603,0.8685627579689026,0.06692890077829361,6.790060520172119,20.69508934020996,-1.4748356342315674,3044,1052
2011_09_26_drive_0015_sync,0000000201,2,0.8255425691604614,6.917479038238525,-23.92252540588379,-2.8155951499938965,True,77,0.7963886260986328,0.7781931161880493,0.2052224725484848,6.977761268615723,-23.72652244567871,-2.823667287826538,3044,1052
2011_09_26_drive_0015_sync,0000000201,3,0.8874954581260681,5.500095367431641,3.698439598083496,-1.6394727230072021,True,99,0.890249490737915,0.8471366763114929,0.06920301169157028,5.471160411834717,3.7611567974090576,-1.6437597274780273,3044,1052
2011_09_26_drive_0015_sync,0000000201,4,0.5019590258598328,24.979408264160156,19.95488166809082,-1.4969720840454102,True,42,0.693271815776825,0.8587506413459778,0.13722723722457886,24.855356216430664,19.991451263427734,-1.4510910511016846,3044,1052
2011_09_26_drive_0015_sync,0000000201,5,0.7589641809463501,19.57589340209961,20.689167022705078,-1.4154797792434692,True,80,0.7612362504005432,0.7626859545707703,0.15454350411891937,19.632831573486328,20.791440963745117,-1.314574956893921,3044,1052
2011_09_26_drive_0015_sync,0000000201,6,0.807287871837616,13.121843338012695,20.61517333984375,-1.3305437564849854,True,96,0.8274160027503967,0.8144446015357971,0.13368017971515656,13.10892391204834,20.666988372802734,-1.453094482421875,3044,1052
2011_09_26_drive_0015_sync,0000000201,7,0.8385304808616638,28.813262939453125,0.20235231518745422,-1.6381118297576904,True,26,0.8366103172302246,0.8188299536705017,0.12532734870910645,28.70565414428711,0.14212380349636078,-1.6157552003860474,3044,1052
2011_09_26_drive_0015_sync,0000000201,8,0.5533349514007568,7.340662956237793,-28.923065185546875,-2.934600353240967,True,29,0.5500537753105164,0.7996002435684204,0.1568552404642105,7.310856819152832,-28.992788314819336,-3.0719096660614014,3044,1052
2011_09_26_drive_0015_sync,0000000202,0,0.8395283818244934,3.087205648422241,3.6840343475341797,-1.6779589653015137,True,77,0.8295158743858337,0.8795333504676819,0.0572977177798748,3.0660295486450195,3.6962742805480957,-1.7297738790512085,3022,1074
2011_09_26_drive_0015_sync,0000000202,1,0.808725118637085,18.409862518310547,20.728317260742188,-1.519007921218872,True,99,0.725611686706543,0.7846632599830627,0.13040843605995178,18.534442901611328,20.765132904052734,-1.5075756311416626,3022,1074
2011_09_26_drive_0015_sync,0000000202,2,0.36514797806739807,28.666879653930664,0.015279684215784073,-1.5748538970947266,True,73,0.22395098209381104,0.7079151272773743,0.30452823638916016,28.40223503112793,0.03740416467189789,-1.425819754600525,3022,1074
2011_09_26_drive_0015_sync,0000000202,3,0.6599472761154175,38.025691986083984,4.148869514465332,-1.5078175067901611,True,80,0.46296054124832153,0.8293828964233398,0.18024814128875732,38.203182220458984,4.123405933380127,-1.489426851272583,3022,1074
2011_09_26_drive_0015_sync,0000000202,4,0.814854621887207,23.720186233520508,19.894725799560547,-1.6191273927688599,True,91,0.7946912050247192,0.7852616310119629,0.1234770342707634,23.64974021911621,19.850690841674805,-1.5277771949768066,3022,1074
2011_09_26_drive_0015_sync,0000000202,5,0.8528378009796143,11.826560020446777,20.532155990600586,-1.4049897193908691,True,55,0.8396403193473816,0.9158867597579956,0.08037921786308289,11.756019592285156,20.517610549926758,-1.3693064451217651,3022,1074
2011_09_26_drive_0015_sync,0000000202,6,0.7661587595939636,5.576291561126709,20.77312660217285,-1.464945673942566,True,28,0.7115613222122192,0.8233780264854431,0.09482073038816452,5.514706611633301,20.70109748840332,-1.4681191444396973,3022,1074
2011_09_26_drive_0015_sync,0000000202,7,0.6181326508522034,5.9757304191589355,-23.977710723876953,-2.828688383102417,True,37,0.2999427616596222,0.7592359781265259,0.23577214777469635,5.865303039550781,-24.18497657775879,-2.8495490550994873,3022,1074
2011_09_26_drive_0015_sync,0000000203,0,0.7845582962036133,29.03723907470703,0.1405487209558487,-1.4903478622436523,True,8,0.8386793732643127,0.8139620423316956,0.1412297934293747,29.115806579589844,0.09469623863697052,-1.5983781814575195,3017,1079
2011_09_26_drive_0015_sync,0000000203,1,0.810543954372406,35.14063262939453,4.067018985748291,-1.4554336071014404,True,68,0.6984931230545044,0.8398164510726929,0.07634879648685455,35.17870330810547,4.113027572631836,-1.5030043125152588,3017,1079
2011_09_26_drive_0015_sync,0000000203,2,0.6954158544540405,0.5557218194007874,3.7117998600006104,-1.7397639751434326,True,43,0.7519670724868774,0.8806138634681702,0.0608944445848465,0.6102591156959534,3.7091846466064453,-1.7667264938354492,3017,1079
2011_09_26_drive_0015_sync,0000000203,3,0.8093612790107727,22.579893112182617,19.879714965820312,-1.4456188678741455,True,75,0.8076120018959045,0.6930277943611145,0.28633207082748413,22.392784118652344,20.096445083618164,-1.443539023399353,3017,1079
2011_09_26_drive_0015_sync,0000000203,4,0.703294575214386,10.55535888671875,20.55512046813965,-1.4293477535247803,True,99,0.6518291234970093,0.72431880235672,0.2115081399679184,10.556835174560547,20.754549026489258,-1.35890793800354,3017,1079
2011_09_26_drive_0015_sync,0000000203,5,0.8154842257499695,17.180438995361328,20.686145782470703,-1.478194236755371,True,51,0.7585702538490295,0.9071596264839172,0.06946629285812378,17.22993278503418,20.720985412597656,-1.512284278869629,3017,1079
2011_09_26_drive_0015_sync,0000000203,6,0.8224748969078064,4.288671493530273,20.716833114624023,-1.5062230825424194,True,96,0.8517885804176331,0.8075459599494934,0.11998055875301361,4.352987289428711,20.642047882080078,-1.574531078338623,3017,1079
2011_09_26_drive_0015_sync,0000000204,0,0.4065292775630951,-0.14515772461891174,4.766745567321777,-1.894854187965393,False,,,0.0,,,,,3040,1056
2011_09_26_drive_0015_sync,0000000204,1,0.6635358929634094,3.392983913421631,20.667280197143555,-1.4968860149383545,True,45,0.7845711708068848,0.7826184630393982,0.3070682883262634,3.0877397060394287,20.67743682861328,-1.5287253856658936,3040,1056
2011_09_26_drive_0015_sync,0000000204,2,0.8560892343521118,21.21629524230957,19.867652893066406,-1.5662717819213867,True,46,0.8314680457115173,0.885876476764679,0.05568429082632065,21.206470489501953,19.885648727416992,-1.514499545097351,3040,1056
2011_09_26_drive_0015_sync,0000000204,3,0.5894685387611389,32.73078536987305,3.827406406402588,-1.6303088665008545,True,60,0.6626865267753601,0.7374241948127747,0.25709691643714905,32.53303146362305,3.9669172763824463,-1.5435394048690796,3040,1056
2011_09_26_drive_0015_sync,0000000204,4,0.8441751599311829,29.338701248168945,0.08211812376976013,-1.529590129852295,True,47,0.8332901000976562,0.7773804664611816,0.15435194969177246,29.242692947387695,0.1969624161720276,-1.491937518119812,3040,1056
2011_09_26_drive_0015_sync,0000000204,5,0.5415238738059998,15.886146545410156,20.623239517211914,-1.6661372184753418,True,58,0.49516043066978455,0.5947064161300659,0.3656613528728485,16.136667251586914,20.793046951293945,-1.4609225988388062,3040,1056
2011_09_26_drive_0015_sync,0000000204,6,0.5898712277412415,9.306078910827637,20.537424087524414,-1.420206069946289,True,17,0.7525338530540466,0.7609561085700989,0.17038065195083618,9.402844429016113,20.397214889526367,-1.4174891710281372,3040,1056
2011_09_26_drive_0015_sync,0000000205,0,0.8202309608459473,20.065940856933594,19.774160385131836,-1.5564799308776855,True,65,0.8470386266708374,0.8019579648971558,0.10923627018928528,20.014142990112305,19.860857009887695,-1.514847755432129,3095,1001
2011_09_26_drive_0015_sync,0000000205,1,0.6436467170715332,1.6862205266952515,20.646223068237305,-1.6377570629119873,True,89,0.7693157196044922,0.7795038819313049,0.27797284722328186,1.9633903503417969,20.644956588745117,-1.6166810989379883,3095,1001
2011_09_26_drive_0015_sync,0000000205,2,0.7912741899490356,29.67440414428711,3.8855888843536377,-1.5382635593414307,True,90,0.7951955199241638,0.9069635272026062,0.05380696430802345,29.68702507019043,3.937371253967285,-1.5308820009231567,3095,1001
2011_09_26_drive_0015_sync,0000000205,3,0.8405717015266418,8.048961639404297,20.552547454833984,-1.510404109954834,True,71,0.8513427376747131,0.8147992491722107,0.13486865162849426,8.04321002960205,20.468994140625,-1.6161174774169922,3095,1001
2011_09_26_drive_0015_sync,0000000205,4,0.8530356287956238,29.461612701416016,0.04276653751730919,-1.5391007661819458,True,72,0.8486412167549133,0.9100332260131836,0.0649489313364029,29.485584259033203,0.025711664929986,-1.5970046520233154,3095,1001
2011_09_26_drive_0015_sync,0000000205,5,0.8441771864891052,14.699870109558105,20.67255973815918,-1.5261013507843018,True,85,0.8618732690811157,0.9019564986228943,0.040292445570230484,14.728082656860352,20.65833854675293,-1.5511071681976318,3095,1001
2011_09_26_drive_0015_sync,0000000206,0,0.8556578755378723,29.490100860595703,0.11036306619644165,-1.5644745826721191,True,29,0.8527758717536926,0.8950768709182739,0.08055724203586578,29.4186954498291,0.146492138504982,-1.5737172365188599,3140,956
2011_09_26_drive_0015_sync,0000000206,1,0.8381536602973938,18.73579216003418,19.7612247467041,-1.633664608001709,True,94,0.7988554835319519,0.8400601148605347,0.09879061579704285,18.779815673828125,19.847007751464844,-1.6121519804000854,3140,956
2011_09_26_drive_0015_sync,0000000206,2,0.5879253149032593,0.6979996562004089,-23.75615882873535,-2.6740691661834717,True,96,0.029720691964030266,0.6199553608894348,0.5164152979850769,0.7164852619171143,-23.271583557128906,-2.851635694503784,3140,956
2011_09_26_drive_0015_sync,0000000206,3,0.8503961563110352,6.866261005401611,20.480886459350586,-1.4810371398925781,True,45,0.876188337802887,0.8944301605224609,0.1278756856918335,6.8695268630981445,20.47510528564453,-1.6087403297424316,3140,956
2011_09_26_drive_0015_sync,0000000206,4,0.6447946429252625,27.066255569458008,3.8983559608459473,-1.4538334608078003,True,53,0.6644649505615234,0.7174324989318848,0.2402416318655014,26.847564697265625,3.8178694248199463,-1.5122480392456055,3140,956
2011_09_26_drive_0015_sync,0000000206,5,0.419259637594223,13.499899864196777,20.818532943725586,-1.643073558807373,True,72,0.6759726405143738,0.7973131537437439,0.1000237762928009,13.499442100524902,20.771936416625977,-1.554567575454712,3140,956
2011_09_26_drive_0015_sync,0000000206,6,0.5322813987731934,0.7571830749511719,20.71587562561035,-1.614066243171692,True,78,0.48809996247291565,0.7342185974121094,0.3677760362625122,0.401928186416626,20.77187728881836,-1.6909881830215454,3140,956
2011_09_26_drive_0015_sync,0000000206,7,0.3429808020591736,48.204872131347656,3.8352439403533936,-1.5038626194000244,True,86,0.34217628836631775,0.9889482855796814,0.012226263992488384,48.21691131591797,3.8370747566223145,-1.5027728080749512,3140,956
2011_09_26_drive_0015_sync,0000000207,0,0.37020084261894226,0.4902932941913605,21.655969619750977,-1.6385703086853027,True,98,0.3554046154022217,0.5067603588104248,0.45941704511642456,0.03706011176109314,21.595975875854492,-1.6837859153747559,3170,926
2011_09_26_drive_0015_sync,0000000207,1,0.7201483845710754,5.691234111785889,20.48619842529297,-1.5142658948898315,True,47,0.7615219950675964,0.7938823103904724,0.19387935101985931,5.538799285888672,20.56037139892578,-1.608346700668335,3170,926
2011_09_26_drive_0015_sync,0000000207,2,0.7335286736488342,29.676963806152344,0.10585738718509674,-1.4471867084503174,True,49,0.6731500029563904,0.8669596314430237,0.1713317185640335,29.515501022338867,0.04918032884597778,-1.4386990070343018,3170,926
2011_09_26_drive_0015_sync,0000000207,3,0.7885682582855225,24.505952835083008,3.903528928756714,-1.5339977741241455,True,63,0.8118849396705627,0.7949581146240234,0.2133493274450302,24.690277099609375,3.843963146209717,-1.4445862770080566,3170,926
2011_09_26_drive_0015_sync,0000000207,4,0.8309131264686584,17.30116081237793,19.862022399902344,-1.5762503147125244,True,70,0.8481310606002808,0.8087413311004639,0.07198111712932587,17.34720802307129,19.894811630249023,-1.6208126544952393,3170,926
2011_09_26_drive_0015_sync,0000000207,5,0.4779242277145386,45.434043884277344,3.560936689376831,-1.4020507335662842,True,68,0.461308091878891,0.9874444603919983,0.007855410687625408,45.42887878417969,3.566551685333252,-1.4001796245574951,3170,926
2011_09_26_drive_0015_sync,0000000207,6,0.5741864442825317,12.043021202087402,20.657155990600586,-1.603870153427124,True,97,0.5754572153091431,0.8523973226547241,0.19538313150405884,12.237569808959961,20.672706604003906,-1.6130127906799316,3170,926
2011_09_26_drive_0015_sync,0000000208,0,0.825617790222168,29.58786392211914,0.1308760792016983,-1.5480213165283203,True,64,0.8343720436096191,0.881271243095398,0.05444331839680672,29.596477508544922,0.135834738612175,-1.4944928884506226,3065,1031
2011_09_26_drive_0015_sync,0000000208,1,0.8325712084770203,16.272520065307617,19.83463478088379,-1.5926952362060547,True,47,0.850501298904419,0.836302638053894,0.16083531081676483,16.113893508911133,19.808691024780273,-1.5983994007110596,3065,1031
2011_09_26_drive_0015_sync,0000000208,2,0.8388466238975525,21.578014373779297,3.8104443550109863,-1.4794318675994873,True,73,0.7531614303588867,0.912514865398407,0.09578379988670349,21.507892608642578,3.800971508026123,-1.543989896774292,3065,1031
2011_09_26_drive_0015_sync,0000000208,3,0.7283623218536377,4.143150329589844,20.479902267456055,-1.590694546699524,True,78,0.755599319934845,0.8440595865249634,0.17033860087394714,4.303421974182129,20.478302001953125,-1.533025860786438,3065,1031
2011_09_26_drive_0015_sync,0000000208,4,0.7387293577194214,11.053191184997559,20.674837112426758,-1.589329481124878,True,86,0.6390997767448425,0.793052613735199,0.20723682641983032,10.861495971679688,20.59747314453125,-1.603987693786621,3065,1031
2011_09_26_drive_0015_sync,0000000209,0,0.7563462853431702,29.815105438232422,0.10019005835056305,-1.5903799533843994,True,82,0.7494029402732849,0.8378381729125977,0.08854080736637115,29.842517852783203,0.18329374492168427,-1.5768961906433105,3099,997
2011_09_26_drive_0015_sync,0000000209,1,0.6949425935745239,3.0715413093566895,20.523637771606445,-1.644618272781372,True,86,0.7887058854103088,0.8220880627632141,0.0877368375658989,3.042750597000122,20.46065902709961,-1.5907431840896606,3099,997
2011_09_26_drive_0015_sync,0000000209,2,0.8556320667266846,14.703812599182129,19.801111221313477,-1.6323046684265137,True,50,0.8563836216926575,0.8816671371459961,0.06978465616703033,14.667524337768555,19.76325798034668,-1.6783502101898193,3099,997
2011_09_26_drive_0015_sync,0000000209,3,0.7074454426765442,9.577569007873535,20.68845558166504,-1.634753704071045,True,62,0.7295374274253845,0.8635669350624084,0.07117236405611038,9.554659843444824,20.657379150390625,-1.5749629735946655,3099,997
2011_09_26_drive_0015_sync,0000000209,4,0.8288125991821289,18.863019943237305,3.8184540271759033,-1.6526648998260498,True,56,0.8216405510902405,0.8649205565452576,0.07284347712993622,18.790550231933594,3.813573122024536,-1.6471431255340576,3099,997
2011_09_26_drive_0015_sync,0000000210,0,0.43057721853256226,36.891475677490234,4.384350776672363,-1.6879961490631104,True,75,0.48631641268730164,0.8390567302703857,0.06637848913669586,36.87019348144531,4.436106204986572,-1.6522953510284424,3044,1052
2011_09_26_drive_0015_sync,0000000210,1,0.797374427318573,1.780622959136963,20.51319694519043,-1.599441647529602,True,31,0.8468389511108398,0.8848528265953064,0.10498426109552383,1.8752599954605103,20.545015335083008,-1.5669898986816406,3044,1052
2011_09_26_drive_0015_sync,0000000210,2,0.7962965369224548,15.963809967041016,3.7935400009155273,-1.7123851776123047,True,64,0.8182373642921448,0.8400347828865051,0.19236819446086884,15.779581069946289,3.805401563644409,-1.6583061218261719,3044,1052
2011_09_26_drive_0015_sync,0000000210,3,0.45867279171943665,29.632707595825195,0.029895469546318054,-1.5981254577636719,True,69,0.4257422089576721,0.8809342384338379,0.08358868956565857,29.672962188720703,0.04816137254238129,-1.6690690517425537,3044,1052
2011_09_26_drive_0015_sync,0000000210,4,0.7846134305000305,8.442983627319336,20.6616153717041,-1.5059897899627686,True,95,0.6384286880493164,0.7947167754173279,0.10222137719392776,8.423527717590332,20.71770477294922,-1.5892043113708496,3044,1052
2011_09_26_drive_0015_sync,0000000210,5,0.8282077312469482,13.564908981323242,19.839826583862305,-1.6343119144439697,True,79,0.8785321712493896,0.8851265907287598,0.05703425407409668,13.52988338470459,19.795534133911133,-1.6423301696777344,3044,1052
2011_09_26_drive_0015_sync,0000000211,0,0.6808241009712219,0.9294439554214478,20.488691329956055,-1.477340817451477,True,54,0.7233489751815796,0.7410758137702942,0.48290809988975525,0.44848453998565674,20.4518985748291,-1.5002442598342896,2989,1107
2011_09_26_drive_0015_sync,0000000211,1,0.7758092284202576,7.110342979431152,20.603147506713867,-1.5176570415496826,True,96,0.8044971227645874,0.7983254194259644,0.1271493285894394,7.051876068115234,20.70904541015625,-1.5568259954452515,2989,1107
2011_09_26_drive_0015_sync,0000000211,2,0.8230957388877869,29.961936950683594,0.10835126042366028,-1.636096715927124,True,47,0.8462411165237427,0.9298111200332642,0.04518275707960129,29.92228126525879,0.09436122328042984,-1.6526250839233398,2989,1107
2011_09_26_drive_0015_sync,0000000211,3,0.8407878875732422,12.35931396484375,19.85274314880371,-1.600651741027832,True,86,0.8634811639785767,0.8820564150810242,0.09028097987174988,12.309107780456543,19.777973175048828,-1.606932282447815,2989,1107
2011_09_26_drive_0015_sync,0000000211,4,0.8820910453796387,13.236438751220703,3.830658435821533,-1.709208369255066,True,37,0.8882737159729004,0.8801561594009399,0.09614107757806778,13.311577796936035,3.8376760482788086,-1.6496434211730957,2989,1107
2011_09_26_drive_0015_sync,0000000211,5,0.5240440964698792,34.34169387817383,3.5785298347473145,-1.781113862991333,True,65,0.5026230812072754,0.545512318611145,0.23463039100170135,34.435184478759766,3.366734743118286,-1.742985486984253,2989,1107
2011_09_26_drive_0015_sync,0000000212,0,0.529645562171936,-0.8996207118034363,20.61725425720215,-1.5061691999435425,True,21,0.44686320424079895,0.7939364314079285,0.14813145995140076,-0.8318061828613281,20.74765968322754,-1.524568796157837,3030,1066
2011_09_26_drive_0015_sync,0000000212,1,0.7208518981933594,30.154691696166992,0.3201564848423004,-1.6340312957763672,True,53,0.6769309043884277,0.6961175203323364,0.11753275990486145,30.09083366394043,0.41324371099472046,-1.6013071537017822,3030,1066
2011_09_26_drive_0015_sync,0000000212,2,0.859379768371582,11.040300369262695,19.816802978515625,-1.6008994579315186,True,32,0.8686756491661072,0.8542096018791199,0.07700806856155396,11.03298568725586,19.774925231933594,-1.5366889238357544,3030,1066
2011_09_26_drive_0015_sync,0000000212,3,0.7389286160469055,31.818134307861328,3.703911781311035,-1.569993257522583,True,8,0.6973381042480469,0.8459497094154358,0.07405513525009155,31.852304458618164,3.6793816089630127,-1.630942702293396,3030,1066
2011_09_26_drive_0015_sync,0000000212,4,0.8888663053512573,10.581331253051758,3.843778371810913,-1.7002532482147217,True,44,0.8764511942863464,0.8354722857475281,0.10404050350189209,10.534632682800293,3.831681251525879,-1.608072280883789,3030,1066
2011_09_26_drive_0015_sync,0000000213,0,0.8634275794029236,9.728362083435059,19.813446044921875,-1.6068850755691528,True,55,0.8797212839126587,0.8765138983726501,0.061595186591148376,9.768620491027832,19.770931243896484,-1.5877612829208374,2997,1099
2011_09_26_drive_0015_sync,0000000213,1,0.8898574709892273,7.8082499504089355,3.842125654220581,-1.660287618637085,True,89,0.9218364953994751,0.9171309471130371,0.06113017722964287,7.7628655433654785,3.8029918670654297,-1.6723582744598389,2997,1099
2011_09_26_drive_0015_sync,0000000213,2,0.6551181077957153,28.710742950439453,3.829214096069336,-1.4532716274261475,True,44,0.6959779858589172,0.6648530960083008,0.3820395767688751,29.057769775390625,3.7662389278411865,-1.6001074314117432,2997,1099
2011_09_26_drive_0015_sync,0000000213,3,0.7599127292633057,4.544286251068115,20.494478225708008,-1.6063649654388428,True,86,0.8201781511306763,0.8308026194572449,0.10869257897138596,4.579054832458496,20.54815673828125,-1.518479585647583,2997,1099
2011_09_26_drive_0015_sync,0000000213,4,0.8617727756500244,30.329912185668945,0.12602490186691284,-1.6587250232696533,True,41,0.8613036870956421,0.8970309495925903,0.08332394063472748,30.281003952026367,0.11751352250576019,-1.591804027557373,2997,1099
2011_09_26_drive_0015_sync,0000000214,0,0.4503929913043976,50.9930419921875,3.546520233154297,-1.4795186519622803,True,14,0.49617907404899597,0.7752176523208618,0.21684561669826508,51.1766357421875,3.6617093086242676,-1.4863619804382324,2917,1179
2011_09_26_drive_0015_sync,0000000214,1,0.9067412614822388,5.084514141082764,3.8062665462493896,-1.6350868940353394,True,15,0.9178752899169922,0.9577573537826538,0.024265212938189507,5.062167644500732,3.8156027793884277,-1.6365933418273926,2917,1179
2011_09_26_drive_0015_sync,0000000214,2,0.8752262592315674,30.616992950439453,0.16101689636707306,-1.645788311958313,True,64,0.8754368424415588,0.8598899245262146,0.09605973213911057,30.548965454101562,0.09385986626148224,-1.6363191604614258,2917,1179
2011_09_26_drive_0015_sync,0000000214,3,0.8225194811820984,3.35864520072937,20.57520866394043,-1.5257599353790283,True,55,0.8036157488822937,0.9133220911026001,0.06736885011196136,3.3245980739593506,20.517990112304688,-1.5154938697814941,2917,1179
2011_09_26_drive_0015_sync,0000000214,4,0.8346371054649353,26.1690673828125,3.7487945556640625,-1.603995442390442,True,73,0.8011391758918762,0.8637428283691406,0.06301942467689514,26.113473892211914,3.762350559234619,-1.5775938034057617,2917,1179
2011_09_26_drive_0015_sync,0000000214,5,0.8572983741760254,8.43397331237793,19.892822265625,-1.5698235034942627,True,98,0.8778321743011475,0.9145395159721375,0.043945904821157455,8.441164016723633,19.862098693847656,-1.600411057472229,2917,1179
2011_09_26_drive_0015_sync,0000000215,0,0.8200842142105103,30.390012741088867,0.44834357500076294,-1.5277150869369507,True,41,0.728000283241272,0.6603246927261353,0.30830880999565125,30.499773025512695,0.16168983280658722,-1.5566394329071045,2838,1258
2011_09_26_drive_0015_sync,0000000215,1,0.7983614206314087,2.1516408920288086,20.60731315612793,-1.545638084411621,True,98,0.8537193536758423,0.8153576850891113,0.11787474155426025,2.096799373626709,20.6944637298584,-1.4882652759552002,2838,1258
2011_09_26_drive_0015_sync,0000000215,2,0.8635575771331787,7.241886615753174,19.81002426147461,-1.5929226875305176,True,52,0.8657862544059753,0.8434123396873474,0.04870940372347832,7.2417802810668945,19.796875,-1.546021819114685,2838,1258
2011_09_26_drive_0015_sync,0000000215,3,0.7819526195526123,23.420886993408203,3.687725782394409,-1.5926663875579834,True,49,0.8144110441207886,0.8599028587341309,0.01711198501288891,23.41855239868164,3.6895694732666016,-1.6095178127288818,2838,1258
2011_09_26_drive_0015_sync,0000000215,4,0.8856863379478455,2.568679094314575,3.781341314315796,-1.6365838050842285,True,74,0.8893938660621643,0.8835598826408386,0.08712279051542282,2.5320303440093994,3.815692901611328,-1.565399408340454,2838,1258
2011_09_26_drive_0015_sync,0000000216,0,0.8237859010696411,30.58060646057129,0.2823365330696106,-1.6051537990570068,True,27,0.7896929383277893,0.9222739934921265,0.03208721801638603,30.587491989135742,0.3096298575401306,-1.6205568313598633,2815,1281
2011_09_26_drive_0015_sync,0000000216,1,0.8506694436073303,20.575986862182617,3.701181650161743,-1.5543065071105957,True,97,0.7946074604988098,0.8986470103263855,0.07238619029521942,20.529861450195312,3.684981346130371,-1.5009233951568604,2815,1281
2011_09_26_drive_0015_sync,0000000216,2,0.5958086848258972,-0.19098952412605286,3.72784686088562,-1.6234865188598633,True,78,0.6963110566139221,0.8225831985473633,0.18643219769001007,-0.005331933498382568,3.71211314201355,-1.62986421585083,2815,1281
2011_09_26_drive_0015_sync,0000000216,3,0.7572550773620605,0.9424382448196411,20.590007781982422,-1.6297457218170166,True,92,0.6344603896141052,0.7611749768257141,0.3293524980545044,0.6212100386619568,20.632917404174805,-1.5710577964782715,2815,1281
2011_09_26_drive_0015_sync,0000000216,4,0.8589297533035278,5.834450721740723,19.77861976623535,-1.577580213546753,True,40,0.8426358699798584,0.9200848937034607,0.10934461653232574,5.943182468414307,19.785371780395508,-1.5869643688201904,2815,1281
2011_09_26_drive_0015_sync,0000000217,0,0.8349210619926453,4.672591686248779,19.820173263549805,-1.6280934810638428,True,82,0.8411332964897156,0.8738710284233093,0.07119607925415039,4.605116844177246,19.842031478881836,-1.6219091415405273,3009,1087
2011_09_26_drive_0015_sync,0000000217,1,0.5307099223136902,30.505268096923828,-0.1676788479089737,-1.5444493293762207,True,93,0.6747713685035706,0.8910331726074219,0.06602694094181061,30.538677215576172,-0.11596180498600006,-1.5682975053787231,3009,1087
2011_09_26_drive_0015_sync,0000000217,2,0.8452288508415222,17.905776977539062,3.632591962814331,-1.6003799438476562,True,41,0.8553367853164673,0.9356995820999146,0.021192247048020363,17.8936824798584,3.64383864402771,-1.5871003866195679,3009,1087
2011_09_26_drive_0015_sync,0000000218,0,0.8374161124229431,3.319672107696533,19.753841400146484,-1.5800957679748535,True,98,0.8633396029472351,0.9423975348472595,0.016430560499429703,3.3292243480682373,19.762413024902344,-1.5903546810150146,3060,1036
2011_09_26_drive_0015_sync,0000000218,1,0.7153278589248657,30.735647201538086,-0.15643218159675598,-1.6042587757110596,True,27,0.8127131462097168,0.8146162033081055,0.13663671910762787,30.741945266723633,-0.02267231047153473,-1.6314290761947632,3060,1036
2011_09_26_drive_0015_sync,0000000218,2,0.8895030617713928,14.973204612731934,3.5889923572540283,-1.596599817276001,True,38,0.8898513317108154,0.8024411797523499,0.11545206606388092,14.89861011505127,3.669384479522705,-1.5605173110961914,3060,1036
2011_09_26_drive_0015_sync,0000000219,0,0.8917108774185181,12.221253395080566,3.6212239265441895,-1.5904299020767212,True,85,0.8591433763504028,0.9233080744743347,0.06336900591850281,12.282512664794922,3.6144003868103027,-1.6051394939422607,3024,1072
2011_09_26_drive_0015_sync,0000000219,1,0.5922952890396118,38.10500717163086,3.8055384159088135,-1.7663891315460205,True,9,0.4890657365322113,0.8822919130325317,0.07519886642694473,38.15822982788086,3.844036817550659,-1.7297818660736084,3024,1072
2011_09_26_drive_0015_sync,0000000219,2,0.8888431191444397,2.035888671875,19.765485763549805,-1.6176807880401611,True,73,0.870799720287323,0.8605349659919739,0.05227227881550789,2.018688917160034,19.728063583374023,-1.6498699188232422,3024,1072
2011_09_26_drive_0015_sync,0000000219,3,0.8507769703865051,30.742963790893555,-0.1358727216720581,-1.6520771980285645,True,22,0.8203288912773132,0.7949203848838806,0.19286899268627167,30.608972549438477,-0.004425998777151108,-1.6077313423156738,3024,1072
2011_09_26_drive_0015_sync,0000000220,0,0.6229585409164429,35.49134063720703,3.539659261703491,-1.722170352935791,True,55,0.6994607448577881,0.5833866000175476,0.31065741181373596,35.3427734375,3.8033664226531982,-1.7921299934387207,3014,1082
2011_09_26_drive_0015_sync,0000000220,1,0.9003713726997375,9.54521369934082,3.626222610473633,-1.6149647235870361,True,91,0.8885316848754883,0.866269588470459,0.06587319821119308,9.492812156677246,3.6223506927490234,-1.654693365097046,3014,1082
2011_09_26_drive_0015_sync,0000000220,2,0.807551920413971,0.5625885725021362,19.689815521240234,-1.6631660461425781,True,71,0.8130030632019043,0.832996129989624,0.11811280250549316,0.6049420237541199,19.751108169555664,-1.7548177242279053,3014,1082
2011_09_26_drive_0015_sync,0000000220,3,0.7473648190498352,30.685287475585938,0.21380122005939484,-1.7389179468154907,True,97,0.7638781666755676,0.7930006980895996,0.16244661808013916,30.75994873046875,0.0698704794049263,-1.7289910316467285,3014,1082
2011_09_26_drive_0015_sync,0000000221,0,0.34893685579299927,62.354331970214844,20.629457473754883,-1.4542195796966553,True,13,0.06511443853378296,0.6978825926780701,0.31329110264778137,62.643760681152344,20.749319076538086,-1.4502778053283691,2995,1101
2011_09_26_drive_0015_sync,0000000221,1,0.678554117679596,-0.6772997975349426,19.803781509399414,-1.7303979396820068,True,38,0.6719226837158203,0.8370717167854309,0.09632079303264618,-0.7145745754241943,19.73770523071289,-1.7897461652755737,2995,1101
2011_09_26_drive_0015_sync,0000000221,2,0.547443151473999,32.766265869140625,3.0754892826080322,-1.6875617504119873,True,59,0.47242629528045654,0.5345906019210815,0.15924490988254547,32.685279846191406,2.9726390838623047,-1.778237223625183,2995,1101
2011_09_26_drive_0015_sync,0000000221,3,0.8348094820976257,30.89544677734375,0.18860743939876556,-1.7546155452728271,True,21,0.8430166840553284,0.9084186553955078,0.07287087291479111,30.93754768371582,0.2478947937488556,-1.7498524188995361,2995,1101
2011_09_26_drive_0015_sync,0000000221,4,0.891537070274353,6.7766923904418945,3.630674123764038,-1.7066068649291992,True,52,0.8736072778701782,0.8606845140457153,0.1019243523478508,6.834300518035889,3.6124112606048584,-1.624531626701355,2995,1101
2011_09_26_drive_0015_sync,0000000222,0,0.8474984765052795,4.118391990661621,3.594897508621216,-1.6652088165283203,True,70,0.8224363923072815,0.8409410119056702,0.04829924926161766,4.077940464019775,3.5863118171691895,-1.69016432762146,2958,1138
2011_09_26_drive_0015_sync,0000000222,1,0.7672202587127686,30.131410598754883,3.574338674545288,-1.782400369644165,True,68,0.7121691107749939,0.7600122690200806,0.13992038369178772,30.199138641357422,3.4569718837738037,-1.7475340366363525,2958,1138
2011_09_26_drive_0015_sync,0000000222,2,0.8625409007072449,31.06098175048828,0.05727840214967728,-1.669862151145935,True,16,0.8563013672828674,0.8926881551742554,0.04724905267357826,31.098709106445312,0.05571170896291733,-1.6982640027999878,2958,1138
2011_09_26_drive_0015_sync,0000000223,0,0.8572396636009216,1.5034266710281372,3.5845284461975098,-1.7151799201965332,True,19,0.8227616548538208,0.8006613850593567,0.07613848149776459,1.5443288087844849,3.6457431316375732,-1.6957674026489258,2986,1110
2011_09_26_drive_0015_sync,0000000223,1,0.8152574896812439,31.068157196044922,0.14392806589603424,-1.7234097719192505,True,43,0.7724176049232483,0.9379764795303345,0.015859611332416534,31.07754135131836,0.1340438425540924,-1.7153000831604004,2986,1110
2011_09_26_drive_0015_sync,0000000223,2,0.8171935677528381,27.355939865112305,3.299346923828125,-1.6369764804840088,True,12,0.7236307263374329,0.6372705101966858,0.33901679515838623,27.63147735595703,3.15106463432312,-1.7674518823623657,2986,1110
2011_09_26_drive_0015_sync,0000000224,0,0.853278398513794,24.754913330078125,3.351053476333618,-1.6234281063079834,True,88,0.7964810729026794,0.8386402130126953,0.07590748369693756,24.741092681884766,3.2955322265625,-1.6733112335205078,2992,1104
2011_09_26_drive_0015_sync,0000000224,1,0.8068835139274597,30.998119354248047,-0.04157108813524246,-1.690195918083191,True,33,0.7759045362472534,0.8673505783081055,0.07310211658477783,30.946691513061523,-0.09034274518489838,-1.7080962657928467,2992,1104
2011_09_26_drive_0015_sync,0000000224,2,0.4825536906719208,-1.0427724123001099,3.5131678581237793,-1.7379648685455322,True,34,0.4248550236225128,0.6771653890609741,0.14179418981075287,-0.9862051010131836,3.632239818572998,-1.685738444328308,2992,1104
2011_09_26_drive_0015_sync,0000000225,0,0.8547565937042236,31.446731567382812,-0.12671677768230438,-1.641258955001831,True,39,0.8277230262756348,0.8517792224884033,0.09086085855960846,31.524938583374023,-0.1387505978345871,-1.6859192848205566,3111,985
2011_09_26_drive_0015_sync,0000000225,1,0.8283531665802002,21.888566970825195,3.43648099899292,-1.6458638906478882,True,67,0.754482090473175,0.7997431755065918,0.1754772663116455,22.058778762817383,3.4703545570373535,-1.671802282333374,3111,985
2011_09_26_drive_0015_sync,0000000226,0,0.8404372334480286,31.587392807006836,-0.010392568074166775,-1.6617920398712158,True,28,0.7830781936645508,0.8580330610275269,0.1259741336107254,31.46765899658203,-0.01240607351064682,-1.7008975744247437,3120,976
2011_09_26_drive_0015_sync,0000000226,1,0.8645896911621094,19.571781158447266,3.3579490184783936,-1.6293989419937134,True,26,0.8404852151870728,0.8363982439041138,0.07489663362503052,19.61731719970703,3.414715528488159,-1.6471059322357178,3120,976
2011_09_26_drive_0015_sync,0000000227,0,0.3660539388656616,54.46253204345703,20.43324089050293,-1.3448612689971924,True,42,0.05153129994869232,0.7193204164505005,0.18219515681266785,54.376686096191406,20.332374572753906,-1.4699673652648926,3101,995
2011_09_26_drive_0015_sync,0000000227,1,0.8814829587936401,16.82098960876465,3.2941486835479736,-1.6446261405944824,True,63,0.8303656578063965,0.8549643158912659,0.10992404073476791,16.75619125366211,3.3567304611206055,-1.5816341638565063,3101,995
2011_09_26_drive_0015_sync,0000000227,2,0.8694544434547424,31.73084259033203,-0.05621430650353432,-1.6212105751037598,True,76,0.8547918200492859,0.9427151679992676,0.04176321253180504,31.69322395324707,-0.03825772926211357,-1.6186482906341553,3101,995
2011_09_26_drive_0015_sync,0000000228,0,0.875339686870575,14.183109283447266,3.289003372192383,-1.6064982414245605,True,55,0.8680660128593445,0.8895185589790344,0.07197818160057068,14.229231834411621,3.285633087158203,-1.6616544723510742,3025,1071
2011_09_26_drive_0015_sync,0000000228,1,0.852923572063446,31.743484497070312,-0.0790795087814331,-1.6487611532211304,True,32,0.8183329701423645,0.8737311959266663,0.08544862270355225,31.7242374420166,-0.00014804303646087646,-1.6222877502441406,3025,1071
2011_09_26_drive_0015_sync,0000000229,0,0.5092403292655945,43.64684295654297,3.532200574874878,-1.4338079690933228,True,95,0.4949136972427368,0.8191859722137451,0.17530326545238495,43.490535736083984,3.5066277980804443,-1.5089433193206787,3042,1054
2011_09_26_drive_0015_sync,0000000229,1,0.7571800947189331,31.78863525390625,0.014979664236307144,-1.6388885974884033,True,13,0.8133845925331116,0.8745812177658081,0.09175489097833633,31.736469268798828,0.07803241908550262,-1.5973913669586182,3042,1054
2011_09_26_drive_0015_sync,0000000229,2,0.8983511328697205,11.501235961914062,3.2858314514160156,-1.6608829498291016,True,26,0.880091667175293,0.8914773464202881,0.04802296683192253,11.50817584991455,3.2932631969451904,-1.6139488220214844,3042,1054
2011_09_26_drive_0015_sync,0000000229,3,0.4981785714626312,51.32245635986328,20.67815589904785,-1.3240716457366943,True,59,0.6006703972816467,0.7314311265945435,0.22854988276958466,51.31492233276367,20.495275497436523,-1.4609403610229492,3042,1054
2011_09_26_drive_0015_sync,0000000230,0,0.8038755059242249,31.935998916625977,-0.10031159222126007,-1.5647656917572021,True,46,0.7647330164909363,0.7872174978256226,0.2164708822965622,31.734411239624023,-0.03313495218753815,-1.6061099767684937,3086,1010
2011_09_26_drive_0015_sync,0000000230,1,0.41234806180000305,49.859954833984375,20.6855525970459,-1.4718847274780273,True,52,0.4324384033679962,0.7990436553955078,0.15503425896167755,49.8942756652832,20.542211532592773,-1.423811435699463,3086,1010
2011_09_26_drive_0015_sync,0000000230,2,0.6317842602729797,40.59053421020508,3.409742593765259,-1.4243385791778564,True,74,0.6666021943092346,0.7873035073280334,0.274760365486145,40.85791778564453,3.3641598224639893,-1.4681735038757324,3086,1010
2011_09_26_drive_0015_sync,0000000230,3,0.872490406036377,8.957438468933105,3.267669200897217,-1.6127784252166748,True,62,0.8878412246704102,0.861223042011261,0.10290464013814926,8.871967315673828,3.2246363162994385,-1.650623083114624,3086,1010
2011_09_26_drive_0015_sync,0000000231,0,0.8765751123428345,6.238094329833984,3.2653632164001465,-1.619992971420288,True,26,0.8812447786331177,0.8926469087600708,0.12011230736970901,6.123791694641113,3.2583401203155518,-1.6562221050262451,2959,1137
2011_09_26_drive_0015_sync,0000000231,1,0.8513312935829163,32.01456069946289,-0.008017230778932571,-1.4764137268066406,True,72,0.8543588519096375,0.8689951300621033,0.10371652990579605,32.079715728759766,0.03596356883645058,-1.544071912765503,2959,1137
2011_09_26_drive_0015_sync,0000000231,2,0.439240038394928,48.54084396362305,20.621431350708008,-1.358012080192566,True,18,0.5422344207763672,0.9125788807868958,0.032885730266571045,48.515769958496094,20.640756607055664,-1.349107027053833,2959,1137
2011_09_26_drive_0015_sync,0000000231,3,0.7315120100975037,37.98286819458008,3.6665124893188477,-1.4401099681854248,True,87,0.6777520179748535,0.8587310314178467,0.14458517730236053,38.12175750732422,3.640151262283325,-1.4704368114471436,2959,1137
2011_09_26_drive_0015_sync,0000000232,0,0.8646436333656311,3.5118637084960938,3.3038525581359863,-1.736266851425171,True,87,0.8853045105934143,0.8128434419631958,0.15255191922187805,3.6519010066986084,3.3389110565185547,-1.7855876684188843,2923,1173
2011_09_26_drive_0015_sync,0000000232,1,0.7148045897483826,35.59811782836914,3.7411890029907227,-1.5413095951080322,True,33,0.7211171388626099,0.7780253887176514,0.12256728857755661,35.58604431152344,3.660555601119995,-1.6328258514404297,2923,1173
2011_09_26_drive_0015_sync,0000000232,2,0.5558534860610962,46.9544677734375,20.718828201293945,-1.5932896137237549,True,62,0.5297749042510986,0.8903838992118835,0.13114941120147705,47.07575225830078,20.75861358642578,-1.6234121322631836,2923,1173
2011_09_26_drive_0015_sync,0000000232,3,0.8381571769714355,32.23524856567383,0.045183438807725906,-1.7210166454315186,True,99,0.8526479601860046,0.8986289501190186,0.057441432029008865,32.199554443359375,0.08865083754062653,-1.7326799631118774,2923,1173
2011_09_26_drive_0015_sync,0000000233,0,0.7863488793373108,32.78839111328125,3.533146858215332,-1.6476554870605469,True,83,0.7672391533851624,0.8520735502243042,0.10573696345090866,32.768150329589844,3.635222911834717,-1.6663930416107178,2946,1150
2011_09_26_drive_0015_sync,0000000233,1,0.6899528503417969,32.08397674560547,0.19021473824977875,-1.768651008605957,True,50,0.6801356077194214,0.7671748995780945,0.1650543212890625,32.08836364746094,0.3495025634765625,-1.8116750717163086,2946,1150
2011_09_26_drive_0015_sync,0000000233,2,0.8371020555496216,0.9113549590110779,3.1842215061187744,-1.7238380908966064,True,77,0.8185280561447144,0.8411871194839478,0.07426771521568298,0.8611825108528137,3.211313009262085,-1.7714245319366455,2946,1150
2011_09_26_drive_0015_sync,0000000234,0,0.6600605249404907,44.22775650024414,20.749753952026367,-1.438699722290039,True,55,0.7422708868980408,0.8859205842018127,0.058274365961551666,44.23568344116211,20.744571685791016,-1.3812000751495361,3007,1089
2011_09_26_drive_0015_sync,0000000234,1,0.8600835204124451,30.163299560546875,3.615846633911133,-1.4819579124450684,True,29,0.8279460072517395,0.9148824214935303,0.06339311599731445,30.124807357788086,3.5681962966918945,-1.4982821941375732,3007,1089
2011_09_26_drive_0015_sync,0000000234,2,0.8180795907974243,32.36796951293945,0.27287355065345764,-1.6358028650283813,True,88,0.7852838635444641,0.8839946985244751,0.05681619420647621,32.39683532714844,0.2434508502483368,-1.596698522567749,3007,1089
2011_09_26_drive_0015_sync,0000000235,0,0.5816015005111694,32.44965744018555,0.41789087653160095,-1.423349142074585,True,85,0.7955328822135925,0.5756253600120544,0.3359454274177551,32.41777420043945,0.11759798228740692,-1.5705461502075195,3079,1017
2011_09_26_drive_0015_sync,0000000235,1,0.6997689604759216,42.84297180175781,20.7757568359375,-1.3050315380096436,True,81,0.6217507123947144,0.8122736811637878,0.18163350224494934,42.89574432373047,20.747167587280273,-1.1336009502410889,3079,1017
2011_09_26_drive_0015_sync,0000000235,2,0.8306347727775574,27.480318069458008,3.6988086700439453,-1.5112206935882568,True,95,0.8533544540405273,0.7614271640777588,0.13652892410755157,27.463727951049805,3.6127638816833496,-1.406524896621704,3079,1017
2011_09_26_drive_0015_sync,0000000236,0,0.8462444543838501,24.494760513305664,3.7530548572540283,-1.6165883541107178,True,87,0.8323314785957336,0.7885896563529968,0.15731388330459595,24.639057159423828,3.7353436946868896,-1.5564846992492676,3012,1084
2011_09_26_drive_0015_sync,0000000236,1,0.7788738012313843,41.23373031616211,20.757362365722656,-1.1354925632476807,True,51,0.780409038066864,0.7537568807601929,0.2511686384677887,41.42229461669922,20.799331665039062,-1.296015977859497,3012,1084
2011_09_26_drive_0015_sync,0000000236,2,0.5501846671104431,32.66448974609375,0.38982951641082764,-1.4192413091659546,True,14,0.2943895161151886,0.8376764059066772,0.11971823126077652,32.563541412353516,0.3378390073776245,-1.4571738243103027,3012,1084
2011_09_26_drive_0015_sync,0000000237,0,0.8139803409576416,32.75766372680664,0.21280977129936218,-1.6853053569793701,True,21,0.8213551640510559,0.6968557834625244,0.2077128291130066,32.77687454223633,0.24948608875274658,-1.4817607402801514,3043,1053
2011_09_26_drive_0015_sync,0000000237,1,0.4555116593837738,39.77091979980469,21.092500686645508,-1.569775104522705,False,,,0.0,,,,,3043,1053
2011_09_26_drive_0015_sync,0000000237,2,0.845914900302887,21.998821258544922,3.671121120452881,-1.4653010368347168,True,42,0.8432643413543701,0.8129677176475525,0.17069973051548004,21.86626434326172,3.7367136478424072,-1.5505341291427612,3043,1053
2011_09_26_drive_0015_sync,0000000238,0,0.6436904668807983,38.278099060058594,20.748748779296875,-1.4108092784881592,True,25,0.72544926404953,0.8677657246589661,0.07476512342691422,38.322940826416016,20.80855369567871,-1.4092564582824707,3128,968
2011_09_26_drive_0015_sync,0000000238,1,0.855510950088501,19.338096618652344,3.686563730239868,-1.5883300304412842,True,67,0.7768160104751587,0.7620333433151245,0.23903000354766846,19.131196975708008,3.8060195446014404,-1.5959581136703491,3128,968
2011_09_26_drive_0015_sync,0000000238,2,0.6576681137084961,32.71138000488281,0.1237594336271286,-1.4925541877746582,True,96,0.6946309804916382,0.9210726618766785,0.05362677574157715,32.7453727722168,0.11916050314903259,-1.5337752103805542,3128,968
2011_09_26_drive_0015_sync,0000000239,0,0.8699343204498291,16.464542388916016,3.7000770568847656,-1.5777478218078613,True,55,0.8920503854751587,0.927972674369812,0.05493244528770447,16.452266693115234,3.6713404655456543,-1.532569408416748,3033,1063
2011_09_26_drive_0015_sync,0000000239,1,0.6108680367469788,33.1751823425293,0.4023500680923462,-1.5233978033065796,True,38,0.3982011675834656,0.7939885258674622,0.144370898604393,33.182159423828125,0.46119174361228943,-1.391746997833252,3033,1063
2011_09_26_drive_0015_sync,0000000239,2,0.6156099438667297,36.84025192260742,20.69414520263672,-1.3803805112838745,True,58,0.6071494221687317,0.8780356049537659,0.04805890843272209,36.80516815185547,20.665348052978516,-1.3961764574050903,3033,1063
2011_09_26_drive_0015_sync,0000000240,0,0.9095034599304199,13.628813743591309,3.6120781898498535,-1.573784351348877,True,25,0.9148220419883728,0.8313968777656555,0.05129031091928482,13.653738975524902,3.5974538326263428,-1.616158366203308,3025,1071
2011_09_26_drive_0015_sync,0000000240,1,0.8082688450813293,33.19764709472656,0.5422875285148621,-1.503159761428833,True,53,0.7653821110725403,0.8731640577316284,0.07286617159843445,33.24456024169922,0.48774078488349915,-1.4916146993637085,3025,1071
2011_09_26_drive_0015_sync,0000000240,2,0.7483210563659668,35.275291442871094,20.878602981567383,-1.4314885139465332,True,86,0.7792090177536011,0.7489200234413147,0.1635850965976715,35.42955017089844,20.885879516601562,-1.3775312900543213,3025,1071
2011_09_26_drive_0015_sync,0000000241,0,0.9012928009033203,10.879308700561523,3.641805648803711,-1.576592206954956,True,63,0.8886270523071289,0.9010540246963501,0.04936962574720383,10.897125244140625,3.618025302886963,-1.5371659994125366,2933,1163
2011_09_26_drive_0015_sync,0000000241,1,0.7175816297531128,33.87014389038086,20.757707595825195,-1.500694990158081,True,37,0.7207754254341125,0.8099946975708008,0.12359276413917542,33.79408645629883,20.853811264038086,-1.4847412109375,2933,1163
2011_09_26_drive_0015_sync,0000000241,2,0.7762383222579956,33.05776596069336,0.5318437814712524,-1.280964732170105,True,44,0.7622356414794922,0.7853224873542786,0.18609124422073364,33.0793342590332,0.5585576295852661,-1.4638612270355225,2933,1163
2011_09_26_drive_0015_sync,0000000242,0,0.8983681797981262,8.121834754943848,3.626194715499878,-1.6359539031982422,True,94,0.8924823999404907,0.9164339303970337,0.029446318745613098,8.104900360107422,3.6037490367889404,-1.6272072792053223,2931,1165
2011_09_26_drive_0015_sync,0000000242,1,0.8277978897094727,33.613624572753906,0.35395726561546326,-1.640013575553894,True,86,0.8218041062355042,0.8422324657440186,0.054135728627443314,33.586700439453125,0.3435518443584442,-1.5942151546478271,2931,1165
2011_09_26_drive_0015_sync,0000000242,2,0.8167760968208313,32.48929214477539,20.768733978271484,-1.530646562576294,True,72,0.8083363175392151,0.8269648551940918,0.06823746860027313,32.44166564941406,20.720367431640625,-1.5236647129058838,2931,1165
2011_09_26_drive_0015_sync,0000000243,0,0.9093872308731079,5.355865955352783,3.6336543560028076,-1.680349349975586,True,85,0.8930914402008057,0.8902477622032166,0.10585010796785355,5.37299108505249,3.619762897491455,-1.5768215656280518,2911,1185
2011_09_26_drive_0015_sync,0000000243,1,0.7995582818984985,33.76007843017578,0.36526253819465637,-1.5974253416061401,True,30,0.8383808135986328,0.8305445313453674,0.06536152958869934,33.764366149902344,0.38406169414520264,-1.5349726676940918,2911,1185
2011_09_26_drive_0015_sync,0000000243,2,0.8369503617286682,30.770227432250977,20.715229034423828,-1.5102269649505615,True,81,0.8699508309364319,0.8233442902565002,0.13245150446891785,30.857141494750977,20.77210235595703,-1.592414379119873,2911,1185
2011_09_26_drive_0015_sync,0000000244,0,0.8634333610534668,2.7871172428131104,3.5689547061920166,-1.6450108289718628,True,41,0.8709763288497925,0.8784824013710022,0.06886783242225647,2.7217228412628174,3.589775800704956,-1.6507407426834106,2843,1253
2011_09_26_drive_0015_sync,0000000244,1,0.8302705883979797,29.349790573120117,20.753686904907227,-1.514906406402588,True,14,0.7786819338798523,0.7238801121711731,0.18758980929851532,29.170183181762695,20.730602264404297,-1.4659347534179688,2843,1253
2011_09_26_drive_0015_sync,0000000244,2,0.5127702355384827,33.7625846862793,0.39765381813049316,-1.5364410877227783,True,42,0.4319007694721222,0.8021113276481628,0.12406911700963974,33.65518569946289,0.454312264919281,-1.5619052648544312,2843,1253
2011_09_26_drive_0015_sync,0000000245,0,0.7141473889350891,33.649017333984375,0.3157026469707489,-1.5613291263580322,True,62,0.5568808317184448,0.9044950604438782,0.1035567969083786,33.547847747802734,0.29556047916412354,-1.5704405307769775,2800,1296
2011_09_26_drive_0015_sync,0000000245,1,0.752037763595581,27.76572608947754,20.690078735351562,-1.5685712099075317,True,51,0.7661713361740112,0.8045129776000977,0.11782986670732498,27.880477905273438,20.715011596679688,-1.5782794952392578,2800,1296
2011_09_26_drive_0015_sync,0000000245,2,0.6964905261993408,-0.03453028202056885,3.5317742824554443,-1.6127796173095703,True,21,0.6851828694343567,0.7887609601020813,0.1524209976196289,0.06316244602203369,3.4624907970428467,-1.7070562839508057,2800,1296
2011_09_26_drive_0015_sync,0000000246,0,0.76156085729599,26.500350952148438,20.750595092773438,-1.4571888446807861,True,80,0.722989559173584,0.8730441927909851,0.0681437999010086,26.47671890258789,20.691635131835938,-1.481863260269165,2976,1120
2011_09_26_drive_0015_sync,0000000246,1,0.7684988975524902,33.75452423095703,0.5264337658882141,-1.4941461086273193,True,91,0.7250116467475891,0.8194749355316162,0.12309245765209198,33.80755615234375,0.48283159732818604,-1.596313714981079,2976,1120
2011_09_26_drive_0015_sync,0000000247,0,0.8542011380195618,24.964677810668945,20.760866165161133,-1.5625205039978027,True,26,0.7539853453636169,0.9479268193244934,0.02137618325650692,24.94610595703125,20.75221061706543,-1.5686122179031372,2963,1133
2011_09_26_drive_0015_sync,0000000247,1,0.7657128572463989,33.961830139160156,0.453981876373291,-1.645061731338501,True,69,0.8026801347732544,0.8241179585456848,0.14958976209163666,34.110923767089844,0.45637646317481995,-1.6331263780593872,2963,1133
2011_09_26_drive_0015_sync,0000000248,0,0.6012920141220093,34.09751892089844,0.4465714693069458,-1.6818795204162598,True,85,0.3878554105758667,0.8172457218170166,0.13342545926570892,34.12339782714844,0.5755537748336792,-1.6596039533615112,2975,1121
2011_09_26_drive_0015_sync,0000000248,1,0.8368462324142456,23.400135040283203,20.762903213500977,-1.5784151554107666,True,92,0.8027626276016235,0.923740029335022,0.08075953274965286,23.424152374267578,20.772001266479492,-1.654982089996338,2975,1121
2011_09_26_drive_0015_sync,0000000249,0,0.8670448660850525,21.888782501220703,20.702125549316406,-1.7444231510162354,True,77,0.788627564907074,0.8907480239868164,0.14856687188148499,21.881546020507812,20.716514587402344,-1.5967319011688232,2988,1108
2011_09_26_drive_0015_sync,0000000249,1,0.6054791808128357,34.061885833740234,0.5191285610198975,-1.7044672966003418,True,42,0.5578393936157227,0.8767889142036438,0.04915191978216171,34.026695251464844,0.490222305059433,-1.7229595184326172,2988,1108
2011_09_26_drive_0015_sync,0000000250,0,0.8640558123588562,20.324438095092773,20.69327163696289,-1.7252700328826904,True,52,0.8235040903091431,0.8543052077293396,0.020366055890917778,20.3431453704834,20.694442749023438,-1.7332351207733154,3059,1037
2011_09_26_drive_0015_sync,0000000250,1,0.7171667814254761,34.103118896484375,0.2853319048881531,-1.7387957572937012,True,86,0.7312041521072388,0.8373743295669556,0.08774343878030777,34.145023345947266,0.3305932581424713,-1.6763911247253418,3059,1037
2011_09_26_drive_0015_sync,0000000251,0,0.8006850481033325,18.777090072631836,20.697288513183594,-1.6376512050628662,True,96,0.7820770144462585,0.8036927580833435,0.12024325132369995,18.68115997314453,20.66380500793457,-1.7019529342651367,3008,1088
2011_09_26_drive_0015_sync,0000000251,1,0.8578655123710632,34.27446746826172,0.5923742651939392,-1.6954904794692993,True,41,0.8558998703956604,0.7688143849372864,0.15820182859897614,34.26918411254883,0.43457162380218506,-1.7054016590118408,3008,1088
2011_09_26_drive_0015_sync,0000000252,0,0.779220700263977,34.24177169799805,0.3727337121963501,-1.6323081254959106,True,72,0.8080496191978455,0.9048331379890442,0.10286705940961838,34.344268798828125,0.3801155090332031,-1.6276729106903076,2984,1112
2011_09_26_drive_0015_sync,0000000252,1,0.8453402519226074,17.228517532348633,20.703805923461914,-1.679626703262329,True,99,0.8053770661354065,0.819547176361084,0.16733957827091217,17.134490966796875,20.63022804260254,-1.7968778610229492,2984,1112
2011_09_26_drive_0015_sync,0000000252,2,0.3902771770954132,13.395991325378418,4.6192946434021,-1.2604749202728271,True,29,0.6062278151512146,0.5452219247817993,1.0859941244125366,13.393157005310059,3.53594970703125,-1.336230754852295,2984,1112
2011_09_26_drive_0015_sync,0000000252,3,0.6161997318267822,49.797340393066406,4.034035682678223,-1.6679039001464844,True,84,0.4007006883621216,0.7817347049713135,0.16356444358825684,49.783199310302734,3.8819265365600586,-1.7263518571853638,2984,1112
2011_09_26_drive_0015_sync,0000000253,0,0.8499367237091064,15.69293212890625,20.638540267944336,-1.7986712455749512,True,80,0.8420295119285583,0.8239364624023438,0.11751526594161987,15.619433403015137,20.72534942626953,-1.769142508506775,2886,1210
2011_09_26_drive_0015_sync,0000000253,1,0.5946705937385559,46.70779800415039,4.471096992492676,-1.5558652877807617,True,74,0.45311295986175537,0.6164472103118896,0.3413969576358795,46.99765396118164,4.29511022567749,-1.5954135656356812,2886,1210
2011_09_26_drive_0015_sync,0000000253,2,0.7517125606536865,34.4748420715332,0.28554567694664,-1.5893090963363647,True,8,0.730320394039154,0.8329982757568359,0.09867988526821136,34.44748306274414,0.36885562539100647,-1.5440469980239868,2886,1210
2011_09_26_drive_0015_sync,0000000254,0,0.5533945560455322,43.84589385986328,4.048856258392334,-1.5777297019958496,True,76,0.5325387716293335,0.8283298015594482,0.0830923467874527,43.811058044433594,4.104706764221191,-1.6284399032592773,2807,1289
2011_09_26_drive_0015_sync,0000000254,1,0.7738402485847473,34.513389587402344,0.3885413408279419,-1.629493236541748,True,72,0.8154340386390686,0.8502817749977112,0.16525886952877045,34.349029541015625,0.3921997845172882,-1.6463123559951782,2807,1289
2011_09_26_drive_0015_sync,0000000254,2,0.8814728856086731,14.152125358581543,20.664762496948242,-1.7698203325271606,True,62,0.8762298226356506,0.9299343824386597,0.030560020357370377,14.167380332946777,20.68510627746582,-1.7528694868087769,2807,1289
2011_09_26_drive_0015_sync,0000000255,0,0.7888534665107727,34.597713470458984,0.622314453125,-1.644266963005066,True,98,0.7570565342903137,0.7438950538635254,0.1842930167913437,34.566837310791016,0.4572368264198303,-1.5683726072311401,2609,1487
2011_09_26_drive_0015_sync,0000000255,1,0.8855459690093994,12.565731048583984,20.7449951171875,-1.8567731380462646,True,59,0.8978263735771179,0.9090890288352966,0.06075221672654152,12.602749824523926,20.696918487548828,-1.8537598848342896,2609,1487
2011_09_26_drive_0015_sync,0000000255,2,0.690881073474884,41.26152801513672,3.9141833782196045,-1.6364305019378662,True,83,0.7073657512664795,0.8960247039794922,0.07764215022325516,41.29136276245117,3.8425393104553223,-1.6341242790222168,2609,1487
2011_09_26_drive_0015_sync,0000000256,0,0.744663417339325,38.51122283935547,4.007301330566406,-1.6983345746994019,True,93,0.7449116706848145,0.9329456686973572,0.06207450479269028,38.56911087036133,4.02482271194458,-1.6843624114990234,2443,1653
2011_09_26_drive_0015_sync,0000000256,1,0.8816246390342712,34.54686737060547,0.2577720284461975,-1.7074265480041504,True,50,0.882158637046814,0.9213011860847473,0.07004256546497345,34.606266021728516,0.2512568533420563,-1.7439684867858887,2443,1653
2011_09_26_drive_0015_sync,0000000257,0,0.8075639605522156,34.43712615966797,0.4430708885192871,-1.6228718757629395,True,58,0.814940333366394,0.8577084541320801,0.07587968558073044,34.44843673706055,0.3826970160007477,-1.578320860862732,2145,1951
2011_09_26_drive_0015_sync,0000000257,1,0.7917611002922058,35.943328857421875,3.953038454055786,-1.772960901260376,True,95,0.7947903871536255,0.90852290391922,0.06622912734746933,35.95317840576172,3.903376340866089,-1.7302647829055786,2145,1951
2011_09_26_drive_0015_sync,0000000258,0,0.8096829056739807,33.5627555847168,4.037175178527832,-1.4571954011917114,True,67,0.803966224193573,0.7464628219604492,0.21454614400863647,33.477054595947266,3.840505599975586,-1.4597382545471191,2485,1611
2011_09_26_drive_0015_sync,0000000258,1,0.614812433719635,48.85902404785156,20.420446395874023,-1.4109413623809814,True,32,0.5972558856010437,0.7653003931045532,0.13529691100120544,48.812007904052734,20.319793701171875,-1.4881668090820312,2485,1611
2011_09_26_drive_0015_sync,0000000258,2,0.8254593014717102,34.46100997924805,0.0862770602107048,-1.5653825998306274,True,56,0.8112581968307495,0.7563799619674683,0.18454471230506897,34.423866271972656,0.24253813922405243,-1.4745004177093506,2485,1611
2011_09_26_drive_0015_sync,0000000259,0,0.7914949655532837,34.44758605957031,0.14157073199748993,-1.3592240810394287,True,46,0.8352845907211304,0.8951187133789062,0.07330894470214844,34.51411819458008,0.1518903225660324,-1.3302209377288818,2623,1473
2011_09_26_drive_0015_sync,0000000259,1,0.8109931349754333,30.453031539916992,3.781846284866333,-1.5052732229232788,True,99,0.7824105024337769,0.809136152267456,0.07440030574798584,30.4240665435791,3.8468215465545654,-1.5270596742630005,2623,1473
2011_09_26_drive_0015_sync,0000000259,2,0.5948613286018372,47.4200553894043,20.289859771728516,-1.4486747980117798,True,32,0.5622389316558838,0.7856685519218445,0.14840485155582428,47.49991989135742,20.35000991821289,-1.3390042781829834,2623,1473
2011_09_26_drive_0015_sync,0000000260,0,0.7717161178588867,34.318321228027344,0.35348761081695557,-1.521509051322937,True,78,0.8012921214103699,0.9081498980522156,0.051184430718421936,34.33607864379883,0.3076659142971039,-1.507194995880127,2899,1197
2011_09_26_drive_0015_sync,0000000260,1,0.3677351474761963,47.79838943481445,4.252995491027832,-1.415502905845642,True,40,0.37108948826789856,0.8373557329177856,0.11234430968761444,47.7057991027832,4.195245742797852,-1.4422094821929932,2899,1197
2011_09_26_drive_0015_sync,0000000260,2,0.7448746562004089,27.561382293701172,3.829916477203369,-1.5642142295837402,True,89,0.6711309552192688,0.8487629294395447,0.10871416330337524,27.50400161743164,3.922231912612915,-1.566235899925232,2899,1197
2011_09_26_drive_0015_sync,0000000260,3,0.7870680689811707,5.025549411773682,20.580698013305664,-1.882676362991333,True,61,0.7171322107315063,0.8492726683616638,0.08298167586326599,5.077648639678955,20.642385482788086,-1.8635377883911133,2899,1197
2011_09_26_drive_0015_sync,0000000260,4,0.5409122705459595,45.86585998535156,20.350595474243164,-1.3509981632232666,True,23,0.5348403453826904,0.8356462121009827,0.12023475021123886,45.75934982299805,20.373384475708008,-1.3000801801681519,2899,1197
2011_09_26_drive_0015_sync,0000000261,0,0.4121122658252716,34.35856628417969,0.40165215730667114,-1.5139455795288086,True,57,0.6080788373947144,0.7796892523765564,0.09156854450702667,34.322784423828125,0.32695791125297546,-1.4748914241790771,2997,1099
2011_09_26_drive_0015_sync,0000000261,1,0.35316744446754456,43.97282791137695,20.158615112304688,-1.5942606925964355,True,48,0.38679489493370056,0.7798356413841248,0.2047201544046402,44.15507888793945,20.072172164916992,-1.629225492477417,2997,1099
2011_09_26_drive_0015_sync,0000000261,2,0.5907875299453735,45.09124755859375,4.315052032470703,-1.5946108102798462,True,59,0.5600503087043762,0.8290554881095886,0.11733108013868332,45.09059143066406,4.199415683746338,-1.6144700050354004,2997,1099
2011_09_26_drive_0015_sync,0000000261,3,0.8359127640724182,3.4381182193756104,20.636978149414062,-1.7884509563446045,True,88,0.8103299736976624,0.9160732626914978,0.06970895081758499,3.39550518989563,20.603668212890625,-1.8324272632598877,2997,1099
2011_09_26_drive_0015_sync,0000000261,4,0.8693575859069824,25.030874252319336,3.813339948654175,-1.6572186946868896,True,69,0.8696895837783813,0.8755982518196106,0.06668533384799957,24.968793869018555,3.834975004196167,-1.6460435390472412,2997,1099
2011_09_26_drive_0015_sync,0000000262,0,0.5274296402931213,42.328025817871094,4.480721950531006,-1.5283268690109253,True,11,0.6003810167312622,0.6459814310073853,0.10605219006538391,42.25827407836914,4.550514221191406,-1.5671958923339844,2948,1148
2011_09_26_drive_0015_sync,0000000262,1,0.8678498268127441,22.251850128173828,3.8231616020202637,-1.5673171281814575,True,73,0.8846964836120605,0.8680065274238586,0.18759170174598694,22.06889533996582,3.861337423324585,-1.5834662914276123,2948,1148
2011_09_26_drive_0015_sync,0000000262,2,0.3786683976650238,42.6105842590332,20.087772369384766,-1.5267765522003174,False,,,0.0,,,,,2948,1148
2011_09_26_drive_0015_sync,0000000262,3,0.7455088496208191,1.979738473892212,20.55251121520996,-1.609174132347107,True,85,0.7709082961082458,0.788686990737915,0.20182494819164276,1.8402453660964966,20.63214874267578,-1.7313741445541382,2948,1148
2011_09_26_drive_0015_sync,0000000262,4,0.6255986094474792,34.2363395690918,0.3837200105190277,-1.6456475257873535,True,15,0.7128199934959412,0.6190400719642639,0.2830691635608673,34.10582733154297,0.22785690426826477,-1.4486668109893799,2948,1148
2011_09_26_drive_0015_sync,0000000263,0,0.784098744392395,34.35231018066406,0.46203285455703735,-1.4382097721099854,True,46,0.7609527707099915,0.8077028393745422,0.13375066220760345,34.443397521972656,0.36795252561569214,-1.4109842777252197,3001,1095
2011_09_26_drive_0015_sync,0000000263,1,0.6804338693618774,40.925498962402344,20.113706588745117,-1.2254137992858887,True,52,0.4924580454826355,0.5789849758148193,0.35374191403388977,41.13114929199219,19.875282287597656,-1.386643886566162,3001,1095
2011_09_26_drive_0015_sync,0000000263,2,0.870381236076355,19.536367416381836,3.8004825115203857,-1.5923590660095215,True,77,0.8473010063171387,0.8724629282951355,0.026244433596730232,19.550630569458008,3.82224440574646,-1.5889308452606201,3001,1095
2011_09_26_drive_0015_sync,0000000263,3,0.627863347530365,0.29955950379371643,20.568357467651367,-1.5123469829559326,True,97,0.27887484431266785,0.7310579419136047,0.21183578670024872,0.36273282766342163,20.689809799194336,-1.6740036010742188,3001,1095
2011_09_26_drive_0015_sync,0000000264,0,0.5758810639381409,36.72454833984375,4.372376441955566,-1.5062227249145508,True,61,0.5230076313018799,0.7640372514724731,0.1607380211353302,36.824317932128906,4.294703960418701,-1.4069769382476807,3062,1034
2011_09_26_drive_0015_sync,0000000264,1,0.7939141392707825,39.453163146972656,20.22678565979004,-1.2983835935592651,True,94,0.8053390979766846,0.927911102771759,0.045402463525533676,39.49540328979492,20.22665786743164,-1.281736135482788,3062,1034
2011_09_26_drive_0015_sync,0000000264,2,0.8032236099243164,34.54023742675781,0.27632036805152893,-1.399880290031433,True,89,0.8374926447868347,0.7569060325622559,0.18614032864570618,34.52342224121094,0.4483753740787506,-1.4688915014266968,3062,1034
2011_09_26_drive_0015_sync,0000000264,3,0.8864713907241821,16.7222900390625,3.7215871810913086,-1.5730822086334229,True,95,0.8606073260307312,0.887694776058197,0.06778685748577118,16.663402557373047,3.749321222305298,-1.5920069217681885,3062,1034
2011_09_26_drive_0015_sync,0000000265,0,0.9079769849777222,13.911844253540039,3.7738211154937744,-1.5621145963668823,True,79,0.8796284794807434,0.8975656628608704,0.06987080723047256,13.973158836364746,3.7642972469329834,-1.5299937725067139,2902,1194
2011_09_26_drive_0015_sync,0000000265,1,0.688223659992218,34.17741012573242,4.381943225860596,-1.4995408058166504,True,91,0.5933966040611267,0.8359196186065674,0.16233386099338531,34.02571487426758,4.410255432128906,-1.4491498470306396,2902,1194
2011_09_26_drive_0015_sync,0000000265,2,0.334661066532135,33.8448600769043,-0.3905348479747772,-1.3271430730819702,False,,,0.0,,,,,2902,1194
2011_09_26_drive_0015_sync,0000000266,0,0.6214560270309448,34.40350341796875,0.5163076519966125,-1.305130124092102,True,46,0.5130084156990051,0.8495326042175293,0.11020027846097946,34.3420524597168,0.4619448184967041,-1.3787002563476562,2836,1260
2011_09_26_drive_0015_sync,0000000266,1,0.6834732294082642,31.2474422454834,4.275044918060303,-1.3582918643951416,True,68,0.6442304253578186,0.8141080141067505,0.2370074838399887,31.473773956298828,4.306079387664795,-1.4214057922363281,2836,1260
2011_09_26_drive_0015_sync,0000000266,2,0.5086225271224976,36.310508728027344,20.15956687927246,-1.2603434324264526,True,60,0.7001960873603821,0.8204084634780884,0.11159545183181763,36.295711517333984,20.269790649414062,-1.2511072158813477,2836,1260
2011_09_26_drive_0015_sync,0000000266,3,0.8896669149398804,11.303672790527344,3.7776665687561035,-1.5222249031066895,True,65,0.8836002349853516,0.9560555815696716,0.031668875366449356,11.334766387939453,3.776336908340454,-1.5163650512695312,2836,1260
2011_09_26_drive_0015_sync,0000000267,0,0.8835820555686951,8.668356895446777,3.772862434387207,-1.5533533096313477,True,77,0.8843405842781067,0.9234554767608643,0.04541433975100517,8.653448104858398,3.736630439758301,-1.5303874015808105,2884,1212
2011_09_26_drive_0015_sync,0000000267,1,0.7504772543907166,34.331180572509766,0.32290104031562805,-1.4645874500274658,True,36,0.748430073261261,0.8425040245056152,0.10054471343755722,34.34176254272461,0.2231232225894928,-1.4581339359283447,2884,1212
2011_09_26_drive_0015_sync,0000000267,2,0.8231633305549622,28.7052059173584,4.249044418334961,-1.5209343433380127,True,84,0.8236909508705139,0.8538765907287598,0.1340831071138382,28.830671310424805,4.278712749481201,-1.4841035604476929,2884,1212
2011_09_26_drive_0015_sync,0000000267,3,0.3185538649559021,34.822547912597656,20.198169708251953,-1.3165748119354248,True,65,0.6496289968490601,0.9337779879570007,0.027589375153183937,34.82978820800781,20.224552154541016,-1.320141077041626,2884,1212
2011_09_26_drive_0015_sync,0000000268,0,0.8544890880584717,34.26082229614258,0.19611620903015137,-1.5016868114471436,True,61,0.8557276129722595,0.8135407567024231,0.10583342611789703,34.34172439575195,0.149259552359581,-1.5512853860855103,2889,1207
2011_09_26_drive_0015_sync,0000000268,1,0.8669123649597168,25.900632858276367,4.2406005859375,-1.510575771331787,True,86,0.8675585985183716,0.9550434350967407,0.03429034352302551,25.923418045043945,4.22838020324707,-1.53309965133667,2889,1207
2011_09_26_drive_0015_sync,0000000268,2,0.823874294757843,5.979578018188477,3.683177947998047,-1.6690901517868042,True,60,0.8464120030403137,0.8680089116096497,0.065099336206913,6.011325359344482,3.7176144123077393,-1.623877763748169,2889,1207
2011_09_26_drive_0015_sync,0000000269,0,0.803073525428772,3.3893816471099854,3.659747362136841,-1.6617869138717651,True,63,0.879325807094574,0.8292410373687744,0.11827962845563889,3.2826428413391113,3.6323397159576416,-1.618825078010559,2853,1243
2011_09_26_drive_0015_sync,0000000269,1,0.9038867950439453,23.16678810119629,4.225757598876953,-1.596854329109192,True,74,0.8904767632484436,0.909001350402832,0.05240248888731003,23.143798828125,4.209339141845703,-1.5527187585830688,2853,1243
2011_09_26_drive_0015_sync,0000000269,2,0.8367596864700317,34.285484313964844,0.2731025218963623,-1.4321976900100708,True,67,0.8264039158821106,0.8820508718490601,0.08762647956609726,34.25144958496094,0.35067111253738403,-1.4546287059783936,2853,1243
2011_09_26_drive_0015_sync,0000000269,3,0.7241947054862976,31.528125762939453,20.11473274230957,-1.4434560537338257,True,81,0.8215932250022888,0.767992377281189,0.18443618714809418,31.68694496154785,20.15814781188965,-1.5265722274780273,2853,1243
2011_09_26_drive_0015_sync,0000000269,4,0.6753170490264893,49.871463775634766,20.621015548706055,-1.4165551662445068,True,51,0.6659435033798218,0.8938764929771423,0.07990144193172455,49.84187698364258,20.547245025634766,-1.4083837270736694,2853,1243
2011_09_26_drive_0015_sync,0000000269,5,0.31747397780418396,41.72107696533203,4.970898151397705,-1.4078991413116455,True,68,0.30641359090805054,0.8463366031646729,0.10572159290313721,41.75237274169922,4.876997947692871,-1.4450526237487793,2853,1243
2011_09_26_drive_0015_sync,0000000270,0,0.787298858165741,30.087787628173828,20.168760299682617,-1.4265671968460083,True,61,0.7636982202529907,0.7641326189041138,0.14595262706279755,29.967050552368164,20.10677146911621,-1.4802525043487549,2793,1303
2011_09_26_drive_0015_sync,0000000270,1,0.5308384895324707,39.066158294677734,4.480672359466553,-1.4313212633132935,True,83,0.521651029586792,0.5658767223358154,0.18479053676128387,39.144020080566406,4.616070747375488,-1.3325672149658203,2793,1303
2011_09_26_drive_0015_sync,0000000270,2,0.6990370750427246,0.7618684768676758,3.7205467224121094,-1.698422908782959,True,66,0.7203197479248047,0.8771876692771912,0.072494275867939,0.8191058039665222,3.676624298095703,-1.6913427114486694,2793,1303
2011_09_26_drive_0015_sync,0000000270,3,0.8966228365898132,20.37440299987793,4.107526779174805,-1.5527293682098389,True,97,0.8846579790115356,0.9170464873313904,0.06534575670957565,20.421737670898438,4.114096641540527,-1.5972976684570312,2793,1303
2011_09_26_drive_0015_sync,0000000270,4,0.7980222702026367,34.16472625732422,0.6087154746055603,-1.36936354637146,True,57,0.7784820199012756,0.8176901340484619,0.13628186285495758,34.1497688293457,0.7093514800071716,-1.2786915302276611,2793,1303
2011_09_26_drive_0015_sync,0000000271,0,0.3442303538322449,46.775569915771484,20.42603302001953,-1.1714608669281006,True,54,0.04158596321940422,0.5774502754211426,0.30315542221069336,46.74843215942383,20.145423889160156,-1.0599921941757202,2877,1219
2011_09_26_drive_0015_sync,0000000271,1,0.9072719216346741,17.69753646850586,4.087986946105957,-1.5518310070037842,True,61,0.8996412754058838,0.8742532730102539,0.10008826106786728,17.6339054107666,4.105833530426025,-1.6269991397857666,2877,1219
2011_09_26_drive_0015_sync,0000000271,2,0.7230658531188965,-0.5621495246887207,4.570599555969238,-1.6642640829086304,True,10,0.6138870716094971,0.8895841836929321,0.0757373720407486,-0.5942018628120422,4.5053629875183105,-1.6429805755615234,2877,1219
2011_09_26_drive_0015_sync,0000000271,3,0.8117707371711731,28.64361572265625,20.115089416503906,-1.445627212524414,True,98,0.8038021922111511,0.9335290789604187,0.012957788072526455,28.651050567626953,20.10910415649414,-1.4543910026550293,2877,1219
2011_09_26_drive_0015_sync,0000000271,4,0.8223295211791992,34.328697204589844,0.5342892408370972,-1.3671143054962158,True,37,0.8233562707901001,0.8716637492179871,0.08366337418556213,34.27191162109375,0.5765953063964844,-1.411669373512268,2877,1219
2011_09_26_drive_0015_sync,0000000271,5,0.5285348296165466,36.10236358642578,4.979853630065918,-1.391278862953186,True,28,0.12882189452648163,0.7712862491607666,0.20335862040519714,36.30010223388672,4.936172008514404,-1.409881830215454,2877,1219
2011_09_26_drive_0015_sync,0000000272,0,0.8464013338088989,27.001068115234375,20.03927230834961,-1.4525747299194336,True,78,0.8569045662879944,0.880511999130249,0.041401371359825134,27.038524627685547,20.054763793945312,-1.4610066413879395,2958,1138
2011_09_26_drive_0015_sync,0000000272,1,0.8862400650978088,14.989581108093262,4.051729679107666,-1.59112548828125,True,71,0.8885172605514526,0.9177134037017822,0.042350903153419495,14.995635986328125,4.092659950256348,-1.5820894241333008,2958,1138
2011_09_26_drive_0015_sync,0000000272,2,0.8203496336936951,33.76877212524414,4.173496723175049,-1.4812707901000977,True,79,0.8651331663131714,0.8708422183990479,0.09278087317943573,33.83576583862305,4.109310150146484,-1.4808058738708496,2958,1138
2011_09_26_drive_0015_sync,0000000272,3,0.7726238369941711,34.053749084472656,0.49303629994392395,-1.378824234008789,True,72,0.6422247886657715,0.8558276891708374,0.10429583489894867,34.008052825927734,0.5859563946723938,-1.3912873268127441,2958,1138
2011_09_26_drive_0015_sync,0000000273,0,0.7311912178993225,31.129863739013672,4.056438446044922,-1.3841956853866577,True,85,0.7856367230415344,0.8453416228294373,0.11163913458585739,31.156007766723633,4.112740993499756,-1.4769847393035889,2925,1171
2011_09_26_drive_0015_sync,0000000273,1,0.9053668975830078,12.132586479187012,4.009605884552002,-1.626773476600647,True,73,0.9028726816177368,0.9065144658088684,0.08183754235506058,12.051716804504395,4.021498680114746,-1.6227684020996094,2925,1171
2011_09_26_drive_0015_sync,0000000273,2,0.7863143086433411,25.461793899536133,20.090709686279297,-1.5333601236343384,True,46,0.7945873737335205,0.8418413400650024,0.09699702262878418,25.460132598876953,19.995546340942383,-1.514662504196167,2925,1171
2011_09_26_drive_0015_sync,0000000273,3,0.7872904539108276,33.97957992553711,0.33894431591033936,-1.3097591400146484,True,9,0.7745094895362854,0.8467676639556885,0.09898640215396881,34.00206756591797,0.26288241147994995,-1.3689807653427124,2925,1171
2011_09_26_drive_0015_sync,0000000274,0,0.7174474000930786,23.943767547607422,20.024471282958984,-1.5414316654205322,True,63,0.8101721405982971,0.8662880659103394,0.05507742986083031,23.898603439331055,19.99629783630371,-1.5272901058197021,2925,1171
2011_09_26_drive_0015_sync,0000000274,1,0.7998909950256348,28.34517478942871,3.9766621589660645,-1.5398716926574707,True,8,0.7647458910942078,0.7844372987747192,0.2337595522403717,28.12360382080078,3.904212236404419,-1.5572166442871094,2925,1171
2011_09_26_drive_0015_sync,0000000274,2,0.7291491627693176,33.65870666503906,0.3857786953449249,-1.4411218166351318,True,35,0.7751283645629883,0.7621952295303345,0.18635249137878418,33.73390197753906,0.233173668384552,-1.5171785354614258,2925,1171
2011_09_26_drive_0015_sync,0000000274,3,0.9045446515083313,9.405733108520508,4.018124580383301,-1.6089376211166382,True,87,0.9079318046569824,0.9321772456169128,0.019471898674964905,9.422592163085938,4.014509677886963,-1.6179852485656738,2925,1171
2011_09_26_drive_0015_sync,0000000275,0,0.8464381098747253,22.442649841308594,19.95667839050293,-1.5129650831222534,True,10,0.8570082783699036,0.8827905654907227,0.08089339733123779,22.388864517211914,19.95798110961914,-1.4525566101074219,2869,1227
2011_09_26_drive_0015_sync,0000000275,1,0.887138307094574,6.820919990539551,3.9751815795898438,-1.6841683387756348,True,97,0.9067196846008301,0.8740634918212891,0.058590494096279144,6.856368064880371,3.9727368354797363,-1.6375818252563477,2869,1227
2011_09_26_drive_0015_sync,0000000275,2,0.7889673709869385,33.79480743408203,-0.08795257657766342,-1.414954423904419,True,93,0.7529298067092896,0.7211320996284485,0.2355724722146988,33.84950637817383,0.14088304340839386,-1.4266451597213745,2869,1227
2011_09_26_drive_0015_sync,0000000275,3,0.7448591589927673,40.40837478637695,20.014345169067383,-1.3115136623382568,True,56,0.7835504412651062,0.8712736368179321,0.024947136640548706,40.38716506958008,20.02111053466797,-1.322771430015564,2869,1227
2011_09_26_drive_0015_sync,0000000275,4,0.7944628596305847,25.644100189208984,4.002557277679443,-1.516168236732483,True,61,0.7681335806846619,0.8132365345954895,0.15509682893753052,25.56022071838379,3.881608724594116,-1.5650631189346313,2869,1227
2011_09_26_drive_0015_sync,0000000276,0,0.7214180827140808,45.51057052612305,4.385809898376465,-1.320375919342041,True,77,0.6604899764060974,0.8485276103019714,0.0987524464726448,45.522857666015625,4.4468255043029785,-1.3970451354980469,2851,1245
2011_09_26_drive_0015_sync,0000000276,1,0.6468583345413208,38.98979568481445,20.120590209960938,-1.267588496208191,True,59,0.6420133709907532,0.8949439525604248,0.06136432662606239,38.94192886352539,20.13974380493164,-1.3008674383163452,2851,1245
2011_09_26_drive_0015_sync,0000000276,2,0.7622371315956116,33.761871337890625,0.2343716323375702,-1.4444119930267334,True,31,0.8098582625389099,0.7968535423278809,0.13381832838058472,33.78369140625,0.3483542501926422,-1.5110392570495605,2851,1245
2011_09_26_drive_0015_sync,0000000276,3,0.8835996389389038,22.831703186035156,4.01278829574585,-1.6218658685684204,True,57,0.8139074444770813,0.8974080681800842,0.10107658803462982,22.880462646484375,3.9951131343841553,-1.5351099967956543,2851,1245
2011_09_26_drive_0015_sync,0000000276,4,0.7784042358398438,20.81358528137207,19.959091186523438,-1.6212090253829956,True,67,0.8156846761703491,0.8918227553367615,0.0457770973443985,20.815418243408203,20.002622604370117,-1.6071662902832031,2851,1245
2011_09_26_drive_0015_sync,0000000276,5,0.9000409841537476,4.277952671051025,3.959601879119873,-1.643430233001709,True,96,0.8919522166252136,0.9409500360488892,0.033956948667764664,4.263618469238281,3.9742770195007324,-1.6163702011108398,2851,1245
2011_09_26_drive_0015_sync,0000000277,0,0.667357325553894,33.544376373291016,0.20052330195903778,-1.4265106916427612,True,68,0.7214468121528625,0.9127929210662842,0.0497371144592762,33.52927017211914,0.23681992292404175,-1.456976056098938,2796,1300
2011_09_26_drive_0015_sync,0000000277,1,0.5875548124313354,42.814292907714844,4.122823238372803,-1.277127981185913,True,97,0.4808937609195709,0.7859479784965515,0.16642098128795624,42.84148025512695,3.961392641067505,-1.307077169418335,2796,1300
2011_09_26_drive_0015_sync,0000000277,2,0.8078646659851074,19.346220016479492,19.918865203857422,-1.4941885471343994,True,43,0.8692208528518677,0.7842679023742676,0.164247065782547,19.275434494018555,19.934215545654297,-1.6416025161743164,2796,1300
2011_09_26_drive_0015_sync,0000000277,3,0.8529998660087585,20.06409454345703,3.945997953414917,-1.6276369094848633,True,48,0.8610801100730896,0.9164360165596008,0.09554985910654068,20.155406951904297,3.9700961112976074,-1.613107681274414,2796,1300
2011_09_26_drive_0015_sync,0000000277,4,0.8824072480201721,1.7617874145507812,3.886435031890869,-1.6950119733810425,True,98,0.8786296844482422,0.9388378262519836,0.04376428574323654,1.746697187423706,3.9087979793548584,-1.729472041130066,2796,1300
2011_09_26_drive_0015_sync,0000000278,0,0.841008722782135,33.56151580810547,0.42039796710014343,-1.5200014114379883,True,86,0.8292257189750671,0.9495426416397095,0.022093024104833603,33.56427764892578,0.43879175186157227,-1.531923770904541,2868,1228
2011_09_26_drive_0015_sync,0000000278,1,0.6073808670043945,-0.48476913571357727,4.298995494842529,-1.7535970211029053,False,,,0.0,,,,,2868,1228
2011_09_26_drive_0015_sync,0000000278,2,0.7281008958816528,39.99653244018555,3.9274792671203613,-1.412834644317627,True,87,0.6902437806129456,0.8180997967720032,0.10121995955705643,39.92005920410156,3.861295461654663,-1.4087079763412476,2868,1228
2011_09_26_drive_0015_sync,0000000278,3,0.821952760219574,17.641218185424805,19.944299697875977,-1.5684964656829834,True,31,0.8224546909332275,0.8976826667785645,0.1204795092344284,17.75864028930664,19.971229553222656,-1.5699609518051147,2868,1228
2011_09_26_drive_0015_sync,0000000278,4,0.674881637096405,35.686683654785156,19.98564338684082,-1.3967357873916626,True,41,0.6522884964942932,0.8224432468414307,0.10189862549304962,35.779029846191406,20.007078170776367,-1.3593719005584717,2868,1228
2011_09_26_drive_0015_sync,0000000278,5,0.858596682548523,17.279598236083984,3.9238319396972656,-1.5678584575653076,True,64,0.8515737056732178,0.8297195434570312,0.06412479281425476,17.278276443481445,3.9736721515655518,-1.5275323390960693,2868,1228
2011_09_26_drive_0015_sync,0000000279,0,0.9038475155830383,14.446985244750977,3.917229175567627,-1.6125237941741943,True,80,0.897117555141449,0.897700846195221,0.09584381431341171,14.52884292602539,3.895378351211548,-1.6573333740234375,2959,1137
2011_09_26_drive_0015_sync,0000000279,1,0.8377412557601929,33.63728713989258,-0.0931364893913269,-1.4748739004135132,True,39,0.8507360816001892,0.8642513751983643,0.06626788526773453,33.59211349487305,-0.056504473090171814,-1.506636619567871,2959,1137
2011_09_26_drive_0015_sync,0000000279,2,0.3349491357803345,35.278053283691406,-27.029905319213867,-2.993197441101074,True,37,0.295076459646225,0.9816614389419556,0.01405691634863615,35.266639709472656,-27.025096893310547,-2.9998462200164795,2959,1137
2011_09_26_drive_0015_sync,0000000279,3,0.431930810213089,39.37836837768555,19.75129508972168,-1.1866480112075806,True,75,0.559613823890686,0.7823230028152466,0.12723028659820557,39.396915435791016,19.661418914794922,-1.2747719287872314,2959,1137
2011_09_26_drive_0015_sync,0000000279,4,0.7691526412963867,37.26911163330078,3.960875988006592,-1.4052187204360962,True,66,0.793460488319397,0.9459289312362671,0.03950771689414978,37.26237487792969,3.9972143173217773,-1.3912544250488281,2959,1137
2011_09_26_drive_0015_sync,0000000279,5,0.7138785123825073,34.095550537109375,20.003517150878906,-1.2700599431991577,True,94,0.786143958568573,0.8538336157798767,0.1055838093161583,34.155269622802734,20.009605407714844,-1.3569190502166748,2959,1137
2011_09_26_drive_0015_sync,0000000279,6,0.8497017025947571,16.180150985717773,19.93869972229004,-1.5813288688659668,True,49,0.8279725313186646,0.9273577928543091,0.029051698744297028,16.20583152770996,19.941457748413086,-1.5946294069290161,2959,1137
2011_09_26_drive_0015_sync,0000000280,0,0.8344063758850098,33.41555404663086,0.30687791109085083,-1.5339398384094238,True,94,0.8225194215774536,0.761633574962616,0.16669820249080658,33.34443283081055,0.3849949240684509,-1.4049910306930542,3004,1092
2011_09_26_drive_0015_sync,0000000280,1,0.7692614197731018,38.18605041503906,19.83174705505371,-1.3018262386322021,True,52,0.6610943078994751,0.7909340858459473,0.18384911119937897,38.031898498535156,19.921180725097656,-1.2566676139831543,3004,1092
2011_09_26_drive_0015_sync,0000000280,2,0.8000546097755432,14.625312805175781,20.078899383544922,-1.5907986164093018,True,80,0.8162559866905212,0.8373146057128906,0.10662511736154556,14.631536483764648,19.972463607788086,-1.5920665264129639,3004,1092
2011_09_26_drive_0015_sync,0000000280,3,0.8080023527145386,32.60739517211914,19.96483612060547,-1.397852897644043,True,58,0.7446368336677551,0.8787088394165039,0.051133252680301666,32.63349533081055,19.948511123657227,-1.357025384902954,3004,1092
2011_09_26_drive_0015_sync,0000000280,4,0.875061571598053,11.755827903747559,3.8582730293273926,-1.62321937084198,True,28,0.8150128722190857,0.9173873662948608,0.08514399081468582,11.81943130493164,3.8502135276794434,-1.679247498512268,3004,1092
2011_09_26_drive_0015_sync,0000000280,5,0.8178634643554688,34.6084098815918,3.9125852584838867,-1.452345609664917,True,38,0.8317782878875732,0.8663901090621948,0.0995691791176796,34.55538558959961,3.9469058513641357,-1.5293166637420654,3004,1092
2011_09_26_drive_0015_sync,0000000281,0,0.8632996082305908,31.032026290893555,19.963441848754883,-1.3529365062713623,True,31,0.837244987487793,0.9366466999053955,0.019644737243652344,31.027172088623047,19.97414207458496,-1.3686800003051758,2882,1214
2011_09_26_drive_0015_sync,0000000281,1,0.6317422389984131,31.867338180541992,3.987215042114258,-1.7169387340545654,True,95,0.7444993257522583,0.709693431854248,0.22160188853740692,31.993242263793945,4.035249710083008,-1.5410176515579224,2882,1214
2011_09_26_drive_0015_sync,0000000281,2,0.6079406142234802,36.54593276977539,20.043045043945312,-1.3350714445114136,True,64,0.36314886808395386,0.7665536403656006,0.23940598964691162,36.76847457885742,20.011276245117188,-1.4174189567565918,2882,1214
2011_09_26_drive_0015_sync,0000000281,3,0.79576176404953,33.415714263916016,0.30939194560050964,-1.467162013053894,True,59,0.8141597509384155,0.7571777701377869,0.17751489579677582,33.310577392578125,0.17704994976520538,-1.521414875984192,2882,1214
2011_09_26_drive_0015_sync,0000000281,4,0.8640618324279785,13.054398536682129,19.953731536865234,-1.6006190776824951,True,51,0.881120502948761,0.894173264503479,0.0676577165722847,13.017494201660156,19.953357696533203,-1.543913722038269,2882,1214
2011_09_26_drive_0015_sync,0000000281,5,0.8788831233978271,9.017496109008789,3.840101718902588,-1.652966022491455,True,86,0.8620833158493042,0.9037125706672668,0.07672993093729019,9.041875839233398,3.8116490840911865,-1.5860066413879395,2882,1214
2011_09_26_drive_0015_sync,0000000282,0,0.8790708184242249,6.391132354736328,3.7892918586730957,-1.6457231044769287,True,80,0.8897874355316162,0.8563932776451111,0.0905643031001091,6.4213666915893555,3.8508219718933105,-1.7048993110656738,2828,1268
2011_09_26_drive_0015_sync,0000000282,1,0.8464637994766235,11.583272933959961,19.909761428833008,-1.6808382272720337,True,74,0.8222521543502808,0.8324697017669678,0.1071823239326477,11.646207809448242,19.949716567993164,-1.757850170135498,2828,1268
2011_09_26_drive_0015_sync,0000000282,2,0.6052953600883484,33.04501724243164,0.22045139968395233,-1.4827568531036377,True,56,0.33243319392204285,0.8196714520454407,0.12343437969684601,32.9375114440918,0.27785852551460266,-1.502326488494873,2828,1268
2011_09_26_drive_0015_sync,0000000282,3,0.8589484095573425,29.13558006286621,3.94184947013855,-1.5432932376861572,True,59,0.8318098187446594,0.8454515933990479,0.09014350920915604,29.054651260375977,3.9425745010375977,-1.582990288734436,2828,1268
2011_09_26_drive_0015_sync,0000000283,0,0.6056622266769409,32.91947937011719,0.28116512298583984,-1.3974204063415527,True,84,0.6749853491783142,0.7695479393005371,0.1782616525888443,33.04765701293945,0.3954722583293915,-1.4451863765716553,2735,1361
2011_09_26_drive_0015_sync,0000000283,1,0.6933185458183289,3.748319149017334,3.8134336471557617,-1.7179502248764038,True,38,0.34781941771507263,0.7885426878929138,0.16938525438308716,3.8130860328674316,3.9143569469451904,-1.8375792503356934,2735,1361
2011_09_26_drive_0015_sync,0000000283,2,0.8088076114654541,10.021595001220703,19.950227737426758,-1.7783123254776,True,37,0.8302944302558899,0.8330771327018738,0.15078158676624298,9.889437675476074,19.935108184814453,-1.707312822341919,2735,1361
2011_09_26_drive_0015_sync,0000000283,3,0.5423820614814758,33.418758392333984,19.684871673583984,-1.4782534837722778,True,74,0.3192938566207886,0.7137879729270935,0.20889973640441895,33.36497497558594,19.49696922302246,-1.4045031070709229,2735,1361
2011_09_26_drive_0015_sync,0000000283,4,0.857741117477417,26.493207931518555,3.994676113128662,-1.5768637657165527,True,96,0.8630837798118591,0.9221405386924744,0.054514579474925995,26.4860782623291,3.951240301132202,-1.6090248823165894,2735,1361
2011_09_26_drive_0015_sync,0000000284,0,0.7100968956947327,31.57499122619629,19.932373046875,-1.4188683032989502,True,83,0.7669423222541809,0.6020525693893433,0.48288846015930176,32.05052185058594,19.99772834777832,-1.366137146949768,2611,1485
2011_09_26_drive_0015_sync,0000000284,1,0.7974920868873596,32.93296432495117,0.1973881870508194,-1.3248963356018066,True,13,0.845108151435852,0.679045557975769,0.3067797124385834,33.16230773925781,0.00032055750489234924,-1.3766624927520752,2611,1485
2011_09_26_drive_0015_sync,0000000284,2,0.605258584022522,1.0319074392318726,3.746434211730957,-1.7088764905929565,True,26,0.4540432393550873,0.8228370547294617,0.09401413053274155,1.1225498914718628,3.735687255859375,-1.6863574981689453,2611,1485
2011_09_26_drive_0015_sync,0000000284,3,0.8887394070625305,23.743284225463867,3.93776798248291,-1.6196460723876953,True,90,0.855495810508728,0.8547125458717346,0.13037589192390442,23.871353149414062,3.9527461528778076,-1.600361943244934,2611,1485
2011_09_26_drive_0015_sync,0000000284,4,0.8767849206924438,26.30067253112793,19.907018661499023,-1.4923616647720337,True,81,0.8621008992195129,0.9366132020950317,0.03949788212776184,26.339561462402344,19.911455154418945,-1.487065315246582,2611,1485
2011_09_26_drive_0015_sync,0000000285,0,0.8648012280464172,24.702999114990234,19.913835525512695,-1.396048665046692,True,37,0.8754372000694275,0.938581645488739,0.03957151249051094,24.707365036010742,19.95037269592285,-1.3814926147460938,2738,1358
2011_09_26_drive_0015_sync,0000000285,1,0.7750763297080994,33.04616928100586,0.03133422136306763,-1.6270184516906738,True,26,0.781542956829071,0.7911623120307922,0.11913904547691345,33.078365325927734,-0.052252575755119324,-1.5484641790390015,2738,1358
2011_09_26_drive_0015_sync,0000000285,2,0.8657049536705017,20.929962158203125,3.8692469596862793,-1.5552897453308105,True,69,0.8608126640319824,0.8338299989700317,0.11251150071620941,20.84423828125,3.8615894317626953,-1.6277577877044678,2738,1358
2011_09_26_drive_0015_sync,0000000285,3,0.8840785026550293,6.846234321594238,19.827852249145508,-1.6274913549423218,True,61,0.8588477969169617,0.9058457612991333,0.042537324130535126,6.841785430908203,19.861194610595703,-1.6535282135009766,2738,1358
2011_09_26_drive_0015_sync,0000000285,4,0.7813615798950195,30.40327262878418,19.882431030273438,-1.4033015966415405,True,88,0.4623013734817505,0.5953571796417236,0.508736789226532,29.957242965698242,20.1263370513916,-1.4228073358535767,2738,1358
2011_09_26_drive_0015_sync,0000000285,5,0.4315052926540375,-1.3742867708206177,4.04571008682251,-1.5576751232147217,True,63,0.32257217168807983,0.723155677318573,0.13724268972873688,-1.3337525129318237,4.1749267578125,-1.5799367427825928,2738,1358
2011_09_26_drive_0015_sync,0000000286,0,0.8304605484008789,5.2449188232421875,19.881820678710938,-1.6207845211029053,True,39,0.8446934223175049,0.7999959588050842,0.144618958234787,5.254368305206299,19.842832565307617,-1.759727954864502,2939,1157
2011_09_26_drive_0015_sync,0000000286,1,0.5843065977096558,32.74494552612305,0.0017439723014831543,-1.6027041673660278,True,58,0.7719379663467407,0.7756655216217041,0.18062768876552582,32.88359451293945,-0.10988873988389969,-1.5720291137695312,2939,1157
2011_09_26_drive_0015_sync,0000000286,2,0.8020743727684021,28.612632751464844,19.80099868774414,-1.3786176443099976,True,59,0.6787398457527161,0.821426272392273,0.14860107004642487,28.74007225036621,19.8660888671875,-1.4186766147613525,2939,1157
2011_09_26_drive_0015_sync,0000000286,3,0.8995997309684753,18.309553146362305,3.9547338485717773,-1.6811323165893555,True,98,0.8901764750480652,0.906078040599823,0.06476861238479614,18.33336067199707,3.918339729309082,-1.6331360340118408,2939,1157
2011_09_26_drive_0015_sync,0000000286,4,0.8577319383621216,23.230815887451172,19.89786148071289,-1.4878530502319336,True,53,0.8097198605537415,0.8878662586212158,0.05719277262687683,23.234621047973633,19.94742774963379,-1.459573745727539,2939,1157
2011_09_26_drive_0015_sync,0000000287,0,0.7961915135383606,21.657352447509766,19.889080047607422,-1.4942755699157715,True,74,0.8007426261901855,0.8773331046104431,0.08258642256259918,21.697643280029297,19.924386978149414,-1.4314218759536743,2884,1212
2011_09_26_drive_0015_sync,0000000287,1,0.7692121863365173,26.943790435791016,19.736284255981445,-1.4762141704559326,True,88,0.7192823886871338,0.7563130259513855,0.18492849171161652,27.02828598022461,19.779071807861328,-1.3173800706863403,2884,1212
2011_09_26_drive_0015_sync,0000000287,2,0.8933155536651611,15.531883239746094,3.9263854026794434,-1.6519484519958496,True,52,0.8797877430915833,0.8583292961120605,0.15149256587028503,15.681927680969238,3.914384126663208,-1.6348419189453125,2884,1212
2011_09_26_drive_0015_sync,0000000287,3,0.8103102445602417,3.6285557746887207,19.939617156982422,-1.6725091934204102,True,71,0.7905565500259399,0.7525118589401245,0.1738455593585968,3.7508385181427,19.83484649658203,-1.7380249500274658,2884,1212
2011_09_26_drive_0015_sync,0000000287,4,0.8021981120109558,32.799888610839844,0.09194386750459671,-1.4725561141967773,True,63,0.8426930904388428,0.8210327625274658,0.12645067274570465,32.864524841308594,-0.016630452126264572,-1.4677035808563232,2884,1212
2011_09_26_drive_0015_sync,0000000288,0,0.56063312292099,26.03729248046875,19.75766944885254,-1.387892723083496,True,77,0.6881081461906433,0.6178836226463318,0.7521286606788635,25.28621482849121,19.79034423828125,-1.3652582168579102,2959,1137
2011_09_26_drive_0015_sync,0000000288,1,0.8830465078353882,20.016267776489258,19.889366149902344,-1.4640798568725586,True,71,0.8722661733627319,0.9199061393737793,0.022780710831284523,20.02631187438965,19.869396209716797,-1.4596891403198242,2959,1137
2011_09_26_drive_0015_sync,0000000288,2,0.8314787745475769,32.652008056640625,0.1447027325630188,-1.4593422412872314,True,83,0.7911467552185059,0.5854561924934387,0.3150358498096466,32.578304290771484,0.3602268695831299,-1.2417079210281372,2959,1137
2011_09_26_drive_0015_sync,0000000288,3,0.8987706899642944,12.82726001739502,3.919377565383911,-1.6243665218353271,True,70,0.8966664671897888,0.8992657661437988,0.03647607937455177,12.862064361572266,3.9266600608825684,-1.6162346601486206,2959,1137
2011_09_26_drive_0015_sync,0000000288,4,0.7393860220909119,1.7041550874710083,19.804893493652344,-1.6905477046966553,True,59,0.790556013584137,0.817215085029602,0.05189818888902664,1.7304359674453735,19.849567413330078,-1.68790602684021,2959,1137
2011_09_26_drive_0015_sync,0000000289,0,0.8522493839263916,24.268611907958984,19.9042911529541,-1.3013253211975098,True,27,0.7706504464149475,0.906620979309082,0.0627923309803009,24.21337890625,19.88456916809082,-1.3237582445144653,2923,1173
2011_09_26_drive_0015_sync,0000000289,1,0.8976197242736816,18.515132904052734,19.875892639160156,-1.454161524772644,True,75,0.880237340927124,0.9131819605827332,0.019067049026489258,18.506650924682617,19.88681983947754,-1.4410388469696045,2923,1173
2011_09_26_drive_0015_sync,0000000289,2,0.7644039392471313,32.7369270324707,0.35533571243286133,-1.331441879272461,True,39,0.7101940512657166,0.7385525703430176,0.22960595786571503,32.606388092041016,0.1690327227115631,-1.300302267074585,2923,1173
2011_09_26_drive_0015_sync,0000000289,3,0.9116544723510742,10.186616897583008,3.879488706588745,-1.6731442213058472,True,88,0.905728280544281,0.8752344846725464,0.0906049981713295,10.112419128417969,3.8706517219543457,-1.621901035308838,2923,1173
2011_09_26_drive_0015_sync,0000000290,0,0.9064080715179443,7.480952739715576,3.90102481842041,-1.6457550525665283,True,30,0.9012778997421265,0.9256703853607178,0.05059422552585602,7.440153121948242,3.8811357021331787,-1.623403549194336,2814,1282
2011_09_26_drive_0015_sync,0000000290,1,0.8711799383163452,32.75287628173828,-0.1471167951822281,-1.4740607738494873,True,43,0.8660508990287781,0.7847349047660828,0.1389467418193817,32.80989456176758,-0.02391199953854084,-1.503652811050415,2814,1282
2011_09_26_drive_0015_sync,0000000290,2,0.8088849186897278,22.64156150817871,19.823179244995117,-1.3042426109313965,True,39,0.8663373589515686,0.8580331206321716,0.12337017804384232,22.525056838989258,19.82819175720215,-1.3445134162902832,2814,1282
2011_09_26_drive_0015_sync,0000000290,3,0.8467180728912354,16.797216415405273,19.866985321044922,-1.3934426307678223,True,49,0.8657548427581787,0.8417309522628784,0.12998586893081665,16.920129776000977,19.842077255249023,-1.427621841430664,2814,1282
2011_09_26_drive_0015_sync,0000000291,0,0.8441271185874939,21.129066467285156,19.82393455505371,-1.4368014335632324,True,35,0.8461998105049133,0.8735275268554688,0.12786981463432312,21.01360321044922,19.80237579345703,-1.3862628936767578,2801,1295
2011_09_26_drive_0015_sync,0000000291,1,0.8312307000160217,32.539093017578125,0.0792011171579361,-1.318804383277893,True,76,0.8142502307891846,0.8461851477622986,0.10966736078262329,32.581260681152344,0.17919576168060303,-1.334612250328064,2801,1295
2011_09_26_drive_0015_sync,0000000291,2,0.8653639554977417,15.337071418762207,19.841148376464844,-1.4348258972167969,True,44,0.853702962398529,0.878878116607666,0.09975975006818771,15.432371139526367,19.86606788635254,-1.4506052732467651,2801,1295
2011_09_26_drive_0015_sync,0000000291,3,0.8985979557037354,4.83083963394165,3.88203501701355,-1.6973552703857422,True,78,0.9038471579551697,0.9559878706932068,0.036920879036188126,4.852181911468506,3.8902676105499268,-1.6683745384216309,2801,1295
2011_09_26_drive_0015_sync,0000000292,0,0.8901985287666321,13.809240341186523,19.81875991821289,-1.3818111419677734,True,76,0.886685311794281,0.9053376913070679,0.04489276558160782,13.807159423828125,19.859872817993164,-1.3997209072113037,2753,1343
2011_09_26_drive_0015_sync,0000000292,1,0.6212954521179199,19.94980812072754,19.758644104003906,-1.3109873533248901,True,25,0.6048781275749207,0.8096227049827576,0.2148149013519287,19.73936653137207,19.801767349243164,-1.3105828762054443,2753,1343
2011_09_26_drive_0015_sync,0000000292,2,0.899028480052948,2.298029899597168,3.8331520557403564,-1.738710641860962,True,69,0.8941740393638611,0.9105624556541443,0.03674204647541046,2.32279896736145,3.854003429412842,-1.756079912185669,2753,1343
2011_09_26_drive_0015_sync,0000000292,3,0.8518104553222656,32.520301818847656,0.030019622296094894,-1.4218788146972656,True,83,0.8594008088111877,0.8948162198066711,0.07774321734905243,32.58213424682617,-0.0101347416639328,-1.4465442895889282,2753,1343
2011_09_26_drive_0015_sync,0000000293,0,0.8332447409629822,32.26715087890625,0.11081622540950775,-1.2136762142181396,True,69,0.8261874914169312,0.826528787612915,0.08287747949361801,32.22935485839844,0.18243473768234253,-1.2313092947006226,2766,1330
2011_09_26_drive_0015_sync,0000000293,1,0.8787636160850525,18.13628578186035,19.802902221679688,-1.3860340118408203,True,47,0.8491812348365784,0.8158285617828369,0.23956383764743805,17.905601501464844,19.744949340820312,-1.3574497699737549,2766,1330
2011_09_26_drive_0015_sync,0000000293,2,0.8297870755195618,12.301400184631348,19.862136840820312,-1.4953372478485107,True,96,0.868675947189331,0.8837170600891113,0.08720158785581589,12.238036155700684,19.802305221557617,-1.492288589477539,2766,1330
2011_09_26_drive_0015_sync,0000000293,3,0.7329930663108826,0.010600373148918152,3.8126771450042725,-1.723908543586731,True,3,0.768392026424408,0.8927281498908997,0.046133242547512054,0.01569235324859619,3.8236517906188965,-1.6793899536132812,2766,1330
2011_09_26_drive_0015_sync,0000000294,0,0.8311004638671875,32.247684478759766,0.06792879849672318,-1.5254789590835571,True,11,0.837778627872467,0.88371741771698,0.08203773200511932,32.296470642089844,0.13249853253364563,-1.5389269590377808,2851,1245
2011_09_26_drive_0015_sync,0000000294,1,0.8953582644462585,10.77753734588623,19.77849578857422,-1.476284384727478,True,89,0.9072211980819702,0.8754500150680542,0.07472299039363861,10.728540420532227,19.82963752746582,-1.50010347366333,2851,1245
2011_09_26_drive_0015_sync,0000000294,2,0.8361186385154724,16.360971450805664,19.746051788330078,-1.3333417177200317,True,77,0.8380221128463745,0.9288322925567627,0.07012076675891876,16.339921951293945,19.76042938232422,-1.398664951324463,2851,1245
2011_09_26_drive_0015_sync,0000000295,0,0.8439571857452393,9.163053512573242,19.895374298095703,-1.527971863746643,True,83,0.8573178052902222,0.8794276714324951,0.07031841576099396,9.193203926086426,19.831951141357422,-1.5243475437164307,2860,1236
2011_09_26_drive_0015_sync,0000000295,1,0.8584861159324646,14.848556518554688,19.74538803100586,-1.48850417137146,True,87,0.8802186846733093,0.8677602410316467,0.08086895942687988,14.804675102233887,19.81315040588379,-1.4837638139724731,2860,1236
2011_09_26_drive_0015_sync,0000000295,2,0.4619334638118744,31.581039428710938,-1.331892728805542,-1.4744853973388672,False,,,0.0,,,,,2860,1236
2011_09_26_drive_0015_sync,0000000296,0,0.882347583770752,7.6225996017456055,19.808063507080078,-1.484006643295288,True,29,0.8906913995742798,0.8795869946479797,0.10018590092658997,7.722153663635254,19.805932998657227,-1.4950368404388428,2441,1655
2011_09_26_drive_0015_sync,0000000296,1,0.8443834781646729,32.15546798706055,0.16145816445350647,-1.4558337926864624,True,27,0.8632235527038574,0.8434234857559204,0.0915173813700676,32.11825180053711,0.2424253225326538,-1.4349842071533203,2441,1655
2011_09_26_drive_0015_sync,0000000296,2,0.8387380242347717,13.32426929473877,19.819740295410156,-1.443995475769043,True,85,0.8929977416992188,0.8869344592094421,0.07066459208726883,13.344423294067383,19.779245376586914,-1.389704942703247,2441,1655
2011_09_26_drive_0017_sync,0000000000,0,0.5078545212745667,-1.2293789386749268,-8.387161254882812,-1.7465722560882568,True,16,0.5078545212745667,1.0,0.0,-1.2293789386749268,-8.387161254882812,-1.7465722560882568,0,0
2011_09_26_drive_0017_sync,0000000000,1,0.8674785494804382,13.08856201171875,-3.9420766830444336,-1.632840871810913,True,32,0.8674785494804382,1.0,0.0,13.08856201171875,-3.9420766830444336,-1.632840871810913,0,0
2011_09_26_drive_0017_sync,0000000000,2,0.7798231244087219,19.36927604675293,32.94601821899414,-1.0150279998779297,True,53,0.7798231244087219,1.0,0.0,19.36927604675293,32.94601821899414,-1.0150279998779297,0,0
2011_09_26_drive_0017_sync,0000000000,3,0.8589375019073486,16.662172317504883,14.318016052246094,-1.508656620979309,True,75,0.8589375019073486,1.0,0.0,16.662172317504883,14.318016052246094,-1.508656620979309,0,0
2011_09_26_drive_0017_sync,0000000001,0,0.8717095851898193,12.935866355895996,-5.098893165588379,-1.6373076438903809,True,68,0.8772587776184082,0.8264110088348389,0.1045738235116005,12.875096321105957,-5.075672149658203,-1.7191823720932007,3516,580
2011_09_26_drive_0017_sync,0000000001,1,0.7044966220855713,16.817018508911133,-20.65238380432129,-1.8465521335601807,True,32,0.7621549367904663,0.7453660368919373,0.15578694641590118,16.91109275817871,-20.557083129882812,-1.766944408416748,3516,580
2011_09_26_drive_0017_sync,0000000001,2,0.8367648124694824,16.4868106842041,13.333650588989258,-1.5118213891983032,True,91,0.8417068719863892,0.8755462169647217,0.06133352220058441,16.473554611206055,13.275640487670898,-1.526684284210205,3516,580
2011_09_26_drive_0017_sync,0000000002,0,0.8791199326515198,12.578093528747559,-6.100299835205078,-1.621891736984253,True,99,0.8761602640151978,0.8750857710838318,0.07272778451442719,12.621768951416016,-6.145976543426514,-1.6578837633132935,3477,619
2011_09_26_drive_0017_sync,0000000002,1,0.5700039267539978,-1.2886085510253906,-8.448143005371094,-1.745470643043518,True,0,0.5879172682762146,0.7288711667060852,0.18504121899604797,-1.3896301984786987,-8.320329666137695,-1.8332124948501587,3477,619
2011_09_26_drive_0017_sync,0000000002,2,0.8653380870819092,16.34262466430664,12.138630867004395,-1.4689626693725586,True,59,0.8384295105934143,0.7935405373573303,0.1224568635225296,16.34603500366211,12.231471061706543,-1.5487420558929443,3477,619
2011_09_26_drive_0017_sync,0000000002,3,0.30419936776161194,17.06304168701172,-20.53571319580078,-1.7680416107177734,False,,,0.0,,,,,3477,619
2011_09_26_drive_0017_sync,0000000003,0,0.8715735673904419,12.452287673950195,-7.194703578948975,-1.5687670707702637,True,91,0.8855793476104736,0.9509348273277283,0.037815455347299576,12.436676025390625,-7.206003665924072,-1.6013031005859375,3431,665
2011_09_26_drive_0017_sync,0000000003,1,0.5935574173927307,17.03765296936035,-20.523527145385742,-1.7219969034194946,True,68,0.7307592630386353,0.6855680346488953,0.08567260205745697,17.103723526000977,-20.57682991027832,-1.7335420846939087,3431,665
2011_09_26_drive_0017_sync,0000000003,2,0.8372353315353394,16.126785278320312,11.1749267578125,-1.625327229499817,True,92,0.8387831449508667,0.8268285989761353,0.13877607882022858,16.18513298034668,11.050797462463379,-1.6042022705078125,3431,665
2011_09_26_drive_0017_sync,0000000004,0,0.8843458890914917,12.19819450378418,-8.271919250488281,-1.6640523672103882,True,86,0.8563860654830933,0.8945805430412292,0.05803285166621208,12.254782676696777,-8.273324012756348,-1.6768436431884766,3498,598
2011_09_26_drive_0017_sync,0000000004,1,0.7874792218208313,15.973442077636719,10.073610305786133,-1.571502685546875,True,65,0.8387527465820312,0.7904371023178101,0.11208946257829666,16.045581817626953,10.152631759643555,-1.5381033420562744,3498,598
2011_09_26_drive_0017_sync,0000000004,2,0.7561978101730347,16.91134262084961,-20.471477508544922,-1.7579244375228882,True,40,0.6868491768836975,0.5685155391693115,0.4373602271080017,17.34859848022461,-20.48076629638672,-1.7601579427719116,3498,598
2011_09_26_drive_0017_sync,0000000005,0,0.5132095813751221,-1.4532055854797363,-7.996679782867432,-1.8155790567398071,True,7,0.23582206666469574,0.8197462558746338,0.2395591139793396,-1.2142608165740967,-8.002155303955078,-1.8318266868591309,3442,654
2011_09_26_drive_0017_sync,0000000005,1,0.830929160118103,15.77365779876709,8.936073303222656,-1.53760826587677,True,26,0.8643783926963806,0.8279346227645874,0.12873056530952454,15.804583549499512,9.060102462768555,-1.5528373718261719,3442,654
2011_09_26_drive_0017_sync,0000000005,2,0.6607378125190735,17.038898468017578,-20.43634033203125,-1.6932487487792969,True,49,0.718734085559845,0.7311442494392395,0.20472893118858337,16.85472869873047,-20.516712188720703,-1.7324379682540894,3442,654
2011_09_26_drive_0017_sync,0000000005,3,0.8619489669799805,12.018062591552734,-9.325976371765137,-1.6351637840270996,True,92,0.8556497693061829,0.8815508484840393,0.060049477964639664,11.97261905670166,-9.306220054626465,-1.601244568824768,3442,654
2011_09_26_drive_0017_sync,0000000006,0,0.8731237649917603,15.629776000976562,7.833844184875488,-1.5020580291748047,True,71,0.8152097463607788,0.8933441638946533,0.018530162051320076,15.645090103149414,7.8360724449157715,-1.491865873336792,3484,612
2011_09_26_drive_0017_sync,0000000006,1,0.8118740320205688,16.973949432373047,-20.511308670043945,-1.7283849716186523,True,17,0.7665728330612183,0.8241089582443237,0.1062125563621521,16.907079696655273,-20.43857192993164,-1.6894117593765259,3484,612
2011_09_26_drive_0017_sync,0000000006,2,0.3294476568698883,19.222454071044922,27.023405075073242,-1.2152937650680542,True,59,0.5339463949203491,0.5321813821792603,0.4248499572277069,18.86815643310547,27.248844146728516,-1.1508896350860596,3484,612
2011_09_26_drive_0017_sync,0000000006,3,0.8981170058250427,11.71973991394043,-10.460288047790527,-1.641042709350586,True,82,0.8578168153762817,0.8869675993919373,0.10498617589473724,11.760503768920898,-10.390327453613281,-1.5742151737213135,3484,612
2011_09_26_drive_0017_sync,0000000007,0,0.8895962238311768,11.530194282531738,-11.454774856567383,-1.6504302024841309,True,58,0.8492775559425354,0.8812383413314819,0.0754682645201683,11.565646171569824,-11.403312683105469,-1.6081186532974243,3460,636
2011_09_26_drive_0017_sync,0000000007,1,0.8326972723007202,15.456385612487793,6.837478160858154,-1.5441927909851074,True,20,0.848211407661438,0.8438606858253479,0.08792386949062347,15.404559135437012,6.76694917678833,-1.5525764226913452,3460,636
2011_09_26_drive_0017_sync,0000000007,2,0.3875402510166168,-1.4015494585037231,-8.102965354919434,-1.8613028526306152,False,,,0.0,,,,,3460,636
2011_09_26_drive_0017_sync,0000000008,0,0.771205484867096,15.317086219787598,5.667577743530273,-1.571047306060791,True,55,0.6995320916175842,0.6070711016654968,0.3411951959133148,15.526212692260742,5.401538848876953,-1.5274171829223633,3526,570
2011_09_26_drive_0017_sync,0000000008,1,0.5137947201728821,18.509233474731445,25.51849365234375,-1.1652220487594604,False,,,0.0,,,,,3526,570
2011_09_26_drive_0017_sync,0000000008,2,0.8706813454627991,11.319042205810547,-12.619465827941895,-1.6582597494125366,True,64,0.8870072960853577,0.814774751663208,0.14744833111763,11.326817512512207,-12.47520637512207,-1.628767967224121,3526,570
2011_09_26_drive_0017_sync,0000000009,0,0.757910430431366,20.23112678527832,39.4282341003418,-0.7854704856872559,True,6,0.6437264680862427,0.8799563050270081,0.047036729753017426,20.276187896728516,39.414939880371094,-0.7877538800239563,3484,612
2011_09_26_drive_0017_sync,0000000009,1,0.8372135162353516,15.113873481750488,4.678951740264893,-1.6790108680725098,True,98,0.868816077709198,0.8315566778182983,0.12151893973350525,15.067764282226562,4.587193965911865,-1.6140393018722534,3484,612
2011_09_26_drive_0017_sync,0000000009,2,0.4813311696052551,18.404897689819336,24.312820434570312,-1.1415951251983643,True,3,0.6008992791175842,0.6112818121910095,0.16345806419849396,18.34942626953125,24.434810638427734,-1.2351891994476318,3484,612
2011_09_26_drive_0017_sync,0000000009,3,0.8710938096046448,11.136591911315918,-13.568259239196777,-1.6563881635665894,True,52,0.8526220321655273,0.8474763631820679,0.08103515207767487,11.133216857910156,-13.62783432006836,-1.7112162113189697,3484,612
2011_09_26_drive_0017_sync,0000000010,0,0.3475726842880249,-1.1184202432632446,-8.195647239685059,-1.8035974502563477,False,,,0.0,,,,,3504,592
2011_09_26_drive_0017_sync,0000000010,1,0.875632107257843,10.866776466369629,-14.514598846435547,-1.6383123397827148,True,38,0.8620722889900208,0.8919862508773804,0.1567467749118805,10.82652759552002,-14.665693283081055,-1.6273555755615234,3504,592
2011_09_26_drive_0017_sync,0000000010,2,0.7647494673728943,14.865619659423828,3.3794243335723877,-1.5424633026123047,True,65,0.7997425198554993,0.821129322052002,0.18216919898986816,14.881108283996582,3.5603854656219482,-1.5283640623092651,3504,592
2011_09_26_drive_0017_sync,0000000010,3,0.7689171433448792,18.172143936157227,23.809186935424805,-1.1527693271636963,True,86,0.7623067498207092,0.6697039008140564,0.10978985577821732,18.16402816772461,23.765705108642578,-1.2532545328140259,3504,592
2011_09_26_drive_0017_sync,0000000011,0,0.32052716612815857,-1.2824097871780396,-7.997642517089844,-1.810732364654541,True,49,0.43797606229782104,0.511591374874115,0.3498266637325287,-1.219726324081421,-8.341198921203613,-1.8311887979507446,3460,636
2011_09_26_drive_0017_sync,0000000011,1,0.7113833427429199,19.96283721923828,37.90693283081055,-0.8232073783874512,True,47,0.1649128496646881,0.8368297219276428,0.05673988536000252,19.994787216186523,37.949501037597656,-0.8035462498664856,3460,636
2011_09_26_drive_0017_sync,0000000011,2,0.7522870302200317,18.253618240356445,22.800060272216797,-1.236687183380127,True,91,0.7578465342521667,0.739065945148468,0.1648801863193512,18.119915008544922,22.78935432434082,-1.3325741291046143,3460,636
2011_09_26_drive_0017_sync,0000000011,3,0.8487045168876648,10.620342254638672,-15.60757827758789,-1.5656967163085938,True,46,0.8564197421073914,0.7692901492118835,0.27333053946495056,10.64938735961914,-15.86730670928955,-1.6457411050796509,3460,636
2011_09_26_drive_0017_sync,0000000011,4,0.7780643105506897,14.72448444366455,2.124269962310791,-1.6182608604431152,True,28,0.8145037889480591,0.6621760725975037,0.3956998288631439,14.706925392150879,2.504430055618286,-1.5098711252212524,3460,636
2011_09_26_drive_0017_sync,0000000012,0,0.8595559597015381,14.409797668457031,1.1539678573608398,-1.5755256414413452,True,91,0.8022112846374512,0.7649323344230652,0.18142291903495789,14.547272682189941,1.0611250400543213,-1.6489770412445068,3493,603
2011_09_26_drive_0017_sync,0000000012,1,0.6224334836006165,19.831911087036133,37.01588821411133,-0.9106698632240295,True,62,0.7524114847183228,0.7888500094413757,0.12987932562828064,19.815340042114258,37.093955993652344,-0.8082029819488525,3493,603
2011_09_26_drive_0017_sync,0000000012,2,0.3260882496833801,17.854930877685547,21.666339874267578,-1.4153034687042236,True,74,0.47197628021240234,0.5211274027824402,0.5579716563224792,18.057275772094727,21.14658546447754,-1.4309320449829102,3493,603
2011_09_26_drive_0017_sync,0000000012,3,0.8477004766464233,10.393754005432129,-16.719453811645508,-1.6533422470092773,True,31,0.8402280807495117,0.8854397535324097,0.12363540381193161,10.393576622009277,-16.83980369567871,-1.6250299215316772,3493,603
2011_09_26_drive_0017_sync,0000000012,4,0.6140138506889343,17.207902908325195,-20.52260398864746,-1.7163121700286865,True,63,0.45773079991340637,0.5089759230613708,0.39426374435424805,16.8138370513916,-20.535072326660156,-1.7170456647872925,3493,603
2011_09_26_drive_0017_sync,0000000013,0,0.3771103322505951,-1.0737770795822144,-8.33138370513916,-1.8258934020996094,True,82,0.22578401863574982,0.7833292484283447,0.1604357361793518,-0.9263903498649597,-8.385414123535156,-1.859021782875061,3504,592
2011_09_26_drive_0017_sync,0000000013,1,0.4498560428619385,19.646732330322266,36.28582763671875,-0.9254320859909058,True,63,0.556350827217102,0.746741771697998,0.16810138523578644,19.7921199798584,36.20839309692383,-0.9589641094207764,3504,592
2011_09_26_drive_0017_sync,0000000013,2,0.8522465229034424,10.158337593078613,-17.960813522338867,-1.7254517078399658,True,33,0.8543018102645874,0.8338883519172668,0.1450200378894806,10.161796569824219,-17.835351943969727,-1.7981032133102417,3504,592
2011_09_26_drive_0017_sync,0000000013,3,0.7030344605445862,17.76142120361328,20.816598892211914,-1.360785961151123,True,99,0.7494450807571411,0.8806777000427246,0.09978297352790833,17.733978271484375,20.912364959716797,-1.3550949096679688,3504,592
2011_09_26_drive_0017_sync,0000000013,4,0.565125048160553,17.17057228088379,-20.594741821289062,-1.7863551378250122,True,57,0.7009656429290771,0.6663579344749451,0.22959360480308533,16.9604549407959,-20.502458572387695,-1.7932639122009277,3504,592
2011_09_26_drive_0017_sync,0000000013,5,0.8699005246162415,14.20611572265625,0.14849555492401123,-1.6455787420272827,True,5,0.8552719354629517,0.8481478095054626,0.09688311070203781,14.160148620605469,0.06838278472423553,-1.6163331270217896,3504,592
2011_09_26_drive_0017_sync,0000000014,0,0.5657498240470886,19.690656661987305,35.60395431518555,-0.8035674095153809,True,75,0.18746060132980347,0.6787049770355225,0.27368247509002686,19.582719802856445,35.39171600341797,-0.938499391078949,3497,599
2011_09_26_drive_0017_sync,0000000014,1,0.3182355761528015,17.71889877319336,19.4052734375,-1.4242758750915527,True,88,0.6880990266799927,0.6290193796157837,0.32536402344703674,17.594043731689453,19.68130874633789,-1.3056273460388184,3497,599
2011_09_26_drive_0017_sync,0000000014,2,0.31791165471076965,-0.5361495018005371,-8.734139442443848,-1.8359112739562988,False,,,0.0,,,,,3497,599
2011_09_26_drive_0017_sync,0000000014,3,0.8223311305046082,14.000282287597656,-1.1044254302978516,-1.6281278133392334,True,41,0.8315828442573547,0.9020074009895325,0.047634057700634,13.965312004089355,-1.1290807723999023,-1.6071946620941162,3497,599
2011_09_26_drive_0017_sync,0000000014,4,0.7566336989402771,9.970715522766113,-18.94352912902832,-1.7378346920013428,True,89,0.7985622882843018,0.8973662257194519,0.07648216187953949,9.947415351867676,-18.906917572021484,-1.6748567819595337,3497,599
2011_09_26_drive_0017_sync,0000000014,5,0.771142303943634,16.945878982543945,-20.531435012817383,-1.7051883935928345,True,95,0.4635379910469055,0.7163655161857605,0.17101715505123138,16.776487350463867,-20.548994064331055,-1.720841646194458,3497,599
2011_09_26_drive_0017_sync,0000000015,0,0.6809326410293579,17.498659133911133,18.401094436645508,-1.3739426136016846,True,24,0.6337472200393677,0.6847232580184937,0.1704973429441452,17.505544662475586,18.565227508544922,-1.419574499130249,3455,641
2011_09_26_drive_0017_sync,0000000015,1,0.3144349157810211,-1.2617785930633545,-8.34871768951416,-1.8168201446533203,True,47,0.24050569534301758,0.8619052171707153,0.10258780419826508,-1.3142571449279785,-8.265843391418457,-1.7867850065231323,3455,641
2011_09_26_drive_0017_sync,0000000015,2,0.8376728296279907,9.672019004821777,-20.180116653442383,-1.733038306236267,True,41,0.8517528176307678,0.7987138628959656,0.14836405217647552,9.56452465057373,-20.08494758605957,-1.7704509496688843,3455,641
2011_09_26_drive_0017_sync,0000000015,3,0.8575000166893005,13.737228393554688,-2.23884916305542,-1.5802958011627197,True,86,0.8351484537124634,0.9284473061561584,0.0360364131629467,13.756595611572266,-2.2540628910064697,-1.5539884567260742,3455,641
2011_09_26_drive_0017_sync,0000000015,4,0.5991312861442566,16.956811904907227,-20.457290649414062,-1.7397971153259277,True,44,0.5825567841529846,0.7647859454154968,0.17567673325538635,17.12549591064453,-20.49294662475586,-1.7060825824737549,3455,641
2011_09_26_drive_0017_sync,0000000016,0,0.48273295164108276,19.44940948486328,33.474876403808594,-1.024376630783081,True,39,0.28527623414993286,0.6879167556762695,0.20957568287849426,19.555395126342773,33.354270935058594,-1.159073829650879,3507,589
2011_09_26_drive_0017_sync,0000000016,1,0.8623018860816956,13.455979347229004,-3.288087844848633,-1.6520085334777832,True,48,0.8591125011444092,0.80987548828125,0.13461913168430328,13.537911415100098,-3.3806793689727783,-1.5987520217895508,3507,589
2011_09_26_drive_0017_sync,0000000016,2,0.5487235188484192,16.967296600341797,-20.63646697998047,-1.707165002822876,True,89,0.8051853775978088,0.8047696352005005,0.08886286616325378,16.914356231689453,-20.584585189819336,-1.756177306175232,3507,589
2011_09_26_drive_0017_sync,0000000016,3,0.8254262208938599,17.284242630004883,17.846723556518555,-1.4249290227890015,True,71,0.8395076990127563,0.9139822125434875,0.04536069557070732,17.27158546447754,17.818824768066406,-1.3914768695831299,3507,589
2011_09_26_drive_0017_sync,0000000016,4,0.8180001378059387,9.322554588317871,-21.05535125732422,-1.600649118423462,True,37,0.8234244585037231,0.7815813422203064,0.13292528688907623,9.377666473388672,-20.998254776000977,-1.7072877883911133,3507,589
2011_09_26_drive_0017_sync,0000000017,0,0.77162766456604,13.345730781555176,-4.50117826461792,-1.621260643005371,True,83,0.7752973437309265,0.8191806674003601,0.0881539061665535,13.391603469848633,-4.449638843536377,-1.676128625869751,3471,625
2011_09_26_drive_0017_sync,0000000017,1,0.7397686839103699,19.195388793945312,32.59371566772461,-1.039416790008545,True,68,0.7685793042182922,0.6573708057403564,0.24102143943309784,19.40567970275879,32.637969970703125,-0.9302809834480286,3471,625
2011_09_26_drive_0017_sync,0000000017,2,0.8184269666671753,17.326034545898438,16.652769088745117,-1.3713918924331665,True,32,0.720540463924408,0.7464123964309692,0.09770622849464417,17.40718650817871,16.634000778198242,-1.422466516494751,3471,625
2011_09_26_drive_0017_sync,0000000017,3,0.8460445404052734,9.038634300231934,-22.270328521728516,-1.6757862567901611,True,67,0.8542691469192505,0.8764885067939758,0.099884994328022,9.070281028747559,-22.188413619995117,-1.6281895637512207,3471,625
2011_09_26_drive_0017_sync,0000000017,4,0.6891497373580933,16.800416946411133,-20.692073822021484,-1.7323760986328125,True,98,0.4036225378513336,0.8016344904899597,0.15474624931812286,16.828744888305664,-20.540424346923828,-1.7202779054641724,3471,625
2011_09_26_drive_0017_sync,0000000018,0,0.843068540096283,16.882787704467773,15.614381790161133,-1.4218904972076416,True,22,0.826537549495697,0.8162593841552734,0.11302211135625839,16.992340087890625,15.587177276611328,-1.4162170886993408,3446,650
2011_09_26_drive_0017_sync,0000000018,1,0.38502582907676697,19.307052612304688,31.881807327270508,-1.0351847410202026,True,99,0.7027220129966736,0.7757182121276855,0.18534672260284424,19.211767196655273,31.722854614257812,-1.0323338508605957,3446,650
2011_09_26_drive_0017_sync,0000000018,2,0.4220322370529175,-1.2658700942993164,-8.069487571716309,-1.763791799545288,True,13,0.39993661642074585,0.713628888130188,0.2137417197227478,-1.2747211456298828,-8.269551277160645,-1.8385025262832642,3446,650
2011_09_26_drive_0017_sync,0000000018,3,0.7816698551177979,8.756973266601562,-23.60016632080078,-1.7234536409378052,True,92,0.8433876037597656,0.8115243315696716,0.2179127335548401,8.808710098266602,-23.396923065185547,-1.664280652999878,3446,650
2011_09_26_drive_0017_sync,0000000018,4,0.8785491585731506,13.034164428710938,-5.573884010314941,-1.6103893518447876,True,77,0.8269373774528503,0.8926408886909485,0.020152170211076736,13.03252124786377,-5.555789470672607,-1.6016716957092285,3446,650
2011_09_26_drive_0017_sync,0000000018,5,0.7134263515472412,17.03640365600586,-20.465965270996094,-1.7424688339233398,True,93,0.6768355965614319,0.8344301581382751,0.13196146488189697,16.966434478759766,-20.552173614501953,-1.671150803565979,3446,650
2011_09_26_drive_0017_sync,0000000019,0,0.8516708612442017,12.759422302246094,-6.804634094238281,-1.6101658344268799,True,26,0.8386600017547607,0.873275637626648,0.02671748585999012,12.774511337280273,-6.816448211669922,-1.6287822723388672,3482,614
2011_09_26_drive_0017_sync,0000000019,1,0.8342800736427307,17.0179443359375,14.870691299438477,-1.5132423639297485,True,64,0.8626917004585266,0.8368992805480957,0.09306524693965912,16.935073852539062,14.887478828430176,-1.474360466003418,3482,614
2011_09_26_drive_0017_sync,0000000019,2,0.3594854772090912,-1.3600471019744873,-8.150805473327637,-1.8036363124847412,True,24,0.30018171668052673,0.7948254942893982,0.15122877061367035,-1.2967859506607056,-8.287936210632324,-1.7956783771514893,3482,614
2011_09_26_drive_0017_sync,0000000019,3,0.7745522260665894,16.91303825378418,-20.41331672668457,-1.681422472000122,True,36,0.7917644381523132,0.8483603000640869,0.12632808089256287,16.849058151245117,-20.513498306274414,-1.724189043045044,3482,614
2011_09_26_drive_0017_sync,0000000019,4,0.8407247066497803,8.498875617980957,-24.68376350402832,-1.8476980924606323,True,84,0.8190474510192871,0.8614640235900879,0.17109018564224243,8.562999725341797,-24.52646255493164,-1.8272931575775146,3482,614
2011_09_26_drive_0017_sync,0000000020,0,0.47602781653404236,-1.2745423316955566,-8.247428894042969,-1.7453513145446777,True,32,0.4769694209098816,0.6481038928031921,0.31640535593032837,-1.4856160879135132,-8.011716842651367,-1.7455732822418213,3452,644
2011_09_26_drive_0017_sync,0000000020,1,0.812748908996582,17.1641788482666,-20.477617263793945,-1.7007464170455933,True,56,0.8098043203353882,0.7995505332946777,0.10310522466897964,17.076616287231445,-20.507753372192383,-1.746081829071045,3452,644
2011_09_26_drive_0017_sync,0000000020,2,0.7350742220878601,8.221516609191895,-25.686668395996094,-1.760857343673706,True,92,0.7132581472396851,0.8234124779701233,0.10376765578985214,8.287860870361328,-25.629281997680664,-1.8162916898727417,3452,644
2011_09_26_drive_0017_sync,0000000020,3,0.8238438367843628,12.600397109985352,-7.934895038604736,-1.5700359344482422,True,50,0.7967652082443237,0.8009019494056702,0.1480492353439331,12.542834281921387,-7.8905930519104,-1.699041485786438,3452,644
2011_09_26_drive_0017_sync,0000000020,4,0.8385557532310486,16.705881118774414,13.738017082214355,-1.4639331102371216,True,71,0.8301246762275696,0.8730485439300537,0.10827023535966873,16.7733154296875,13.822168350219727,-1.4542572498321533,3452,644
2011_09_26_drive_0017_sync,0000000020,5,0.7253850698471069,18.89548110961914,29.686216354370117,-1.1526060104370117,True,54,0.6680294275283813,0.8468933701515198,0.12416644394397736,18.89228057861328,29.80478286743164,-1.1158766746520996,3452,644
2011_09_26_drive_0017_sync,0000000021,0,0.7299793362617493,17.065500259399414,-20.482528686523438,-1.7544581890106201,True,98,0.6442698836326599,0.8037249445915222,0.17617110908031464,17.035743713378906,-20.310766220092773,-1.7799230813980103,3456,640
2011_09_26_drive_0017_sync,0000000021,1,0.794209897518158,12.314788818359375,-9.172182083129883,-1.6769299507141113,True,46,0.7737993597984314,0.8901243805885315,0.030912021175026894,12.330134391784668,-9.16459846496582,-1.6511898040771484,3456,640
2011_09_26_drive_0017_sync,0000000021,2,0.7326748967170715,7.9209723472595215,-26.82138442993164,-1.7600818872451782,True,88,0.7550873160362244,0.7874132990837097,0.17997749149799347,7.922879695892334,-26.650251388549805,-1.7043886184692383,3456,640
2011_09_26_drive_0017_sync,0000000021,3,0.3788672685623169,18.738994598388672,28.9432373046875,-1.1025222539901733,True,63,0.5477510690689087,0.7012891173362732,0.12753792107105255,18.85186195373535,29.002105712890625,-1.1103577613830566,3456,640
2011_09_26_drive_0017_sync,0000000021,4,0.8660365343093872,16.58584976196289,12.61894702911377,-1.550000786781311,True,52,0.8642728328704834,0.8547987937927246,0.05342444032430649,16.556840896606445,12.574167251586914,-1.5527262687683105,3456,640
2011_09_26_drive_0017_sync,0000000022,0,0.7354685068130493,18.575435638427734,28.007347106933594,-1.0043635368347168,True,48,0.7741749286651611,0.8506473898887634,0.07415670901536942,18.613021850585938,27.954172134399414,-1.0398447513580322,3489,607
2011_09_26_drive_0017_sync,0000000022,1,0.3927609920501709,16.952613830566406,-20.7281494140625,-1.7647374868392944,False,,,0.0,,,,,3489,607
2011_09_26_drive_0017_sync,0000000022,2,0.8804914951324463,16.353120803833008,11.718049049377441,-1.560757040977478,True,9,0.8894644975662231,0.9411988258361816,0.043389804661273956,16.382116317749023,11.743762969970703,-1.5802693367004395,3489,607
2011_09_26_drive_0017_sync,0000000022,3,0.8389051556587219,12.014328956604004,-10.220786094665527,-1.6562364101409912,True,10,0.8475502133369446,0.8523938655853271,0.20943863689899445,11.941142082214355,-10.417006492614746,-1.6538329124450684,3489,607
2011_09_26_drive_0017_sync,0000000022,4,0.7865300178527832,7.698493003845215,-27.920534133911133,-1.8309370279312134,True,62,0.7521341443061829,0.8730013370513916,0.09182675182819366,7.607068061828613,-27.913753509521484,-1.8256782293319702,3489,607
2011_09_26_drive_0017_sync,0000000023,0,0.6351808905601501,16.89537239074707,-20.55229949951172,-1.7478668689727783,True,47,0.5436846017837524,0.8044885993003845,0.13593880832195282,16.9444522857666,-20.425621032714844,-1.7430617809295654,3476,620
2011_09_26_drive_0017_sync,0000000023,1,0.7126991152763367,7.451009273529053,-29.26767349243164,-1.8006070852279663,True,40,0.7897951602935791,0.8966282606124878,0.07490011304616928,7.386528015136719,-29.23065948486328,-1.7915430068969727,3476,620
2011_09_26_drive_0017_sync,0000000023,2,0.8605228066444397,11.718080520629883,-11.440643310546875,-1.5827412605285645,True,87,0.8467386960983276,0.8884156346321106,0.08191021531820297,11.726668357849121,-11.370481491088867,-1.6241278648376465,3476,620
2011_09_26_drive_0017_sync,0000000023,3,0.8581169247627258,16.158958435058594,10.608890533447266,-1.5771238803863525,True,91,0.8731329441070557,0.868359386920929,0.10731963068246841,16.257171630859375,10.650092124938965,-1.5903185606002808,3476,620
2011_09_26_drive_0017_sync,0000000023,4,0.5174832940101624,18.573299407958984,26.978816986083984,-1.1030972003936768,True,90,0.40891098976135254,0.8487131595611572,0.13536681234836578,18.664377212524414,27.078941345214844,-1.105126976966858,3476,620
2011_09_26_drive_0017_sync,0000000024,0,0.6852356195449829,18.258926391601562,26.205869674682617,-1.1176726818084717,True,88,0.7972831130027771,0.7119777202606201,0.2995550036430359,18.445693969726562,25.972667694091797,-1.1393040418624878,3468,628
2011_09_26_drive_0017_sync,0000000024,1,0.854073703289032,16.004745483398438,9.612716674804688,-1.5927402973175049,True,10,0.8047186136245728,0.9002489447593689,0.08014687895774841,15.988922119140625,9.53548526763916,-1.6071782112121582,3468,628
2011_09_26_drive_0017_sync,0000000024,2,0.7774578332901001,11.49916934967041,-12.765715599060059,-1.582580804824829,True,66,0.8031664490699768,0.8226152658462524,0.14670956134796143,11.443377494812012,-12.630276679992676,-1.574379324913025,3468,628
2011_09_26_drive_0017_sync,0000000024,3,0.7397913932800293,7.06727409362793,-30.168598175048828,-1.9017502069473267,True,24,0.7781957983970642,0.7207200527191162,0.21241822838783264,7.249164581298828,-30.25026512145996,-1.9750158786773682,3468,628
2011_09_26_drive_0017_sync,0000000025,0,0.7574889659881592,18.168283462524414,24.8898868560791,-1.2298400402069092,True,80,0.6339079737663269,0.8389711380004883,0.11032180488109589,18.267230987548828,24.91785430908203,-1.189863681793213,3468,628
2011_09_26_drive_0017_sync,0000000025,1,0.5273181200027466,-1.4727274179458618,-8.067120552062988,-1.7660365104675293,False,,,0.0,,,,,3468,628
2011_09_26_drive_0017_sync,0000000025,2,0.7372056841850281,6.698524475097656,-31.423423767089844,-1.8235235214233398,True,75,0.749956488609314,0.9022807478904724,0.07873347401618958,6.722054958343506,-31.382640838623047,-1.8866268396377563,3468,628
2011_09_26_drive_0017_sync,0000000025,3,0.8537022471427917,11.183416366577148,-13.799729347229004,-1.515021562576294,True,71,0.8440972566604614,0.8105766773223877,0.1946585774421692,11.170341491699219,-13.942314147949219,-1.646894931793213,3468,628
2011_09_26_drive_0017_sync,0000000025,4,0.8621470332145691,15.787639617919922,8.476360321044922,-1.5200722217559814,True,94,0.861785352230072,0.8770892024040222,0.0791495218873024,15.781681060791016,8.416247367858887,-1.5712149143218994,3468,628
2011_09_26_drive_0017_sync,0000000026,0,0.8243059515953064,10.921060562133789,-14.898260116577148,-1.5765494108200073,True,48,0.810119092464447,0.8091543912887573,0.18653136491775513,10.918941497802734,-15.059537887573242,-1.6702454090118408,3435,661
2011_09_26_drive_0017_sync,0000000026,1,0.720319390296936,6.404311656951904,-32.44623565673828,-1.9061044454574585,True,75,0.7463239431381226,0.7233603596687317,0.08321461081504822,6.456872940063477,-32.38480758666992,-1.9258167743682861,3435,661
2011_09_26_drive_0017_sync,0000000026,2,0.8648102283477783,15.591907501220703,7.360957622528076,-1.6023228168487549,True,84,0.8490773439407349,0.8921449184417725,0.06039565056562424,15.596851348876953,7.304084300994873,-1.5826094150543213,3435,661
2011_09_26_drive_0017_sync,0000000026,3,0.8453371524810791,18.028810501098633,23.863252639770508,-1.127843976020813,True,13,0.8130954504013062,0.9191672801971436,0.03326413407921791,18.056640625,23.845458984375,-1.1317647695541382,3435,661
2011_09_26_drive_0017_sync,0000000027,0,0.8281692862510681,15.471270561218262,6.718831539154053,-1.5876293182373047,True,27,0.8221439123153687,0.835418164730072,0.1739782989025116,15.548662185668945,6.870000839233398,-1.6254026889801025,3510,586
2011_09_26_drive_0017_sync,0000000027,1,0.5712530016899109,17.13634490966797,-20.65434455871582,-1.769484043121338,True,80,0.7124142050743103,0.5926873087882996,0.23720504343509674,16.991565704345703,-20.476154327392578,-1.7098731994628906,3510,586
2011_09_26_drive_0017_sync,0000000027,2,0.8043555617332458,10.61681842803955,-16.193376541137695,-1.6733534336090088,True,23,0.7219237089157104,0.823308527469635,0.1498694121837616,10.588936805725098,-16.31124496459961,-1.5850896835327148,3510,586
2011_09_26_drive_0017_sync,0000000027,3,0.7479835748672485,6.05121374130249,-33.58623504638672,-1.9904474020004272,True,85,0.6950665712356567,0.7780759930610657,0.151541605591774,5.915274620056152,-33.5980339050293,-2.056373119354248,3510,586
2011_09_26_drive_0017_sync,0000000027,4,0.3064519464969635,-1.2434427738189697,-8.45254898071289,-1.754328727722168,False,,,0.0,,,,,3510,586
2011_09_26_drive_0017_sync,0000000027,5,0.8348051309585571,17.93932342529297,23.123435974121094,-1.1359915733337402,True,98,0.8650446534156799,0.8691917657852173,0.07989473640918732,17.947818756103516,23.0484676361084,-1.1097095012664795,3510,586
2011_09_26_drive_0017_sync,0000000028,0,0.8109212517738342,17.765199661254883,21.789169311523438,-1.2487784624099731,True,62,0.7811477780342102,0.9132707118988037,0.06753171235322952,17.79897117614746,21.761045455932617,-1.3000528812408447,3497,599
2011_09_26_drive_0017_sync,0000000028,1,0.8394345641136169,15.144317626953125,5.122807502746582,-1.601081371307373,True,38,0.7626113295555115,0.8235974311828613,0.056601643562316895,15.115724563598633,5.15162992477417,-1.6405205726623535,3497,599
2011_09_26_drive_0017_sync,0000000028,2,0.789121150970459,10.374513626098633,-17.37995147705078,-1.7166541814804077,True,78,0.800663411617279,0.7015166878700256,0.20361199975013733,10.20681095123291,-17.47372817993164,-1.649277687072754,3497,599
2011_09_26_drive_0017_sync,0000000028,3,0.5554172992706299,16.89535903930664,-20.53772735595703,-1.7344398498535156,True,63,0.3326588273048401,0.8139522075653076,0.13206905126571655,16.93016815185547,-20.624570846557617,-1.827653408050537,3497,599
2011_09_26_drive_0017_sync,0000000028,4,0.7474495768547058,6.049271583557129,-34.746307373046875,-2.0585367679595947,True,81,0.6600993275642395,0.755323588848114,0.2934280037879944,6.004814147949219,-34.45710372924805,-2.0365190505981445,3497,599
2011_09_26_drive_0017_sync,0000000029,0,0.7484105825424194,17.18389129638672,-20.58131217956543,-1.794525384902954,False,,,0.0,,,,,3500,596
2011_09_26_drive_0017_sync,0000000029,1,0.888534665107727,14.974738121032715,4.069356441497803,-1.6339664459228516,True,6,0.8994849324226379,0.9443079233169556,0.06894802302122116,14.949712753295898,4.0057148933410645,-1.6427593231201172,3500,596
2011_09_26_drive_0017_sync,0000000029,2,0.6031900644302368,17.78392219543457,21.29122543334961,-1.1687909364700317,True,30,0.7606580853462219,0.5361311435699463,0.6827943325042725,17.67070770263672,20.66969871520996,-1.4278181791305542,3500,596
2011_09_26_drive_0017_sync,0000000029,3,0.8089832067489624,10.201149940490723,-18.53314971923828,-1.739639401435852,True,51,0.8301509618759155,0.9034664034843445,0.11297035962343216,10.179931640625,-18.63105583190918,-1.6874237060546875,3500,596
2011_09_26_drive_0017_sync,0000000030,0,0.8853603601455688,14.726086616516113,2.8780899047851562,-1.6382454633712769,True,36,0.84740149974823,0.8751611709594727,0.10058555006980896,14.667019844055176,2.8694896697998047,-1.7192059755325317,3496,600
2011_09_26_drive_0017_sync,0000000030,1,0.3208937644958496,5.435846328735352,-36.967567443847656,-2.1483755111694336,True,42,0.18430516123771667,0.6947616934776306,0.11624011397361755,5.453234672546387,-37.063175201416016,-2.084590196609497,3496,600
2011_09_26_drive_0017_sync,0000000030,2,0.3346836268901825,-1.525033950805664,-7.8127593994140625,-1.7631709575653076,False,,,0.0,,,,,3496,600
2011_09_26_drive_0017_sync,0000000030,3,0.7791963219642639,16.857044219970703,-20.52821159362793,-1.7704399824142456,True,71,0.773691713809967,0.9247454404830933,0.0568978488445282,16.87484359741211,-20.580488204956055,-1.7841404676437378,3496,600
2011_09_26_drive_0017_sync,0000000030,4,0.7058048248291016,17.515155792236328,19.886856079101562,-1.3235604763031006,True,93,0.7079207897186279,0.8810560703277588,0.08806274831295013,17.451215744018555,19.866086959838867,-1.2666802406311035,3496,600
2011_09_26_drive_0017_sync,0000000030,5,0.8284797072410583,9.746831893920898,-19.581506729125977,-1.745948076248169,True,48,0.8149135708808899,0.8483895063400269,0.09443787485361099,9.76744270324707,-19.638248443603516,-1.6733251810073853,3496,600
2011_09_26_drive_0017_sync,0000000031,0,0.6469046473503113,4.918258190155029,-38.15581512451172,-2.130587100982666,True,58,0.6463441252708435,0.8652588725090027,0.1534099131822586,4.9421844482421875,-38.00448226928711,-2.1228089332580566,3440,656
2011_09_26_drive_0017_sync,0000000031,1,0.7968961596488953,9.449203491210938,-20.8149356842041,-1.7422332763671875,True,63,0.8057749271392822,0.8150636553764343,0.1452556699514389,9.495994567871094,-20.94720458984375,-1.7046202421188354,3440,656
2011_09_26_drive_0017_sync,0000000031,2,0.8632504940032959,14.54517936706543,1.8153949975967407,-1.6507879495620728,True,75,0.8701804876327515,0.9083458781242371,0.04104658216238022,14.519917488098145,1.7966476678848267,-1.6244213581085205,3440,656
2011_09_26_drive_0017_sync,0000000031,3,0.6701974272727966,17.229671478271484,-20.472957611083984,-1.7356607913970947,True,0,0.6090638041496277,0.680752694606781,0.22724023461341858,17.057144165039062,-20.52772331237793,-1.8730404376983643,3440,656
2011_09_26_drive_0017_sync,0000000032,0,0.35797375440597534,-1.244137167930603,-8.032535552978516,-1.8435839414596558,True,14,0.006792369298636913,0.6703235507011414,0.4993551969528198,-1.738561987876892,-7.979054927825928,-1.7984228134155273,3493,603
2011_09_26_drive_0017_sync,0000000032,1,0.7842476963996887,17.193912506103516,17.769161224365234,-1.3726887702941895,True,69,0.825611412525177,0.7828875780105591,0.16258467733860016,17.053300857543945,17.692888259887695,-1.4017503261566162,3493,603
2011_09_26_drive_0017_sync,0000000032,2,0.8165915608406067,9.200641632080078,-21.964061737060547,-1.7294021844863892,True,86,0.8036981821060181,0.7698173522949219,0.1512243151664734,9.238508224487305,-22.073097229003906,-1.8271067142486572,3493,603
2011_09_26_drive_0017_sync,0000000032,3,0.8858466148376465,14.345242500305176,0.7807369828224182,-1.7514342069625854,True,24,0.8834526538848877,0.8614900708198547,0.13493908941745758,14.307095527648926,0.719781756401062,-1.6372509002685547,3493,603
2011_09_26_drive_0017_sync,0000000032,4,0.3894072473049164,16.914335250854492,-20.528644561767578,-1.9196890592575073,True,27,0.723872184753418,0.5396401286125183,0.3442671597003937,17.044418334960938,-20.331214904785156,-1.6694495677947998,3493,603
2011_09_26_drive_0017_sync,0000000033,0,0.8535820245742798,9.009923934936523,-23.14975929260254,-1.7550280094146729,True,16,0.852043867111206,0.9322364926338196,0.05617578700184822,8.994672775268555,-23.150299072265625,-1.8090912103652954,3484,612
2011_09_26_drive_0017_sync,0000000033,1,0.798119843006134,17.01032829284668,-20.474567413330078,-1.6964868307113647,True,74,0.7006168365478516,0.8312432169914246,0.09993851184844971,17.053457260131836,-20.42885971069336,-1.7741940021514893,3484,612
2011_09_26_drive_0017_sync,0000000033,2,0.5125353932380676,-1.2269744873046875,-8.333806991577148,-1.7926589250564575,True,55,0.4925685524940491,0.5361109375953674,0.3238900303840637,-1.3413711786270142,-8.031091690063477,-1.7791829109191895,3484,612
2011_09_26_drive_0017_sync,0000000033,3,0.8338039517402649,16.869131088256836,16.548669815063477,-1.4391237497329712,True,41,0.8362993597984314,0.8428578972816467,0.09177917242050171,16.93351173400879,16.568775177001953,-1.3768796920776367,3484,612
2011_09_26_drive_0017_sync,0000000033,4,0.6038172245025635,3.790720224380493,-39.958072662353516,-2.2149484157562256,True,64,0.5566503405570984,0.7417820692062378,0.18613311648368835,3.9104204177856445,-40.099308013916016,-2.195713758468628,3484,612
2011_09_26_drive_0017_sync,0000000033,5,0.8930057287216187,14.072829246520996,-0.3819674551486969,-1.680371642112732,True,69,0.8843163251876831,0.8405142426490784,0.07924140989780426,14.104659080505371,-0.37487974762916565,-1.6081509590148926,3484,612
2011_09_26_drive_0017_sync,0000000034,0,0.8364177346229553,16.83022117614746,15.612800598144531,-1.45194673538208,True,97,0.8071523904800415,0.7902119755744934,0.09397521615028381,16.753080368041992,15.656722068786621,-1.4827938079833984,3462,634
2011_09_26_drive_0017_sync,0000000034,1,0.7481545209884644,16.963417053222656,-20.60527229309082,-1.8351125717163086,True,87,0.7616736888885498,0.8200485706329346,0.11267072707414627,16.95355796813965,-20.512176513671875,-1.7724175453186035,3462,634
2011_09_26_drive_0017_sync,0000000034,2,0.324631929397583,5.519640922546387,-37.935516357421875,-2.0659685134887695,True,49,0.46144354343414307,0.8420482277870178,0.05947452038526535,5.474215507507324,-37.94120407104492,-2.1039342880249023,3462,634
2011_09_26_drive_0017_sync,0000000034,3,0.9026891589164734,13.881011009216309,-1.583573341369629,-1.636795997619629,True,24,0.8961783051490784,0.9138347506523132,0.04475995525717735,13.838577270507812,-1.5976111888885498,-1.6343939304351807,3462,634
2011_09_26_drive_0017_sync,0000000034,4,0.5340442061424255,8.488852500915527,-24.321622848510742,-1.8227553367614746,True,71,0.7151855826377869,0.6729543805122375,0.3117518723011017,8.573455810546875,-24.616884231567383,-1.8761615753173828,3462,634
2011_09_26_drive_0017_sync,0000000035,0,0.8623211979866028,13.66865348815918,-2.7716867923736572,-1.6675126552581787,True,28,0.8564404249191284,0.8303554654121399,0.10067431628704071,13.576272964477539,-2.737741470336914,-1.6886992454528809,3448,648
2011_09_26_drive_0017_sync,0000000035,1,0.8190749287605286,16.973941802978516,-20.514019012451172,-1.7582507133483887,True,37,0.7991997003555298,0.880158543586731,0.09973396360874176,17.031465530395508,-20.595121383666992,-1.7504860162734985,3448,648
2011_09_26_drive_0017_sync,0000000035,2,0.843422532081604,16.647855758666992,14.605698585510254,-1.4569556713104248,True,86,0.8516050577163696,0.832374632358551,0.1592288464307785,16.63477897644043,14.451515197753906,-1.4945096969604492,3448,648
2011_09_26_drive_0017_sync,0000000035,3,0.8012387752532959,8.425800323486328,-25.51416015625,-1.7783029079437256,True,68,0.7470350861549377,0.8052505850791931,0.0901261419057846,8.353785514831543,-25.467342376708984,-1.8055918216705322,3448,648
2011_09_26_drive_0017_sync,0000000036,0,0.7673677802085876,16.88806915283203,-20.524572372436523,-1.6919453144073486,True,6,0.729010820388794,0.8030902147293091,0.1304529309272766,17.013484954833984,-20.537776947021484,-1.6585614681243896,3503,593
2011_09_26_drive_0017_sync,0000000036,1,0.7551864385604858,16.459930419921875,13.58752155303955,-1.4947757720947266,True,83,0.8139219880104065,0.8719688057899475,0.08857859671115875,16.543941497802734,13.56264591217041,-1.5077953338623047,3503,593
2011_09_26_drive_0017_sync,0000000036,2,0.8324581384658813,13.475872039794922,-3.764026403427124,-1.7109966278076172,True,87,0.8747552633285522,0.8302852511405945,0.0910462886095047,13.420974731445312,-3.7834482192993164,-1.6410073041915894,3503,593
2011_09_26_drive_0017_sync,0000000036,3,0.791357159614563,8.13604736328125,-26.690143585205078,-1.8765562772750854,True,97,0.7761717438697815,0.7970978617668152,0.20591838657855988,8.067426681518555,-26.878080368041992,-1.8278392553329468,3503,593
2011_09_26_drive_0017_sync,0000000037,0,0.8388054966926575,16.29248046875,12.473636627197266,-1.5869483947753906,True,26,0.8685227632522583,0.8924729228019714,0.07859884947538376,16.227859497070312,12.439265251159668,-1.6155930757522583,3424,672
2011_09_26_drive_0017_sync,0000000037,1,0.8263705968856812,13.197440147399902,-5.275587558746338,-1.7230885028839111,True,11,0.8718507885932922,0.7480238080024719,0.35276204347610474,13.14604377746582,-4.930508613586426,-1.6709349155426025,3424,672
2011_09_26_drive_0017_sync,0000000037,2,0.7593945860862732,16.974584579467773,-20.37465476989746,-1.7838807106018066,True,63,0.7283863425254822,0.8651261925697327,0.12425120174884796,16.887235641479492,-20.462718963623047,-1.776585340499878,3424,672
2011_09_26_drive_0017_sync,0000000037,3,0.7566884160041809,7.92414665222168,-27.819171905517578,-1.869596004486084,True,17,0.8134220838546753,0.722506582736969,0.1530189961194992,7.800114154815674,-27.77277183532715,-1.9462627172470093,3424,672
2011_09_26_drive_0017_sync,0000000038,0,0.8922922611236572,12.886446952819824,-6.125603199005127,-1.6634819507598877,True,32,0.8923866748809814,0.8362945914268494,0.13028572499752045,12.976366996765137,-6.114657878875732,-1.757124662399292,3443,653
2011_09_26_drive_0017_sync,0000000038,1,0.8422048687934875,16.124897003173828,11.269213676452637,-1.6194159984588623,True,60,0.8644753098487854,0.8515366315841675,0.1673244833946228,16.163480758666992,11.423632621765137,-1.5678062438964844,3443,653
2011_09_26_drive_0017_sync,0000000038,2,0.3794594705104828,-1.2056188583374023,-8.09988784790039,-1.8450417518615723,False,,,0.0,,,,,3443,653
2011_09_26_drive_0017_sync,0000000038,3,0.7558642625808716,7.556421279907227,-28.880475997924805,-1.935225009918213,True,66,0.7480878233909607,0.7760329246520996,0.15286500751972198,7.470705509185791,-28.997262954711914,-1.9840238094329834,3443,653
2011_09_26_drive_0017_sync,0000000038,4,0.5318295359611511,17.17949867248535,-20.419986724853516,-1.7054853439331055,True,82,0.43376341462135315,0.5210128426551819,0.46919575333595276,16.71390724182129,-20.363502502441406,-1.7188560962677002,3443,653
2011_09_26_drive_0017_sync,0000000039,0,0.8663264513015747,12.693408966064453,-7.129184722900391,-1.722931146621704,True,71,0.8845958113670349,0.8785592317581177,0.13322564959526062,12.682348251342773,-7.261106014251709,-1.7079808712005615,3481,615
2011_09_26_drive_0017_sync,0000000039,1,0.72556072473526,17.016555786132812,-20.367931365966797,-1.656562089920044,True,98,0.7062898874282837,0.797920286655426,0.13014039397239685,17.050548553466797,-20.429607391357422,-1.7660019397735596,3481,615
2011_09_26_drive_0017_sync,0000000039,2,0.40822896361351013,7.22239351272583,-30.03575325012207,-2.0271522998809814,True,52,0.6394205689430237,0.666669487953186,0.08936343342065811,7.308338642120361,-30.04596519470215,-2.004904270172119,3481,615
2011_09_26_drive_0017_sync,0000000039,3,0.8620732426643372,15.967008590698242,10.303454399108887,-1.6568689346313477,True,79,0.887688159942627,0.7965674996376038,0.19218209385871887,15.869698524475098,10.140646934509277,-1.6259102821350098,3481,615
2011_09_26_drive_0017_sync,0000000040,0,0.39646291732788086,16.96771240234375,-20.53136444091797,-1.7468189001083374,True,79,0.231923907995224,0.6546518802642822,0.3438585102558136,17.04712677001953,-20.859588623046875,-1.8116333484649658,3452,644
2011_09_26_drive_0017_sync,0000000040,1,0.8623573780059814,12.425390243530273,-8.284430503845215,-1.691420555114746,True,16,0.870823323726654,0.8492450714111328,0.10399435460567474,12.473642349243164,-8.25202751159668,-1.60518479347229,3452,644
2011_09_26_drive_0017_sync,0000000040,2,0.8748337030410767,15.734097480773926,9.045246124267578,-1.5633656978607178,True,58,0.8582755327224731,0.9066744446754456,0.04826286435127258,15.754815101623535,9.054109573364258,-1.6060450077056885,3452,644
2011_09_26_drive_0017_sync,0000000040,3,0.7261855602264404,6.891726016998291,-31.164508819580078,-1.9941356182098389,True,90,0.7029170989990234,0.824585497379303,0.095700204372406,6.971485137939453,-31.216978073120117,-2.000767946243286,3452,644
2011_09_26_drive_0017_sync,0000000041,0,0.8665037155151367,12.213214874267578,-9.543170928955078,-1.642371654510498,True,76,0.8692607879638672,0.8906295895576477,0.12690751254558563,12.190439224243164,-9.420446395874023,-1.6194484233856201,3450,646
2011_09_26_drive_0017_sync,0000000041,1,0.8702792525291443,15.5564546585083,8.016164779663086,-1.5279560089111328,True,57,0.8222208023071289,0.8919174075126648,0.07077307999134064,15.574986457824707,8.083274841308594,-1.5406697988510132,3450,646
2011_09_26_drive_0017_sync,0000000041,2,0.7737342119216919,16.894338607788086,-20.525636672973633,-1.7788130044937134,True,15,0.7781047224998474,0.9276995062828064,0.06459565460681915,16.889951705932617,-20.578813552856445,-1.742404580116272,3450,646
2011_09_26_drive_0017_sync,0000000041,3,0.7110903859138489,6.609713077545166,-32.25072479248047,-2.0300936698913574,True,86,0.6104393601417542,0.7799896001815796,0.17215587198734283,6.686056613922119,-32.38203048706055,-1.949049711227417,3450,646
2011_09_26_drive_0017_sync,0000000042,0,0.4945148229598999,-1.1536349058151245,-8.21617603302002,-1.7845544815063477,True,81,0.3842535614967346,0.5837603211402893,0.2092353105545044,-1.3360402584075928,-8.117280960083008,-1.7575829029083252,3423,673
2011_09_26_drive_0017_sync,0000000042,1,0.509312093257904,16.82553482055664,-20.446998596191406,-1.7288384437561035,True,16,0.05833114683628082,0.5356143712997437,0.17187203466892242,16.772762298583984,-20.540891647338867,-1.8627755641937256,3423,673
2011_09_26_drive_0017_sync,0000000042,2,0.7363114356994629,6.302468299865723,-33.306026458740234,-2.0310044288635254,True,53,0.7097483277320862,0.8723269701004028,0.08236237615346909,6.294057846069336,-33.376129150390625,-2.0734124183654785,3423,673
2011_09_26_drive_0017_sync,0000000042,3,0.8714633584022522,11.910894393920898,-10.626852035522461,-1.6758408546447754,True,96,0.890813946723938,0.913148045539856,0.08682113885879517,11.881804466247559,-10.696097373962402,-1.7193927764892578,3423,673
2011_09_26_drive_0017_sync,0000000042,4,0.8798558115959167,15.309952735900879,6.982305526733398,-1.5612351894378662,True,71,0.8354332447052002,0.8260765075683594,0.048821184784173965,15.303611755371094,7.026167392730713,-1.540755033493042,3423,673
2011_09_26_drive_0017_sync,0000000043,0,0.8743720054626465,11.66659164428711,-11.727337837219238,-1.6516152620315552,True,80,0.8616151213645935,0.9437424540519714,0.030642591416835785,11.676802635192871,-11.729717254638672,-1.6804083585739136,3501,595
2011_09_26_drive_0017_sync,0000000043,1,0.7727735638618469,5.8842597007751465,-34.488037109375,-1.9159228801727295,True,52,0.7506300210952759,0.747395396232605,0.2238851636648178,5.981049060821533,-34.689605712890625,-1.9046765565872192,3501,595
2011_09_26_drive_0017_sync,0000000043,2,0.32666587829589844,-1.1984682083129883,-8.281438827514648,-1.737314224243164,True,3,0.4148080348968506,0.6724110245704651,0.2092306911945343,-1.2067712545394897,-8.485754013061523,-1.6929988861083984,3501,595
2011_09_26_drive_0017_sync,0000000043,3,0.7736485004425049,15.14441204071045,5.901736259460449,-1.5692204236984253,True,54,0.8309600353240967,0.8502500653266907,0.131093829870224,15.173388481140137,5.784369468688965,-1.6199253797531128,3501,595
2011_09_26_drive_0017_sync,0000000044,0,0.6812009215354919,5.546175479888916,-35.77582550048828,-2.0622119903564453,True,30,0.7304951548576355,0.7550649046897888,0.17211748659610748,5.698380947113037,-35.85285186767578,-2.0851218700408936,3490,606
2011_09_26_drive_0017_sync,0000000044,1,0.860397219657898,14.91197395324707,4.636760234832764,-1.5926629304885864,True,37,0.838714599609375,0.8121643662452698,0.09925903379917145,14.867802619934082,4.650717735290527,-1.6804492473602295,3490,606
2011_09_26_drive_0017_sync,0000000044,2,0.8591341972351074,11.43271255493164,-13.095512390136719,-1.666227102279663,True,16,0.823498010635376,0.8959169983863831,0.08198443800210953,11.478911399841309,-13.161205291748047,-1.6827061176300049,3490,606
2011_09_26_drive_0017_sync,0000000045,0,0.8625537753105164,14.6940279006958,3.6115169525146484,-1.6010985374450684,True,87,0.8416193127632141,0.7567563652992249,0.15295422077178955,14.785999298095703,3.523413896560669,-1.6857986450195312,3464,632
2011_09_26_drive_0017_sync,0000000045,1,0.6161326766014099,5.201183795928955,-36.870479583740234,-2.022853374481201,True,44,0.4935620427131653,0.7654930353164673,0.1310957372188568,5.141735076904297,-36.93086624145508,-1.9228264093399048,3464,632
2011_09_26_drive_0017_sync,0000000045,2,0.871817946434021,11.1869478225708,-14.123820304870605,-1.737414836883545,True,55,0.8536523580551147,0.8565120100975037,0.12198634445667267,11.13063907623291,-14.018484115600586,-1.7126301527023315,3464,632
2011_09_26_drive_0017_sync,0000000046,0,0.5176061391830444,5.054450988769531,-38.13195037841797,-2.0632052421569824,True,53,0.5102238655090332,0.6901004910469055,0.2681178152561188,5.020768165588379,-37.872802734375,-2.0032458305358887,3497,599
2011_09_26_drive_0017_sync,0000000046,1,0.8604306578636169,14.562278747558594,2.3762154579162598,-1.54896879196167,True,54,0.8844853639602661,0.8574979901313782,0.0666932463645935,14.534887313842773,2.3214797973632812,-1.5754585266113281,3497,599
2011_09_26_drive_0017_sync,0000000046,2,0.8624035716056824,10.978018760681152,-15.255598068237305,-1.7054778337478638,True,81,0.8435999751091003,0.8579853773117065,0.11748304218053818,10.907318115234375,-15.164265632629395,-1.683982014656067,3497,599
2011_09_26_drive_0017_sync,0000000047,0,0.690440833568573,4.54350471496582,-39.02889633178711,-2.159956932067871,True,54,0.6979293823242188,0.8843124508857727,0.07548652589321136,4.615366458892822,-39.043312072753906,-2.1418933868408203,3467,629
2011_09_26_drive_0017_sync,0000000047,1,0.3078996241092682,-1.2890639305114746,-8.03718376159668,-1.8010011911392212,False,,,0.0,,,,,3467,629
2011_09_26_drive_0017_sync,0000000047,2,0.5506250262260437,17.223718643188477,-20.486875534057617,-1.7656834125518799,True,26,0.6281044483184814,0.8244313597679138,0.11398354172706604,17.149150848388672,-20.44660758972168,-1.6894575357437134,3467,629
2011_09_26_drive_0017_sync,0000000047,3,0.8698717355728149,10.684814453125,-16.542821884155273,-1.771899700164795,True,95,0.8572625517845154,0.8756704330444336,0.09865458309650421,10.657367706298828,-16.4595890045166,-1.7266041040420532,3467,629
2011_09_26_drive_0017_sync,0000000047,4,0.8910341262817383,14.358770370483398,1.260432243347168,-1.671229362487793,True,61,0.8670909404754639,0.8332592844963074,0.1120510995388031,14.40267562866211,1.3446919918060303,-1.611831784248352,3467,629
2011_09_26_drive_0017_sync,0000000047,5,0.33287087082862854,22.890565872192383,16.076982498168945,-1.045264720916748,True,83,0.2644027769565582,0.6176883578300476,0.33552008867263794,23.208267211914062,16.130775451660156,-0.9517451524734497,3467,629
2011_09_26_drive_0017_sync,0000000048,0,0.8147428035736084,10.335217475891113,-17.649980545043945,-1.7401134967803955,True,88,0.7688419222831726,0.8098368644714355,0.11610714346170425,10.292067527770996,-17.556554794311523,-1.6863493919372559,3487,609
2011_09_26_drive_0017_sync,0000000048,1,0.49564626812934875,-1.104813814163208,-8.500886917114258,-1.76327383518219,True,85,0.33349791169166565,0.7905409336090088,0.14066477119922638,-0.9655545353889465,-8.518990516662598,-1.771378993988037,3487,609
2011_09_26_drive_0017_sync,0000000048,2,0.5526803731918335,16.977243423461914,-20.361547470092773,-1.6569499969482422,True,7,0.5734107494354248,0.7647561430931091,0.30131030082702637,16.960054397583008,-20.65260887145996,-1.7329480648040771,3487,609
2011_09_26_drive_0017_sync,0000000048,3,0.8708609342575073,14.175797462463379,0.24875903129577637,-1.6423852443695068,True,29,0.8713100552558899,0.8573651909828186,0.12367986887693405,14.20630931854248,0.13003787398338318,-1.625922441482544,3487,609
2011_09_26_drive_0017_sync,0000000049,0,0.47961530089378357,-1.3070299625396729,-8.343857765197754,-1.822413682937622,True,59,0.440059095621109,0.8909446001052856,0.06965426355600357,-1.2847142219543457,-8.333871841430664,-1.7571909427642822,3463,633
2011_09_26_drive_0017_sync,0000000049,1,0.5314677357673645,16.72654914855957,-20.38711166381836,-1.7567367553710938,True,71,0.5220538973808289,0.5713845491409302,0.34681808948516846,17.023391723632812,-20.550039291381836,-1.6817576885223389,3463,633
2011_09_26_drive_0017_sync,0000000049,2,0.8671157956123352,13.999250411987305,-0.9972894787788391,-1.591016173362732,True,99,0.8813148736953735,0.9153936505317688,0.024526147171854973,13.993990898132324,-0.9764962792396545,-1.6029120683670044,3463,633
2011_09_26_drive_0017_sync,0000000049,3,0.7626364231109619,10.187954902648926,-18.827051162719727,-1.6045150756835938,True,43,0.7437741756439209,0.8391338586807251,0.1107594221830368,10.141823768615723,-18.74580955505371,-1.6640076637268066,3463,633
2011_09_26_drive_0017_sync,0000000050,0,0.3010888993740082,9.44259262084961,-19.751867294311523,-1.7434124946594238,True,88,0.14669866859912872,0.6506056189537048,0.21575625240802765,9.632550239562988,-19.84066390991211,-1.7942261695861816,3480,616
2011_09_26_drive_0017_sync,0000000050,1,0.39004626870155334,-0.7430787682533264,-8.606179237365723,-1.7551398277282715,False,,,0.0,,,,,3480,616
2011_09_26_drive_0017_sync,0000000050,2,0.8815720081329346,13.799664497375488,-2.1490769386291504,-1.6360197067260742,True,75,0.8468166589736938,0.8748053312301636,0.034804049879312515,13.779335975646973,-2.138728618621826,-1.662306308746338,3480,616
2011_09_26_drive_0017_sync,0000000051,0,0.855924665927887,13.625855445861816,-3.165595531463623,-1.6554176807403564,True,96,0.835136353969574,0.9191884994506836,0.13654844462871552,13.618243217468262,-3.301931619644165,-1.6554017066955566,3468,628
2011_09_26_drive_0017_sync,0000000051,1,0.7607780694961548,9.618546485900879,-21.156770706176758,-1.7753021717071533,True,77,0.7379742860794067,0.8139554858207703,0.1189318299293518,9.702731132507324,-21.136323928833008,-1.6938180923461914,3468,628
2011_09_26_drive_0017_sync,0000000051,2,0.7345454692840576,16.911638259887695,-20.53592872619629,-1.7697341442108154,True,7,0.5192990303039551,0.6770020127296448,0.27261021733283997,16.708370208740234,-20.71295166015625,-1.7289750576019287,3468,628
2011_09_26_drive_0017_sync,0000000052,0,0.86726975440979,13.38740062713623,-4.298693656921387,-1.6585967540740967,True,51,0.8757713437080383,0.8201708197593689,0.12714241445064545,13.494986534118652,-4.366441249847412,-1.659452199935913,3469,627
2011_09_26_drive_0017_sync,0000000052,1,0.3532298803329468,-1.4115370512008667,-7.968730926513672,-1.8035796880722046,True,95,0.4224865436553955,0.5395122170448303,0.4496511220932007,-1.2410130500793457,-8.383439064025879,-1.7700409889221191,3469,627
2011_09_26_drive_0017_sync,0000000052,2,0.8101556301116943,9.360156059265137,-22.47679901123047,-1.8047319650650024,True,9,0.7558640837669373,0.7982086539268494,0.10708149522542953,9.36750602722168,-22.38327407836914,-1.8563605546951294,3469,627
2011_09_26_drive_0017_sync,0000000052,3,0.767232358455658,16.95004653930664,-20.347251892089844,-1.7063267230987549,True,25,0.7959309816360474,0.7391443848609924,0.21438321471214294,17.1633358001709,-20.360944747924805,-1.6895828247070312,3469,627
2011_09_26_drive_0017_sync,0000000053,0,0.8718604445457458,13.176374435424805,-5.540804386138916,-1.6297005414962769,True,81,0.8971214890480042,0.8567289710044861,0.09429889917373657,13.212198257446289,-5.625497817993164,-1.6505801677703857,3482,614
2011_09_26_drive_0017_sync,0000000053,1,0.6837720274925232,8.869604110717773,-23.506986618041992,-1.7743070125579834,True,23,0.6629477739334106,0.7468260526657104,0.2209993302822113,9.079924583435059,-23.573129653930664,-1.7895090579986572,3482,614
2011_09_26_drive_0017_sync,0000000053,2,0.5507341027259827,16.976036071777344,-20.51591682434082,-1.7522393465042114,True,31,0.7740931510925293,0.7050484418869019,0.2784354090690613,16.822717666625977,-20.747417449951172,-1.7315703630447388,3482,614
2011_09_26_drive_0017_sync,0000000054,0,0.856515109539032,13.030617713928223,-6.741137981414795,-1.7067177295684814,True,34,0.860830545425415,0.8349286913871765,0.13376891613006592,13.091597557067871,-6.622653007507324,-1.7184178829193115,3462,634
2011_09_26_drive_0017_sync,0000000054,1,0.7782506942749023,8.823325157165527,-24.86738395690918,-1.770625352859497,True,78,0.7701929807662964,0.9257315397262573,0.05140693858265877,8.814190864562988,-24.816797256469727,-1.7701526880264282,3462,634
2011_09_26_drive_0017_sync,0000000054,2,0.6861393451690674,16.914506912231445,-20.48653793334961,-1.75014328956604,True,89,0.8030946850776672,0.8736398816108704,0.14908914268016815,16.921472549438477,-20.337718963623047,-1.7444894313812256,3462,634
2011_09_26_drive_0017_sync,0000000054,3,0.3924245238304138,-1.178285002708435,-8.32458209991455,-1.82032310962677,True,70,0.23795463144779205,0.7157390117645264,0.2353115677833557,-1.0003961324691772,-8.47740364074707,-1.8396275043487549,3462,634
2011_09_26_drive_0017_sync,0000000055,0,0.8757519125938416,12.856472969055176,-7.770236968994141,-1.6220496892929077,True,46,0.8684488534927368,0.8723756074905396,0.08257036656141281,12.838520050048828,-7.808268070220947,-1.6931073665618896,3507,589
2011_09_26_drive_0017_sync,0000000055,1,0.5002753734588623,17.240142822265625,-20.48251724243164,-1.8092485666275024,True,4,0.5285841822624207,0.7296428680419922,0.1994227021932602,17.093427658081055,-20.597732543945312,-1.7387537956237793,3507,589
2011_09_26_drive_0017_sync,0000000055,2,0.6557742357254028,8.619379043579102,-25.99481773376465,-1.803990125656128,True,82,0.7519149780273438,0.8237590789794922,0.1150374561548233,8.584450721740723,-26.006284713745117,-1.9129953384399414,3507,589
2011_09_26_drive_0017_sync,0000000056,0,0.7613308429718018,8.254199028015137,-27.077125549316406,-1.856902837753296,True,40,0.8133769035339355,0.8618932366371155,0.07790758460760117,8.291959762573242,-27.120643615722656,-1.8044633865356445,3462,634
2011_09_26_drive_0017_sync,0000000056,1,0.8557355403900146,12.561098098754883,-8.97718620300293,-1.6778793334960938,True,35,0.8779507875442505,0.9045954942703247,0.05709921941161156,12.605074882507324,-8.969615936279297,-1.6422555446624756,3462,634
2011_09_26_drive_0017_sync,0000000056,2,0.40359076857566833,-1.2010010480880737,-8.256985664367676,-1.731147050857544,True,41,0.3310554325580597,0.6100589632987976,0.10404361039400101,-1.2977262735366821,-8.275962829589844,-1.764451265335083,3462,634
2011_09_26_drive_0017_sync,0000000056,3,0.7386518716812134,17.11252784729004,-20.588886260986328,-1.72185480594635,True,98,0.7802881598472595,0.6615498661994934,0.28551456332206726,16.831195831298828,-20.60997200012207,-1.7657439708709717,3462,634
2011_09_26_drive_0017_sync,0000000057,0,0.8257797956466675,7.863415718078613,-28.266935348510742,-1.9536550045013428,True,16,0.8151218295097351,0.9163926243782043,0.04653333127498627,7.895764350891113,-28.238439559936523,-1.936136245727539,3480,616
2011_09_26_drive_0017_sync,0000000057,1,0.4371243715286255,-1.3431681394577026,-8.229735374450684,-1.8209120035171509,True,34,0.5694746971130371,0.7346987128257751,0.18889358639717102,-1.2545480728149414,-8.390711784362793,-1.7771642208099365,3480,616
2011_09_26_drive_0017_sync,0000000057,2,0.8872761130332947,12.365306854248047,-10.017754554748535,-1.7447612285614014,True,57,0.8839078545570374,0.8966995477676392,0.12230479717254639,12.371196746826172,-10.139759063720703,-1.7385425567626953,3480,616
2011_09_26_drive_0017_sync,0000000057,3,0.4951331913471222,16.852941513061523,-20.52670669555664,-1.7932764291763306,True,99,0.6922343969345093,0.9258843064308167,0.057396456599235535,16.85505485534668,-20.580163955688477,-1.7724868059158325,3480,616
2011_09_26_drive_0017_sync,0000000058,0,0.8682230710983276,12.093368530273438,-11.332884788513184,-1.7282400131225586,True,37,0.8438188433647156,0.8849917650222778,0.10676005482673645,12.11064338684082,-11.228822708129883,-1.7117969989776611,3466,630
2011_09_26_drive_0017_sync,0000000058,1,0.715182363986969,7.95820951461792,-29.417505264282227,-1.9159998893737793,True,65,0.772774875164032,0.7720543742179871,0.1976679414510727,8.118998527526855,-29.523950576782227,-1.9594614505767822,3466,630
2011_09_26_drive_0017_sync,0000000058,2,0.6348909735679626,16.87977409362793,-20.410202026367188,-1.7482830286026,True,82,0.43841785192489624,0.7991851568222046,0.13157173991203308,16.81345558166504,-20.502883911132812,-1.8140329122543335,3466,630
2011_09_26_drive_0017_sync,0000000058,3,0.4013875722885132,-1.1224472522735596,-8.209580421447754,-1.7942198514938354,True,52,0.31543421745300293,0.7426424026489258,0.20148015022277832,-1.0598244667053223,-8.400931358337402,-1.8017997741699219,3466,630
2011_09_26_drive_0017_sync,0000000059,0,0.8615044951438904,11.907269477844238,-12.362372398376465,-1.7578115463256836,True,11,0.8535305261611938,0.8896450996398926,0.09782931953668594,11.883362770080566,-12.438590049743652,-1.8142908811569214,3543,553
2011_09_26_drive_0017_sync,0000000060,0,0.4084235429763794,-1.420711636543274,-8.100711822509766,-1.73876953125,True,81,0.292834997177124,0.8265935182571411,0.19236654043197632,-1.2415379285812378,-8.130427360534668,-1.8021624088287354,3511,585
2011_09_26_drive_0017_sync,0000000060,1,0.437722384929657,6.8653669357299805,-31.693721771240234,-1.9497793912887573,False,,,0.0,,,,,3511,585
2011_09_26_drive_0017_sync,0000000060,2,0.8759632706642151,11.66738510131836,-13.582467079162598,-1.7259302139282227,True,76,0.8625221252441406,0.7947357892990112,0.0867219790816307,11.618729591369629,-13.510798454284668,-1.7218129634857178,3511,585
2011_09_26_drive_0017_sync,0000000061,0,0.5333665609359741,6.854767322540283,-32.70449447631836,-2.051591157913208,True,27,0.5635486841201782,0.610281765460968,0.33729246258735657,6.565777778625488,-32.55681228637695,-1.9597150087356567,3528,568
2011_09_26_drive_0017_sync,0000000061,1,0.48190057277679443,-1.257928490638733,-8.446694374084473,-1.7231688499450684,True,96,0.45978105068206787,0.7661296725273132,0.1460721492767334,-1.179121732711792,-8.548118591308594,-1.7927367687225342,3528,568
2011_09_26_drive_0017_sync,0000000061,2,0.8798507452011108,11.375055313110352,-14.729434967041016,-1.6979055404663086,True,51,0.863006055355072,0.8358479142189026,0.08405115455389023,11.445199966430664,-14.739100456237793,-1.743192434310913,3528,568
2011_09_26_drive_0017_sync,0000000062,0,0.41868847608566284,-1.4246375560760498,-8.056591987609863,-1.7212302684783936,True,2,0.44451990723609924,0.6437511444091797,0.2503957450389862,-1.3235969543457031,-8.263941764831543,-1.8186720609664917,3504,592
2011_09_26_drive_0017_sync,0000000062,1,0.3765982389450073,7.667757511138916,-30.468189239501953,-1.926120638847351,False,,,0.0,,,,,3504,592
2011_09_26_drive_0017_sync,0000000062,2,0.8214322328567505,11.197307586669922,-15.770855903625488,-1.7577824592590332,True,96,0.8019627928733826,0.7236003875732422,0.15674936771392822,11.221895217895508,-15.83518123626709,-1.6169703006744385,3504,592
2011_09_26_drive_0017_sync,0000000062,3,0.42697495222091675,17.71014404296875,-20.078907012939453,-1.73710298538208,False,,,0.0,,,,,3504,592
2011_09_26_drive_0017_sync,0000000062,4,0.46035897731781006,6.347943305969238,-33.91545486450195,-1.9345136880874634,True,19,0.6689261794090271,0.7605617642402649,0.22325104475021362,6.3439435958862305,-33.708099365234375,-1.8518775701522827,3504,592
2011_09_26_drive_0017_sync,0000000063,0,0.34793621301651,-1.209812045097351,-8.354869842529297,-1.807781457901001,True,90,0.21025310456752777,0.8580976128578186,0.1069759726524353,-1.1137168407440186,-8.30959701538086,-1.8204282522201538,3512,584
2011_09_26_drive_0017_sync,0000000063,1,0.3118544816970825,17.908023834228516,-19.9560546875,-1.8054449558258057,True,4,0.19369156658649445,0.6558363437652588,0.12958231568336487,17.886510848999023,-20.05282974243164,-1.7219982147216797,3512,584
2011_09_26_drive_0017_sync,0000000063,2,0.8283888697624207,10.96277141571045,-16.90024185180664,-1.7465832233428955,True,79,0.8263067007064819,0.9241466522216797,0.05904456228017807,10.991605758666992,-16.95119857788086,-1.7389508485794067,3512,584
2011_09_26_drive_0017_sync,0000000063,3,0.6196987628936768,5.926919937133789,-35.094085693359375,-2.0780396461486816,True,82,0.6030218601226807,0.5545674562454224,0.3806301951408386,6.2776288986206055,-35.159690856933594,-1.945455551147461,3512,584
2011_09_26_drive_0017_sync,0000000064,0,0.45149552822113037,5.949004650115967,-36.08594512939453,-1.9310578107833862,True,59,0.24822714924812317,0.5325497984886169,0.29185834527015686,5.659490585327148,-36.10763168334961,-1.9011813402175903,3558,538
2011_09_26_drive_0017_sync,0000000064,1,0.7402969002723694,16.9598388671875,-20.484092712402344,-1.6808977127075195,True,37,0.7735610604286194,0.7757416367530823,0.17820654809474945,16.993013381958008,-20.645523071289062,-1.7487008571624756,3558,538
2011_09_26_drive_0017_sync,0000000064,2,0.8707732558250427,10.675494194030762,-17.965452194213867,-1.7689576148986816,True,18,0.757136344909668,0.8056377172470093,0.13859692215919495,10.701007843017578,-18.090158462524414,-1.7141259908676147,3558,538
2011_09_26_drive_0017_sync,0000000065,0,0.8113228678703308,10.431045532226562,-19.171619415283203,-1.7027816772460938,True,94,0.8221524357795715,0.9165589809417725,0.041607487946748734,10.412711143493652,-19.13678550720215,-1.6893045902252197,3547,549
2011_09_26_drive_0017_sync,0000000065,1,0.4284818172454834,-1.4281429052352905,-7.847053527832031,-1.857338309288025,True,23,0.3477197289466858,0.7564507126808167,0.18433552980422974,-1.4224950075149536,-8.017108917236328,-1.786423921585083,3547,549
2011_09_26_drive_0017_sync,0000000065,2,0.6993414759635925,5.191180229187012,-37.393280029296875,-2.0789458751678467,True,44,0.7107787728309631,0.8831608891487122,0.09734594821929932,5.118398189544678,-37.427330017089844,-2.133896827697754,3547,549
2011_09_26_drive_0017_sync,0000000066,0,0.4617338180541992,16.803417205810547,-20.62531089782715,-1.7003222703933716,False,,,0.0,,,,,3548,548
2011_09_26_drive_0017_sync,0000000066,1,0.8615802526473999,10.138165473937988,-20.405845642089844,-1.7784833908081055,True,46,0.8585845232009888,0.8893153667449951,0.09312651306390762,10.215776443481445,-20.355817794799805,-1.766387939453125,3548,548
2011_09_26_drive_0017_sync,0000000067,0,0.8397327661514282,9.851853370666504,-21.29962730407715,-1.755800724029541,True,56,0.796148419380188,0.8769514560699463,0.09539952874183655,9.79460334777832,-21.372045516967773,-1.7798653841018677,3529,567
2011_09_26_drive_0017_sync,0000000067,1,0.7571102976799011,16.99666976928711,-20.601369857788086,-1.7426813840866089,True,7,0.7633666396141052,0.819308876991272,0.1153293028473854,16.92980194091797,-20.55225372314453,-1.662574291229248,3529,567
2011_09_26_drive_0017_sync,0000000068,0,0.3587266802787781,-1.1671841144561768,-8.239276885986328,-1.7807159423828125,True,60,0.33792808651924133,0.5709809064865112,0.34785324335098267,-1.0535260438919067,-8.557887077331543,-1.8617793321609497,3531,565
2011_09_26_drive_0017_sync,0000000068,1,0.706921398639679,16.862913131713867,-20.641210556030273,-1.739287257194519,True,36,0.770470142364502,0.9074646830558777,0.05609944462776184,16.86817741394043,-20.587583541870117,-1.7236802577972412,3531,565
2011_09_26_drive_0017_sync,0000000068,2,0.7897080779075623,9.61148452758789,-22.341585159301758,-1.805497407913208,True,65,0.6233814358711243,0.8004122972488403,0.0626361072063446,9.581381797790527,-22.328285217285156,-1.7522037029266357,3531,565
2011_09_26_drive_0017_sync,0000000069,0,0.46733754873275757,-1.166337013244629,-8.429877281188965,-1.7691330909729004,True,53,0.22832386195659637,0.7913804650306702,0.2271772176027298,-1.0235053300857544,-8.253360748291016,-1.776240348815918,3547,549
2011_09_26_drive_0017_sync,0000000069,1,0.7934848070144653,16.957618713378906,-20.634931564331055,-1.7411105632781982,True,66,0.6505755186080933,0.7660964727401733,0.187740758061409,16.876968383789062,-20.714988708496094,-1.8905527591705322,3547,549
2011_09_26_drive_0017_sync,0000000069,2,0.8021475672721863,9.363479614257812,-23.622787475585938,-1.7187628746032715,True,59,0.8030956387519836,0.8736556768417358,0.07502613216638565,9.420199394226074,-23.606433868408203,-1.7650699615478516,3547,549
2011_09_26_drive_0017_sync,0000000070,0,0.8174343705177307,9.174356460571289,-24.765926361083984,-1.7853524684906006,True,91,0.7881342172622681,0.9057891368865967,0.06506957858800888,9.126830101013184,-24.731414794921875,-1.813356876373291,3571,525
2011_09_26_drive_0017_sync,0000000070,1,0.7908689975738525,16.877323150634766,-20.644182205200195,-1.71858549118042,True,84,0.8345945477485657,0.7848236560821533,0.2410418838262558,17.001005172729492,-20.44147300720215,-1.7599730491638184,3571,525
2011_09_26_drive_0017_sync,0000000071,0,0.34695374965667725,-1.295157790184021,-8.043045997619629,-1.8129324913024902,True,64,0.12077280133962631,0.5193654298782349,0.3314107358455658,-1.1973649263381958,-8.356114387512207,-1.7654160261154175,3530,566
2011_09_26_drive_0017_sync,0000000071,1,0.80640709400177,8.852799415588379,-25.844331741333008,-1.9522554874420166,True,81,0.7227182388305664,0.6358693838119507,0.2544115483760834,8.809531211853027,-25.747596740722656,-1.7209646701812744,3530,566
2011_09_26_drive_0017_sync,0000000072,0,0.39383402466773987,-0.9269530177116394,-8.295496940612793,-1.7994729280471802,True,60,0.41704002022743225,0.8364427089691162,0.14165128767490387,-1.0594048500061035,-8.330154418945312,-1.8358110189437866,3571,525
2011_09_26_drive_0017_sync,0000000072,1,0.49865683913230896,8.786359786987305,-27.046485900878906,-1.902496099472046,True,58,0.745361864566803,0.6874414086341858,0.2467207908630371,8.540670394897461,-27.065397262573242,-1.8902392387390137,3571,525
2011_09_26_drive_0017_sync,0000000072,2,0.4721944332122803,16.960281372070312,-20.728715896606445,-1.7330219745635986,True,81,0.6887920498847961,0.6897900104522705,0.22579161822795868,16.92024040222168,-20.530855178833008,-1.834164023399353,3571,525
2011_09_26_drive_0017_sync,0000000073,0,0.6779351234436035,8.358817100524902,-28.040603637695312,-1.8661437034606934,True,82,0.757297694683075,0.7469541430473328,0.21872968971729279,8.577425003051758,-28.04754638671875,-1.8683937788009644,3572,524
2011_09_26_drive_0017_sync,0000000073,1,0.770581841468811,16.822418212890625,-20.60820960998535,-1.7636088132858276,True,3,0.732362687587738,0.7591909170150757,0.14481861889362335,16.89697265625,-20.728864669799805,-1.7343441247940063,3572,524
2011_09_26_drive_0017_sync,0000000074,0,0.5518185496330261,23.482698440551758,16.09817123413086,-1.241771936416626,True,55,0.0006308350712060928,0.6792064309120178,0.33051222562789917,23.658884048461914,16.36802864074707,-1.3150790929794312,3559,537
2011_09_26_drive_0017_sync,0000000074,1,0.7173458933830261,17.061281204223633,-20.464797973632812,-1.724684476852417,True,67,0.5510839819908142,0.6195347905158997,0.24138765037059784,16.82990074157715,-20.516502380371094,-1.6793222427368164,3559,537
2011_09_26_drive_0017_sync,0000000074,2,0.5676437020301819,8.106764793395996,-29.31422996520996,-1.9306550025939941,True,81,0.7152901887893677,0.8994751572608948,0.11218353360891342,8.087822914123535,-29.20479393005371,-1.9148403406143188,3559,537
2011_09_26_drive_0017_sync,0000000075,0,0.7778787016868591,7.899710178375244,-30.466266632080078,-1.8888698816299438,True,29,0.6852625608444214,0.8912215828895569,0.07265912741422653,7.876433372497559,-30.40683364868164,-1.9235867261886597,3566,530
2011_09_26_drive_0017_sync,0000000075,1,0.6127757430076599,16.863107681274414,-20.732372283935547,-1.726364016532898,True,5,0.7285767793655396,0.7302177548408508,0.17862623929977417,16.981990814208984,-20.59937858581543,-1.7356812953948975,3566,530
2011_09_26_drive_0017_sync,0000000076,0,0.8047422766685486,16.84142303466797,-20.473709106445312,-1.7519046068191528,True,88,0.7690528631210327,0.7746536135673523,0.10936850309371948,16.936168670654297,-20.52151107788086,-1.7254526615142822,3554,542
2011_09_26_drive_0017_sync,0000000076,1,0.6396386027336121,7.746295928955078,-31.388437271118164,-2.003031015396118,True,70,0.6816767454147339,0.5987726449966431,0.2714366018772125,7.5366597175598145,-31.317699432373047,-1.8457839488983154,3554,542
2011_09_26_drive_0017_sync,0000000077,0,0.43658632040023804,-1.4981870651245117,-8.091227531433105,-1.7293689250946045,False,,,0.0,,,,,3544,552
2011_09_26_drive_0017_sync,0000000077,1,0.7091790437698364,17.09977149963379,-20.62600326538086,-1.8326294422149658,True,54,0.670025646686554,0.7574988603591919,0.1910746693611145,16.96118927001953,-20.50421905517578,-1.7828991413116455,3544,552
2011_09_26_drive_0017_sync,0000000077,2,0.7023607492446899,7.165775775909424,-32.55813217163086,-2.010542869567871,True,31,0.7637752890586853,0.8253235816955566,0.11602803319692612,7.249824523925781,-32.63805389404297,-2.007251739501953,3544,552
2011_09_26_drive_0017_sync,0000000078,0,0.7090482115745544,7.028488636016846,-33.65361404418945,-1.923797845840454,True,51,0.7079495191574097,0.8582578301429749,0.05965373292565346,6.979555606842041,-33.686973571777344,-1.916637659072876,3559,537
2011_09_26_drive_0017_sync,0000000078,1,0.492841899394989,-0.3882145881652832,-19.548660278320312,-1.934807300567627,True,70,0.37393060326576233,0.7134568691253662,0.2426244169473648,-0.15788286924362183,-19.472551345825195,-1.939426064491272,3559,537
2011_09_26_drive_0017_sync,0000000078,2,0.3786396384239197,-0.9565470218658447,-8.706957817077637,-1.78076171875,True,2,0.17579469084739685,0.8103293180465698,0.12000308930873871,-0.9984253644943237,-8.603261947631836,-1.8242831230163574,3559,537
2011_09_26_drive_0017_sync,0000000078,3,0.6708126664161682,16.878643035888672,-20.5989990234375,-1.7378168106079102,True,4,0.36063089966773987,0.798720121383667,0.18540962040424347,16.862876892089844,-20.772245407104492,-1.6736775636672974,3559,537
2011_09_26_drive_0017_sync,0000000079,0,0.6925526857376099,16.80791473388672,-20.56328773498535,-1.6902656555175781,True,5,0.7377589344978333,0.7455395460128784,0.10613800585269928,16.846403121948242,-20.495248794555664,-1.762061357498169,3522,574
2011_09_26_drive_0017_sync,0000000079,1,0.6219116449356079,6.7768402099609375,-34.78467559814453,-2.1228621006011963,True,88,0.5552043914794922,0.6827049851417542,0.22861626744270325,6.941390514373779,-34.92921829223633,-2.0573182106018066,3522,574
2011_09_26_drive_0017_sync,0000000080,0,0.7272320985794067,0.5483297109603882,-20.80603790283203,-1.8856306076049805,True,64,0.8018571138381958,0.6099193096160889,0.2512257993221283,0.7442991733551025,-20.73161506652832,-2.024092197418213,3564,532
2011_09_26_drive_0017_sync,0000000080,1,0.4123888611793518,-1.0988106727600098,-8.436651229858398,-1.8525933027267456,False,,,0.0,,,,,3564,532
2011_09_26_drive_0017_sync,0000000080,2,0.49736058712005615,6.240078926086426,-36.04597854614258,-2.2391743659973145,True,36,0.3947027325630188,0.6880928874015808,0.1748305708169937,6.274021625518799,-36.20759963989258,-2.1817963123321533,3564,532
2011_09_26_drive_0017_sync,0000000080,3,0.6013185381889343,16.899898529052734,-20.58819580078125,-1.8237550258636475,False,,,0.0,,,,,3564,532
2011_09_26_drive_0017_sync,0000000081,0,0.6982619762420654,16.90084457397461,-20.551876068115234,-1.804861307144165,True,93,0.6941342949867249,0.8776869177818298,0.09906356781721115,16.889448165893555,-20.54364585876465,-1.7068002223968506,3549,547
2011_09_26_drive_0017_sync,0000000081,1,0.31925761699676514,-1.404750943183899,-8.200688362121582,-1.7152031660079956,True,7,0.06422968208789825,0.5182760953903198,0.3828428387641907,-1.0427871942520142,-8.3244047164917,-1.7308599948883057,3549,547
2011_09_26_drive_0017_sync,0000000081,2,0.8405463695526123,1.137812614440918,-21.106647491455078,-1.8845617771148682,True,63,0.8054365515708923,0.8839637637138367,0.08691737800836563,1.0931942462921143,-21.107709884643555,-1.8099782466888428,3549,547
2011_09_26_drive_0017_sync,0000000082,0,0.33291903138160706,-1.0927822589874268,-8.449862480163574,-1.8072385787963867,True,8,0.15645647048950195,0.8240281939506531,0.09403721243143082,-1.0707004070281982,-8.511979103088379,-1.7401795387268066,3551,545
2011_09_26_drive_0017_sync,0000000082,1,0.8497512936592102,1.4558866024017334,-21.700674057006836,-1.910886526107788,True,65,0.7620571255683899,0.8481471538543701,0.0927593931555748,1.4778298139572144,-21.648527145385742,-1.9843950271606445,3551,545
2011_09_26_drive_0017_sync,0000000082,2,0.30158481001853943,5.737051010131836,-38.16345977783203,-2.1069700717926025,False,,,0.0,,,,,3551,545
2011_09_26_drive_0017_sync,0000000083,0,0.6896697282791138,16.827058792114258,-20.69407844543457,-1.8146111965179443,True,83,0.7257440686225891,0.6750065684318542,0.19526852667331696,16.90007209777832,-20.586669921875,-1.6687953472137451,3566,530
2011_09_26_drive_0017_sync,0000000083,1,0.8682694435119629,1.7930909395217896,-22.17402458190918,-1.9529184103012085,True,51,0.8044838309288025,0.8441221714019775,0.08542300015687943,1.8484421968460083,-22.168474197387695,-2.01774525642395,3566,530
2011_09_26_drive_0017_sync,0000000084,0,0.7706312537193298,16.955293655395508,-20.458324432373047,-1.7681894302368164,True,75,0.7770507335662842,0.7835200428962708,0.117978036403656,16.884035110473633,-20.526653289794922,-1.8327820301055908,3537,559
2011_09_26_drive_0017_sync,0000000084,1,0.4165318012237549,-1.4208418130874634,-8.085977554321289,-1.9064326286315918,True,70,0.3410198986530304,0.5730229020118713,0.27803876996040344,-1.1598196029663086,-8.097115516662598,-1.8113068342208862,3537,559
2011_09_26_drive_0017_sync,0000000084,2,0.7624154686927795,2.1183841228485107,-22.714061737060547,-1.891262173652649,True,72,0.7711033821105957,0.8249884843826294,0.08378845453262329,2.141758680343628,-22.64471435546875,-1.9320675134658813,3537,559
2011_09_26_drive_0017_sync,0000000085,0,0.573552668094635,17.14754867553711,-20.568218231201172,-1.7743308544158936,True,81,0.6726943850517273,0.707167387008667,0.212101012468338,16.996522903442383,-20.431270599365234,-1.7158210277557373,3539,557
2011_09_26_drive_0017_sync,0000000085,1,0.38746699690818787,-1.4912548065185547,-8.182798385620117,-1.86436128616333,True,54,0.4482790529727936,0.9103954434394836,0.1328170746564865,-1.3731886148452759,-8.122057914733887,-1.8609929084777832,3539,557
2011_09_26_drive_0017_sync,0000000085,2,0.7124074101448059,2.5093319416046143,-23.189964294433594,-1.9215086698532104,True,79,0.6625179052352905,0.7366213798522949,0.23232829570770264,2.4076056480407715,-23.28729820251465,-2.1063175201416016,3539,557
2011_09_26_drive_0017_sync,0000000086,0,0.7355434894561768,17.11491584777832,-20.425132751464844,-1.747813105583191,True,73,0.7500561475753784,0.7775468826293945,0.1396844983100891,16.98065948486328,-20.39209747314453,-1.7677042484283447,3581,515
2011_09_26_drive_0017_sync,0000000086,1,0.8134701251983643,2.809037208557129,-23.762821197509766,-1.9413613080978394,True,53,0.7752969861030579,0.7225242257118225,0.1324867308139801,2.901529550552368,-23.726064682006836,-1.8539149761199951,3581,515
2011_09_26_drive_0017_sync,0000000087,0,0.8385739326477051,3.124939203262329,-24.355573654174805,-1.86329185962677,True,40,0.8605116009712219,0.7968681454658508,0.14723879098892212,3.1030197143554688,-24.217618942260742,-1.9098460674285889,3533,563
2011_09_26_drive_0017_sync,0000000087,1,0.49291524291038513,-1.1626670360565186,-8.281323432922363,-1.827709674835205,True,91,0.30256715416908264,0.5613173246383667,0.38464662432670593,-1.3761475086212158,-7.966884136199951,-1.7684894800186157,3533,563
2011_09_26_drive_0017_sync,0000000087,2,0.3890700936317444,5.6759514808654785,37.23945617675781,-0.8512610793113708,False,,,0.0,,,,,3533,563
2011_09_26_drive_0017_sync,0000000088,0,0.8339206576347351,3.430112838745117,-24.97254753112793,-2.0412192344665527,True,56,0.8301557302474976,0.8516369462013245,0.15986000001430511,3.4052109718322754,-25.004682540893555,-1.8866150379180908,3548,548
2011_09_26_drive_0017_sync,0000000089,0,0.7342044711112976,16.897117614746094,-20.386192321777344,-1.7476791143417358,True,66,0.6814943552017212,0.7486062049865723,0.15715914964675903,16.93049430847168,-20.51966094970703,-1.8236470222473145,3554,542
2011_09_26_drive_0017_sync,0000000089,1,0.832877516746521,3.713102340698242,-25.580047607421875,-1.9444459676742554,True,98,0.8351987600326538,0.8795254826545715,0.1141827404499054,3.6662678718566895,-25.484941482543945,-1.986861228942871,3554,542
2011_09_26_drive_0017_sync,0000000090,0,0.8217740058898926,3.9699690341949463,-26.30213737487793,-1.9417918920516968,True,53,0.40533527731895447,0.8070873618125916,0.2028171569108963,3.9563074111938477,-26.176477432250977,-2.1004037857055664,3539,557
2011_09_26_drive_0017_sync,0000000090,1,0.6810598969459534,16.99757194519043,-20.62491798400879,-1.7733359336853027,True,98,0.502524197101593,0.6953449249267578,0.20696577429771423,16.794235229492188,-20.60674476623535,-1.7392956018447876,3539,557
2011_09_26_drive_0017_sync,0000000091,0,0.6822127103805542,4.089990615844727,-26.71124839782715,-1.907785177230835,True,69,0.3215668499469757,0.7518218159675598,0.23885706067085266,4.0628485679626465,-26.936370849609375,-1.9828577041625977,3520,576
2011_09_26_drive_0017_sync,0000000091,1,0.7712757587432861,16.914295196533203,-20.538618087768555,-1.7544372081756592,False,,,0.0,,,,,3520,576
2011_09_26_drive_0017_sync,0000000092,0,0.819317638874054,16.93577003479004,-20.409631729125977,-1.7498831748962402,True,59,0.817914605140686,0.7665253281593323,0.14448139071464539,16.95687484741211,-20.551918029785156,-1.7634503841400146,3535,561
2011_09_26_drive_0017_sync,0000000092,1,0.8770639300346375,4.284204959869385,-27.565189361572266,-2.0323829650878906,True,79,0.8259822726249695,0.8211578130722046,0.12194452434778214,4.265059947967529,-27.455137252807617,-1.98347008228302,3535,561
2011_09_26_drive_0017_sync,0000000093,0,0.3688679337501526,-1.299301266670227,-8.060246467590332,-1.7603576183319092,True,72,0.35811755061149597,0.7671762704849243,0.15692736208438873,-1.2335128784179688,-7.921962261199951,-1.7946441173553467,3565,531
2011_09_26_drive_0017_sync,0000000093,1,0.8197000622749329,4.609518051147461,-28.391630172729492,-1.8597049713134766,True,44,0.8459890484809875,0.8862593770027161,0.048718761652708054,4.603569984436035,-28.390892028808594,-1.9080536365509033,3565,531
2011_09_26_drive_0017_sync,0000000093,2,0.7623753547668457,16.87885093688965,-20.57413673400879,-1.7427074909210205,True,94,0.6851956248283386,0.8729803562164307,0.034920163452625275,16.87133026123047,-20.541095733642578,-1.7511425018310547,3565,531
2011_09_26_drive_0017_sync,0000000094,0,0.5001082420349121,16.7634334564209,-20.835519790649414,-1.8987680673599243,True,97,0.6298386454582214,0.6193284392356873,0.3308519124984741,17.010379791259766,-20.640554428100586,-1.796449899673462,3533,563
2011_09_26_drive_0017_sync,0000000094,1,0.3890332877635956,-1.456697940826416,-7.783748626708984,-1.7538273334503174,False,,,0.0,,,,,3533,563
2011_09_26_drive_0017_sync,0000000094,2,0.8001869916915894,4.733334064483643,-29.04478645324707,-1.913984775543213,True,11,0.7936939001083374,0.8147966265678406,0.060150597244501114,4.784384727478027,-29.04034996032715,-1.8824849128723145,3533,563
2011_09_26_drive_0017_sync,0000000095,0,0.438863068819046,-1.2701549530029297,-8.199751853942871,-1.7351624965667725,True,99,0.4145255982875824,0.7430815696716309,0.22667257487773895,-1.4258562326431274,-8.040905952453613,-1.7788150310516357,3548,548
2011_09_26_drive_0017_sync,0000000095,1,0.7518402934074402,5.019109725952148,-29.945934295654297,-1.9501991271972656,True,40,0.7601266503334045,0.8043742775917053,0.11593848466873169,4.929820537567139,-30.004653930664062,-1.90524160861969,3548,548
2011_09_26_drive_0017_sync,0000000095,2,0.6750960946083069,16.989835739135742,-20.64055633544922,-1.7930285930633545,True,98,0.7332701086997986,0.8485515117645264,0.12481384724378586,16.91571044921875,-20.73827362060547,-1.769892692565918,3548,548
2011_09_26_drive_0017_sync,0000000096,0,0.37222129106521606,32.97562026977539,15.730598449707031,0.18564528226852417,True,40,0.31443172693252563,0.8764400482177734,0.08767064660787582,33.06185531616211,15.728865623474121,0.20135056972503662,3549,547
2011_09_26_drive_0017_sync,0000000096,1,0.7692014575004578,4.9089226722717285,-30.623149871826172,-1.9445078372955322,True,54,0.5520929098129272,0.8949675559997559,0.06038648262619972,4.876550674438477,-30.673490524291992,-1.9364829063415527,3549,547
2011_09_26_drive_0017_sync,0000000096,2,0.6716603636741638,16.85785675048828,-20.637845993041992,-1.7370820045471191,True,92,0.7770096063613892,0.8014079928398132,0.08953796327114105,16.825258255004883,-20.582843780517578,-1.79976487159729,3549,547
2011_09_26_drive_0017_sync,0000000097,0,0.506683886051178,17.017696380615234,-20.461978912353516,-1.7231223583221436,True,22,0.7449360489845276,0.7065911293029785,0.07010108977556229,17.05862808227539,-20.491588592529297,-1.6745216846466064,3623,473
2011_09_26_drive_0017_sync,0000000098,0,0.7386428713798523,17.203338623046875,-20.490327835083008,-1.7981877326965332,True,90,0.6243178248405457,0.7300378680229187,0.22890105843544006,16.974796295166016,-20.490243911743164,-1.810997724533081,3549,547
2011_09_26_drive_0017_sync,0000000098,1,0.4969686269760132,-1.3727140426635742,-8.271315574645996,-1.7569580078125,True,60,0.43187424540519714,0.7841538190841675,0.1355687826871872,-1.3840837478637695,-8.154558181762695,-1.824908971786499,3549,547
2011_09_26_drive_0017_sync,0000000098,2,0.7685198187828064,5.115620136260986,-31.952566146850586,-2.0403733253479004,True,35,0.11009306460618973,0.7193986177444458,0.18852819502353668,5.113791465759277,-32.110713958740234,-1.9377633333206177,3549,547
2011_09_26_drive_0017_sync,0000000099,0,0.6740841269493103,16.919599533081055,-20.6900634765625,-1.743321180343628,True,65,0.7068778276443481,0.6713866591453552,0.131315678358078,16.999740600585938,-20.66429328918457,-1.8441036939620972,3501,595
2011_09_26_drive_0017_sync,0000000099,1,0.7656636834144592,5.102682590484619,-32.76802062988281,-2.0371010303497314,True,27,0.599515438079834,0.8023725152015686,0.11605394631624222,5.088376522064209,-32.878448486328125,-2.00439715385437,3501,595
2011_09_26_drive_0017_sync,0000000100,0,0.3723394274711609,-1.3075284957885742,-8.306994438171387,-1.703503131866455,False,,,0.0,,,,,3584,512
2011_09_26_drive_0017_sync,0000000100,1,0.785237193107605,5.013052940368652,-33.56463623046875,-1.7696940898895264,True,84,0.6505202054977417,0.6243232488632202,0.3065837621688843,5.287120819091797,-33.6949462890625,-1.813279390335083,3584,512
2011_09_26_drive_0017_sync,0000000100,2,0.3030995726585388,17.289396286010742,-20.435993194580078,-1.8084523677825928,True,36,0.3957674205303192,0.5497021079063416,0.358085960149765,16.995101928710938,-20.62403106689453,-1.7293438911437988,3584,512
2011_09_26_drive_0017_sync,0000000101,0,0.32849398255348206,24.213781356811523,-24.50502586364746,-1.53584885597229,False,,,0.0,,,,,3596,500
2011_09_26_drive_0017_sync,0000000101,1,0.817348837852478,5.2635064125061035,-34.394649505615234,-1.9249727725982666,True,91,0.83704674243927,0.7789796590805054,0.14457789063453674,5.179192543029785,-34.33149337768555,-1.825951337814331,3596,500
2011_09_26_drive_0017_sync,0000000101,2,0.7161715030670166,16.867748260498047,-20.575164794921875,-1.7183185815811157,True,90,0.7031717300415039,0.7612614035606384,0.09693814069032669,16.963233947753906,-20.566715240478516,-1.7327439785003662,3596,500
2011_09_26_drive_0017_sync,0000000101,3,0.5239097476005554,-1.0047775506973267,-8.358760833740234,-1.7860565185546875,True,80,0.43883857131004333,0.6211271286010742,0.30377188324928284,-0.8110750913619995,-8.591449737548828,-1.810807228088379,3596,500
2011_09_26_drive_0017_sync,0000000102,0,0.5153761506080627,-1.313889980316162,-8.232779502868652,-1.768319010734558,True,5,0.35921522974967957,0.8436726927757263,0.1050310730934143,-1.238783836364746,-8.303430557250977,-1.7882945537567139,3538,558
2011_09_26_drive_0017_sync,0000000102,1,0.8093997836112976,16.943317413330078,-20.502899169921875,-1.7698544263839722,True,77,0.7238625884056091,0.8028809428215027,0.11546767503023148,17.02695083618164,-20.541475296020508,-1.7002116441726685,3538,558
2011_09_26_drive_0017_sync,0000000102,2,0.7621879577636719,5.265226364135742,-35.23860168457031,-2.047907829284668,True,48,0.6605976223945618,0.6437253355979919,0.3329089879989624,5.045493125915527,-35.011959075927734,-1.9421778917312622,3538,558
2011_09_26_drive_0017_sync,0000000103,0,0.8009471893310547,16.995859146118164,-20.677478790283203,-1.6226083040237427,True,92,0.6603572368621826,0.7564916014671326,0.19843538105487823,17.0576114654541,-20.52275848388672,-1.7304270267486572,3563,533
2011_09_26_drive_0017_sync,0000000104,0,0.6497059464454651,17.135208129882812,-20.45706558227539,-1.8264936208724976,True,28,0.6876822113990784,0.62887042760849,0.19250349700450897,17.056100845336914,-20.598217010498047,-1.7222059965133667,3563,533
2011_09_26_drive_0017_sync,0000000104,1,0.3378247618675232,4.829162120819092,-36.80512619018555,-2.118471622467041,True,39,0.041819486767053604,0.7690086364746094,0.2643393278121948,4.939126968383789,-36.574161529541016,-2.0518507957458496,3563,533
2011_09_26_drive_0017_sync,0000000105,0,0.5883381962776184,4.686659812927246,-37.54397964477539,-1.9341850280761719,True,35,0.25831708312034607,0.7320290803909302,0.20651234686374664,4.796175956726074,-37.445987701416016,-2.079275131225586,3549,547
2011_09_26_drive_0017_sync,0000000105,1,0.38073575496673584,17.19472312927246,-20.694093704223633,-1.7695893049240112,True,77,0.7289300560951233,0.7248082160949707,0.21105758845806122,16.987247467041016,-20.681396484375,-1.7330114841461182,3549,547
2011_09_26_drive_0017_sync,0000000106,0,0.31202584505081177,4.703660488128662,-38.53062057495117,-1.982079267501831,True,36,0.43551257252693176,0.6471157670021057,0.23306481540203094,4.5527729988098145,-38.41384506225586,-2.1159286499023438,3550,546
2011_09_26_drive_0017_sync,0000000106,1,0.8131173253059387,16.899635314941406,-20.503910064697266,-1.7732638120651245,True,91,0.7341447472572327,0.8053671717643738,0.0679759830236435,16.94322395324707,-20.548477172851562,-1.7461614608764648,3550,546
2011_09_26_drive_0017_sync,0000000107,0,0.41506120562553406,-0.9035385847091675,-8.43538761138916,-1.8110284805297852,True,0,0.2536856234073639,0.5444313883781433,0.17694811522960663,-1.0388171672821045,-8.323564529418945,-1.7885353565216064,3569,527
2011_09_26_drive_0017_sync,0000000107,1,0.7386937737464905,16.874135971069336,-20.5758056640625,-1.7053905725479126,True,24,0.5919173955917358,0.7747211456298828,0.1463579684495926,16.889726638793945,-20.4433650970459,-1.6450823545455933,3569,527
2011_09_26_drive_0017_sync,0000000108,0,0.3049531877040863,-1.2857301235198975,-8.262812614440918,-1.7682197093963623,True,32,0.11731906980276108,0.5706313848495483,0.363119512796402,-1.0191948413848877,-8.508672714233398,-1.7873904705047607,3549,547
2011_09_26_drive_0017_sync,0000000108,1,0.6992765069007874,16.962858200073242,-20.555002212524414,-1.693071961402893,True,99,0.7160468101501465,0.7576999664306641,0.1648114025592804,17.076255798339844,-20.618391036987305,-1.794490098953247,3549,547
2011_09_26_drive_0017_sync,0000000109,0,0.5715217590332031,4.473433494567871,-40.71114730834961,-2.2073800563812256,False,,,0.0,,,,,3549,547
2011_09_26_drive_0017_sync,0000000110,0,0.7466001510620117,0.42507269978523254,-18.79906463623047,-1.9186919927597046,True,4,0.5641591548919678,0.6200932264328003,0.5839094519615173,-0.11215320229530334,-18.57032012939453,-1.92250394821167,3589,507
2011_09_26_drive_0017_sync,0000000110,1,0.3568510115146637,-1.4622286558151245,-7.912189960479736,-1.7568144798278809,True,60,0.4079582393169403,0.5267447233200073,0.3768981397151947,-1.2401514053344727,-8.216480255126953,-1.768702507019043,3589,507
2011_09_26_drive_0017_sync,0000000111,0,0.6285689473152161,17.019868850708008,-20.487136840820312,-1.7035863399505615,True,68,0.6471474170684814,0.7991653084754944,0.14130331575870514,16.92568016052246,-20.405275344848633,-1.7698721885681152,3556,540
2011_09_26_drive_0017_sync,0000000111,1,0.38992616534233093,-0.9133329391479492,-8.706693649291992,-1.7950600385665894,True,97,0.5288611054420471,0.5612777471542358,0.4222370684146881,-1.1851081848144531,-8.383856773376465,-1.8091561794281006,3556,540
2011_09_26_drive_0017_sync,0000000111,2,0.8226919174194336,0.7648218870162964,-19.318845748901367,-1.9465587139129639,True,18,0.8403280973434448,0.8940756320953369,0.05967389792203903,0.8006352782249451,-19.3074951171875,-1.9929218292236328,3556,540
2011_09_26_drive_0017_sync,0000000112,0,0.8403223156929016,1.2285641431808472,-19.801837921142578,-1.948899507522583,True,63,0.814937174320221,0.8815522193908691,0.0379108190536499,1.233116626739502,-19.83899688720703,-1.9548758268356323,3553,543
2011_09_26_drive_0017_sync,0000000112,1,0.764825701713562,16.97574806213379,-20.53152847290039,-1.6827287673950195,True,35,0.7816963791847229,0.839771568775177,0.10873938351869583,16.921031951904297,-20.49195671081543,-1.7679606676101685,3553,543
2011_09_26_drive_0017_sync,0000000113,0,0.880561351776123,1.7437831163406372,-20.350570678710938,-1.9848084449768066,True,28,0.8107014894485474,0.912807047367096,0.01994362846016884,1.7262892723083496,-20.350645065307617,-1.9943848848342896,3581,515
2011_09_26_drive_0017_sync,0000000113,1,0.5001944303512573,-1.3935438394546509,-8.1317720413208,-1.755096435546875,True,36,0.21386294066905975,0.6286096572875977,0.2123439759016037,-1.3004004955291748,-8.322343826293945,-1.7649286985397339,3581,515
2011_09_26_drive_0017_sync,0000000113,2,0.7867904305458069,17.004695892333984,-20.37286949157715,-1.7700213193893433,True,69,0.711319088935852,0.793210506439209,0.11085809767246246,16.901630401611328,-20.3671932220459,-1.7295886278152466,3581,515
2011_09_26_drive_0018_sync,0000000000,0,0.8921899199485779,12.123905181884766,3.2648751735687256,-1.5845239162445068,True,43,0.8921899199485779,1.0,0.0,12.123905181884766,3.2648751735687256,-1.5845239162445068,0,0
2011_09_26_drive_0018_sync,0000000000,1,0.43037503957748413,-1.2766447067260742,-8.311066627502441,-1.7984907627105713,True,67,0.43037503957748413,1.0,0.0,-1.2766447067260742,-8.311066627502441,-1.7984907627105713,0,0
2011_09_26_drive_0018_sync,0000000000,2,0.359075129032135,25.4260196685791,-28.888946533203125,-1.9366726875305176,True,78,0.359075129032135,1.0,0.0,25.4260196685791,-28.888946533203125,-1.9366726875305176,0,0
2011_09_26_drive_0018_sync,0000000001,0,0.35508352518081665,-1.0551007986068726,-8.484041213989258,-1.8169503211975098,True,52,0.2264014333486557,0.5379270911216736,0.4452391564846039,-1.266601324081421,-8.096343994140625,-1.7604143619537354,3563,533
2011_09_26_drive_0018_sync,0000000001,1,0.8709398508071899,11.397546768188477,3.8772168159484863,-1.5945394039154053,True,68,0.871161162853241,0.8675493597984314,0.09785497188568115,11.464384078979492,3.8622963428497314,-1.5246412754058838,3563,533
2011_09_26_drive_0018_sync,0000000002,0,0.843980610370636,10.691937446594238,4.518234729766846,-1.5175318717956543,True,79,0.8946607708930969,0.8549571633338928,0.09343007951974869,10.65616512298584,4.526360511779785,-1.603459119796753,3506,590
2011_09_26_drive_0018_sync,0000000002,1,0.47785621881484985,-1.1645734310150146,-8.578628540039062,-1.759161353111267,False,,,0.0,,,,,3506,590
2011_09_26_drive_0018_sync,0000000003,0,0.4000886380672455,-1.423633098602295,-8.20519733428955,-1.8085488080978394,True,63,0.5457403063774109,0.8440703749656677,0.07107102870941162,-1.3965201377868652,-8.266185760498047,-1.7841277122497559,3492,604
2011_09_26_drive_0018_sync,0000000003,1,0.8719466328620911,9.863675117492676,5.0856404304504395,-1.6399192810058594,True,52,0.8811772465705872,0.9098681211471558,0.05956524610519409,9.822774887084961,5.128602504730225,-1.6453460454940796,3492,604
2011_09_26_drive_0018_sync,0000000004,0,0.8894237279891968,9.081899642944336,5.6386637687683105,-1.562279462814331,True,84,0.8869295716285706,0.8711560964584351,0.06165783479809761,9.064644813537598,5.582265377044678,-1.544302225112915,3475,621
2011_09_26_drive_0018_sync,0000000004,1,0.44337528944015503,-1.2069625854492188,-8.361324310302734,-1.7659237384796143,True,62,0.23868028819561005,0.719484269618988,0.22229091823101044,-1.2170921564102173,-8.141849517822266,-1.7997092008590698,3475,621
2011_09_26_drive_0018_sync,0000000005,0,0.48671969771385193,-1.4807454347610474,-7.981074810028076,-1.7279086112976074,True,31,0.4293549954891205,0.8754721283912659,0.09459421783685684,-1.449906349182129,-7.895479202270508,-1.753800868988037,3483,613
2011_09_26_drive_0018_sync,0000000005,1,0.8961570262908936,8.10336685180664,6.14345645904541,-1.648306965827942,True,15,0.8758859634399414,0.9269130229949951,0.0288140457123518,8.082186698913574,6.133598804473877,-1.63144052028656,3483,613
2011_09_26_drive_0018_sync,0000000005,2,0.5364266037940979,28.8204288482666,-24.55223274230957,-1.848065972328186,True,97,0.47401878237724304,0.5917976498603821,0.31151509284973145,28.671112060546875,-24.820735931396484,-1.8995652198791504,3483,613
2011_09_26_drive_0018_sync,0000000006,0,0.47849395871162415,-1.3842800855636597,-8.18249225616455,-1.780900239944458,True,42,0.4516282379627228,0.6069641709327698,0.22046172618865967,-1.4962538480758667,-7.993626117706299,-1.761029839515686,3481,615
2011_09_26_drive_0018_sync,0000000006,1,0.8847740292549133,7.270693778991699,6.553740978240967,-1.6273772716522217,True,91,0.8791947364807129,0.888579249382019,0.07238489389419556,7.220923900604248,6.574794292449951,-1.5792182683944702,3481,615
2011_09_26_drive_0018_sync,0000000007,0,0.8792756795883179,6.288179397583008,7.041309356689453,-1.6445915699005127,True,31,0.9029277563095093,0.8629661202430725,0.0327845998108387,6.273591995239258,7.02327299118042,-1.6677589416503906,3474,622
2011_09_26_drive_0018_sync,0000000008,0,0.8802247643470764,5.215022563934326,7.418312072753906,-1.6427327394485474,True,83,0.8545999526977539,0.860893964767456,0.08966409415006638,5.283215522766113,7.365943431854248,-1.6172986030578613,3458,638
2011_09_26_drive_0018_sync,0000000008,1,0.5468834042549133,29.739234924316406,-21.939136505126953,-1.898529052734375,True,73,0.2854671776294708,0.5029884576797485,0.397304892539978,29.99191665649414,-22.218990325927734,-1.773289442062378,3458,638
2011_09_26_drive_0018_sync,0000000009,0,0.5361398458480835,30.63197135925293,-21.234081268310547,-1.9097150564193726,True,90,0.668975293636322,0.6286917328834534,0.23714816570281982,30.67169189453125,-21.000579833984375,-1.8979417085647583,3441,655
2011_09_26_drive_0018_sync,0000000009,1,0.8440077900886536,4.256954193115234,7.8670268058776855,-1.6745080947875977,True,48,0.8803855180740356,0.8381460905075073,0.10495329648256302,4.249750137329102,7.762437343597412,-1.669574499130249,3441,655
2011_09_26_drive_0018_sync,0000000009,2,0.4294591248035431,-1.1000727415084839,-8.370936393737793,-1.8789265155792236,False,,,0.0,,,,,3441,655
2011_09_26_drive_0018_sync,0000000010,0,0.8687669634819031,3.2193827629089355,8.037479400634766,-1.6210684776306152,True,96,0.8995282053947449,0.8759487867355347,0.08096197247505188,3.2322731018066406,8.044880867004395,-1.7006542682647705,3423,673
2011_09_26_drive_0018_sync,0000000010,1,0.33008459210395813,-0.809709906578064,-8.590693473815918,-1.770638346672058,False,,,0.0,,,,,3423,673
2011_09_26_drive_0018_sync,0000000011,0,0.8727898001670837,2.1142232418060303,8.364398956298828,-1.7222285270690918,True,34,0.8526195287704468,0.8737232089042664,0.07995346933603287,2.152707576751709,8.386035919189453,-1.6555700302124023,3431,665
2011_09_26_drive_0018_sync,0000000011,1,0.4131893515586853,-1.3014544248580933,-8.089327812194824,-1.8768500089645386,False,,,0.0,,,,,3431,665
2011_09_26_drive_0018_sync,0000000012,0,0.8178148865699768,1.1408624649047852,8.496017456054688,-1.6539134979248047,True,58,0.8232710957527161,0.8203838467597961,0.07539312541484833,1.103096604347229,8.44433307647705,-1.693745493888855,3447,649
2011_09_26_drive_0018_sync,0000000013,0,0.7802051901817322,-0.2664276659488678,8.7559175491333,-1.6841013431549072,True,91,0.7739285230636597,0.8721898198127747,0.1121000200510025,-0.15716123580932617,8.75827693939209,-1.7090351581573486,3511,585
2011_09_26_drive_0018_sync,0000000014,0,0.38876667618751526,34.876319885253906,-17.23981475830078,-1.7431163787841797,True,10,0.1828935593366623,0.7016887664794922,0.132808119058609,34.76648712158203,-17.16520881652832,-1.7401641607284546,3518,578
2011_09_26_drive_0018_sync,0000000014,1,0.3465556800365448,-0.9277582168579102,-8.679810523986816,-1.8064532279968262,True,86,0.3451056182384491,0.5185140371322632,0.46487122774124146,-1.2121988534927368,-8.317037582397461,-1.746498465538025,3518,578
2011_09_26_drive_0018_sync,0000000014,2,0.6749148964881897,-1.0984597206115723,8.765314102172852,-1.7192423343658447,True,8,0.6679250001907349,0.8314698934555054,0.1550091654062271,-1.2464196681976318,8.719128608703613,-1.717630386352539,3518,578
2011_09_26_drive_0018_sync,0000000015,0,0.35853931307792664,-1.2899489402770996,-8.271615028381348,-1.764365315437317,True,29,0.42070117592811584,0.7646472454071045,0.18710841238498688,-1.3797258138656616,-8.109957695007324,-1.7929410934448242,3555,541
2011_09_26_drive_0018_sync,0000000017,0,0.4205091595649719,-1.4888556003570557,-7.780440330505371,-1.8297897577285767,False,,,0.0,,,,,3549,547
2011_09_26_drive_0018_sync,0000000018,0,0.4205864667892456,-1.2410080432891846,-8.03196907043457,-1.7895961999893188,False,,,0.0,,,,,3558,538
2011_09_26_drive_0018_sync,0000000019,0,0.39174214005470276,-1.1103427410125732,-7.904636859893799,-1.8400347232818604,True,47,0.27292919158935547,0.8633125424385071,0.07338276505470276,-1.183465838432312,-7.901157379150391,-1.8349419832229614,3554,542
2011_09_26_drive_0018_sync,0000000020,0,0.5225253105163574,-1.0400816202163696,-8.180013656616211,-1.7939680814743042,True,80,0.45157697796821594,0.5834033489227295,0.0756356492638588,-1.0930083990097046,-8.129510879516602,-1.774759292602539,3574,522
2011_09_26_drive_0018_sync,0000000021,0,0.5178059339523315,-1.1164664030075073,-7.834096908569336,-1.841890573501587,True,29,0.5412521958351135,0.6806202530860901,0.2949913442134857,-1.330995798110962,-8.023656845092773,-1.770728349685669,3531,565
2011_09_26_drive_0018_sync,0000000022,0,0.5068438053131104,-1.1432561874389648,-7.877691745758057,-1.7951891422271729,False,,,0.0,,,,,3542,554
2011_09_26_drive_0018_sync,0000000022,1,0.38972413539886475,42.15300369262695,-12.173486709594727,-1.4174444675445557,False,,,0.0,,,,,3542,554
2011_09_26_drive_0018_sync,0000000023,0,0.559718132019043,-0.8504006862640381,-7.745594501495361,-1.8909491300582886,True,25,0.6046215891838074,0.7023565173149109,0.24837428331375122,-1.0576118230819702,-7.821897029876709,-1.7772334814071655,3539,557
2011_09_26_drive_0018_sync,0000000024,0,0.6268078684806824,-0.8400113582611084,-7.780279636383057,-1.7576252222061157,True,74,0.6290608048439026,0.8474096655845642,0.09232306480407715,-0.7885194420814514,-7.7083964347839355,-1.731074571609497,3525,571
2011_09_26_drive_0018_sync,0000000025,0,0.33962079882621765,23.750713348388672,15.569294929504395,-1.3834761381149292,True,24,0.29656097292900085,0.6807515025138855,0.39167314767837524,23.84022331237793,15.938199043273926,-1.4799416065216064,3571,525
2011_09_26_drive_0018_sync,0000000025,1,0.7421540021896362,-0.6727983951568604,-7.723137855529785,-1.743988037109375,True,83,0.7759836912155151,0.8255221843719482,0.13405324518680573,-0.7901984453201294,-7.7530198097229,-1.8013863563537598,3571,525
2011_09_26_drive_0018_sync,0000000026,0,0.627964198589325,-0.42314964532852173,-7.655705451965332,-1.7078709602355957,True,38,0.4651660919189453,0.8116655945777893,0.2444418966770172,-0.6611298322677612,-7.711167335510254,-1.7142935991287231,3507,589
2011_09_26_drive_0018_sync,0000000027,0,0.40552911162376404,0.16280782222747803,-7.8381805419921875,-1.7509560585021973,True,79,0.3910522162914276,0.5998516082763672,0.5328089594841003,-0.3492625057697296,-7.978152751922607,-1.7965319156646729,3554,542
2011_09_26_drive_0018_sync,0000000028,0,0.804434061050415,0.2410079836845398,-7.787586688995361,-1.7589867115020752,True,74,0.7748957872390747,0.8004575371742249,0.14707249402999878,0.38127410411834717,-7.7928242683410645,-1.8028991222381592,3542,554
2011_09_26_drive_0018_sync,0000000029,0,0.45647528767585754,-1.2331353425979614,-4.170408725738525,-1.748367190361023,True,77,0.4080283045768738,0.6178048253059387,0.3194735646247864,-1.112221121788025,-4.463616847991943,-1.7099992036819458,3482,614
2011_09_26_drive_0018_sync,0000000029,1,0.785795271396637,0.8467507362365723,-7.765826225280762,-1.835378885269165,True,94,0.8111910820007324,0.6969258189201355,0.22820279002189636,0.6488021612167358,-7.779060363769531,-1.7226059436798096,3482,614
2011_09_26_drive_0018_sync,0000000029,2,0.37149038910865784,49.6036491394043,-8.870205879211426,-1.3463472127914429,True,17,0.18852843344211578,0.7782463431358337,0.13300573825836182,49.63494873046875,-8.9602689743042,-1.4390807151794434,3482,614
2011_09_26_drive_0018_sync,0000000030,0,0.7290894985198975,0.9553033709526062,-7.752353668212891,-1.7660373449325562,True,46,0.804106593132019,0.893703281879425,0.04358216002583504,0.9774782657623291,-7.783901691436768,-1.7863450050354004,3532,564
2011_09_26_drive_0018_sync,0000000030,1,0.376494824886322,2.5224225521087646,-13.537459373474121,-4.191108226776123,False,,,0.0,,,,,3532,564
2011_09_26_drive_0018_sync,0000000030,2,0.3354981541633606,24.131118774414062,15.686004638671875,-1.1215558052062988,True,93,0.395733118057251,0.5025937557220459,0.4521491825580597,23.7059383392334,15.814788818359375,-1.0374419689178467,3532,564
2011_09_26_drive_0018_sync,0000000030,3,0.5578153729438782,-0.9544607996940613,-4.223080158233643,-1.7813992500305176,True,20,0.16273900866508484,0.6199801564216614,0.3123674690723419,-1.0091736316680908,-3.9158732891082764,-1.767120599746704,3532,564
2011_09_26_drive_0018_sync,0000000031,0,0.6176561713218689,-0.3426731824874878,-4.053088665008545,-1.7674921751022339,True,12,0.542000949382782,0.790871262550354,0.1943102329969406,-0.17517250776290894,-4.151576995849609,-1.7673020362854004,3505,591
2011_09_26_drive_0018_sync,0000000031,1,0.6750253438949585,-0.5856542587280273,-18.874208450317383,-2.028944969177246,True,96,0.644017219543457,0.8262402415275574,0.2159115970134735,-0.7012896537780762,-18.693132400512695,-2.050339698791504,3505,591
2011_09_26_drive_0018_sync,0000000031,2,0.7321226000785828,1.4088671207427979,-7.834357261657715,-1.7361335754394531,True,33,0.7613770961761475,0.6474410891532898,0.46388593316078186,0.9490768909454346,-7.8498616218566895,-1.7956544160842896,3505,591
2011_09_26_drive_0018_sync,0000000032,0,0.703647255897522,1.6839797496795654,-7.863398551940918,-1.678575038909912,True,99,0.7454509139060974,0.9333654642105103,0.03929862380027771,1.7106283903121948,-7.875641345977783,-1.7047350406646729,3450,646
2011_09_26_drive_0018_sync,0000000032,1,0.5212475657463074,0.05526815727353096,-3.9437255859375,-1.6891342401504517,True,55,0.6999585032463074,0.7491347193717957,0.12589898705482483,0.041933655738830566,-4.060722827911377,-1.7336807250976562,3450,646
2011_09_26_drive_0018_sync,0000000033,0,0.7151284217834473,0.4213126301765442,-20.10256576538086,-1.8903963565826416,True,57,0.7486885786056519,0.8736194968223572,0.17967189848423004,0.5383397340774536,-20.238279342651367,-1.877416729927063,3457,639
2011_09_26_drive_0018_sync,0000000033,1,0.7012403011322021,2.41597580909729,-7.808909893035889,-1.6989585161209106,True,99,0.6525458693504333,0.8268170356750488,0.14895516633987427,2.2714879512786865,-7.7768402099609375,-1.7157642841339111,3457,639
2011_09_26_drive_0018_sync,0000000033,2,0.7748090624809265,1.0176808834075928,-4.038444519042969,-1.7663601636886597,True,7,0.831579327583313,0.7366170287132263,0.26399388909339905,1.2618670463562012,-3.9439449310302734,-1.8000606298446655,3457,639
2011_09_26_drive_0018_sync,0000000034,0,0.4386330544948578,2.2927463054656982,-7.765611171722412,-1.6704448461532593,True,75,0.5163259506225586,0.7846132516860962,0.12074342370033264,2.178088903427124,-7.751046657562256,-1.705380916595459,3458,638
2011_09_26_drive_0018_sync,0000000034,1,0.8879072070121765,1.7776992321014404,-3.957350969314575,-1.7972698211669922,True,11,0.8976172804832458,0.8650484681129456,0.07413388788700104,1.8039968013763428,-3.888362169265747,-1.7905752658843994,3458,638
2011_09_26_drive_0018_sync,0000000034,2,0.7456295490264893,0.9620422124862671,-20.697668075561523,-2.0529963970184326,True,44,0.7882803082466125,0.8529534339904785,0.09461019933223724,0.8918410539627075,-20.643362045288086,-2.0857644081115723,3458,638
2011_09_26_drive_0018_sync,0000000035,0,0.8651025891304016,1.3223642110824585,-21.31501007080078,-1.8597620725631714,True,65,0.8579463958740234,0.8748656511306763,0.1506098061800003,1.3747048377990723,-21.35445785522461,-1.9953631162643433,3441,655
2011_09_26_drive_0018_sync,0000000035,1,0.9024989008903503,2.5052971839904785,-3.941819667816162,-1.682434320449829,True,16,0.8793060779571533,0.9140539765357971,0.04018011316657066,2.476975917816162,-3.9525952339172363,-1.7088205814361572,3441,655
2011_09_26_drive_0018_sync,0000000035,2,0.6317763924598694,3.5414483547210693,-7.881894111633301,-1.8331003189086914,True,59,0.676223635673523,0.7384310364723206,0.21629594266414642,3.353625535964966,-7.821969509124756,-1.7441308498382568,3441,655
2011_09_26_drive_0018_sync,0000000036,0,0.8848893046379089,3.1341054439544678,-3.9200081825256348,-1.6922805309295654,True,67,0.8609282970428467,0.8228345513343811,0.1508135348558426,2.9961225986480713,-3.869562864303589,-1.6582111120224,3421,675
2011_09_26_drive_0018_sync,0000000036,1,0.796491265296936,3.8928322792053223,-7.801200866699219,-1.7170284986495972,True,52,0.7795072197914124,0.7656433582305908,0.16733288764953613,3.761953830718994,-7.898910999298096,-1.7534133195877075,3421,675
2011_09_26_drive_0018_sync,0000000036,2,0.8375328183174133,1.6913909912109375,-21.900482177734375,-2.022904872894287,True,72,0.8477450609207153,0.879083514213562,0.04715612158179283,1.6887633800506592,-21.915359497070312,-2.067575454711914,3421,675
2011_09_26_drive_0018_sync,0000000037,0,0.841575026512146,2.0523784160614014,-22.618083953857422,-1.9448835849761963,True,39,0.8201821446418762,0.8088982105255127,0.11695496737957001,2.12214732170105,-22.68294906616211,-2.0127310752868652,3410,686
2011_09_26_drive_0018_sync,0000000037,1,0.7821430563926697,4.480066299438477,-7.750072479248047,-1.7386517524719238,True,58,0.7878644466400146,0.8640202283859253,0.08427541702985764,4.550224304199219,-7.710850715637207,-1.763986587524414,3410,686
2011_09_26_drive_0018_sync,0000000037,2,0.8865103721618652,3.7911503314971924,-3.900240659713745,-1.7596369981765747,True,86,0.9059464931488037,0.8942451477050781,0.04459848999977112,3.825169801712036,-3.9232544898986816,-1.742256999015808,3410,686
2011_09_26_drive_0018_sync,0000000038,0,0.8539134860038757,5.199185371398926,-7.68787956237793,-1.7397576570510864,True,68,0.8422834873199463,0.9092066884040833,0.06734681874513626,5.245471000671387,-7.736534118652344,-1.7448536157608032,3410,686
2011_09_26_drive_0018_sync,0000000038,1,0.8859900832176208,4.5004119873046875,-3.8493189811706543,-1.724665880203247,True,21,0.894119143486023,0.8549503087997437,0.07289224863052368,4.478196144104004,-3.8707799911499023,-1.6586419343948364,3410,686
2011_09_26_drive_0018_sync,0000000038,2,0.8430730700492859,2.4444570541381836,-23.211320877075195,-1.951992154121399,True,52,0.8669116497039795,0.8541528582572937,0.10292970389127731,2.4611318111419678,-23.27802085876465,-1.875391960144043,3410,686
2011_09_26_drive_0018_sync,0000000039,0,0.9000200629234314,5.264307498931885,-3.838205575942993,-1.685307264328003,True,32,0.8710634112358093,0.8714948892593384,0.05870860069990158,5.292507648468018,-3.8251874446868896,-1.6354877948760986,3417,679
2011_09_26_drive_0018_sync,0000000039,1,0.8428047895431519,5.774082660675049,-7.734716892242432,-1.7269772291183472,True,94,0.8585819005966187,0.8173476457595825,0.13686564564704895,5.644901752471924,-7.689602375030518,-1.7239476442337036,3417,679
2011_09_26_drive_0018_sync,0000000039,2,0.8649381399154663,2.772064685821533,-24.016033172607422,-1.9258577823638916,True,47,0.8490100502967834,0.7515808939933777,0.18072116374969482,2.842971086502075,-23.851524353027344,-1.9019984006881714,3417,679
2011_09_26_drive_0018_sync,0000000040,0,0.8915736675262451,6.024746894836426,-3.8259313106536865,-1.6400115489959717,True,76,0.89109867811203,0.834195077419281,0.14552424848079681,6.167726993560791,-3.8529489040374756,-1.637999176979065,3447,649
2011_09_26_drive_0018_sync,0000000040,1,0.8209497928619385,3.131075143814087,-24.808082580566406,-1.9412767887115479,True,59,0.8800298571586609,0.8833917379379272,0.11442819237709045,3.12919545173645,-24.69597053527832,-1.918447732925415,3447,649
2011_09_26_drive_0018_sync,0000000040,2,0.8753109574317932,6.230166435241699,-7.75469970703125,-1.7181776762008667,True,0,0.8469530344009399,0.7987257242202759,0.10974574089050293,6.141406059265137,-7.6911468505859375,-1.7294363975524902,3447,649
2011_09_26_drive_0018_sync,0000000041,0,0.9053313136100769,6.826690673828125,-3.79651141166687,-1.637773036956787,True,74,0.9018436670303345,0.8836787343025208,0.03494991362094879,6.854971408843994,-3.8164052963256836,-1.6428651809692383,3415,681
2011_09_26_drive_0018_sync,0000000041,1,0.3349854052066803,-0.595146656036377,-7.848596096038818,-1.8174219131469727,True,23,0.33574846386909485,0.6835741400718689,0.2738112509250641,-0.3606431484222412,-7.945050239562988,-1.7140908241271973,3415,681
2011_09_26_drive_0018_sync,0000000041,2,0.8574061393737793,3.4236085414886475,-25.585573196411133,-2.0422327518463135,True,96,0.8146346807479858,0.9024137258529663,0.07144081592559814,3.469282865524292,-25.613332748413086,-1.9948296546936035,3415,681
2011_09_26_drive_0018_sync,0000000041,3,0.8524189591407776,6.861248016357422,-7.665162563323975,-1.679551124572754,True,85,0.8824535012245178,0.9325039982795715,0.039888955652713776,6.896731376647949,-7.64700984954834,-1.6779577732086182,3415,681
2011_09_26_drive_0018_sync,0000000042,0,0.8790875673294067,7.627081394195557,-7.693638801574707,-1.723670482635498,True,59,0.9055769443511963,0.8699714541435242,0.09721749275922775,7.719338417053223,-7.710254669189453,-1.697906255722046,3410,686
2011_09_26_drive_0018_sync,0000000042,1,0.3224160969257355,0.19092899560928345,-8.248272895812988,-1.8010175228118896,False,,,0.0,,,,,3410,686
2011_09_26_drive_0018_sync,0000000042,2,0.8963053822517395,7.747527122497559,-3.810575008392334,-1.6610370874404907,True,24,0.8794041275978088,0.8844515085220337,0.07249681651592255,7.778360366821289,-3.750297784805298,-1.6869553327560425,3410,686
2011_09_26_drive_0018_sync,0000000042,3,0.8753737807273865,3.7712438106536865,-26.324430465698242,-2.0076956748962402,True,75,0.8774324059486389,0.9088303446769714,0.061167098581790924,3.76265287399292,-26.265710830688477,-1.9928762912750244,3410,686
2011_09_26_drive_0018_sync,0000000043,0,0.9017636775970459,8.544092178344727,-3.7505366802215576,-1.6314775943756104,True,90,0.9101658463478088,0.9301854372024536,0.0768621489405632,8.619967460632324,-3.754434823989868,-1.619835615158081,3368,728
2011_09_26_drive_0018_sync,0000000043,1,0.8985763192176819,8.371280670166016,-7.692486763000488,-1.7033485174179077,True,74,0.8852859735488892,0.8932037353515625,0.0694267675280571,8.417807579040527,-7.738142013549805,-1.6794545650482178,3368,728
2011_09_26_drive_0018_sync,0000000043,2,0.7472102046012878,3.874218702316284,-27.025672912597656,-1.912803053855896,True,59,0.801384449005127,0.9561092257499695,0.029548443853855133,3.8997819423675537,-27.037921905517578,-1.9211453199386597,3368,728
2011_09_26_drive_0018_sync,0000000043,3,0.7276632189750671,1.0746145248413086,-7.856332778930664,-1.7499322891235352,True,51,0.7049999237060547,0.8430699110031128,0.16292548179626465,0.9156598448753357,-7.856875419616699,-1.7141855955123901,3368,728
2011_09_26_drive_0018_sync,0000000044,0,0.8674752712249756,9.132782936096191,-7.731117248535156,-1.659860610961914,True,69,0.8714928030967712,0.8875401616096497,0.05083620175719261,9.170424461364746,-7.756197452545166,-1.6830644607543945,3391,705
2011_09_26_drive_0018_sync,0000000044,1,0.8163853883743286,4.075971603393555,-27.759410858154297,-1.8203845024108887,True,74,0.85035240650177,0.8646895289421082,0.07057763636112213,4.123274803161621,-27.804561614990234,-1.7938323020935059,3391,705
2011_09_26_drive_0018_sync,0000000044,2,0.8860833644866943,9.34494400024414,-3.7247517108917236,-1.6228969097137451,True,78,0.9014163017272949,0.9267548322677612,0.045451704412698746,9.374308586120605,-3.7511541843414307,-1.645402193069458,3391,705
2011_09_26_drive_0018_sync,0000000044,3,0.8418136239051819,1.3052210807800293,-7.847843170166016,-1.7415008544921875,True,10,0.7614333629608154,0.8227611184120178,0.13959908485412598,1.415197730064392,-7.931432723999023,-1.761646032333374,3391,705
2011_09_26_drive_0018_sync,0000000045,0,0.7662832140922546,4.249673366546631,-28.47751808166504,-1.9485204219818115,True,11,0.6648231148719788,0.6998907923698425,0.1909417361021042,4.324126720428467,-28.637069702148438,-1.874637246131897,3401,695
2011_09_26_drive_0018_sync,0000000045,1,0.31630924344062805,17.02852439880371,-39.935550689697266,-2.1202878952026367,True,12,0.2927907705307007,0.7575743794441223,0.205227330327034,17.205890655517578,-39.84029006958008,-2.080477237701416,3401,695
2011_09_26_drive_0018_sync,0000000045,2,0.9074519276618958,10.229670524597168,-3.737034797668457,-1.6739518642425537,True,66,0.9040422439575195,0.8690819144248962,0.09425719827413559,10.181791305541992,-3.7520627975463867,-1.5941636562347412,3401,695
2011_09_26_drive_0018_sync,0000000045,3,0.8771651387214661,9.911216735839844,-7.666492462158203,-1.6893762350082397,True,59,0.8705316781997681,0.8951960802078247,0.06572277843952179,9.882588386535645,-7.725500583648682,-1.6851402521133423,3401,695
2011_09_26_drive_0018_sync,0000000045,4,0.8575912714004517,1.7515840530395508,-7.80997371673584,-1.782426118850708,True,36,0.8757470846176147,0.8746700882911682,0.12243790924549103,1.6394786834716797,-7.847474098205566,-1.7505333423614502,3401,695
2011_09_26_drive_0018_sync,0000000046,0,0.8979392647743225,2.3325440883636475,-7.777857780456543,-1.7390822172164917,True,52,0.8728604316711426,0.9189372658729553,0.043041400611400604,2.3035740852355957,-7.8072638511657715,-1.7512717247009277,3395,701
2011_09_26_drive_0018_sync,0000000046,1,0.6845728754997253,4.467044353485107,-29.382617950439453,-1.8819527626037598,True,43,0.8073874115943909,0.8441628813743591,0.08550000935792923,4.397785186767578,-29.370899200439453,-1.9306979179382324,3395,701
2011_09_26_drive_0018_sync,0000000046,2,0.8866184949874878,10.990791320800781,-3.7304556369781494,-1.6327297687530518,True,21,0.902911365032196,0.8893652558326721,0.08393614739179611,11.067980766296387,-3.7006025314331055,-1.6467247009277344,3395,701
2011_09_26_drive_0018_sync,0000000046,3,0.3447403311729431,17.45008659362793,-39.20366668701172,-2.171090841293335,True,94,0.48771747946739197,0.6563050746917725,0.24518099427223206,17.365947723388672,-39.051475524902344,-1.9982550144195557,3395,701
2011_09_26_drive_0018_sync,0000000046,4,0.8932274580001831,10.745344161987305,-7.707395553588867,-1.6571855545043945,True,56,0.8973813652992249,0.9038732051849365,0.04631515219807625,10.718040466308594,-7.680004119873047,-1.6317039728164673,3395,701
2011_09_26_drive_0018_sync,0000000047,0,0.6548140645027161,4.839064598083496,-30.482112884521484,-2.1380088329315186,True,18,0.7199641466140747,0.8652349710464478,0.10026371479034424,4.873195648193359,-30.515125274658203,-2.0497021675109863,3407,689
2011_09_26_drive_0018_sync,0000000047,1,0.9043535590171814,2.863797187805176,-7.8112640380859375,-1.7857205867767334,True,37,0.9064136147499084,0.8431146144866943,0.07267411798238754,2.9078495502471924,-7.847446441650391,-1.7406456470489502,3407,689
2011_09_26_drive_0018_sync,0000000047,2,0.8899040818214417,11.94399356842041,-3.701434850692749,-1.6935150623321533,True,49,0.8820096850395203,0.86309415102005,0.06690051406621933,11.906828880310059,-3.711348295211792,-1.6387776136398315,3407,689
2011_09_26_drive_0018_sync,0000000047,3,0.6691740155220032,17.72347640991211,-38.55902099609375,-2.0034902095794678,True,67,0.6717055439949036,0.8652310371398926,0.17751705646514893,17.615676879882812,-38.70002365112305,-2.000357151031494,3407,689
2011_09_26_drive_0018_sync,0000000047,4,0.8896296620368958,11.641026496887207,-7.6673150062561035,-1.6817172765731812,True,12,0.885567307472229,0.8910714387893677,0.05420931056141853,11.597095489501953,-7.655374526977539,-1.6522870063781738,3407,689
2011_09_26_drive_0018_sync,0000000048,0,0.7086856961250305,4.864396572113037,-31.24566650390625,-2.0522799491882324,True,39,0.7005696296691895,0.688827633857727,0.24269799888134003,4.649639129638672,-31.158340454101562,-1.9804766178131104,3455,641
2011_09_26_drive_0018_sync,0000000048,1,0.5515756607055664,17.88425064086914,-38.11190414428711,-2.095811605453491,True,20,0.7163997888565063,0.7418211102485657,0.24729721248149872,18.088176727294922,-37.97626495361328,-2.130047082901001,3455,641
2011_09_26_drive_0018_sync,0000000048,2,0.8863067626953125,12.415952682495117,-7.650932312011719,-1.6873841285705566,True,16,0.8880595564842224,0.8701379895210266,0.05850086361169815,12.461664199829102,-7.685732841491699,-1.69841730594635,3455,641
2011_09_26_drive_0018_sync,0000000048,3,0.8805601596832275,12.767191886901855,-3.6256024837493896,-1.62558913230896,True,95,0.8279119729995728,0.8208523988723755,0.1323581337928772,12.84711742401123,-3.6476693153381348,-1.52242112159729,3455,641
2011_09_26_drive_0018_sync,0000000048,4,0.8856850862503052,3.485891342163086,-7.797124862670898,-1.7685143947601318,True,49,0.8821487426757812,0.9118380546569824,0.04225952923297882,3.5006484985351562,-7.8188042640686035,-1.7353768348693848,3455,641
2011_09_26_drive_0018_sync,0000000049,0,0.8966422080993652,13.727544784545898,-3.6061222553253174,-1.6752865314483643,True,33,0.892732560634613,0.8863729238510132,0.05847268924117088,13.68594741821289,-3.5668184757232666,-1.6872835159301758,3419,677
2011_09_26_drive_0018_sync,0000000049,1,0.738605260848999,4.728822708129883,-32.131431579589844,-2.024235248565674,True,97,0.7598087787628174,0.8736879825592041,0.09943235665559769,4.758923530578613,-32.03673553466797,-2.020575523376465,3419,677
2011_09_26_drive_0018_sync,0000000049,2,0.8985359072685242,4.036305904388428,-7.765047073364258,-1.7456148862838745,True,63,0.8865621089935303,0.9050572514533997,0.04522838070988655,4.080869674682617,-7.771772384643555,-1.7418140172958374,3419,677
2011_09_26_drive_0018_sync,0000000049,3,0.5624226927757263,-1.5592782497406006,-3.6014742851257324,-1.7059226036071777,True,9,0.4162381887435913,0.6743905544281006,0.252645343542099,-1.607290267944336,-3.359323501586914,-1.6521869897842407,3419,677
2011_09_26_drive_0018_sync,0000000049,4,0.3227182924747467,18.42377471923828,-37.514060974121094,-2.198071002960205,True,69,0.5413863658905029,0.8936030268669128,0.08898194879293442,18.37981414794922,-37.58021545410156,-2.1579606533050537,3419,677
2011_09_26_drive_0018_sync,0000000049,5,0.8765183091163635,13.468960762023926,-7.587365627288818,-1.6558029651641846,True,43,0.8749725818634033,0.8955873847007751,0.06685982644557953,13.535263061523438,-7.595465183258057,-1.6587421894073486,3419,677
2011_09_26_drive_0018_sync,0000000050,0,0.8780689239501953,14.339105606079102,-7.557746410369873,-1.663419485092163,True,47,0.9089544415473938,0.8329507112503052,0.10340394079685211,14.260252952575684,-7.6223273277282715,-1.6808533668518066,3432,664
2011_09_26_drive_0018_sync,0000000050,1,0.8678423762321472,4.763085842132568,-7.795162200927734,-1.758866310119629,True,90,0.8718774914741516,0.8478909134864807,0.10301606357097626,4.693809986114502,-7.774553298950195,-1.6854603290557861,3432,664
2011_09_26_drive_0018_sync,0000000050,2,0.46683964133262634,4.764361381530762,-33.01717758178711,-1.9719412326812744,True,42,0.39168354868888855,0.7692650556564331,0.21210508048534393,4.732062339782715,-32.845951080322266,-2.0928826332092285,3432,664
2011_09_26_drive_0018_sync,0000000050,3,0.8984194397926331,14.786952018737793,-3.6117024421691895,-1.6545851230621338,True,69,0.8647361397743225,0.8643476963043213,0.11595723032951355,14.681938171386719,-3.609250545501709,-1.6054713726043701,3432,664
2011_09_26_drive_0018_sync,0000000051,0,0.426669180393219,-0.8000587821006775,-3.2564008235931396,-1.751011848449707,True,31,0.3186779320240021,0.5685871839523315,0.4431935250759125,-0.4511827826499939,-2.985891819000244,-1.790138602256775,3415,681
2011_09_26_drive_0018_sync,0000000051,1,0.8916994333267212,15.55130672454834,-3.5499184131622314,-1.689904808998108,True,63,0.8878802061080933,0.747844398021698,0.21117517352104187,15.736654281616211,-3.5866310596466064,-1.595599889755249,3415,681
2011_09_26_drive_0018_sync,0000000051,2,0.8660049438476562,15.24137020111084,-7.5857038497924805,-1.6262669563293457,True,66,0.8521076440811157,0.9405196905136108,0.022125476971268654,15.223814010620117,-7.5753607749938965,-1.617645025253296,3415,681
2011_09_26_drive_0018_sync,0000000051,3,0.5388122797012329,4.905719757080078,-33.75724411010742,-2.0167765617370605,True,44,0.6600158214569092,0.7093987464904785,0.20316770672798157,4.710705280303955,-33.70713424682617,-2.043896198272705,3415,681
2011_09_26_drive_0018_sync,0000000051,4,0.8948038220405579,5.423502445220947,-7.828879356384277,-1.7384953498840332,True,94,0.8879225850105286,0.8588957190513611,0.09018383175134659,5.408539295196533,-7.746732711791992,-1.7044196128845215,3415,681
2011_09_26_drive_0018_sync,0000000052,0,0.9021528959274292,16.681217193603516,-3.5540919303894043,-1.6467986106872559,True,86,0.9099147915840149,0.9285159111022949,0.043190281838178635,16.67689323425293,-3.549704074859619,-1.6040499210357666,3419,677
2011_09_26_drive_0018_sync,0000000052,1,0.5523576140403748,0.09079086780548096,-3.2278966903686523,-1.7602922916412354,True,76,0.5232514142990112,0.6845120787620544,0.27022790908813477,-0.034323543310165405,-3.466712474822998,-1.7786370515823364,3419,677
2011_09_26_drive_0018_sync,0000000052,2,0.907968282699585,6.122270584106445,-7.822514533996582,-1.7864274978637695,True,77,0.898224949836731,0.951491117477417,0.02011638693511486,6.121655464172363,-7.806862831115723,-1.7738054990768433,3419,677
2011_09_26_drive_0018_sync,0000000052,3,0.8364635705947876,16.1167049407959,-7.5771636962890625,-1.6269108057022095,True,79,0.8452566862106323,0.823660671710968,0.12460408359766006,16.21327781677246,-7.498428821563721,-1.627733588218689,3419,677
2011_09_26_drive_0018_sync,0000000052,4,0.5922501087188721,4.830324649810791,-34.67329788208008,-2.0476746559143066,True,42,0.7228614687919617,0.8693361878395081,0.051177289336919785,4.799647331237793,-34.67672348022461,-2.0884947776794434,3419,677
2011_09_26_drive_0018_sync,0000000053,0,0.6683844327926636,4.8015241622924805,-35.52197265625,-2.007032632827759,True,37,0.6487859487533569,0.6665517091751099,0.3214423358440399,4.664327144622803,-35.78484344482422,-1.8829314708709717,3400,696
2011_09_26_drive_0018_sync,0000000053,1,0.8334828615188599,17.6894474029541,-3.4893600940704346,-1.608514428138733,True,57,0.8784739971160889,0.8899238109588623,0.033700600266456604,17.693941116333008,-3.4673547744750977,-1.5833886861801147,3400,696
2011_09_26_drive_0018_sync,0000000053,2,0.8229016065597534,17.112842559814453,-7.502682209014893,-1.676712989807129,True,64,0.8687744140625,0.8025702834129333,0.1134718731045723,17.068723678588867,-7.604856491088867,-1.6545814275741577,3400,696
2011_09_26_drive_0018_sync,0000000053,3,0.906468391418457,6.7486114501953125,-7.810177326202393,-1.7487804889678955,True,91,0.8915908932685852,0.8433489799499512,0.07399015873670578,6.713587284088135,-7.8144354820251465,-1.813816785812378,3400,696
2011_09_26_drive_0018_sync,0000000053,4,0.7937675714492798,0.7312618494033813,-3.458786725997925,-1.724902629852295,True,95,0.7379307746887207,0.7269290089607239,0.16227751970291138,0.7146470546722412,-3.6183409690856934,-1.7003998756408691,3400,696
2011_09_26_drive_0018_sync,0000000054,0,0.8975824117660522,18.007091522216797,-7.571659088134766,-1.6677064895629883,True,36,0.8782678842544556,0.8627752065658569,0.10209228843450546,18.09250259399414,-7.519031047821045,-1.6487836837768555,3389,707
2011_09_26_drive_0018_sync,0000000054,1,0.8918324112892151,18.731277465820312,-3.4885013103485107,-1.546447992324829,True,48,0.8899776339530945,0.906091570854187,0.057787708938121796,18.779752731323242,-3.519667148590088,-1.542175054550171,3389,707
2011_09_26_drive_0018_sync,0000000054,2,0.7820311188697815,1.0408008098602295,-3.521941900253296,-1.708568811416626,True,81,0.8023949861526489,0.7401341199874878,0.14697493612766266,1.1631380319595337,-3.580798864364624,-1.7648812532424927,3389,707
2011_09_26_drive_0018_sync,0000000054,3,0.36803001165390015,21.172405242919922,-35.84104537963867,-2.1125354766845703,False,,,0.0,,,,,3389,707
2011_09_26_drive_0018_sync,0000000054,4,0.9065556526184082,7.538419723510742,-7.777793884277344,-1.7040570974349976,True,46,0.8916751742362976,0.8945696353912354,0.07625488191843033,7.484564304351807,-7.770942687988281,-1.757605791091919,3389,707
2011_09_26_drive_0018_sync,0000000055,0,0.8535867929458618,1.9069021940231323,-3.3569135665893555,-1.8351271152496338,True,81,0.8681471347808838,0.7593909502029419,0.1265614926815033,1.8436630964279175,-3.4562246799468994,-1.7886950969696045,3414,682
2011_09_26_drive_0018_sync,0000000055,1,0.824997067451477,19.030147552490234,-7.472192287445068,-1.6205886602401733,True,68,0.7612428069114685,0.7125069499015808,0.27891623973846436,18.763521194458008,-7.416435241699219,-1.5606236457824707,3414,682
2011_09_26_drive_0018_sync,0000000055,2,0.907969057559967,8.238667488098145,-7.742860317230225,-1.6974469423294067,True,26,0.9048687815666199,0.8564701676368713,0.11947207152843475,8.13362979888916,-7.752013683319092,-1.7536330223083496,3414,682
2011_09_26_drive_0018_sync,0000000055,3,0.6293959021568298,4.484367370605469,-37.283103942871094,-2.017723560333252,True,29,0.6640125513076782,0.9401671290397644,0.05216227099299431,4.48731803894043,-37.33510971069336,-2.020479679107666,3414,682
2011_09_26_drive_0018_sync,0000000055,4,0.8951222896575928,19.890155792236328,-3.494720935821533,-1.5953692197799683,True,40,0.8496121168136597,0.83259117603302,0.1252785176038742,19.78406524658203,-3.4293906688690186,-1.6084634065628052,3414,682
2011_09_26_drive_0018_sync,0000000056,0,0.8976368308067322,8.951001167297363,-7.762013912200928,-1.6700098514556885,True,81,0.9000478386878967,0.9180593490600586,0.06561851501464844,9.014793395996094,-7.749783039093018,-1.679323673248291,3419,677
2011_09_26_drive_0018_sync,0000000056,1,0.5838025212287903,21.062376022338867,-33.690277099609375,-2.1472413539886475,True,96,0.4657202363014221,0.595879316329956,0.6516618132591248,21.445728302001953,-33.17760467529297,-2.025294303894043,3419,677
2011_09_26_drive_0018_sync,0000000056,2,0.842885434627533,20.96878433227539,-3.4820425510406494,-1.5621360540390015,True,66,0.8671011328697205,0.821673572063446,0.11767982691526413,20.877534866333008,-3.4109108448028564,-1.5836385488510132,3419,677
2011_09_26_drive_0018_sync,0000000056,3,0.8611451983451843,2.1777851581573486,-3.392043113708496,-1.8331183195114136,True,52,0.81048583984375,0.8781090974807739,0.05508168414235115,2.186873197555542,-3.430525779724121,-1.794771432876587,3419,677
2011_09_26_drive_0018_sync,0000000056,4,0.8182029724121094,19.891550064086914,-7.380157470703125,-1.5346040725708008,True,92,0.8415060043334961,0.8062416315078735,0.10216134041547775,19.914962768554688,-7.407942295074463,-1.6300859451293945,3419,677
2011_09_26_drive_0018_sync,0000000057,0,0.8454874157905579,3.2876131534576416,-3.3323657512664795,-1.771876335144043,True,98,0.8513814806938171,0.9175305366516113,0.04173896089196205,3.2629377841949463,-3.3010289669036865,-1.7841756343841553,3423,673
2011_09_26_drive_0018_sync,0000000057,1,0.8835808634757996,9.692797660827637,-7.712961673736572,-1.6751601696014404,True,59,0.8745613694190979,0.9549498558044434,0.015866726636886597,9.704896926879883,-7.714970588684082,-1.6852262020111084,3423,673
2011_09_26_drive_0018_sync,0000000057,2,0.8018714189529419,22.251962661743164,-3.3343982696533203,-1.6453222036361694,True,33,0.8183218240737915,0.7511739134788513,0.17385363578796387,22.140783309936523,-3.429857015609741,-1.551770806312561,3423,673
2011_09_26_drive_0018_sync,0000000057,3,0.3013857305049896,4.140341281890869,-38.85927963256836,-2.18171763420105,False,,,0.0,,,,,3423,673
2011_09_26_drive_0018_sync,0000000057,4,0.8561848402023315,20.916372299194336,-7.413031101226807,-1.5349222421646118,True,8,0.8166154623031616,0.8992584943771362,0.06108083948493004,20.96792221069336,-7.387195110321045,-1.5550711154937744,3423,673
2011_09_26_drive_0018_sync,0000000058,0,0.7601566314697266,23.461288452148438,-3.2820398807525635,-1.5244954824447632,True,96,0.7740932106971741,0.7298763990402222,0.24589161574840546,23.223892211914062,-3.3384580612182617,-1.4941195249557495,3401,695
2011_09_26_drive_0018_sync,0000000058,1,0.8853965997695923,3.8389358520507812,-3.3610260486602783,-1.6746437549591064,True,87,0.898606538772583,0.8896898031234741,0.06341378390789032,3.8100054264068604,-3.310203790664673,-1.6991679668426514,3401,695
2011_09_26_drive_0018_sync,0000000058,2,0.7746803760528564,21.950902938842773,-32.42516326904297,-2.034891128540039,True,41,0.7522404193878174,0.9180503487586975,0.054471343755722046,21.90178871154785,-32.44794845581055,-2.0408706665039062,3401,695
2011_09_26_drive_0018_sync,0000000058,3,0.8861052989959717,10.477340698242188,-7.648186206817627,-1.6687278747558594,True,81,0.8885414600372314,0.8443866968154907,0.08780581504106522,10.536017417907715,-7.668799877166748,-1.6067441701889038,3401,695
2011_09_26_drive_0018_sync,0000000058,4,0.7652736306190491,22.01507568359375,-7.514580726623535,-1.6217751502990723,True,99,0.7906843423843384,0.7957392930984497,0.1327611207962036,21.999813079833984,-7.386597156524658,-1.5899510383605957,3401,695
2011_09_26_drive_0018_sync,0000000058,5,0.4989883005619049,4.489154815673828,-39.85126495361328,-2.227311134338379,True,3,0.46187901496887207,0.5637682676315308,0.39217689633369446,4.101266384124756,-39.896995544433594,-2.262722969055176,3401,695
2011_09_26_drive_0018_sync,0000000059,0,0.8664574027061462,11.366135597229004,-7.687714576721191,-1.638899564743042,True,83,0.8419615626335144,0.9121465086936951,0.08439172059297562,11.282885551452637,-7.678547382354736,-1.6285383701324463,3325,771
2011_09_26_drive_0018_sync,0000000059,1,0.7558188438415527,22.215219497680664,-31.92749786376953,-2.0703115463256836,True,85,0.804898202419281,0.8480998873710632,0.09802743047475815,22.30843162536621,-31.91791343688965,-2.0415189266204834,3325,771
2011_09_26_drive_0018_sync,0000000059,2,0.5599538683891296,23.026063919067383,-7.429131031036377,-1.512239694595337,True,61,0.6737217307090759,0.9210751056671143,0.04278816282749176,23.00951385498047,-7.454577922821045,-1.482083797454834,3325,771
2011_09_26_drive_0018_sync,0000000059,3,0.8745701909065247,4.511990070343018,-3.3256020545959473,-1.729743242263794,True,48,0.8852502107620239,0.8676905632019043,0.10626322031021118,4.608036518096924,-3.282837390899658,-1.7451748847961426,3325,771
2011_09_26_drive_0018_sync,0000000059,4,0.8667963743209839,24.361902236938477,-3.344395160675049,-1.5284442901611328,True,60,0.8591092228889465,0.9198276996612549,0.06156934052705765,24.318750381469727,-3.330700159072876,-1.4867172241210938,3325,771
2011_09_26_drive_0018_sync,0000000060,0,0.7987734079360962,23.90149688720703,-7.309375762939453,-1.479013442993164,True,23,0.8047541975975037,0.8889133334159851,0.05164007842540741,23.917282104492188,-7.295058727264404,-1.4319757223129272,3365,731
2011_09_26_drive_0018_sync,0000000060,1,0.8974069356918335,5.18174409866333,-3.301492691040039,-1.6457438468933105,True,63,0.8898530006408691,0.8845162391662598,0.08721846342086792,5.2587995529174805,-3.261080026626587,-1.6397161483764648,3365,731
2011_09_26_drive_0018_sync,0000000060,2,0.8935076594352722,25.59756851196289,-3.291233777999878,-1.4503629207611084,True,60,0.8658380508422852,0.9274814128875732,0.05478567257523537,25.551279067993164,-3.3147733211517334,-1.4678170680999756,3365,731
2011_09_26_drive_0018_sync,0000000060,3,0.8109216094017029,12.274765968322754,-7.668247699737549,-1.635119915008545,True,53,0.8586835861206055,0.9269009828567505,0.037179574370384216,12.240533828735352,-7.680716037750244,-1.6425375938415527,3365,731
2011_09_26_drive_0018_sync,0000000061,0,0.3606727719306946,23.155498504638672,-31.014188766479492,-2.0019381046295166,True,64,0.5000180602073669,0.7087162733078003,0.21671162545681,22.945709228515625,-30.965280532836914,-2.0256102085113525,3290,806
2011_09_26_drive_0018_sync,0000000061,1,0.7303062081336975,25.125385284423828,-7.376328468322754,-1.5467013120651245,True,17,0.6658251881599426,0.8555914163589478,0.10989227145910263,25.047685623168945,-7.453744888305664,-1.539935827255249,3290,806
2011_09_26_drive_0018_sync,0000000061,2,0.8866993188858032,5.967523097991943,-3.291783094406128,-1.6981933116912842,True,27,0.8957512974739075,0.8946259021759033,0.07935703545808792,6.034224987030029,-3.2495718002319336,-1.6900322437286377,3290,806
2011_09_26_drive_0018_sync,0000000061,3,0.8599987030029297,26.886117935180664,-3.277005434036255,-1.4876456260681152,True,58,0.8256279826164246,0.9297128319740295,0.025645345449447632,26.867746353149414,-3.259122371673584,-1.4882495403289795,3290,806
2011_09_26_drive_0018_sync,0000000061,4,0.7740593552589417,13.032279968261719,-7.719453811645508,-1.7122793197631836,True,13,0.7837265729904175,0.816245436668396,0.15592603385448456,13.145819664001465,-7.707372188568115,-1.6060922145843506,3290,806
2011_09_26_drive_0018_sync,0000000062,0,0.8816333413124084,6.808807849884033,-3.252821683883667,-1.7087284326553345,True,9,0.9011945128440857,0.850001335144043,0.10851514339447021,6.842548847198486,-3.199768543243408,-1.620283842086792,3343,753
2011_09_26_drive_0018_sync,0000000062,1,0.8291956782341003,26.35488510131836,-7.254252910614014,-1.5305461883544922,True,51,0.8210408687591553,0.833495557308197,0.08533956110477448,26.34206771850586,-7.334408760070801,-1.5042099952697754,3343,753
2011_09_26_drive_0018_sync,0000000062,2,0.7495030760765076,23.49493408203125,-30.413698196411133,-2.0320043563842773,True,85,0.8352990746498108,0.9098156094551086,0.04513600468635559,23.458345413208008,-30.391040802001953,-2.0183966159820557,3343,753
2011_09_26_drive_0018_sync,0000000062,3,0.8477903008460999,28.09150505065918,-3.252500057220459,-1.4585195779800415,True,42,0.855226993560791,0.9387165904045105,0.030510753393173218,28.102590560913086,-3.268360137939453,-1.4349298477172852,3343,753
2011_09_26_drive_0018_sync,0000000062,4,0.7903218269348145,14.194648742675781,-7.628159046173096,-1.4275519847869873,True,98,0.6886584758758545,0.7457152605056763,0.19074441492557526,14.02214241027832,-7.604240894317627,-1.50535249710083,3343,753
2011_09_26_drive_0018_sync,0000000063,0,0.8094378709793091,23.829252243041992,-29.805511474609375,-1.9886224269866943,True,42,0.7936676144599915,0.800981342792511,0.08076836168766022,23.868946075439453,-29.75136947631836,-1.9437161684036255,3328,768
2011_09_26_drive_0018_sync,0000000063,1,0.9059109091758728,7.456485748291016,-3.199099063873291,-1.6670093536376953,True,46,0.9147025346755981,0.9194644689559937,0.0439411923289299,7.4288434982299805,-3.2115318775177,-1.6988238096237183,3328,768
2011_09_26_drive_0018_sync,0000000063,2,0.7779332399368286,29.45746612548828,-3.1083266735076904,-1.5332224369049072,True,77,0.5502471327781677,0.8366415500640869,0.07503875344991684,29.447498321533203,-3.1731019020080566,-1.5697686672210693,3328,768
2011_09_26_drive_0018_sync,0000000063,3,0.834537148475647,14.910482406616211,-7.533034324645996,-1.614149570465088,True,65,0.7729910016059875,0.8315085172653198,0.1669306457042694,15.040038108825684,-7.536350727081299,-1.7193644046783447,3328,768
2011_09_26_drive_0018_sync,0000000063,4,0.402337908744812,-1.3651199340820312,-4.2100677490234375,-1.740659236907959,True,4,0.5286927819252014,0.7013207077980042,0.17324216663837433,-1.2717344760894775,-4.070703983306885,-1.7838997840881348,3328,768
2011_09_26_drive_0018_sync,0000000063,5,0.8323621153831482,27.545738220214844,-7.275707244873047,-1.5257970094680786,True,93,0.5546793937683105,0.7796326279640198,0.14759477972984314,27.56218147277832,-7.190982341766357,-1.6455280780792236,3328,768
2011_09_26_drive_0018_sync,0000000064,0,0.8074458837509155,24.1378116607666,-29.351099014282227,-2.0163683891296387,True,77,0.6321353316307068,0.5824677348136902,0.6012638211250305,23.929677963256836,-29.911985397338867,-1.9563266038894653,3284,812
2011_09_26_drive_0018_sync,0000000064,1,0.8509809970855713,15.807219505310059,-7.499712944030762,-1.57003653049469,True,31,0.8512596487998962,0.8127674460411072,0.11296609044075012,15.845139503479004,-7.55755090713501,-1.6593571901321411,3284,812
2011_09_26_drive_0018_sync,0000000064,2,0.8112424612045288,30.855937957763672,-3.0678176879882812,-1.4781107902526855,True,60,0.8091586232185364,0.8974000215530396,0.05855513736605644,30.801921844482422,-3.077615261077881,-1.4577399492263794,3284,812
2011_09_26_drive_0018_sync,0000000064,3,0.6817592978477478,28.50081443786621,-7.245725631713867,-1.534186840057373,True,7,0.72124183177948,0.8019745945930481,0.08832745999097824,28.579797744750977,-7.209421634674072,-1.5185216665267944,3284,812
2011_09_26_drive_0018_sync,0000000064,4,0.37977635860443115,-1.2266801595687866,-3.971773862838745,-1.7034046649932861,True,94,0.3171349763870239,0.5729032158851624,0.35882872343063354,-0.9281581044197083,-4.122186660766602,-1.833860158920288,3284,812
2011_09_26_drive_0018_sync,0000000064,5,0.887975811958313,8.393776893615723,-3.1891021728515625,-1.651569128036499,True,67,0.9136093854904175,0.8637218475341797,0.13282150030136108,8.264841079711914,-3.159529685974121,-1.6635096073150635,3284,812
2011_09_26_drive_0018_sync,0000000065,0,0.9073755741119385,9.09812068939209,-3.167705774307251,-1.5933364629745483,True,65,0.9078569412231445,0.9015677571296692,0.035582952201366425,9.10395336151123,-3.184123992919922,-1.6243617534637451,3286,810
2011_09_26_drive_0018_sync,0000000065,1,0.3800032436847687,-0.5098665952682495,-3.755319118499756,-1.7723197937011719,True,20,0.4444582760334015,0.728966236114502,0.31214773654937744,-0.21889972686767578,-3.865386962890625,-1.7466378211975098,3286,810
2011_09_26_drive_0018_sync,0000000065,2,0.820625901222229,16.939298629760742,-7.4870429039001465,-1.5877861976623535,True,18,0.817265510559082,0.913398265838623,0.05075119063258171,16.946027755737305,-7.536325454711914,-1.597867488861084,3286,810
2011_09_26_drive_0018_sync,0000000065,3,0.3256738483905792,23.54569435119629,-30.215608596801758,-1.902992844581604,True,83,0.31016284227371216,0.8416969776153564,0.1903453916311264,23.70298194885254,-30.109601974487305,-1.9189482927322388,3286,810
2011_09_26_drive_0018_sync,0000000065,4,0.6912698745727539,29.85366439819336,-7.415040493011475,-1.5183346271514893,True,40,0.5871449708938599,0.8720582127571106,0.0647553876042366,29.84218978881836,-7.392889499664307,-1.4585773944854736,3286,810
2011_09_26_drive_0018_sync,0000000065,5,0.7976481318473816,32.12541580200195,-3.0364222526550293,-1.4393467903137207,True,78,0.5945965051651001,0.7171680927276611,0.17933934926986694,32.05742263793945,-3.1638011932373047,-1.5457147359848022,3286,810
2011_09_26_drive_0018_sync,0000000066,0,0.7397134304046631,33.593544006347656,-3.215991735458374,-1.394073247909546,True,85,0.7585833668708801,0.7825243473052979,0.1245412603020668,33.61326599121094,-3.332789421081543,-1.3556041717529297,3279,817
2011_09_26_drive_0018_sync,0000000066,1,0.9089263677597046,9.9636812210083,-3.1598167419433594,-1.6398273706436157,True,73,0.915280282497406,0.9347615838050842,0.03953880816698074,10.000662803649902,-3.1607213020324707,-1.6258680820465088,3279,817
2011_09_26_drive_0018_sync,0000000066,2,0.7105955481529236,0.6516656279563904,-3.79286527633667,-1.7616136074066162,True,40,0.6797121167182922,0.8215233087539673,0.21979038417339325,0.8654507994651794,-3.7482879161834717,-1.7367827892303467,3279,817
2011_09_26_drive_0018_sync,0000000066,3,0.8349994421005249,17.93901824951172,-7.433813095092773,-1.6005535125732422,True,19,0.8065264821052551,0.875325083732605,0.12141595035791397,18.057132720947266,-7.448017597198486,-1.6248235702514648,3279,817
2011_09_26_drive_0018_sync,0000000067,0,0.8468719720840454,19.050363540649414,-7.513876914978027,-1.627253770828247,True,79,0.8587301969528198,0.8988784551620483,0.07381273061037064,19.102449417114258,-7.480828762054443,-1.5867173671722412,3260,836
2011_09_26_drive_0018_sync,0000000067,1,0.8329659700393677,34.8265380859375,-3.0711867809295654,-1.4305815696716309,True,6,0.8336400389671326,0.8822245597839355,0.057751014828681946,34.86544418334961,-3.0410890579223633,-1.4003223180770874,3260,836
2011_09_26_drive_0018_sync,0000000067,2,0.713657021522522,32.02001953125,-7.043572902679443,-1.5495047569274902,True,53,0.31100937724113464,0.7222229242324829,0.2443280667066574,31.825361251831055,-7.189737319946289,-1.528520941734314,3260,836
2011_09_26_drive_0018_sync,0000000067,3,0.8355023860931396,1.2965024709701538,-3.6947991847991943,-1.7011406421661377,True,57,0.8291884064674377,0.8774338960647583,0.0594002902507782,1.3165788650512695,-3.750385284423828,-1.7071003913879395,3260,836
2011_09_26_drive_0018_sync,0000000067,4,0.8986151218414307,10.781558990478516,-3.1006171703338623,-1.6275150775909424,True,74,0.8974438905715942,0.8267380595207214,0.12032698839902878,10.843016624450684,-3.1624302864074707,-1.544565200805664,3260,836
2011_09_26_drive_0018_sync,0000000068,0,0.8574474453926086,1.6701884269714355,-3.694291591644287,-1.7270939350128174,True,17,0.8500410318374634,0.8433837890625,0.10732816159725189,1.7117388248443604,-3.7932252883911133,-1.7248528003692627,3262,834
2011_09_26_drive_0018_sync,0000000068,1,0.32610565423965454,6.166175842285156,36.904964447021484,-0.4471721649169922,True,35,0.11639736592769623,0.648964524269104,0.35676053166389465,6.0884222984313965,36.598941802978516,-0.2810920476913452,3262,834
2011_09_26_drive_0018_sync,0000000068,2,0.894005537033081,11.606996536254883,-3.080834150314331,-1.6371049880981445,True,47,0.8913653492927551,0.9115036129951477,0.03131979703903198,11.631632804870605,-3.099817991256714,-1.6407924890518188,3262,834
2011_09_26_drive_0018_sync,0000000068,3,0.7855876088142395,20.215553283691406,-7.317358016967773,-1.5963897705078125,True,15,0.792985200881958,0.9213289618492126,0.08380147069692612,20.134374618530273,-7.300904750823975,-1.5836617946624756,3262,834
2011_09_26_drive_0018_sync,0000000068,4,0.8341772556304932,36.313079833984375,-2.9896230697631836,-1.4038689136505127,True,28,0.807289183139801,0.9621636867523193,0.020246081054210663,36.30419158935547,-3.002671718597412,-1.4165431261062622,3262,834
2011_09_26_drive_0018_sync,0000000068,5,0.3766023516654968,33.147884368896484,-7.248719692230225,-1.408894658088684,False,,,0.0,,,,,3262,834
2011_09_26_drive_0018_sync,0000000069,0,0.7845441699028015,37.97362518310547,-2.913335084915161,-1.3724148273468018,True,66,0.5527762770652771,0.9010517001152039,0.06774857640266418,37.922889709472656,-2.868438959121704,-1.3727606534957886,3297,799
2011_09_26_drive_0018_sync,0000000069,1,0.8851869702339172,2.3475544452667236,-3.7431602478027344,-1.7535805702209473,True,46,0.8880361318588257,0.799979031085968,0.18307581543922424,2.201350212097168,-3.640509843826294,-1.7135310173034668,3297,799
2011_09_26_drive_0018_sync,0000000069,2,0.8553083539009094,21.380088806152344,-7.448723793029785,-1.5923265218734741,True,64,0.8438757061958313,0.9023418426513672,0.051098067313432693,21.42284393310547,-7.420870780944824,-1.5896393060684204,3297,799
2011_09_26_drive_0018_sync,0000000069,3,0.8845081329345703,12.586621284484863,-3.089604139328003,-1.5553083419799805,True,34,0.8970814943313599,0.8509813547134399,0.12416940182447433,12.6842622756958,-3.0777080059051514,-1.6310893297195435,3297,799
2011_09_26_drive_0018_sync,0000000070,0,0.8830274343490601,13.488253593444824,-3.037277936935425,-1.5786919593811035,True,87,0.8605501055717468,0.9219982028007507,0.035666368901729584,13.521312713623047,-3.0505805015563965,-1.577199935913086,3287,809
2011_09_26_drive_0018_sync,0000000070,1,0.6631491184234619,39.40215301513672,-2.830531358718872,-1.3525677919387817,True,44,0.6198328137397766,0.8746116757392883,0.11741290986537933,39.29399871826172,-2.8750905990600586,-1.3627123832702637,3287,809
2011_09_26_drive_0018_sync,0000000070,2,0.3339542746543884,35.552852630615234,-6.565260887145996,-1.3894410133361816,True,91,0.14254342019557953,0.6246204972267151,0.3172086775302887,35.621055603027344,-6.872706890106201,-1.427475929260254,3287,809
2011_09_26_drive_0018_sync,0000000070,3,0.8970276713371277,2.8583359718322754,-3.625166893005371,-1.6798551082611084,True,72,0.8911451101303101,0.9257662892341614,0.06983814388513565,2.923006772994995,-3.643012285232544,-1.69926118850708,3287,809
2011_09_26_drive_0018_sync,0000000070,4,0.8317739367485046,22.44331169128418,-7.456194877624512,-1.5760232210159302,True,50,0.832038402557373,0.8755642175674438,0.0905313640832901,22.357688903808594,-7.426907062530518,-1.5733983516693115,3287,809
2011_09_26_drive_0018_sync,0000000071,0,0.8192991614341736,23.72210121154785,-7.3831095695495605,-1.5105340480804443,True,56,0.8313736319541931,0.8811744451522827,0.0592026486992836,23.74601173400879,-7.340474605560303,-1.4771349430084229,3319,777
2011_09_26_drive_0018_sync,0000000071,1,0.8999082446098328,3.654142379760742,-3.610342264175415,-1.7128173112869263,True,95,0.8959963321685791,0.8771013617515564,0.13467033207416534,3.5204975605010986,-3.598242998123169,-1.7014696598052979,3319,777
2011_09_26_drive_0018_sync,0000000071,2,0.5295108556747437,37.10184860229492,-7.0803351402282715,-1.4402780532836914,True,58,0.289544939994812,0.7012683153152466,0.21307310461997986,37.2160758972168,-6.939241409301758,-1.3287216424942017,3319,777
2011_09_26_drive_0018_sync,0000000071,3,0.8938570618629456,14.500336647033691,-3.0345311164855957,-1.6079857349395752,True,88,0.9110484719276428,0.8873392939567566,0.08707664906978607,14.5028657913208,-3.051377058029175,-1.6933798789978027,3319,777
2011_09_26_drive_0018_sync,0000000071,4,0.673811137676239,40.869529724121094,-3.239452838897705,-1.4212697744369507,True,65,0.4816502630710602,0.6822288632392883,0.24454402923583984,40.6329345703125,-3.290806770324707,-1.386812686920166,3319,777
2011_09_26_drive_0018_sync,0000000072,0,0.9070826768875122,15.42835521697998,-3.0043559074401855,-1.5666308403015137,True,23,0.8970257639884949,0.8231378793716431,0.11487100273370743,15.344133377075195,-2.939638376235962,-1.6103763580322266,3312,784
2011_09_26_drive_0018_sync,0000000072,1,0.8545069098472595,24.930524826049805,-7.532855033874512,-1.5511155128479004,True,99,0.8196359872817993,0.8847374320030212,0.07541292160749435,24.958772659301758,-7.463036060333252,-1.54731023311615,3312,784
2011_09_26_drive_0018_sync,0000000072,2,0.6884232759475708,42.46549987792969,-2.578038215637207,-1.364607334136963,True,89,0.6806107759475708,0.8784932494163513,0.10076781362295151,42.38437271118164,-2.6133437156677246,-1.316378116607666,3312,784
2011_09_26_drive_0018_sync,0000000072,3,0.9010671377182007,4.35860013961792,-3.5996482372283936,-1.6700211763381958,True,92,0.891704261302948,0.8955587148666382,0.07610654085874557,4.331945419311523,-3.6701648235321045,-1.659574031829834,3312,784
2011_09_26_drive_0018_sync,0000000073,0,0.5817278623580933,43.85503387451172,-2.773866653442383,-1.3116140365600586,True,77,0.3948736786842346,0.7556542754173279,0.22539277374744415,43.996253967285156,-2.949122905731201,-1.3236154317855835,3347,749
2011_09_26_drive_0018_sync,0000000073,1,0.8724138140678406,16.530017852783203,-2.9830963611602783,-1.6430904865264893,True,85,0.8994655013084412,0.9098764657974243,0.06593243777751923,16.467060089111328,-2.967883586883545,-1.6307625770568848,3347,749
2011_09_26_drive_0018_sync,0000000073,2,0.7960358262062073,26.251728057861328,-7.265040397644043,-1.4698482751846313,True,89,0.833427369594574,0.8200702667236328,0.12756696343421936,26.27167320251465,-7.390735626220703,-1.4785792827606201,3347,749
2011_09_26_drive_0018_sync,0000000073,3,0.8948179483413696,5.007266998291016,-3.5663115978240967,-1.6538245677947998,True,79,0.9074264168739319,0.8936958909034729,0.03517930209636688,5.035761833190918,-3.582807779312134,-1.6662142276763916,3347,749
2011_09_26_drive_0018_sync,0000000074,0,0.7161505222320557,27.600465774536133,-7.195179462432861,-1.4826505184173584,True,35,0.7642069458961487,0.9132851958274841,0.060305479913949966,27.620635986328125,-7.2469305992126465,-1.5061395168304443,3403,693
2011_09_26_drive_0018_sync,0000000074,1,0.4873376786708832,45.277828216552734,-2.620560646057129,-1.2329267263412476,True,77,0.4559456408023834,0.8089430928230286,0.11179918795824051,45.350223541259766,-2.6554620265960693,-1.1552101373672485,3403,693
2011_09_26_drive_0018_sync,0000000074,2,0.8632329702377319,17.528038024902344,-2.970130681991577,-1.6051971912384033,True,48,0.9032077789306641,0.8700602054595947,0.12682843208312988,17.413928985595703,-3.011411428451538,-1.6420818567276,3403,693
2011_09_26_drive_0018_sync,0000000074,3,0.894570529460907,5.750009059906006,-3.596217155456543,-1.6638169288635254,True,86,0.909935474395752,0.8769735097885132,0.0743800550699234,5.762789249420166,-3.588257074356079,-1.5909767150878906,3403,693
2011_09_26_drive_0018_sync,0000000075,0,0.8983857035636902,18.44961166381836,-2.920315980911255,-1.5845911502838135,True,92,0.8973969221115112,0.9176698327064514,0.0382203608751297,18.468807220458984,-2.893200397491455,-1.565694808959961,3390,706
2011_09_26_drive_0018_sync,0000000075,1,0.9079487919807434,6.574645042419434,-3.545275926589966,-1.6923985481262207,True,77,0.8947321772575378,0.8974041938781738,0.0740092322230339,6.620426177978516,-3.595860481262207,-1.6637165546417236,3390,706
2011_09_26_drive_0018_sync,0000000075,2,0.5010594725608826,28.767995834350586,-7.128520488739014,-1.5487189292907715,True,37,0.7059149146080017,0.7258487343788147,0.18993189930915833,28.69452667236328,-7.291817665100098,-1.6120469570159912,3390,706
2011_09_26_drive_0018_sync,0000000075,3,0.36423158645629883,46.90828323364258,-2.4983959197998047,-1.3521738052368164,True,96,0.1968240737915039,0.7739277482032776,0.16331131756305695,46.96961212158203,-2.6481528282165527,-1.330214262008667,3390,706
2011_09_26_drive_0018_sync,0000000076,0,0.824813723564148,30.339719772338867,-7.200002193450928,-1.4682164192199707,True,41,0.8470832109451294,0.8943492770195007,0.042950697243213654,30.350540161132812,-7.170807838439941,-1.4386297464370728,3432,664
2011_09_26_drive_0018_sync,0000000076,1,0.8998726010322571,7.4171905517578125,-3.5241074562072754,-1.6819462776184082,True,95,0.8980772495269775,0.8804011940956116,0.08449013531208038,7.444004058837891,-3.600011110305786,-1.65628981590271,3432,664
2011_09_26_drive_0018_sync,0000000076,2,0.8592207431793213,19.58940887451172,-2.8851351737976074,-1.5999369621276855,True,72,0.8499523997306824,0.8987111449241638,0.09338399767875671,19.50251579284668,-2.8984525203704834,-1.6314458847045898,3432,664
2011_09_26_drive_0018_sync,0000000077,0,0.8380353450775146,31.51681137084961,-7.131966590881348,-1.4537125825881958,True,54,0.8272103071212769,0.92433762550354,0.049453310668468475,31.550071716308594,-7.120863914489746,-1.488585352897644,3474,622
2011_09_26_drive_0018_sync,0000000077,1,0.8004274964332581,20.621253967285156,-2.9341962337493896,-1.5926897525787354,True,59,0.8405757546424866,0.8609815835952759,0.10057739913463593,20.6833438873291,-2.8568365573883057,-1.5760724544525146,3474,622
2011_09_26_drive_0018_sync,0000000077,2,0.8971814513206482,8.125984191894531,-3.5641705989837646,-1.6417118310928345,True,94,0.8834210634231567,0.9092833995819092,0.10085128992795944,8.226449012756348,-3.5635812282562256,-1.6505126953125,3474,622
2011_09_26_drive_0018_sync,0000000078,0,0.8837106227874756,21.7299747467041,-2.841219186782837,-1.5182087421417236,True,76,0.8784896731376648,0.9037460088729858,0.030422640964388847,21.734302520751953,-2.8644351959228516,-1.537387490272522,3417,679
2011_09_26_drive_0018_sync,0000000078,1,0.5565330982208252,32.943965911865234,-7.164541721343994,-1.524592638015747,True,72,0.6320983171463013,0.8886263966560364,0.03530673310160637,32.943973541259766,-7.151303768157959,-1.4918615818023682,3417,679
2011_09_26_drive_0018_sync,0000000078,2,0.9101725220680237,9.171152114868164,-3.530975580215454,-1.64117431640625,True,46,0.9133242964744568,0.8914699554443359,0.058064043521881104,9.166278839111328,-3.4823648929595947,-1.6725540161132812,3417,679
2011_09_26_drive_0018_sync,0000000079,0,0.41304048895835876,-1.7947182655334473,-4.067849636077881,-1.6692332029342651,True,49,0.2746892273426056,0.615676999092102,0.2753596603870392,-1.6935640573501587,-3.8458566665649414,-1.7969434261322021,3443,653
2011_09_26_drive_0018_sync,0000000079,1,0.5256712436676025,34.17515563964844,-6.98953104019165,-1.4888930320739746,True,70,0.7180381417274475,0.8244901895523071,0.08533760905265808,34.13766098022461,-6.9128737449646,-1.4894564151763916,3443,653
2011_09_26_drive_0018_sync,0000000079,2,0.878053605556488,22.761606216430664,-2.794276475906372,-1.5376901626586914,True,58,0.8155912756919861,0.8785123825073242,0.0470968522131443,22.797264099121094,-2.7647955417633057,-1.5464937686920166,3443,653
2011_09_26_drive_0018_sync,0000000079,3,0.907581090927124,10.07540225982666,-3.4850239753723145,-1.6669787168502808,True,56,0.9140233397483826,0.925085186958313,0.044574886560440063,10.033334732055664,-3.4993739128112793,-1.6636137962341309,3443,653
2011_09_26_drive_0018_sync,0000000080,0,0.5752159357070923,35.39977264404297,-6.919137954711914,-1.5107674598693848,True,84,0.5949440002441406,0.8135632276535034,0.050630033016204834,35.39967727661133,-6.882558345794678,-1.4757628440856934,3432,664
2011_09_26_drive_0018_sync,0000000080,1,0.802964448928833,23.869417190551758,-2.7229409217834473,-1.5229756832122803,True,96,0.7991823554039001,0.8893014192581177,0.057979684323072433,23.919687271118164,-2.745396614074707,-1.5048013925552368,3432,664
2011_09_26_drive_0018_sync,0000000080,2,0.8831579089164734,10.851621627807617,-3.452944278717041,-1.6691834926605225,True,75,0.8796658515930176,0.8941832780838013,0.06741882115602493,10.918196678161621,-3.448833465576172,-1.6593773365020752,3432,664
2011_09_26_drive_0018_sync,0000000080,3,0.5953294038772583,-1.081390380859375,-3.622265338897705,-1.8125373125076294,True,65,0.5749853253364563,0.7268633842468262,0.21919675171375275,-1.1329636573791504,-3.8351669311523438,-1.8203043937683105,3432,664
2011_09_26_drive_0018_sync,0000000081,0,0.5585391521453857,-0.8509860038757324,-3.599259376525879,-1.7588759660720825,True,61,0.5341235399246216,0.7090801000595093,0.3531370162963867,-0.5036876201629639,-3.5465707778930664,-1.7226338386535645,3428,668
2011_09_26_drive_0018_sync,0000000081,1,0.8854526281356812,11.94135856628418,-3.4056873321533203,-1.624207615852356,True,71,0.887588620185852,0.8957043886184692,0.07066666334867477,11.988662719726562,-3.4413702487945557,-1.6627150774002075,3428,668
2011_09_26_drive_0018_sync,0000000081,2,0.5209714770317078,36.76692581176758,-6.969793319702148,-1.4269745349884033,True,29,0.6533375978469849,0.8701992034912109,0.0856844112277031,36.824851989746094,-6.948502063751221,-1.4864140748977661,3428,668
2011_09_26_drive_0018_sync,0000000081,3,0.8292860984802246,25.118999481201172,-2.9403984546661377,-1.3982939720153809,True,73,0.8479952216148376,0.7291906476020813,0.23244746029376984,24.953933715820312,-2.776752471923828,-1.3960349559783936,3428,668
2011_09_26_drive_0018_sync,0000000082,0,0.8222618699073792,26.18874740600586,-2.65738844871521,-1.457834243774414,True,12,0.8522627949714661,0.8605973124504089,0.06676365435123444,26.128154754638672,-2.6847352981567383,-1.4516644477844238,3390,706
2011_09_26_drive_0018_sync,0000000082,1,0.4729449152946472,-0.1165991723537445,-3.602177143096924,-1.6897287368774414,True,75,0.7059553861618042,0.7623870372772217,0.19773006439208984,0.07711374759674072,-3.6382036209106445,-1.706299066543579,3390,706
2011_09_26_drive_0018_sync,0000000082,2,0.9068083167076111,12.854891777038574,-3.457315444946289,-1.657113790512085,True,49,0.8944074511528015,0.898313581943512,0.0811115950345993,12.778298377990723,-3.448014974594116,-1.6320929527282715,3390,706
2011_09_26_drive_0018_sync,0000000083,0,0.7925788760185242,0.8571061491966248,-3.78774356842041,-1.6163947582244873,True,56,0.7925195693969727,0.8919811844825745,0.05204353854060173,0.8835659623146057,-3.8128530979156494,-1.5792744159698486,3297,799
2011_09_26_drive_0018_sync,0000000083,1,0.8360803127288818,27.398672103881836,-2.6773719787597656,-1.493722677230835,True,68,0.8331252336502075,0.8757179975509644,0.09488928318023682,27.312210083007812,-2.6483020782470703,-1.4675838947296143,3297,799
2011_09_26_drive_0018_sync,0000000083,2,0.8993687033653259,13.832554817199707,-3.3820955753326416,-1.6211793422698975,True,46,0.9085536003112793,0.9124278426170349,0.04890689626336098,13.865921020507812,-3.4175806045532227,-1.6255831718444824,3297,799
2011_09_26_drive_0018_sync,0000000084,0,0.5983297228813171,40.87562561035156,-6.843698978424072,-1.3241798877716064,True,32,0.5316236615180969,0.8084912896156311,0.12438181787729263,40.91172409057617,-6.734311103820801,-1.371105670928955,3308,788
2011_09_26_drive_0018_sync,0000000084,1,0.4779513478279114,32.6397705078125,-19.360733032226562,-1.7656878232955933,True,36,0.2904355823993683,0.6588441133499146,0.3656606674194336,32.63187789916992,-18.995262145996094,-1.774432897567749,3308,788
2011_09_26_drive_0018_sync,0000000084,2,0.9156628251075745,14.84150505065918,-3.389881134033203,-1.608724594116211,True,50,0.9048036932945251,0.9171125888824463,0.06439372152090073,14.86525821685791,-3.3779842853546143,-1.5500662326812744,3308,788
2011_09_26_drive_0018_sync,0000000084,3,0.8042261004447937,28.24199104309082,-2.5506680011749268,-1.4610246419906616,True,89,0.746361255645752,0.8317362070083618,0.10978931188583374,28.307361602783203,-2.5417346954345703,-1.5487775802612305,3308,788
2011_09_26_drive_0018_sync,0000000084,4,0.7716824412345886,1.463287115097046,-3.744180679321289,-1.8087164163589478,True,49,0.7127344608306885,0.8878397345542908,0.11352456361055374,1.540347933769226,-3.7655670642852783,-1.7281429767608643,3308,788
2011_09_26_drive_0018_sync,0000000085,0,0.44218188524246216,33.08068084716797,-19.152067184448242,-1.8067607879638672,False,,,0.0,,,,,3303,793
2011_09_26_drive_0018_sync,0000000085,1,0.5365716814994812,42.202247619628906,-6.754567623138428,-1.4822227954864502,True,90,0.4935578405857086,0.7083339095115662,0.19523802399635315,42.186004638671875,-6.899051666259766,-1.351921558380127,3303,793
2011_09_26_drive_0018_sync,0000000085,2,0.8894428014755249,15.957486152648926,-3.3413479328155518,-1.6220139265060425,True,69,0.8850648999214172,0.8996515274047852,0.0808781236410141,16.035160064697266,-3.3617680072784424,-1.6315561532974243,3303,793
2011_09_26_drive_0018_sync,0000000085,3,0.8817527890205383,2.113468885421753,-3.705406427383423,-1.6226941347122192,True,2,0.8815208673477173,0.9116187691688538,0.06520207226276398,2.068202495574951,-3.6711230278015137,-1.5906486511230469,3303,793
2011_09_26_drive_0018_sync,0000000085,4,0.7947136759757996,29.62911033630371,-2.5165491104125977,-1.417818307876587,True,80,0.7023611068725586,0.8327527642250061,0.088752381503582,29.647930145263672,-2.5815460681915283,-1.4752482175827026,3303,793
2011_09_26_drive_0018_sync,0000000086,0,0.7836519479751587,30.972360610961914,-2.624423027038574,-1.4355242252349854,True,84,0.8121384978294373,0.8882034420967102,0.13287357985973358,30.839622497558594,-2.6205925941467285,-1.4401404857635498,3289,807
2011_09_26_drive_0018_sync,0000000086,1,0.839285671710968,2.74450945854187,-3.6765246391296387,-1.7365648746490479,True,94,0.7873291373252869,0.8846978545188904,0.11718427389860153,2.856069326400757,-3.712392568588257,-1.7363626956939697,3289,807
2011_09_26_drive_0018_sync,0000000086,2,0.8985922932624817,16.937271118164062,-3.3575057983398438,-1.6194605827331543,True,25,0.8933425545692444,0.8479558825492859,0.11658568680286407,16.836122512817383,-3.306483030319214,-1.5919313430786133,3289,807
2011_09_26_drive_0018_sync,0000000086,3,0.4452485740184784,33.01790237426758,-19.318096160888672,-1.843316674232483,True,5,0.32543057203292847,0.6219382286071777,0.7778122425079346,33.535369873046875,-18.737607955932617,-1.8592143058776855,3289,807
2011_09_26_drive_0018_sync,0000000087,0,0.8973917365074158,18.08789825439453,-3.2871289253234863,-1.5797518491744995,True,46,0.8924223780632019,0.8991255164146423,0.04297003149986267,18.100894927978516,-3.3153605461120605,-1.5500788688659668,3297,799
2011_09_26_drive_0018_sync,0000000087,1,0.7036411762237549,31.700817108154297,-2.578834056854248,-1.4098014831542969,True,80,0.7217631340026855,0.8870415091514587,0.04954123497009277,31.717697143554688,-2.54074764251709,-1.4366123676300049,3297,799
2011_09_26_drive_0018_sync,0000000087,2,0.3627757728099823,34.03319549560547,-18.43684196472168,-1.7200827598571777,True,83,0.3270495533943176,0.7166396379470825,0.11784320324659348,34.02729797363281,-18.321176528930664,-1.7418484687805176,3297,799
2011_09_26_drive_0018_sync,0000000087,3,0.8934290409088135,3.505280017852783,-3.6989922523498535,-1.6815271377563477,True,78,0.88944011926651,0.8908659815788269,0.07904264330863953,3.4487762451171875,-3.6471710205078125,-1.6623015403747559,3297,799
2011_09_26_drive_0018_sync,0000000088,0,0.7371824383735657,33.27650833129883,-2.5007405281066895,-1.3777029514312744,True,20,0.7969667911529541,0.7002777457237244,0.24338549375534058,33.429283142089844,-2.6497817039489746,-1.4946776628494263,3342,754
2011_09_26_drive_0018_sync,0000000088,1,0.8536680340766907,18.861366271972656,-3.278468370437622,-1.5332248210906982,True,59,0.8415949940681458,0.8373020887374878,0.2074699103832245,19.06249237060547,-3.246572971343994,-1.57290780544281,3342,754
2011_09_26_drive_0018_sync,0000000088,2,0.8935080170631409,4.216876983642578,-3.677022695541382,-1.6935594081878662,True,93,0.8776662945747375,0.9766046404838562,0.01979641243815422,4.218851089477539,-3.671628475189209,-1.674614667892456,3342,754
2011_09_26_drive_0018_sync,0000000089,0,0.8676282167434692,20.183507919311523,-3.2264106273651123,-1.5572214126586914,True,52,0.8886597156524658,0.882445752620697,0.1183793917298317,20.28864288330078,-3.2419049739837646,-1.609377384185791,3384,712
2011_09_26_drive_0018_sync,0000000089,1,0.5940819382667542,34.5550537109375,-17.616689682006836,-1.7738444805145264,True,43,0.8147891759872437,0.7656999230384827,0.11507489532232285,34.513145446777344,-17.713882446289062,-1.8190052509307861,3384,712
2011_09_26_drive_0018_sync,0000000089,2,0.8683873414993286,5.0063700675964355,-3.6684188842773438,-1.6844321489334106,True,83,0.8889012932777405,0.9220966100692749,0.07588397711515427,4.9366254806518555,-3.670250177383423,-1.7142770290374756,3384,712
2011_09_26_drive_0018_sync,0000000089,3,0.7831567525863647,34.29427719116211,-2.472445487976074,-1.4013622999191284,True,81,0.7046036720275879,0.8477040529251099,0.1377117931842804,34.178646087646484,-2.5032730102539062,-1.4695066213607788,3384,712
2011_09_26_drive_0018_sync,0000000090,0,0.5662050843238831,35.329437255859375,-2.309657096862793,-1.4643406867980957,True,2,0.3323821723461151,0.8857971429824829,0.04927528277039528,35.289817810058594,-2.300168752670288,-1.492059350013733,3395,701
2011_09_26_drive_0018_sync,0000000090,1,0.9064005017280579,5.803311347961426,-3.655040979385376,-1.66102933883667,True,61,0.8636834025382996,0.9063246250152588,0.056540947407484055,5.835300922393799,-3.6372101306915283,-1.704106092453003,3395,701
2011_09_26_drive_0018_sync,0000000090,2,0.7617491483688354,35.034912109375,-17.275524139404297,-1.5743587017059326,True,37,0.7633485794067383,0.8606485724449158,0.06156359985470772,35.04972457885742,-17.24833106994629,-1.6275677680969238,3395,701
2011_09_26_drive_0018_sync,0000000090,3,0.880233883857727,21.518173217773438,-3.197350025177002,-1.505903720855713,True,97,0.8959420919418335,0.8683961629867554,0.10682256519794464,21.612464904785156,-3.247497320175171,-1.5082247257232666,3395,701
2011_09_26_drive_0018_sync,0000000091,0,0.8880203366279602,22.477235794067383,-3.2045767307281494,-1.4833884239196777,True,63,0.8707552552223206,0.7800541520118713,0.23125998675823212,22.702634811401367,-3.1984798908233643,-1.5347625017166138,3429,667
2011_09_26_drive_0018_sync,0000000091,1,0.878743052482605,6.498598098754883,-3.6191372871398926,-1.649285078048706,True,73,0.8814703822135925,0.8322378396987915,0.1300283670425415,6.3973283767700195,-3.6097583770751953,-1.5682674646377563,3429,667
2011_09_26_drive_0018_sync,0000000091,2,0.6585544943809509,36.806243896484375,-2.5480616092681885,-1.3857908248901367,True,48,0.2710886299610138,0.9351158142089844,0.05067070573568344,36.758575439453125,-2.5339019298553467,-1.3955243825912476,3429,667
2011_09_26_drive_0018_sync,0000000091,3,0.4283619225025177,35.45183181762695,-17.091829299926758,-1.6251468658447266,True,66,0.2577437460422516,0.8239994645118713,0.11261115968227386,35.506019592285156,-17.01089096069336,-1.568631887435913,3429,667
2011_09_26_drive_0018_sync,0000000092,0,0.5972792506217957,33.48169708251953,15.607687950134277,0.32447147369384766,True,50,0.010680553503334522,0.8259495496749878,0.12059154361486435,33.49959182739258,15.505701065063477,0.26265907287597656,3448,648
2011_09_26_drive_0018_sync,0000000092,1,0.7834047079086304,37.96242904663086,-2.3708384037017822,-1.4216166734695435,True,42,0.782806396484375,0.9165299534797668,0.06400822103023529,37.91555404663086,-2.3547866344451904,-1.4621398448944092,3448,648
2011_09_26_drive_0018_sync,0000000092,2,0.8911195397377014,7.471652984619141,-3.580080986022949,-1.6216084957122803,True,59,0.8876898884773254,0.9031213521957397,0.10859297215938568,7.363725185394287,-3.56809139251709,-1.6210851669311523,3448,648
2011_09_26_drive_0018_sync,0000000092,3,0.867155134677887,23.83842658996582,-3.168013334274292,-1.4298677444458008,True,27,0.8556103706359863,0.8950044512748718,0.07173967361450195,23.818809509277344,-3.236652135848999,-1.4227638244628906,3448,648
2011_09_26_drive_0018_sync,0000000093,0,0.6762455105781555,39.24013137817383,-2.1479270458221436,-1.468445062637329,True,90,0.6163007616996765,0.805255115032196,0.1473912000656128,39.13705062866211,-2.0435192584991455,-1.454390287399292,3435,661
2011_09_26_drive_0018_sync,0000000093,1,0.8782826066017151,8.165617942810059,-3.6189589500427246,-1.5586225986480713,True,87,0.8817682862281799,0.8470293283462524,0.1726301908493042,8.006539344787598,-3.5783793926239014,-1.6119937896728516,3435,661
2011_09_26_drive_0018_sync,0000000093,2,0.713664174079895,0.179701566696167,-3.435349702835083,-1.7804820537567139,False,,,0.0,,,,,3435,661
2011_09_26_drive_0018_sync,0000000093,3,0.8701034188270569,25.090852737426758,-3.1248624324798584,-1.458730697631836,True,66,0.8552951216697693,0.8630411028862,0.11582110077142715,25.01157569885254,-3.156484365463257,-1.5370233058929443,3435,661
2011_09_26_drive_0018_sync,0000000094,0,0.8826188445091248,8.976491928100586,-3.5215516090393066,-1.6241364479064941,True,95,0.9006213545799255,0.8745502233505249,0.10071498155593872,9.033841133117676,-3.602695941925049,-1.6405733823776245,3323,773
2011_09_26_drive_0018_sync,0000000094,1,0.799285888671875,0.7328034043312073,-3.702894449234009,-1.7095165252685547,True,98,0.7578109502792358,0.8551733493804932,0.12556415796279907,0.6144146919250488,-3.7308754920959473,-1.7406216859817505,3323,773
2011_09_26_drive_0018_sync,0000000094,2,0.8570252656936646,26.47203826904297,-3.147949695587158,-1.4764409065246582,True,96,0.8343539834022522,0.8695099353790283,0.08307994157075882,26.482946395874023,-3.219348430633545,-1.4353859424591064,3323,773
2011_09_26_drive_0018_sync,0000000095,0,0.43186989426612854,1.0594751834869385,-7.875146865844727,-1.7863507270812988,False,,,0.0,,,,,3374,722
2011_09_26_drive_0018_sync,0000000095,1,0.881471574306488,9.867246627807617,-3.557464838027954,-1.6823996305465698,True,70,0.8758643269538879,0.9176625609397888,0.04100087285041809,9.849417686462402,-3.580310583114624,-1.6533949375152588,3374,722
2011_09_26_drive_0018_sync,0000000095,2,0.8337475657463074,27.797880172729492,-3.084766387939453,-1.514545202255249,True,79,0.8277962803840637,0.8376395106315613,0.10189764201641083,27.7315673828125,-3.0168681144714355,-1.4774565696716309,3374,722
2011_09_26_drive_0018_sync,0000000095,3,0.895455539226532,1.7807185649871826,-3.542508125305176,-1.7669384479522705,True,53,0.8721001148223877,0.8939704298973083,0.04669914022088051,1.7746816873550415,-3.5486373901367188,-1.721038579940796,3374,722
2011_09_26_drive_0018_sync,0000000095,4,0.6190805435180664,41.76160430908203,-2.2934839725494385,-1.3463581800460815,True,90,0.7242064476013184,0.9009450674057007,0.07037447392940521,41.81978988647461,-2.2741475105285645,-1.3808995485305786,3374,722
2011_09_26_drive_0018_sync,0000000096,0,0.5559898614883423,42.94253921508789,-2.2337212562561035,-1.3614461421966553,True,82,0.5578979849815369,0.9018945097923279,0.04772835224866867,42.942604064941406,-2.280841827392578,-1.3538538217544556,3304,792
2011_09_26_drive_0018_sync,0000000096,1,0.8222043514251709,1.8540098667144775,-7.603484630584717,-1.748504877090454,True,81,0.8337727785110474,0.8669214248657227,0.08076928555965424,1.8810750246047974,-7.544278621673584,-1.7006947994232178,3304,792
2011_09_26_drive_0018_sync,0000000096,2,0.8210035562515259,29.076148986816406,-3.1015586853027344,-1.4126064777374268,True,56,0.8549962043762207,0.847526490688324,0.13778682053089142,29.198251724243164,-3.0639991760253906,-1.4642341136932373,3304,792
2011_09_26_drive_0018_sync,0000000096,3,0.8995959162712097,10.831436157226562,-3.5348851680755615,-1.5932679176330566,True,65,0.8836963772773743,0.8327944278717041,0.14084723591804504,10.709118843078613,-3.574251890182495,-1.5355905294418335,3304,792
2011_09_26_drive_0018_sync,0000000096,4,0.8256508708000183,2.5257821083068848,-3.5397603511810303,-1.815657377243042,True,74,0.875990092754364,0.8813140392303467,0.07752560079097748,2.502124309539795,-3.560420274734497,-1.744779348373413,3304,792
2011_09_26_drive_0018_sync,0000000097,0,0.8666796684265137,11.655388832092285,-3.6014163494110107,-1.5933070182800293,True,88,0.8337982892990112,0.8259357810020447,0.0918140783905983,11.705764770507812,-3.524766206741333,-1.5892027616500854,3335,761
2011_09_26_drive_0018_sync,0000000097,1,0.45619505643844604,44.2827262878418,-2.1086649894714355,-1.306343674659729,False,,,0.0,,,,,3335,761
2011_09_26_drive_0018_sync,0000000097,2,0.8362767696380615,30.455432891845703,-3.0047006607055664,-1.3558859825134277,True,71,0.8054627776145935,0.9455833435058594,0.02306678518652916,30.45328140258789,-3.000281810760498,-1.3784230947494507,3335,761
2011_09_26_drive_0018_sync,0000000097,3,0.9107377529144287,3.3928050994873047,-3.605051040649414,-1.7216087579727173,True,97,0.8830362558364868,0.8819848895072937,0.08595007658004761,3.31545352935791,-3.6056625843048096,-1.684141755104065,3335,761
2011_09_26_drive_0018_sync,0000000097,4,0.8139057755470276,2.8952865600585938,-7.450576305389404,-1.7266976833343506,True,59,0.8477921485900879,0.8370406627655029,0.06335217505693436,2.9096741676330566,-7.510979652404785,-1.7141306400299072,3335,761
2011_09_26_drive_0018_sync,0000000098,0,0.8940719962120056,12.677728652954102,-3.482469081878662,-1.66353440284729,True,63,0.8823137879371643,0.9059721827507019,0.07496794313192368,12.730154037475586,-3.50642991065979,-1.6156005859375,3330,766
2011_09_26_drive_0018_sync,0000000098,1,0.8748247623443604,3.671985626220703,-7.5373945236206055,-1.7080473899841309,True,45,0.8599432706832886,0.8992169499397278,0.028249287977814674,3.6572659015655518,-7.558977127075195,-1.697298288345337,3330,766
2011_09_26_drive_0018_sync,0000000098,2,0.9122592806816101,4.11214017868042,-3.551779270172119,-1.6810517311096191,True,12,0.8707436919212341,0.9007874131202698,0.03628264367580414,4.139388084411621,-3.569547176361084,-1.6971229314804077,3330,766
2011_09_26_drive_0018_sync,0000000098,3,0.8171073794364929,31.803585052490234,-2.9717824459075928,-1.4113855361938477,True,75,0.8254664540290833,0.9039576649665833,0.06557481735944748,31.738706588745117,-2.98071551322937,-1.4080626964569092,3330,766
2011_09_26_drive_0018_sync,0000000099,0,0.5411145091056824,38.33395767211914,-14.88454532623291,-1.5311115980148315,True,27,0.39441412687301636,0.7455294132232666,0.1836787760257721,38.28573989868164,-15.00100326538086,-1.3975058794021606,3356,740
2011_09_26_drive_0018_sync,0000000099,1,0.873755156993866,13.599608421325684,-3.466700315475464,-1.5454397201538086,True,55,0.8919159770011902,0.7962812185287476,0.1422426551580429,13.602837562561035,-3.373286724090576,-1.6526612043380737,3356,740
2011_09_26_drive_0018_sync,0000000099,2,0.7949878573417664,4.4625773429870605,-7.591328144073486,-1.698625922203064,True,30,0.8592414855957031,0.8311111330986023,0.12546031177043915,4.582622051239014,-7.571815490722656,-1.667823076248169,3356,740
2011_09_26_drive_0018_sync,0000000099,3,0.7982191443443298,33.32777404785156,-2.95880126953125,-1.4327385425567627,True,41,0.8248599767684937,0.8189480304718018,0.15244747698307037,33.47053909301758,-2.996169090270996,-1.3945021629333496,3356,740
2011_09_26_drive_0018_sync,0000000099,4,0.8880059719085693,5.0166850090026855,-3.514294385910034,-1.7135436534881592,True,65,0.8798197507858276,0.8832494020462036,0.11296886205673218,5.123446464538574,-3.47800612449646,-1.706679344177246,3356,740
2011_09_26_drive_0018_sync,0000000100,0,0.8755713105201721,14.485169410705566,-3.4871985912323,-1.5666166543960571,True,30,0.8619693517684937,0.8971278667449951,0.06405491381883621,14.496792793273926,-3.459601640701294,-1.6232411861419678,3378,718
2011_09_26_drive_0018_sync,0000000100,1,0.8742731213569641,5.897518634796143,-3.5729174613952637,-1.690232515335083,True,82,0.8976717591285706,0.8684480786323547,0.09817709028720856,5.982327938079834,-3.611109972000122,-1.721656322479248,3378,718
2011_09_26_drive_0018_sync,0000000100,2,0.8794779181480408,5.55772590637207,-7.51254415512085,-1.637337327003479,True,61,0.8844019174575806,0.8985258936882019,0.02169143408536911,5.5413031578063965,-7.512020111083984,-1.6514984369277954,3378,718
2011_09_26_drive_0018_sync,0000000101,0,0.38973283767700195,38.610172271728516,-14.537853240966797,-1.6257013082504272,True,87,0.06248846277594566,0.8045474886894226,0.13511130213737488,38.735557556152344,-14.580419540405273,-1.5988367795944214,3373,723
2011_09_26_drive_0018_sync,0000000101,1,0.885895311832428,6.667541027069092,-7.564174175262451,-1.6165661811828613,True,98,0.8897866010665894,0.9067095518112183,0.0973394364118576,6.576595306396484,-7.533712387084961,-1.6331770420074463,3373,723
2011_09_26_drive_0018_sync,0000000101,2,0.8655321598052979,6.926856517791748,-3.6028683185577393,-1.6511727571487427,True,75,0.8988513946533203,0.8783257007598877,0.056474488228559494,6.902649402618408,-3.5540413856506348,-1.6363635063171387,3373,723
2011_09_26_drive_0018_sync,0000000101,3,0.8616186380386353,15.417872428894043,-3.3973987102508545,-1.54396390914917,True,38,0.8620209693908691,0.7608135342597961,0.2729829251766205,15.674589157104492,-3.4270548820495605,-1.6319224834442139,3373,723
2011_09_26_drive_0018_sync,0000000101,4,0.7646204829216003,36.201744079589844,-3.0501110553741455,-1.3820796012878418,True,82,0.7287640571594238,0.8221941590309143,0.12177731841802597,36.2745246887207,-2.995453119277954,-1.4629820585250854,3373,723
2011_09_26_drive_0018_sync,0000000102,0,0.889108419418335,7.796864032745361,-3.5440409183502197,-1.679802656173706,True,6,0.8818562030792236,0.8805657625198364,0.04943207651376724,7.828071117401123,-3.567194700241089,-1.6492486000061035,3422,674
2011_09_26_drive_0018_sync,0000000102,1,0.8204653859138489,16.40866470336914,-3.4514496326446533,-1.5916621685028076,True,88,0.8391374349594116,0.9276151061058044,0.04397277534008026,16.441999435424805,-3.425482988357544,-1.6038331985473633,3422,674
2011_09_26_drive_0018_sync,0000000102,2,0.6682609915733337,38.95137405395508,-14.293580055236816,-1.5546162128448486,True,5,0.7012329697608948,0.8422211408615112,0.15104806423187256,39.07915115356445,-14.227489471435547,-1.5085666179656982,3422,674
2011_09_26_drive_0018_sync,0000000102,3,0.8707977533340454,7.501008033752441,-7.536017417907715,-1.6627542972564697,True,39,0.8940266966819763,0.8829240798950195,0.1069692075252533,7.598154544830322,-7.496520519256592,-1.6838483810424805,3422,674
2011_09_26_drive_0018_sync,0000000102,4,0.5473374128341675,37.788482666015625,-3.1974310874938965,-1.4457021951675415,True,65,0.5960215926170349,0.7526921033859253,0.18578888475894928,37.832096099853516,-3.036717653274536,-1.3633215427398682,3422,674
2011_09_26_drive_0018_sync,0000000103,0,0.7254031896591187,39.240684509277344,-2.537280559539795,-1.3839470148086548,True,47,0.5531490445137024,0.8471066355705261,0.0813392624258995,39.276859283447266,-2.6061558723449707,-1.4076883792877197,3407,689
2011_09_26_drive_0018_sync,0000000103,1,0.8807463645935059,17.447599411010742,-3.358013153076172,-1.5744290351867676,True,9,0.8793175220489502,0.8669950366020203,0.0869559496641159,17.53046417236328,-3.3842320442199707,-1.577138066291809,3407,689
2011_09_26_drive_0018_sync,0000000103,2,0.7923941612243652,39.19715881347656,-14.067712783813477,-1.492903470993042,True,57,0.8082212209701538,0.8855153322219849,0.05857694521546364,39.16485595703125,-14.041545867919922,-1.5341718196868896,3407,689
2011_09_26_drive_0018_sync,0000000103,3,0.9056139588356018,8.460172653198242,-7.483620643615723,-1.6277284622192383,True,97,0.8850834965705872,0.884154736995697,0.04609428346157074,8.449742317199707,-7.520875930786133,-1.6026698350906372,3407,689
2011_09_26_drive_0018_sync,0000000103,4,0.8830851912498474,8.591752052307129,-3.554063081741333,-1.6114085912704468,True,44,0.8976216316223145,0.8723338842391968,0.05589031055569649,8.62098217010498,-3.52482271194458,-1.6490161418914795,3407,689
2011_09_26_drive_0018_sync,0000000104,0,0.8991438746452332,9.621777534484863,-3.5072569847106934,-1.6269218921661377,True,87,0.898287832736969,0.9144846796989441,0.047401394695043564,9.586004257202148,-3.4939844608306885,-1.6550467014312744,3414,682
2011_09_26_drive_0018_sync,0000000104,1,0.5577965378761292,40.87854766845703,-2.6443910598754883,-1.393579363822937,True,73,0.6417571902275085,0.8784818053245544,0.10372202098369598,40.78287124633789,-2.6773457527160645,-1.3708138465881348,3414,682
2011_09_26_drive_0018_sync,0000000104,2,0.3003154695034027,39.606346130371094,-13.89026927947998,-1.3272132873535156,True,32,0.26398295164108276,0.8202438950538635,0.08607568591833115,39.55247497558594,-13.902912139892578,-1.3931456804275513,3414,682
2011_09_26_drive_0018_sync,0000000104,3,0.8889913558959961,9.484393119812012,-7.486374855041504,-1.6233868598937988,True,86,0.8411676287651062,0.9399775862693787,0.04560883343219757,9.500709533691406,-7.495095729827881,-1.6650748252868652,3414,682
2011_09_26_drive_0018_sync,0000000104,4,0.8680334091186523,18.613367080688477,-3.4007315635681152,-1.5320689678192139,True,78,0.8657469153404236,0.813524603843689,0.12543189525604248,18.508747100830078,-3.409062147140503,-1.4633781909942627,3414,682
2011_09_26_drive_0018_sync,0000000105,0,0.7892810702323914,39.852020263671875,-13.786317825317383,-1.6468172073364258,True,65,0.7078474164009094,0.7770442366600037,0.1624041199684143,39.96101379394531,-13.815008163452148,-1.5298882722854614,3438,658
2011_09_26_drive_0018_sync,0000000105,1,0.886864960193634,10.620576858520508,-3.4863321781158447,-1.671443223953247,True,30,0.8799659609794617,0.9463110566139221,0.03868400305509567,10.58210563659668,-3.488997220993042,-1.6744952201843262,3438,658
2011_09_26_drive_0018_sync,0000000105,2,0.9097477793693542,10.443233489990234,-7.460638046264648,-1.6335630416870117,True,16,0.8898277282714844,0.8450744152069092,0.11268015950918198,10.529861450195312,-7.504782676696777,-1.6905162334442139,3438,658
2011_09_26_drive_0018_sync,0000000105,3,0.38189685344696045,42.31917953491211,-2.334311008453369,-1.3636748790740967,True,37,0.26830360293388367,0.6899904012680054,0.19869224727153778,42.25686264038086,-2.5018298625946045,-1.4504656791687012,3438,658
2011_09_26_drive_0018_sync,0000000105,4,0.86866694688797,19.491188049316406,-3.3906352519989014,-1.5144790410995483,True,25,0.8198851346969604,0.7908754944801331,0.2339065968990326,19.67690086364746,-3.362097978591919,-1.6537940502166748,3438,658
2011_09_26_drive_0018_sync,0000000106,0,0.8111297488212585,39.91072463989258,-13.537582397460938,-1.581751823425293,True,78,0.7056558132171631,0.8485678434371948,0.12467671185731888,39.99999237060547,-13.493963241577148,-1.5064330101013184,3445,651
2011_09_26_drive_0018_sync,0000000106,1,0.901820182800293,11.474553108215332,-3.5121662616729736,-1.632077932357788,True,93,0.873591959476471,0.8614292144775391,0.05679519847035408,11.502546310424805,-3.5072567462921143,-1.5829050540924072,3445,651
2011_09_26_drive_0018_sync,0000000106,2,0.8892621994018555,11.416285514831543,-7.478001117706299,-1.6056809425354004,True,92,0.9048018455505371,0.8590516448020935,0.11029063165187836,11.513188362121582,-7.450747966766357,-1.6507489681243896,3445,651
2011_09_26_drive_0018_sync,0000000106,3,0.8322436213493347,20.750438690185547,-3.2742085456848145,-1.582956075668335,True,51,0.8297437429428101,0.9326362013816833,0.05810726806521416,20.699440002441406,-3.2846789360046387,-1.608762264251709,3445,651
2011_09_26_drive_0018_sync,0000000107,0,0.36511293053627014,45.62662124633789,-2.4341084957122803,-1.1761810779571533,True,46,0.3398110270500183,0.8623023629188538,0.08886994421482086,45.578407287597656,-2.4989686012268066,-1.2131465673446655,3492,604
2011_09_26_drive_0018_sync,0000000107,1,0.8906880021095276,12.453496932983398,-7.445987701416016,-1.6461715698242188,True,9,0.8735319972038269,0.8777037262916565,0.04024553298950195,12.44565200805664,-7.485084056854248,-1.6407277584075928,3492,604
2011_09_26_drive_0018_sync,0000000107,2,0.8823449015617371,21.73383331298828,-3.2807016372680664,-1.592850685119629,True,93,0.8538557291030884,0.8090611696243286,0.14264221489429474,21.616533279418945,-3.2638587951660156,-1.5134540796279907,3492,604
2011_09_26_drive_0018_sync,0000000107,3,0.6477816700935364,40.07718276977539,-13.50318431854248,-1.431164264678955,True,34,0.5739798545837402,0.8920347094535828,0.072330042719841,40.145687103271484,-13.52634334564209,-1.432729721069336,3492,604
2011_09_26_drive_0018_sync,0000000107,4,0.8985257744789124,12.585083961486816,-3.55997371673584,-1.6542361974716187,True,92,0.8791995048522949,0.8924179673194885,0.045819271355867386,12.586466789245605,-3.5141758918762207,-1.654465675354004,3492,604
2011_09_26_drive_0018_sync,0000000108,0,0.34130436182022095,47.381858825683594,-2.541868209838867,-1.2363324165344238,True,99,0.265291303396225,0.5629757642745972,0.39086586236953735,47.15531539916992,-2.2362241744995117,-1.325975775718689,3479,617
2011_09_26_drive_0018_sync,0000000108,1,0.5986099243164062,40.327388763427734,-13.389957427978516,-1.514215350151062,True,71,0.5116288065910339,0.8971614241600037,0.06679368764162064,40.280765533447266,-13.431390762329102,-1.5381098985671997,3479,617
2011_09_26_drive_0018_sync,0000000108,2,0.8987005949020386,13.296307563781738,-7.426634788513184,-1.6162331104278564,True,13,0.8740430474281311,0.8997181057929993,0.15505284070968628,13.450322151184082,-7.444364547729492,-1.6136747598648071,3479,617
2011_09_26_drive_0018_sync,0000000108,3,0.8681076169013977,13.552623748779297,-3.46589994430542,-1.6108806133270264,True,85,0.8626259565353394,0.8029741644859314,0.11082307249307632,13.524017333984375,-3.5654749870300293,-1.571532964706421,3479,617
2011_09_26_drive_0018_sync,0000000108,4,0.8566906452178955,22.908496856689453,-3.2500007152557373,-1.5363746881484985,True,86,0.8422195911407471,0.8406362533569336,0.084434874355793,22.968334197998047,-3.2317583560943604,-1.5930840969085693,3479,617
2011_09_26_drive_0018_sync,0000000109,0,0.8094392418861389,24.06878089904785,-3.1879067420959473,-1.4352362155914307,True,35,0.7768571972846985,0.8475717306137085,0.09578464180231094,24.03704071044922,-3.234820604324341,-1.5124783515930176,3496,600
2011_09_26_drive_0018_sync,0000000109,1,0.869395911693573,14.337417602539062,-7.388823986053467,-1.5348989963531494,True,86,0.8801185488700867,0.7872941493988037,0.16014644503593445,14.454169273376465,-7.452481746673584,-1.6241381168365479,3496,600
2011_09_26_drive_0018_sync,0000000109,2,0.629099428653717,40.488224029541016,-13.30720329284668,-1.5935654640197754,True,69,0.5072137713432312,0.8566999435424805,0.11418002843856812,40.42537307739258,-13.402305603027344,-1.6000759601593018,3496,600
2011_09_26_drive_0018_sync,0000000109,3,0.8664155602455139,14.63128662109375,-3.478498697280884,-1.590675711631775,True,89,0.8992143869400024,0.9188048243522644,0.022109471261501312,14.636829376220703,-3.470085620880127,-1.610356330871582,3496,600
2011_09_26_drive_0018_sync,0000000110,0,0.7397471070289612,40.62416458129883,-13.089799880981445,-1.5400233268737793,True,95,0.765131413936615,0.906109094619751,0.06845797598361969,40.59733581542969,-13.140486717224121,-1.5774072408676147,3495,601
2011_09_26_drive_0018_sync,0000000110,1,0.8589425086975098,15.408172607421875,-7.389866352081299,-1.6471712589263916,True,63,0.8740825653076172,0.9293609261512756,0.033826738595962524,15.383811950683594,-7.366817474365234,-1.6515934467315674,3495,601
2011_09_26_drive_0018_sync,0000000110,2,0.8328045010566711,25.221752166748047,-3.2341175079345703,-1.4864389896392822,True,14,0.5904906988143921,0.8349637985229492,0.09011698514223099,25.180665969848633,-3.306781768798828,-1.5203933715820312,3495,601
2011_09_26_drive_0018_sync,0000000110,3,0.8968695402145386,15.694146156311035,-3.4834961891174316,-1.5794363021850586,True,54,0.864908754825592,0.8637717366218567,0.11801206320524216,15.810460090637207,-3.467390537261963,-1.5912059545516968,3495,601
2011_09_26_drive_0018_sync,0000000110,4,0.3750080168247223,50.248287200927734,-2.705035924911499,-1.1141024827957153,True,74,0.20694969594478607,0.576430082321167,0.1479215770959854,50.11381912231445,-2.7264676094055176,-1.17189359664917,3495,601
2011_09_26_drive_0018_sync,0000000111,0,0.8461349606513977,16.60540199279785,-7.418583393096924,-1.6618847846984863,True,80,0.890465497970581,0.7528576850891113,0.19704996049404144,16.436872482299805,-7.36068868637085,-1.5777735710144043,3534,562
2011_09_26_drive_0018_sync,0000000111,1,0.6631389260292053,26.412721633911133,-3.1783087253570557,-1.5735223293304443,True,91,0.7398945093154907,0.7650476694107056,0.23876772820949554,26.301898956298828,-3.1203830242156982,-1.3701188564300537,3534,562
2011_09_26_drive_0018_sync,0000000111,2,0.8511587381362915,16.81184959411621,-3.4547369480133057,-1.6326138973236084,True,63,0.8824864029884338,0.8863512277603149,0.05976305902004242,16.81102752685547,-3.4566256999969482,-1.572886347770691,3534,562
2011_09_26_drive_0018_sync,0000000111,3,0.6634085774421692,40.78623962402344,-13.10478687286377,-1.521256446838379,True,49,0.7471903562545776,0.7589588761329651,0.17451220750808716,40.68342971801758,-12.979132652282715,-1.457259178161621,3534,562
2011_09_26_drive_0018_sync,0000000112,0,0.8844664692878723,17.8941650390625,-3.428232431411743,-1.5859999656677246,True,55,0.8807850480079651,0.9433417320251465,0.03819077089428902,17.930137634277344,-3.415415048599243,-1.5864713191986084,3482,614
2011_09_26_drive_0018_sync,0000000112,1,0.8429705500602722,27.40498924255371,-3.1598269939422607,-1.3909428119659424,True,56,0.5328498482704163,0.6223012804985046,0.4460078179836273,27.776893615722656,-2.9299447536468506,-1.3028277158737183,3482,614
2011_09_26_drive_0018_sync,0000000112,2,0.8965805768966675,17.44317054748535,-7.382989406585693,-1.5671521425247192,True,12,0.882949948310852,0.9176164269447327,0.03783862292766571,17.46550941467285,-7.372945308685303,-1.595993995666504,3482,614
2011_09_26_drive_0018_sync,0000000112,3,0.7572887539863586,40.886810302734375,-12.97897720336914,-1.527623176574707,True,60,0.7647475004196167,0.9379974007606506,0.02852034382522106,40.88444519042969,-13.004288673400879,-1.5146946907043457,3482,614
2011_09_26_drive_0018_sync,0000000113,0,0.5042269229888916,41.17517852783203,-12.873556137084961,-1.3211079835891724,True,78,0.7598791718482971,0.6905309557914734,0.22539958357810974,40.97532272338867,-12.870521545410156,-1.4252877235412598,3546,550
2011_09_26_drive_0018_sync,0000000113,1,0.8763492703437805,18.97601890563965,-3.4525368213653564,-1.586794376373291,True,8,0.8679777383804321,0.8946595788002014,0.059039488434791565,18.971548080444336,-3.411984443664551,-1.629469633102417,3546,550
2011_09_26_drive_0018_sync,0000000113,2,0.8086191415786743,28.492244720458984,-3.0235519409179688,-1.3510663509368896,True,91,0.8359041213989258,0.8278810381889343,0.11576710641384125,28.3984432220459,-2.9611527919769287,-1.3244271278381348,3546,550
2011_09_26_drive_0018_sync,0000000113,3,0.8761484622955322,18.63735008239746,-7.363327503204346,-1.5634031295776367,True,65,0.885668158531189,0.8653128743171692,0.08219791948795319,18.568525314331055,-7.331780910491943,-1.5313959121704102,3546,550
2011_09_26_drive_0018_sync,0000000114,0,0.7683871984481812,29.509723663330078,-3.2269036769866943,-1.3095815181732178,True,76,0.7742447853088379,0.6434651613235474,0.38146206736564636,29.835494995117188,-3.0284454822540283,-1.3104196786880493,3500,596
2011_09_26_drive_0018_sync,0000000114,1,0.5923239588737488,41.35031509399414,-12.678122520446777,-1.4665850400924683,True,54,0.11806534230709076,0.727748692035675,0.235190287232399,41.24030303955078,-12.87948989868164,-1.4149807691574097,3500,596
2011_09_26_drive_0018_sync,0000000114,2,0.8977928161621094,20.004169464111328,-3.352592706680298,-1.6214138269424438,True,21,0.837184488773346,0.8894444704055786,0.04782325401902199,20.009544372558594,-3.391387462615967,-1.5939704179763794,3500,596
2011_09_26_drive_0018_sync,0000000114,3,0.3589555621147156,-1.2210228443145752,-7.160067558288574,-1.7672019004821777,True,26,0.4342425465583801,0.7763304114341736,0.25500717759132385,-1.4498274326324463,-7.271473407745361,-1.750896692276001,3500,596
2011_09_26_drive_0018_sync,0000000114,4,0.8673628568649292,19.67380142211914,-7.317709922790527,-1.5114442110061646,True,46,0.8682333827018738,0.8798350095748901,0.11376441270112991,19.775300979614258,-7.311377048492432,-1.5624351501464844,3500,596
2011_09_26_drive_0018_sync,0000000115,0,0.8569338917732239,21.188629150390625,-3.365464448928833,-1.5547592639923096,True,93,0.8880899548530579,0.9043237566947937,0.0781438946723938,21.119314193725586,-3.3485991954803467,-1.5228614807128906,3463,633
2011_09_26_drive_0018_sync,0000000115,1,0.344880074262619,30.739826202392578,-2.979578971862793,-1.31143319606781,True,77,0.5812128782272339,0.7965220212936401,0.1405271738767624,30.82364845275879,-3.053079128265381,-1.396986961364746,3463,633
2011_09_26_drive_0018_sync,0000000115,2,0.8187615871429443,20.692163467407227,-7.331550121307373,-1.5118588209152222,True,87,0.8278717994689941,0.8787825107574463,0.1272132247686386,20.574520111083984,-7.283175468444824,-1.5136299133300781,3463,633
2011_09_26_drive_0018_sync,0000000115,3,0.6463040709495544,-0.9651584625244141,-6.919138431549072,-1.719977617263794,True,97,0.51639324426651,0.691361129283905,0.34189116954803467,-0.6583099961280823,-7.049370288848877,-1.643995761871338,3463,633
2011_09_26_drive_0018_sync,0000000116,0,0.8410825133323669,21.889387130737305,-7.31843376159668,-1.494311809539795,True,12,0.840631365776062,0.8684505224227905,0.11078580468893051,21.795886993408203,-7.3092827796936035,-1.5530270338058472,3406,690
2011_09_26_drive_0018_sync,0000000116,1,0.7379285097122192,32.097389221191406,-2.9099795818328857,-1.3300707340240479,True,71,0.6936591863632202,0.8134523630142212,0.1264350414276123,32.06157684326172,-2.9900455474853516,-1.4211351871490479,3406,690
2011_09_26_drive_0018_sync,0000000116,2,0.8971152305603027,22.315223693847656,-3.3600399494171143,-1.568407416343689,True,95,0.8883278965950012,0.9086924195289612,0.059106506407260895,22.279788970947266,-3.3971118927001953,-1.5390198230743408,3406,690
2011_09_26_drive_0018_sync,0000000116,3,0.7241941690444946,-0.06209057569503784,-7.068737030029297,-1.7694458961486816,True,59,0.11671848595142365,0.6596404314041138,0.23432676494121552,0.14430177211761475,-7.019946575164795,-1.669792890548706,3406,690
2011_09_26_drive_0018_sync,0000000117,0,0.3419972062110901,0.7500539422035217,-7.111227035522461,-1.652667760848999,True,84,0.7266174554824829,0.7876098155975342,0.10451027750968933,0.7663174271583557,-7.0103888511657715,-1.6747937202453613,3376,720
2011_09_26_drive_0018_sync,0000000117,1,0.7979539036750793,33.04377365112305,-3.0469729900360107,-1.343227744102478,True,80,0.782386839389801,0.7973605394363403,0.12834341824054718,33.12997817993164,-2.956394910812378,-1.3143067359924316,3376,720
2011_09_26_drive_0018_sync,0000000117,2,0.88649582862854,22.86304473876953,-7.291132926940918,-1.4756994247436523,True,17,0.840803325176239,0.8259013295173645,0.12979000806808472,22.755722045898438,-7.229867935180664,-1.5153716802597046,3376,720
2011_09_26_drive_0018_sync,0000000117,3,0.8698649406433105,23.622560501098633,-3.443716049194336,-1.5153226852416992,True,59,0.8554929494857788,0.8970973491668701,0.07860150188207626,23.548303604125977,-3.4479994773864746,-1.4899108409881592,3376,720
2011_09_26_drive_0018_sync,0000000118,0,0.8336650729179382,23.999305725097656,-7.267838954925537,-1.4507578611373901,True,96,0.8447100520133972,0.9324793815612793,0.05641969293355942,24.047704696655273,-7.270174503326416,-1.479658842086792,3370,726
2011_09_26_drive_0018_sync,0000000118,1,0.7458553314208984,34.157447814941406,-2.9026637077331543,-1.4221506118774414,True,85,0.6731249094009399,0.6494844555854797,0.241049125790596,34.22505569458008,-3.1340110301971436,-1.4186480045318604,3370,726
2011_09_26_drive_0018_sync,0000000118,2,0.8460339903831482,24.720815658569336,-3.2408530712127686,-1.4625928401947021,True,65,0.8797312378883362,0.9181599020957947,0.06449461728334427,24.78339195251465,-3.2499587535858154,-1.4752755165100098,3370,726
2011_09_26_drive_0018_sync,0000000119,0,0.8225036859512329,25.967506408691406,-3.3562536239624023,-1.50441575050354,True,48,0.8190968036651611,0.8283039331436157,0.13066573441028595,25.84520721435547,-3.3142895698547363,-1.4855620861053467,3403,693
2011_09_26_drive_0018_sync,0000000119,1,0.37556546926498413,35.395103454589844,-2.891425609588623,-1.337005615234375,True,54,0.7695546746253967,0.822285532951355,0.12802761793136597,35.44264221191406,-2.80275297164917,-1.4161782264709473,3403,693
2011_09_26_drive_0018_sync,0000000119,2,0.4298643171787262,2.5469930171966553,-7.145976543426514,-1.7366496324539185,True,91,0.25980260968208313,0.8515082001686096,0.1043468713760376,2.5088694095611572,-7.070163249969482,-1.7973719835281372,3403,693
2011_09_26_drive_0018_sync,0000000119,3,0.8582594990730286,25.04650115966797,-7.174709796905518,-1.4224611520767212,True,73,0.837562084197998,0.8192258477210999,0.09775740653276443,24.98185157775879,-7.233310222625732,-1.4665398597717285,3403,693
2011_09_26_drive_0018_sync,0000000120,0,0.8632505536079407,26.104875564575195,-7.200031757354736,-1.4654932022094727,True,91,0.864162266254425,0.888149619102478,0.0880117118358612,26.02415657043457,-7.186495780944824,-1.4978549480438232,3350,746
2011_09_26_drive_0018_sync,0000000120,1,0.3276016414165497,3.4221107959747314,-7.065802097320557,-1.7395744323730469,True,93,0.29408520460128784,0.8864527344703674,0.07744260132312775,3.4342174530029297,-7.1002516746521,-1.8078680038452148,3350,746
2011_09_26_drive_0018_sync,0000000120,2,0.8358032703399658,27.094234466552734,-3.178133964538574,-1.4853320121765137,True,61,0.8518620729446411,0.7853175401687622,0.1290082335472107,27.14784049987793,-3.2140016555786133,-1.3736045360565186,3350,746
2011_09_26_drive_0018_sync,0000000121,0,0.3593110740184784,41.32248306274414,-12.549125671386719,-1.5072014331817627,True,22,0.4957708418369293,0.8182876110076904,0.1388055682182312,41.416629791259766,-12.644679069519043,-1.4715232849121094,3355,741
2011_09_26_drive_0018_sync,0000000121,1,0.7168248295783997,28.411407470703125,-3.1991991996765137,-1.4652643203735352,True,94,0.7025585174560547,0.9057654738426208,0.05254495516419411,28.399410247802734,-3.2400403022766113,-1.4960708618164062,3355,741
2011_09_26_drive_0018_sync,0000000121,2,0.8542233109474182,27.264663696289062,-7.228382587432861,-1.5127629041671753,True,39,0.8175946474075317,0.8496502637863159,0.10242478549480438,27.35664176940918,-7.229934215545654,-1.557801365852356,3355,741
2011_09_26_drive_0018_sync,0000000122,0,0.5312392711639404,41.46147537231445,-12.612981796264648,-1.4182724952697754,True,56,0.38890400528907776,0.8168256878852844,0.15853345394134521,41.37999725341797,-12.743182182312012,-1.4575412273406982,3360,736
2011_09_26_drive_0018_sync,0000000122,1,0.8443405032157898,29.579727172851562,-3.0970048904418945,-1.5082465410232544,True,67,0.8376818299293518,0.884057343006134,0.07549285143613815,29.643142700195312,-3.1253151893615723,-1.5378466844558716,3360,736
2011_09_26_drive_0018_sync,0000000122,2,0.7459859848022461,28.443944931030273,-7.20719051361084,-1.4680407047271729,True,36,0.738435685634613,0.7829286456108093,0.13201186060905457,28.442405700683594,-7.096399307250977,-1.5398046970367432,3360,736
2011_09_26_drive_0018_sync,0000000122,3,0.7461726665496826,39.13447952270508,-2.568901300430298,-1.367261290550232,True,25,0.533565104007721,0.8257546424865723,0.08212900161743164,39.20849609375,-2.57100510597229,-1.3317325115203857,3360,736
2011_09_26_drive_0018_sync,0000000123,0,0.6282113790512085,6.188267707824707,-7.050433158874512,-1.7727479934692383,True,32,0.358491450548172,0.8510275483131409,0.06295152008533478,6.156790733337402,-7.103693962097168,-1.7843832969665527,3409,687
2011_09_26_drive_0018_sync,0000000123,1,0.5180396437644958,41.19103240966797,-12.684661865234375,-1.443902850151062,True,17,0.40488201379776,0.8312353491783142,0.12081398814916611,41.28165817260742,-12.619630813598633,-1.4903135299682617,3409,687
2011_09_26_drive_0018_sync,0000000123,2,0.8372334837913513,30.79536247253418,-3.0705368518829346,-1.4041751623153687,True,69,0.7982879877090454,0.7925605177879333,0.08585638552904129,30.77751350402832,-3.0583908557891846,-1.4872727394104004,3409,687
2011_09_26_drive_0018_sync,0000000123,3,0.8480530381202698,29.599931716918945,-7.049041748046875,-1.5005310773849487,True,85,0.8439889550209045,0.8678544163703918,0.10225339233875275,29.538618087768555,-7.093812465667725,-1.4320330619812012,3409,687
2011_09_26_drive_0018_sync,0000000123,4,0.6611294746398926,40.28582000732422,-2.7776119709014893,-1.2985470294952393,True,62,0.6708893775939941,0.8474974632263184,0.11901382356882095,40.17815017700195,-2.7966911792755127,-1.2515631914138794,3409,687
2011_09_26_drive_0018_sync,0000000124,0,0.6736466288566589,41.38795471191406,-12.596981048583984,-1.402259111404419,True,30,0.6686497330665588,0.9430698156356812,0.053252074867486954,41.34746170043945,-12.623103141784668,-1.4249248504638672,3443,653
2011_09_26_drive_0018_sync,0000000124,1,0.784050703048706,31.87213706970215,-3.0631439685821533,-1.481337070465088,True,45,0.8007420301437378,0.816089391708374,0.10712867975234985,31.827543258666992,-2.9956119060516357,-1.4111418724060059,3443,653
2011_09_26_drive_0018_sync,0000000124,2,0.7551329135894775,30.041603088378906,-7.11942720413208,-1.4118316173553467,True,83,0.6951647996902466,0.6223011612892151,0.5056411623954773,30.54102325439453,-7.191300868988037,-1.4447953701019287,3443,653
2011_09_26_drive_0018_sync,0000000124,3,0.6948233842849731,41.626678466796875,-2.6013588905334473,-1.237572193145752,True,84,0.7691718339920044,0.8238533735275269,0.09032634645700455,41.63551330566406,-2.5160069465637207,-1.2657828330993652,3443,653
2011_09_26_drive_0018_sync,0000000125,0,0.7856015563011169,41.445213317871094,-12.55323600769043,-1.456070899963379,True,59,0.5937334299087524,0.8568075895309448,0.07219824939966202,41.469635009765625,-12.568153381347656,-1.3897863626480103,3444,652
2011_09_26_drive_0018_sync,0000000125,1,0.7146763801574707,31.845972061157227,-7.2439751625061035,-1.4360558986663818,True,83,0.647704541683197,0.8092208504676819,0.10945267230272293,31.800701141357422,-7.196742534637451,-1.34830904006958,3444,652
2011_09_26_drive_0018_sync,0000000125,2,0.5848905444145203,33.310272216796875,-3.0163280963897705,-1.4777376651763916,True,45,0.6239989995956421,0.8796389102935791,0.076383575797081,33.38119125366211,-2.989983081817627,-1.4882676601409912,3444,652
2011_09_26_drive_0018_sync,0000000126,0,0.7793834805488586,32.9385871887207,-6.98389196395874,-1.4424434900283813,True,54,0.17857737839221954,0.7589604258537292,0.18768081068992615,33.09649658203125,-6.893528461456299,-1.4885210990905762,3388,708
2011_09_26_drive_0018_sync,0000000126,1,0.5412935018539429,41.39532470703125,-12.608742713928223,-1.4631191492080688,True,69,0.22259239852428436,0.9264320731163025,0.038094550371170044,41.417720794677734,-12.63502311706543,-1.4470272064208984,3388,708
2011_09_26_drive_0018_sync,0000000126,2,0.43563416600227356,43.88990020751953,-2.534844398498535,-1.2594571113586426,False,,,0.0,,,,,3388,708
2011_09_26_drive_0018_sync,0000000126,3,0.5732486844062805,34.544368743896484,-3.1859662532806396,-1.4835731983184814,True,28,0.46849969029426575,0.896244466304779,0.08345993608236313,34.590919494628906,-3.187376022338867,-1.4143157005310059,3388,708
2011_09_26_drive_0018_sync,0000000127,0,0.8393315672874451,35.70000076293945,-2.9736647605895996,-1.3854029178619385,True,52,0.817022442817688,0.9406771659851074,0.03277090564370155,35.7259407043457,-2.990189790725708,-1.396715521812439,3475,621
2011_09_26_drive_0018_sync,0000000127,1,0.7464784383773804,33.994571685791016,-7.002439498901367,-1.4609254598617554,True,44,0.7467795610427856,0.8264614343643188,0.18177542090415955,34.149173736572266,-6.924184799194336,-1.4060008525848389,3475,621
2011_09_26_drive_0018_sync,0000000127,2,0.5038761496543884,40.95655822753906,-13.281815528869629,-1.481136679649353,True,86,0.6386525630950928,0.5553411245346069,0.4174138307571411,41.045928955078125,-12.880142211914062,-1.5511775016784668,3475,621
2011_09_26_drive_0018_sync,0000000128,0,0.8091632127761841,41.41560745239258,-12.612311363220215,-1.559216022491455,True,97,0.8067541122436523,0.8760894536972046,0.08328546583652496,41.37845993041992,-12.560162544250488,-1.50595223903656,3504,592
2011_09_26_drive_0018_sync,0000000128,1,0.7884981632232666,36.89168930053711,-3.218928575515747,-1.3716278076171875,True,50,0.754304051399231,0.8140799403190613,0.16921372711658478,37.057586669921875,-3.185600996017456,-1.370840311050415,3504,592
2011_09_26_drive_0018_sync,0000000128,2,0.4121454060077667,45.7247428894043,-3.6534101963043213,-1.2072515487670898,True,9,0.29499995708465576,0.7864441871643066,0.14961452782154083,45.85392379760742,-3.7179174423217773,-1.2464385032653809,3504,592
2011_09_26_drive_0018_sync,0000000128,3,0.7610023021697998,35.17116928100586,-6.930933475494385,-1.4263994693756104,True,55,0.790309727191925,0.8625336289405823,0.10471151024103165,35.06876754760742,-6.909141540527344,-1.4245293140411377,3504,592
2011_09_26_drive_0018_sync,0000000129,0,0.684704601764679,41.327720642089844,-12.643110275268555,-1.4479238986968994,True,98,0.5700849294662476,0.7575136423110962,0.1659955382347107,41.33632278442383,-12.808554649353027,-1.4583489894866943,3489,607
2011_09_26_drive_0018_sync,0000000129,1,0.6592398881912231,38.02816390991211,-2.737954616546631,-1.469102144241333,True,81,0.6997098922729492,0.6626107096672058,0.26867714524269104,38.23211669921875,-2.8884012699127197,-1.3799030780792236,3489,607
2011_09_26_drive_0018_sync,0000000129,2,0.8107450008392334,36.407470703125,-7.006714820861816,-1.4474656581878662,True,45,0.815090537071228,0.872786283493042,0.1712515652179718,36.23967361450195,-7.002373695373535,-1.4135187864303589,3489,607
2011_09_26_drive_0018_sync,0000000130,0,0.6252377033233643,13.124309539794922,-6.988062381744385,-1.6247949600219727,True,93,0.7346629500389099,0.8475209474563599,0.12976700067520142,13.011183738708496,-7.03904914855957,-1.5868163108825684,3539,557
2011_09_26_drive_0018_sync,0000000130,1,0.5705817937850952,37.44330596923828,-7.14860725402832,-1.3434321880340576,True,79,0.7244777083396912,0.8226626515388489,0.09492506086826324,37.40404510498047,-7.189354419708252,-1.4196491241455078,3539,557
2011_09_26_drive_0018_sync,0000000130,2,0.790340781211853,39.33539581298828,-2.8425445556640625,-1.4213035106658936,True,7,0.7936589121818542,0.785573422908783,0.1525554060935974,39.37733840942383,-2.9884238243103027,-1.4060323238372803,3539,557
2011_09_26_drive_0018_sync,0000000131,0,0.7338132858276367,41.279396057128906,-12.832846641540527,-1.459373950958252,True,61,0.717330276966095,0.8742620944976807,0.08840760588645935,41.277584075927734,-12.744671821594238,-1.4655239582061768,3504,592
2011_09_26_drive_0018_sync,0000000131,1,0.872209370136261,14.102782249450684,-6.997281074523926,-1.5457544326782227,True,96,0.7747235894203186,0.9108473658561707,0.05480062961578369,14.157293319702148,-7.001036643981934,-1.549943447113037,3504,592
2011_09_26_drive_0018_sync,0000000131,2,0.5090399384498596,38.389564514160156,-6.762959957122803,-1.3658102750778198,True,29,0.4551967680454254,0.746611475944519,0.16170832514762878,38.41020965576172,-6.904202461242676,-1.4417965412139893,3504,592
2011_09_26_drive_0018_sync,0000000132,0,0.7437698841094971,39.97254943847656,-6.787534713745117,-1.4063920974731445,True,62,0.5784825682640076,0.7856102585792542,0.2522314190864563,39.73567581176758,-6.869726181030273,-1.3788942098617554,3519,577
2011_09_26_drive_0018_sync,0000000132,1,0.6719847917556763,41.39787673950195,-12.583688735961914,-1.4821252822875977,True,19,0.730578601360321,0.8760865926742554,0.09037791192531586,41.39139938354492,-12.614121437072754,-1.5669784545898438,3519,577
2011_09_26_drive_0018_sync,0000000132,2,0.7630225419998169,15.160526275634766,-7.043152809143066,-1.5724316835403442,True,79,0.8868775963783264,0.7787349820137024,0.22033950686454773,15.262221336364746,-6.923742771148682,-1.4176775217056274,3519,577
2011_09_26_drive_0018_sync,0000000132,3,0.4492124617099762,41.91229248046875,-2.508744955062866,-1.3537534475326538,True,4,0.16542650759220123,0.8467935919761658,0.12402373552322388,41.99706268310547,-2.5848655700683594,-1.402759075164795,3519,577
2011_09_26_drive_0018_sync,0000000133,0,0.6948364973068237,40.967567443847656,-6.770356178283691,-1.363459825515747,True,55,0.7258377075195312,0.794573962688446,0.1987265944480896,41.154850006103516,-6.730952739715576,-1.3099353313446045,3518,578
2011_09_26_drive_0018_sync,0000000133,1,0.7064591646194458,41.28213119506836,-12.85993766784668,-1.4426865577697754,True,15,0.7453498244285583,0.7933962941169739,0.2097359597682953,41.3818473815918,-12.675822257995605,-1.4548261165618896,3518,578
2011_09_26_drive_0018_sync,0000000133,2,0.7965044379234314,16.31169891357422,-7.008025646209717,-1.6056091785430908,True,76,0.8697100877761841,0.8934745192527771,0.07801255583763123,16.36380386352539,-6.951115608215332,-1.6171104907989502,3518,578
2011_09_26_drive_0018_sync,0000000134,0,0.3884342908859253,42.4288215637207,-6.2730937004089355,-1.4348406791687012,False,,,0.0,,,,,3569,527
2011_09_26_drive_0018_sync,0000000134,1,0.7709395885467529,17.328083038330078,-6.970822811126709,-1.5620570182800293,True,76,0.36634010076522827,0.8213679790496826,0.2101707011461258,17.36466407775879,-6.937092304229736,-1.7662525177001953,3569,527
2011_09_26_drive_0018_sync,0000000134,2,0.6968879103660583,44.353118896484375,-2.528602123260498,-1.3698694705963135,True,88,0.5380244851112366,0.8421167731285095,0.11309222877025604,44.4109992980957,-2.624094009399414,-1.3519526720046997,3569,527
2011_09_26_drive_0018_sync,0000000135,0,0.6646760702133179,43.530517578125,-6.716611385345459,-1.2926768064498901,True,88,0.5597171187400818,0.9381753206253052,0.03790612146258354,43.5678596496582,-6.722652912139893,-1.2951147556304932,3534,562
2011_09_26_drive_0018_sync,0000000135,1,0.4656626880168915,41.04084014892578,-12.9779691696167,-1.3941922187805176,True,32,0.10863058269023895,0.7331317067146301,0.21261566877365112,41.2010383605957,-13.111671447753906,-1.435004711151123,3534,562
2011_09_26_drive_0018_sync,0000000136,0,0.41959425806999207,47.15988540649414,-2.7628517150878906,-1.3032702207565308,True,25,0.2818412780761719,0.7369850277900696,0.20138022303581238,47.095314025878906,-2.953238010406494,-1.2915403842926025,3518,578
2011_09_26_drive_0018_sync,0000000136,1,0.5037782788276672,44.59939193725586,-6.608553409576416,-1.2701060771942139,True,51,0.34044769406318665,0.7031107544898987,0.2147596776485443,44.665225982666016,-6.40490198135376,-1.252394676208496,3518,578
2011_09_26_drive_0018_sync,0000000136,2,0.8571949005126953,19.521154403686523,-6.854430198669434,-1.4698286056518555,True,94,0.668635368347168,0.824025571346283,0.18971693515777588,19.552860260009766,-6.852980136871338,-1.6568717956542969,3518,578
2011_09_26_drive_0018_sync,0000000137,0,0.4257449507713318,48.37457275390625,-2.0294759273529053,-1.1714017391204834,True,48,0.1345452070236206,0.901687741279602,0.026788022369146347,48.38652801513672,-2.0474231243133545,-1.155509352684021,3557,539
2011_09_26_drive_0018_sync,0000000137,1,0.47183164954185486,45.709163665771484,-6.418963432312012,-1.2354087829589844,True,86,0.38488680124282837,0.7788114547729492,0.2246778905391693,45.92548751831055,-6.464644432067871,-1.1954413652420044,3557,539
2011_09_26_drive_0018_sync,0000000137,2,0.7801108360290527,20.752084732055664,-6.905264377593994,-1.470120906829834,True,83,0.8132683038711548,0.9229808449745178,0.09259118884801865,20.763383865356445,-6.914045333862305,-1.561599612236023,3557,539
2011_09_26_drive_0018_sync,0000000138,0,0.43258050084114075,46.88883590698242,-6.63142728805542,-1.2637755870819092,True,0,0.22221910953521729,0.7448675036430359,0.18809258937835693,47.007198333740234,-6.608885765075684,-1.4082090854644775,3545,551
2011_09_26_drive_0018_sync,0000000138,1,0.7482534646987915,21.683975219726562,-6.924365043640137,-1.473559856414795,True,59,0.8103833794593811,0.8807828426361084,0.06799318641424179,21.720983505249023,-6.868068218231201,-1.4643877744674683,3545,551
2011_09_26_drive_0018_sync,0000000140,0,0.3950708508491516,52.12520217895508,-2.3361895084381104,-1.278212308883667,True,53,0.3130778968334198,0.7632116675376892,0.1441495567560196,52.211997985839844,-2.41416072845459,-1.1935596466064453,3546,550
2011_09_26_drive_0018_sync,0000000140,1,0.3550938069820404,24.10722541809082,-6.836299896240234,-1.5240617990493774,True,98,0.06472129374742508,0.8402161002159119,0.0873822271823883,24.077552795410156,-6.81997537612915,-1.4435093402862549,3546,550
2011_09_26_drive_0018_sync,0000000141,0,0.3095669746398926,25.193750381469727,-6.740645408630371,-1.573793888092041,True,92,0.5137840509414673,0.9050627946853638,0.07339579612016678,25.192481994628906,-6.761929512023926,-1.503563404083252,3517,579
2011_09_26_drive_0018_sync,0000000142,0,0.8088804483413696,26.19154930114746,-6.7799882888793945,-1.4532966613769531,True,79,0.7412918210029602,0.8457488417625427,0.07113317400217056,26.129934310913086,-6.765878200531006,-1.4206711053848267,3522,574
2011_09_26_drive_0018_sync,0000000142,1,0.3678719699382782,65.65338134765625,-1.7924875020980835,-0.8996760249137878,True,87,0.3377535939216614,0.8333465456962585,0.14127705991268158,65.77994537353516,-1.7487084865570068,-0.8546854257583618,3522,574
2011_09_26_drive_0018_sync,0000000144,0,0.3563758134841919,41.679412841796875,-13.032111167907715,-1.449849009513855,False,,,0.0,,,,,3586,510
2011_09_26_drive_0018_sync,0000000145,0,0.5441768169403076,29.732526779174805,-6.841798782348633,-1.3917956352233887,True,27,0.6448808908462524,0.7470205426216125,0.22892147302627563,29.577035903930664,-6.717434883117676,-1.2788299322128296,3537,559
2011_09_26_drive_0018_sync,0000000145,1,0.5029089450836182,41.90202713012695,-13.521666526794434,-1.4549286365509033,False,,,0.0,,,,,3537,559
2011_09_26_drive_0018_sync,0000000146,0,0.6052858233451843,41.0260009765625,-12.868795394897461,-1.4545652866363525,True,36,0.27822554111480713,0.8412778973579407,0.19682995975017548,41.2087516784668,-12.796377182006836,-1.4645559787750244,3513,583
2011_09_26_drive_0018_sync,0000000147,0,0.6629348397254944,41.309974670410156,-12.707259178161621,-1.4016289710998535,True,44,0.5285916328430176,0.8928496241569519,0.07335545867681503,41.30659103393555,-12.679342269897461,-1.4693801403045654,3527,569
2011_09_26_drive_0018_sync,0000000147,1,0.6439130306243896,31.948820114135742,-6.524858474731445,-1.4765262603759766,True,67,0.23463976383209229,0.7978442311286926,0.17398186028003693,31.79629898071289,-6.60852575302124,-1.4791302680969238,3527,569
2011_09_26_drive_0018_sync,0000000148,0,0.5403909683227539,41.37502670288086,-12.635834693908691,-1.4563473463058472,True,86,0.5842821002006531,0.7870774865150452,0.10950810462236404,41.42020034790039,-12.673964500427246,-1.3641655445098877,3568,528
2011_09_26_drive_0018_sync,0000000148,1,0.38868796825408936,33.23953628540039,-6.46624231338501,-1.4001284837722778,True,61,0.2579406201839447,0.635108232498169,0.37397444248199463,32.93479919433594,-6.613552093505859,-1.2410938739776611,3568,528
2011_09_26_drive_0018_sync,0000000149,0,0.7555474042892456,41.294189453125,-12.611495018005371,-1.6134862899780273,True,73,0.6383305191993713,0.7182501554489136,0.22561845183372498,41.50798416137695,-12.636404037475586,-1.5458471775054932,3554,542
2011_09_26_drive_0018_sync,0000000149,1,0.43377920985221863,34.44077682495117,-6.858401298522949,-1.3360722064971924,True,8,0.2547842562198639,0.7700703740119934,0.17549212276935577,34.35323715209961,-6.708217144012451,-1.312009572982788,3554,542
2011_09_26_drive_0018_sync,0000000150,0,0.7677854299545288,41.33652114868164,-12.643033027648926,-1.48243248462677,True,94,0.6375023126602173,0.7530339956283569,0.20463523268699646,41.44121551513672,-12.555563926696777,-1.6349573135375977,3560,536
2011_09_26_drive_0018_sync,0000000151,0,0.5168918967247009,41.42891311645508,-12.490206718444824,-1.353715419769287,True,56,0.11217732727527618,0.6924964785575867,0.44530871510505676,41.796661376953125,-12.263958930969238,-1.4626786708831787,3563,533
2011_09_26_drive_0018_sync,0000000151,1,0.6104227900505066,36.86653518676758,-6.593502044677734,-1.1066710948944092,True,94,0.5030930638313293,0.7115247845649719,0.22327956557273865,36.78034973144531,-6.478898525238037,-1.2778197526931763,3563,533
2011_09_26_drive_0018_sync,0000000152,0,0.6871336698532104,41.533321380615234,-12.62131404876709,-1.4536540508270264,True,87,0.7348461151123047,0.8795620799064636,0.15372639894485474,41.40000534057617,-12.690027236938477,-1.4199326038360596,3519,577
2011_09_26_drive_0018_sync,0000000152,1,0.3572688400745392,37.70305633544922,-6.473888397216797,-1.1820862293243408,True,99,0.1059790700674057,0.6927157640457153,0.27965793013572693,37.90377426147461,-6.660396099090576,-1.1260885000228882,3519,577
2011_09_26_drive_0018_sync,0000000153,0,0.6466197967529297,41.640052795410156,-12.46582317352295,-1.4368643760681152,True,74,0.4865431487560272,0.9038522839546204,0.018516210839152336,41.654266357421875,-12.470185279846191,-1.4479005336761475,3565,531
2011_09_26_drive_0018_sync,0000000154,0,0.5937792658805847,41.849971771240234,-12.38121509552002,-1.4794411659240723,True,86,0.6182308197021484,0.7652655243873596,0.20101456344127655,41.81068420410156,-12.563410758972168,-1.4041545391082764,3570,526
2011_09_26_drive_0018_sync,0000000154,1,0.7499246597290039,40.43370056152344,-6.45250129699707,-1.4158663749694824,True,95,0.818214476108551,0.857130765914917,0.061461418867111206,40.4779167175293,-6.411264896392822,-1.4048211574554443,3570,526
2011_09_26_drive_0018_sync,0000000155,0,0.5001713037490845,41.58613204956055,-12.462604522705078,-1.494929313659668,True,29,0.5113667845726013,0.748439371585846,0.22997049987316132,41.81467819213867,-12.452160835266113,-1.4716049432754517,3561,535
2011_09_26_drive_0018_sync,0000000155,1,0.5117489695549011,41.83213424682617,-6.321106910705566,-1.2334849834442139,False,,,0.0,,,,,3561,535
2011_09_26_drive_0018_sync,0000000156,0,0.5386500358581543,42.064029693603516,-12.377222061157227,-1.5205047130584717,True,72,0.5843526721000671,0.7255260944366455,0.19113707542419434,41.90538024902344,-12.311244010925293,-1.4367752075195312,3526,570
2011_09_26_drive_0018_sync,0000000156,1,0.7316617369651794,43.02814483642578,-6.448453903198242,-1.2199777364730835,True,76,0.2556009292602539,0.6936212778091431,0.33706146478652954,42.74004364013672,-6.397785186767578,-1.0525238513946533,3526,570
2011_09_26_drive_0018_sync,0000000157,0,0.44797462224960327,42.02347183227539,-12.22643756866455,-1.5101583003997803,True,81,0.6971931457519531,0.9017664194107056,0.06712007522583008,42.03617858886719,-12.170631408691406,-1.4750967025756836,3560,536
2011_09_26_drive_0018_sync,0000000158,0,0.643842339515686,45.4294319152832,-6.4441351890563965,-1.2523198127746582,True,86,0.5915162563323975,0.69920414686203,0.2736002504825592,45.297149658203125,-6.229218482971191,-1.146634817123413,3570,526
2011_09_26_drive_0018_sync,0000000158,1,0.7620528340339661,42.395408630371094,-12.050541877746582,-1.450681447982788,True,91,0.7093351483345032,0.7660772204399109,0.24250392615795135,42.1605110168457,-12.106927871704102,-1.4719390869140625,3570,526
2011_09_26_drive_0018_sync,0000000159,0,0.7003602385520935,42.152523040771484,-12.068811416625977,-1.4288642406463623,True,28,0.6379926204681396,0.855521559715271,0.08650805801153183,42.17751693725586,-12.079789161682129,-1.5109522342681885,3574,522
2011_09_26_drive_0018_sync,0000000160,0,0.4439196288585663,42.292625427246094,-12.06872844696045,-1.4060914516448975,True,73,0.1873195618391037,0.8708748817443848,0.028211956843733788,42.315216064453125,-12.071925163269043,-1.3894975185394287,3563,533
2011_09_26_drive_0018_sync,0000000161,0,0.5512350797653198,42.71229934692383,-11.873540878295898,-1.3724370002746582,True,16,0.6183927059173584,0.7453160881996155,0.17019230127334595,42.76205825805664,-11.747023582458496,-1.474822759628296,3531,565
2011_09_26_drive_0018_sync,0000000162,0,0.7579125761985779,42.809814453125,-11.69734001159668,-1.3871970176696777,True,65,0.7458328604698181,0.8808131814002991,0.07130949199199677,42.740570068359375,-11.686403274536133,-1.374133825302124,3541,555
2011_09_26_drive_0018_sync,0000000163,0,0.33938997983932495,42.846107482910156,-12.676613807678223,-1.6189472675323486,True,32,0.4582836925983429,0.505111813545227,0.45801499485969543,42.96651077270508,-12.260323524475098,-1.4706799983978271,3584,512
2011_09_26_drive_0018_sync,0000000165,0,0.5764833688735962,43.39738082885742,-11.403755187988281,-1.396034836769104,True,88,0.6403251886367798,0.7969719767570496,0.13306790590286255,43.48699188232422,-11.422120094299316,-1.4926767349243164,3568,528
2011_09_26_drive_0018_sync,0000000166,0,0.4235472083091736,43.8740119934082,-11.367217063903809,-1.4969117641448975,True,21,0.5872592329978943,0.7599263787269592,0.1422167271375656,43.83457565307617,-11.254836082458496,-1.4191886186599731,3540,556
2011_09_26_drive_0018_sync,0000000167,0,0.6887760758399963,43.939178466796875,-10.956859588623047,-1.5390803813934326,True,73,0.5070306658744812,0.7108635902404785,0.19939987361431122,44.099464416503906,-10.977187156677246,-1.4222235679626465,3580,516
2011_09_26_drive_0018_sync,0000000169,0,0.742784857749939,44.54643630981445,-10.704171180725098,-1.3935972452163696,True,18,0.7975921630859375,0.8396874666213989,0.09692992269992828,44.46308135986328,-10.673181533813477,-1.4321589469909668,3562,534
2011_09_26_drive_0018_sync,0000000170,0,0.5339035391807556,44.79418182373047,-10.461899757385254,-1.426712989807129,True,87,0.1735842227935791,0.6432497501373291,0.22755858302116394,44.97885513305664,-10.587029457092285,-1.4716711044311523,3540,556
2011_09_26_drive_0018_sync,0000000171,0,0.4753435254096985,45.25739288330078,-10.2471342086792,-1.3165881633758545,True,4,0.35259345173835754,0.6932728290557861,0.21530067920684814,45.257972717285156,-10.434772491455078,-1.422162413597107,3569,527
2011_09_26_drive_0018_sync,0000000172,0,0.500283420085907,45.56414794921875,-10.184534072875977,-1.4053065776824951,True,86,0.5483697056770325,0.8590024709701538,0.0779157429933548,45.5396842956543,-10.164772987365723,-1.3340191841125488,3530,566
2011_09_26_drive_0018_sync,0000000173,0,0.5842674970626831,45.90145492553711,-9.987236976623535,-1.395288109779358,True,81,0.4269128143787384,0.817153811454773,0.0707608088850975,45.88127899169922,-10.047066688537598,-1.427232265472412,3546,550
2011_09_26_drive_0018_sync,0000000174,0,0.514918327331543,46.24980163574219,-9.804421424865723,-1.3208969831466675,True,63,0.43130767345428467,0.776837944984436,0.11921273916959763,46.3283805847168,-9.861997604370117,-1.3896138668060303,3592,504
2011_09_26_drive_0018_sync,0000000175,0,0.48077234625816345,46.86705017089844,-9.879490852355957,-1.3924298286437988,True,69,0.5766326189041138,0.9039068818092346,0.03967662900686264,46.89472198486328,-9.905567169189453,-1.3810926675796509,3542,554
2011_09_26_drive_0018_sync,0000000176,0,0.6744107604026794,47.22111892700195,-9.46732234954834,-1.3991665840148926,True,83,0.6625378727912903,0.8853067755699158,0.07282748073339462,47.17961502075195,-9.472268104553223,-1.4588055610656738,3567,529
2011_09_26_drive_0018_sync,0000000177,0,0.3740614652633667,47.32807922363281,-9.628301620483398,-1.3946064710617065,False,,,0.0,,,,,3552,544
2011_09_26_drive_0018_sync,0000000178,0,0.47617611289024353,24.131818771362305,15.88137149810791,-1.3132598400115967,False,,,0.0,,,,,3521,575
2011_09_26_drive_0018_sync,0000000180,0,0.5073831677436829,49.175315856933594,-8.70859432220459,-1.4389313459396362,True,19,0.4630689024925232,0.933620035648346,0.03259092941880226,49.15974044799805,-8.721092224121094,-1.464687466621399,3578,518
2011_09_26_drive_0018_sync,0000000188,0,0.4170336127281189,53.68583297729492,-7.823868751525879,-1.6230639219284058,True,65,0.2693997323513031,0.8077688217163086,0.14401757717132568,53.74850082397461,-7.709660530090332,-1.6844666004180908,3206,890
2011_09_26_drive_0018_sync,0000000192,0,0.6111409068107605,22.625959396362305,16.360145568847656,-1.1345921754837036,True,81,0.14861240983009338,0.796343207359314,0.16573695838451385,22.653928756713867,16.353981018066406,-1.2978357076644897,3520,576
2011_09_26_drive_0018_sync,0000000207,0,0.49147099256515503,54.5346565246582,13.612661361694336,-1.6542649269104004,True,93,0.20303098857402802,0.7914638519287109,0.12718212604522705,54.62630844116211,13.579345703125,-1.7359061241149902,3337,759
2011_09_26_drive_0018_sync,0000000212,0,0.4386538863182068,49.70161437988281,12.284098625183105,-1.6937437057495117,True,3,0.09992116689682007,0.7721477746963501,0.13186340034008026,49.65074920654297,12.280625343322754,-1.815352201461792,3207,889
2011_09_26_drive_0018_sync,0000000216,0,0.40515002608299255,45.65170669555664,9.74402904510498,-1.84299635887146,True,74,0.11099673807621002,0.5585994124412537,0.25824666023254395,45.5597038269043,9.985014915466309,-1.8306424617767334,3372,724
2011_09_26_drive_0018_sync,0000000218,0,0.5244095325469971,8.654982566833496,37.763763427734375,-1.9308760166168213,True,80,0.6907531023025513,0.8215265274047852,0.11511944979429245,8.567488670349121,37.78030014038086,-1.8579113483428955,3413,683
2011_09_26_drive_0018_sync,0000000218,1,0.4898667633533478,44.03975296020508,7.541732311248779,-1.7618918418884277,True,69,0.0173178743571043,0.6886498928070068,0.14040343463420868,44.17176055908203,7.517305850982666,-1.7207765579223633,3413,683
2011_09_26_drive_0018_sync,0000000220,0,0.3267480134963989,36.613182067871094,9.86738109588623,-1.8485318422317505,True,99,0.19305670261383057,0.7138091921806335,0.3026074469089508,36.892940521240234,9.916680335998535,-1.7442435026168823,3211,885
2011_09_26_drive_0018_sync,0000000224,0,0.3548296093940735,9.746633529663086,32.03618240356445,-1.7071245908737183,False,,,0.0,,,,,3050,1046
2011_09_26_drive_0018_sync,0000000224,1,0.3801310658454895,38.20616149902344,-0.3489954173564911,-1.4299390316009521,True,12,0.5506183505058289,0.5512256622314453,0.34579020738601685,38.19132995605469,-0.01754416897892952,-1.5273606777191162,3050,1046
2011_09_26_drive_0018_sync,0000000227,0,0.6563642024993896,9.514118194580078,28.35272216796875,-1.8491381406784058,True,49,0.44829878211021423,0.8927237391471863,0.06802355498075485,9.468745231628418,28.365156173706055,-1.8000067472457886,3144,952
2011_09_26_drive_0018_sync,0000000228,0,0.7069292664527893,9.21072006225586,27.52798080444336,-1.7857458591461182,True,63,0.6357637047767639,0.8350351452827454,0.07779978960752487,9.141695022583008,27.50151252746582,-1.8099900484085083,3086,1010
2011_09_26_drive_0018_sync,0000000229,0,0.7197905778884888,9.086752891540527,26.600950241088867,-1.7141315937042236,True,56,0.8556920886039734,0.7468445897102356,0.22104349732398987,9.157697677612305,26.39508628845215,-1.7521723508834839,3240,856
2011_09_26_drive_0018_sync,0000000230,0,0.560494601726532,30.76766014099121,-7.720896244049072,-1.4117629528045654,True,99,0.2047145813703537,0.7860022783279419,0.1584961861371994,30.788299560546875,-7.834232807159424,-1.5206201076507568,3034,1062
2011_09_26_drive_0018_sync,0000000230,1,0.8301347494125366,9.028436660766602,25.57617950439453,-1.7171432971954346,True,46,0.8050389885902405,0.8324746489524841,0.10439251363277435,8.993059158325195,25.478368759155273,-1.7260476350784302,3034,1062
2011_09_26_drive_0018_sync,0000000231,0,0.8126630783081055,8.6725435256958,24.67497444152832,-1.7894258499145508,True,78,0.7675480842590332,0.7475904226303101,0.1865396946668625,8.832267761230469,24.60170555114746,-1.7268407344818115,3186,910
2011_09_26_drive_0018_sync,0000000232,0,0.8547958135604858,8.428680419921875,23.926115036010742,-1.846098780632019,True,37,0.8134706616401672,0.8092283606529236,0.1886647492647171,8.354870796203613,23.75508689880371,-1.876030445098877,3086,1010
2011_09_26_drive_0018_sync,0000000233,0,0.7806933522224426,8.0888090133667,23.203876495361328,-1.9294013977050781,True,23,0.7862138748168945,0.816149115562439,0.13658586144447327,7.973453521728516,23.242809295654297,-1.9913129806518555,3339,757
2011_09_26_drive_0018_sync,0000000234,0,0.8193597197532654,7.515801429748535,22.4090518951416,-1.8544267416000366,True,82,0.8389653563499451,0.9354414343833923,0.05997451767325401,7.556909561157227,22.445446014404297,-1.8302910327911377,3295,801
2011_09_26_drive_0018_sync,0000000235,0,0.8661854863166809,7.043820381164551,21.85708999633789,-1.9259114265441895,True,23,0.8717209100723267,0.9252646565437317,0.011064075864851475,7.043818473815918,21.847270965576172,-1.9208123683929443,3227,869
2011_09_26_drive_0018_sync,0000000236,0,0.839097261428833,6.505425930023193,21.317241668701172,-1.9916330575942993,True,31,0.8385011553764343,0.875363290309906,0.11065566539764404,6.607950210571289,21.348430633544922,-1.9640523195266724,3265,831
2011_09_26_drive_0018_sync,0000000237,0,0.8762368559837341,5.948977470397949,20.852828979492188,-1.963437557220459,True,55,0.8837927579879761,0.9034777879714966,0.12170891463756561,6.068309783935547,20.852352142333984,-1.9395078420639038,3138,958
2011_09_26_drive_0018_sync,0000000238,0,0.878706693649292,5.435771465301514,20.44567108154297,-1.9438029527664185,True,23,0.8432143330574036,0.861617386341095,0.10577059537172318,5.408881187438965,20.431726455688477,-1.8424625396728516,3143,953
2011_09_26_drive_0018_sync,0000000239,0,0.8068112134933472,4.708091735839844,20.17926597595215,-1.9099724292755127,True,76,0.8654017448425293,0.9318150281906128,0.02417255938053131,4.716724872589111,20.15713119506836,-1.9144258499145508,3128,968
2011_09_26_drive_0018_sync,0000000239,1,0.5299301147460938,17.680164337158203,-15.662384033203125,-1.3583952188491821,True,53,0.16638486087322235,0.825996994972229,0.12113138288259506,17.6125431060791,-15.760309219360352,-1.3809969425201416,3128,968
2011_09_26_drive_0018_sync,0000000240,0,0.6602618098258972,16.007749557495117,-16.51334571838379,-1.2367953062057495,True,43,0.2564466595649719,0.8180676698684692,0.09631292521953583,16.004613876342773,-16.60197639465332,-1.2743579149246216,3228,868
2011_09_26_drive_0018_sync,0000000240,1,0.8327774405479431,4.097189426422119,19.928192138671875,-1.9088175296783447,True,77,0.7926391363143921,0.9205620884895325,0.04097966477274895,4.133758544921875,19.915328979492188,-1.8955295085906982,3228,868
2011_09_26_drive_0018_sync,0000000241,0,0.8504160642623901,3.4499261379241943,19.723487854003906,-1.9825210571289062,True,52,0.8068395853042603,0.8540768027305603,0.07356186211109161,3.4126715660095215,19.778871536254883,-1.9516003131866455,2942,1154
2011_09_26_drive_0018_sync,0000000242,0,0.8087799549102783,2.6639420986175537,19.670482635498047,-2.023648738861084,True,99,0.81418776512146,0.8756310939788818,0.14451120793819427,2.797386884689331,19.622238159179688,-1.996290922164917,2981,1115
2011_09_26_drive_0018_sync,0000000243,0,0.30195245146751404,11.040026664733887,-17.31475067138672,-1.4179631471633911,True,97,0.2704109251499176,0.6585996747016907,0.14631585776805878,11.128606796264648,-17.403669357299805,-1.3427610397338867,3092,1004
2011_09_26_drive_0018_sync,0000000243,1,0.6742411851882935,1.9418561458587646,19.693592071533203,-1.9422791004180908,True,79,0.5162296295166016,0.8584923148155212,0.0837482362985611,1.905358076095581,19.67438507080078,-1.8693904876708984,3092,1004
2011_09_26_drive_0018_sync,0000000244,0,0.6817284226417542,1.1672543287277222,19.692445755004883,-2.097966194152832,False,,,0.0,,,,,3059,1037
2011_09_26_drive_0018_sync,0000000245,0,0.7764380574226379,0.44126591086387634,19.911540985107422,-1.963761568069458,True,46,0.6687455773353577,0.7194326519966125,0.18690623342990875,0.4282175600528717,19.779312133789062,-2.095211982727051,3028,1068
2011_09_26_drive_0018_sync,0000000245,1,0.35731035470962524,7.84382438659668,-17.843101501464844,-1.4570013284683228,True,16,0.10623625665903091,0.824585497379303,0.18383187055587769,7.961109638214111,-17.93633270263672,-1.35048246383667,3028,1068
2011_09_26_drive_0018_sync,0000000246,0,0.7304955124855042,-0.5699708461761475,20.151323318481445,-1.9782533645629883,True,78,0.8172959685325623,0.7469820380210876,0.1673928201198578,-0.44275081157684326,20.215456008911133,-2.0661306381225586,3254,842
2011_09_26_drive_0018_sync,0000000247,0,0.37161433696746826,4.865668296813965,-18.039846420288086,-1.3649038076400757,True,59,0.05002130940556526,0.777135968208313,0.18942642211914062,4.759437084197998,-17.90612030029297,-1.446846604347229,3002,1094
2011_09_26_drive_0018_sync,0000000250,0,0.4546818733215332,0.6120247840881348,-17.477739334106445,-1.4962983131408691,False,,,0.0,,,,,3148,948
2011_09_26_drive_0018_sync,0000000252,0,0.35865047574043274,37.410728454589844,20.282833099365234,-1.8449424505233765,True,60,0.04809550568461418,0.7186090350151062,0.17496034502983093,37.48826599121094,20.39103889465332,-1.7314058542251587,3079,1017
2011_09_26_drive_0018_sync,0000000256,0,0.3920753002166748,34.33197784423828,18.01620101928711,-1.438993215560913,False,,,0.0,,,,,3101,995
2011_09_26_drive_0018_sync,0000000256,1,0.44754844903945923,22.862478256225586,38.30849838256836,0.045455098152160645,True,69,0.0035982804838567972,0.7485042214393616,0.29814010858535767,22.902389526367188,38.47088623046875,-0.20137441158294678,3101,995
2011_09_26_drive_0018_sync,0000000263,0,0.43160006403923035,43.64106750488281,-3.0657107830047607,-1.1295444965362549,True,58,0.34619957208633423,0.8818159699440002,0.08579465746879578,43.721012115478516,-3.0561625957489014,-1.1591825485229492,3138,958
2011_09_26_drive_0018_sync,0000000268,0,0.4994103014469147,23.8352108001709,17.91311264038086,-0.9144663214683533,True,92,0.054295044392347336,0.6315338611602783,0.4372260272502899,23.47575569152832,18.15717124938965,-0.8655374646186829,3184,912
2011_09_26_drive_0018_sync,0000000269,0,0.5321530699729919,37.98784255981445,-2.742302656173706,-0.1222994327545166,True,58,0.339572012424469,0.6820380091667175,0.1823902130126953,38.10279846191406,-2.869170665740967,-0.059403955936431885,3128,968
2011_09_26_drive_0018_sync,0000000269,1,0.6247091889381409,21.42947006225586,18.401193618774414,-0.8678249716758728,True,39,0.642381489276886,0.678662896156311,0.59197998046875,21.430131912231445,18.99313735961914,-0.8743427395820618,3128,968
