drive,frame,baseline_idx,baseline_score,baseline_x,baseline_y,baseline_z,matched,warm_idx,warm_score,iou,center_dist,warm_x,warm_y,warm_z,n_carried_over,n_freshly_refilled
2011_09_26_drive_0001_sync,0000000000,0,0.8281156420707703,25.189311981201172,8.581962585449219,-1.6370322704315186,True,7,0.8281156420707703,1.000000238418579,0.0,25.189311981201172,8.581962585449219,-1.6370322704315186,0,0
2011_09_26_drive_0001_sync,0000000000,1,0.5092338919639587,42.61431884765625,7.407992362976074,-1.456986665725708,True,22,0.5092338919639587,1.0,0.0,42.61431884765625,7.407992362976074,-1.456986665725708,0,0
2011_09_26_drive_0001_sync,0000000000,2,0.7618128657341003,33.4407958984375,7.9200215339660645,-1.738966464996338,True,51,0.7618128657341003,0.9999998211860657,0.0,33.4407958984375,7.9200215339660645,-1.738966464996338,0,0
2011_09_26_drive_0001_sync,0000000001,0,0.3668552041053772,32.00936508178711,7.475829124450684,-1.76702880859375,True,20,0.2339385598897934,0.8073959946632385,0.11690408736467361,31.92786407470703,7.558012008666992,-1.7505933046340942,3172,924
2011_09_26_drive_0001_sync,0000000001,1,0.5543375611305237,41.49570846557617,7.5351176261901855,-1.6307120323181152,True,24,0.3818168640136719,0.8798618912696838,0.06445528566837311,41.50821304321289,7.57220458984375,-1.5794999599456787,3172,924
2011_09_26_drive_0001_sync,0000000001,2,0.36533302068710327,21.3790283203125,15.90073013305664,-0.9728602170944214,True,36,0.22321930527687073,0.832524299621582,0.1581784039735794,21.289228439331055,15.79672622680664,-1.051215648651123,3172,924
2011_09_26_drive_0001_sync,0000000001,3,0.7760445475578308,23.821434020996094,8.688435554504395,-1.5695985555648804,True,67,0.6579271554946899,0.8312843441963196,0.13469333946704865,23.919357299804688,8.625083923339844,-1.6369773149490356,3172,924
2011_09_26_drive_0001_sync,0000000002,0,0.6845588088035583,22.496492385864258,8.637484550476074,-1.6023612022399902,True,77,0.6559727787971497,0.8879151344299316,0.1680089831352234,22.523143768310547,8.633255958557129,-1.7681889533996582,3045,1051
2011_09_26_drive_0001_sync,0000000002,1,0.6403313279151917,30.764938354492188,8.230831146240234,-1.8251906633377075,True,34,0.679985761642456,0.817392885684967,0.13600972294807434,30.6385440826416,8.238910675048828,-1.7756139039993286,3045,1051
2011_09_26_drive_0001_sync,0000000002,2,0.47294262051582336,39.92009735107422,7.139434337615967,-1.665832757949829,True,73,0.4656911790370941,0.8665995001792908,0.08208970725536346,39.92241287231445,7.061517715454102,-1.6915690898895264,3045,1051
2011_09_26_drive_0001_sync,0000000003,0,0.8932310342788696,21.113855361938477,8.726282119750977,-1.7142407894134521,True,87,0.8428792357444763,0.9078219532966614,0.05852033942937851,21.127979278564453,8.674996376037598,-1.689849853515625,3053,1043
2011_09_26_drive_0001_sync,0000000003,1,0.48610106110572815,45.44639205932617,6.288912296295166,-1.680220127105713,True,18,0.3208337724208832,0.900009274482727,0.05815018340945244,45.49617385864258,6.309454917907715,-1.6582834720611572,3053,1043
2011_09_26_drive_0001_sync,0000000003,2,0.7338807582855225,29.3187313079834,7.906735897064209,-1.9023555517196655,True,78,0.7190448045730591,0.7287465929985046,0.19755850732326508,29.348777770996094,8.096037864685059,-1.854487657546997,3053,1043
2011_09_26_drive_0001_sync,0000000004,0,0.8172647953033447,19.75916290283203,8.806441307067871,-1.707251787185669,True,7,0.7614222764968872,0.8546003103256226,0.1316014677286148,19.815628051757812,8.768606185913086,-1.8199422359466553,3091,1005
2011_09_26_drive_0001_sync,0000000004,1,0.7205445170402527,37.37213134765625,7.453200817108154,-1.6482722759246826,True,46,0.66285640001297,0.9255239963531494,0.074070043861866,37.300628662109375,7.443082332611084,-1.6647450923919678,3091,1005
2011_09_26_drive_0001_sync,0000000004,2,0.882334291934967,28.162277221679688,8.137608528137207,-1.9076000452041626,True,87,0.7541319727897644,0.6752302050590515,0.27167558670043945,28.205442428588867,7.870244026184082,-1.8861382007598877,3091,1005
2011_09_26_drive_0001_sync,0000000005,0,0.5359342098236084,35.90731430053711,7.609724044799805,-1.595177412033081,True,11,0.6698097586631775,0.815808892250061,0.1990741640329361,36.089900970458984,7.688621997833252,-1.6034082174301147,2960,1136
2011_09_26_drive_0001_sync,0000000005,1,0.8726440668106079,18.35086441040039,8.785945892333984,-1.5802385807037354,True,66,0.8639556169509888,0.8878459334373474,0.0953289344906807,18.440296173095703,8.813791275024414,-1.5979642868041992,2960,1136
2011_09_26_drive_0001_sync,0000000005,2,0.8662533760070801,26.643945693969727,8.2142915725708,-1.797212839126587,True,63,0.8588021993637085,0.8709522485733032,0.12649117410182953,26.7537899017334,8.236186981201172,-1.8559908866882324,2960,1136
2011_09_26_drive_0001_sync,0000000006,0,0.6924287676811218,34.56719207763672,7.979795455932617,-1.6481927633285522,True,49,0.7850838899612427,0.822685182094574,0.15243202447891235,34.57154083251953,7.82742977142334,-1.6493366956710815,3114,982
2011_09_26_drive_0001_sync,0000000006,1,0.8834019899368286,17.082544326782227,8.808485984802246,-1.66526198387146,True,86,0.8877143859863281,0.8960635662078857,0.0810776874423027,17.038257598876953,8.871365547180176,-1.6396019458770752,3114,982
2011_09_26_drive_0001_sync,0000000006,2,0.7419902682304382,25.454782485961914,8.325282096862793,-1.7763721942901611,True,95,0.7714455723762512,0.8879768252372742,0.0817398950457573,25.44265365600586,8.25736141204834,-1.7325420379638672,3114,982
2011_09_26_drive_0001_sync,0000000007,0,0.8613219261169434,23.89423370361328,8.339245796203613,-1.8361634016036987,True,35,0.8769676089286804,0.8604384064674377,0.09035762399435043,23.858579635620117,8.402456283569336,-1.7823328971862793,3030,1066
2011_09_26_drive_0001_sync,0000000007,1,0.5230857133865356,40.379295349121094,7.016176223754883,-1.597991704940796,True,42,0.65700763463974,0.7933055758476257,0.15743041038513184,40.41031265258789,6.86549186706543,-1.5645778179168701,3030,1066
2011_09_26_drive_0001_sync,0000000007,2,0.7603557705879211,33.244022369384766,7.948061466217041,-1.675363540649414,True,34,0.745603621006012,0.704842746257782,0.24123312532901764,33.34394454956055,7.728788375854492,-1.664036750793457,3030,1066
2011_09_26_drive_0001_sync,0000000007,3,0.871258020401001,15.665444374084473,8.899816513061523,-1.6990611553192139,True,0,0.7954146862030029,0.903436005115509,0.058124709874391556,15.71155834197998,8.917315483093262,-1.7298145294189453,3030,1066
2011_09_26_drive_0001_sync,0000000008,0,0.3400225043296814,38.75862503051758,7.421421527862549,-1.8012715578079224,False,,,0.0,,,,,2988,1108
2011_09_26_drive_0001_sync,0000000008,1,0.605226457118988,31.840784072875977,7.746779441833496,-1.8511602878570557,True,59,0.7914445400238037,0.7328855395317078,0.22726520895957947,32.02396774291992,7.879651069641113,-1.8302234411239624,2988,1108
2011_09_26_drive_0001_sync,0000000008,2,0.8804703950881958,14.360441207885742,8.91677474975586,-1.6857041120529175,True,88,0.8837715983390808,0.9089639782905579,0.04257841780781746,14.367613792419434,8.924750328063965,-1.7269092798233032,2988,1108
2011_09_26_drive_0001_sync,0000000008,3,0.8521543145179749,22.71446990966797,8.447748184204102,-1.84373140335083,True,17,0.8271627426147461,0.7843309640884399,0.0908450037240982,22.73389434814453,8.526777267456055,-1.8033592700958252,2988,1108
2011_09_26_drive_0001_sync,0000000009,0,0.54042649269104,37.50130081176758,7.303348541259766,-1.5981531143188477,True,83,0.5421958565711975,0.7934802770614624,0.16544732451438904,37.367340087890625,7.218574523925781,-1.64548921585083,2979,1117
2011_09_26_drive_0001_sync,0000000009,1,0.8619251251220703,13.009904861450195,8.948171615600586,-1.6559784412384033,True,33,0.8828864693641663,0.9034461379051208,0.06607821583747864,13.014025688171387,8.940801620483398,-1.7215149402618408,2979,1117
2011_09_26_drive_0001_sync,0000000009,2,0.8832268714904785,21.411296844482422,8.567828178405762,-1.7954845428466797,True,89,0.8946943879127502,0.8960418105125427,0.07604940980672836,21.36294174194336,8.534996032714844,-1.8441399335861206,2979,1117
2011_09_26_drive_0001_sync,0000000009,3,0.8028018474578857,30.513090133666992,7.982475757598877,-1.5958120822906494,True,73,0.7858104109764099,0.9080947637557983,0.07473644614219666,30.587759017944336,7.985535621643066,-1.596667766571045,2979,1117
2011_09_26_drive_0001_sync,0000000010,0,0.5205070376396179,36.31195068359375,7.507796764373779,-1.4962713718414307,True,99,0.6113156676292419,0.8626404404640198,0.11757033318281174,36.221588134765625,7.566153526306152,-1.5437253713607788,2925,1171
2011_09_26_drive_0001_sync,0000000010,1,0.8625219464302063,20.06913185119629,8.582399368286133,-1.7693955898284912,True,93,0.8954223990440369,0.9100144505500793,0.07061268389225006,20.03227996826172,8.620018005371094,-1.8164373636245728,2925,1171
2011_09_26_drive_0001_sync,0000000010,2,0.7191501259803772,29.335979461669922,8.188782691955566,-1.5920860767364502,True,76,0.7441499829292297,0.8958431482315063,0.05211031809449196,29.356033325195312,8.14534854888916,-1.5714268684387207,2925,1171
2011_09_26_drive_0001_sync,0000000010,3,0.8804095983505249,11.738821029663086,8.963706016540527,-1.7594523429870605,True,32,0.8878883123397827,0.8869938850402832,0.14103935658931732,11.67246150970459,8.990813255310059,-1.637987494468689,2925,1171
2011_09_26_drive_0001_sync,0000000011,0,0.9047074913978577,10.390447616577148,9.092342376708984,-1.7081929445266724,True,60,0.9095483422279358,0.9114018678665161,0.049880146980285645,10.362771034240723,9.05323600769043,-1.7220755815505981,2923,1173
2011_09_26_drive_0001_sync,0000000011,1,0.8305771946907043,28.169553756713867,8.302286148071289,-1.4849567413330078,True,23,0.8347537517547607,0.7771256566047668,0.1925361454486847,27.990747451782227,8.248557090759277,-1.5319850444793701,2923,1173
2011_09_26_drive_0001_sync,0000000011,2,0.8750806450843811,18.602792739868164,8.719793319702148,-1.699228286743164,True,21,0.8819876313209534,0.8218045830726624,0.08976216614246368,18.69040870666504,8.703842163085938,-1.6879922151565552,2923,1173
2011_09_26_drive_0001_sync,0000000012,0,0.8786641359329224,17.35110855102539,8.780538558959961,-1.7182835340499878,True,92,0.8973577618598938,0.9163348078727722,0.08876385539770126,17.43120765686035,8.794458389282227,-1.753912091255188,3096,1000
2011_09_26_drive_0001_sync,0000000012,1,0.8369751572608948,26.864261627197266,8.358674049377441,-1.5337402820587158,True,81,0.8467891812324524,0.9087587594985962,0.08142074197530746,26.785110473632812,8.37450885772705,-1.544402837753296,3096,1000
2011_09_26_drive_0001_sync,0000000012,2,0.8839393258094788,9.139066696166992,9.0963134765625,-1.767571210861206,True,62,0.8825991749763489,0.8728672862052917,0.10479778051376343,9.152457237243652,9.096685409545898,-1.663633108139038,3096,1000
2011_09_26_drive_0001_sync,0000000013,0,0.44404318928718567,31.84091567993164,8.733818054199219,-1.6458930969238281,True,86,0.48804378509521484,0.6905811429023743,0.24458926916122437,31.69686508178711,8.922998428344727,-1.703200340270996,2937,1159
2011_09_26_drive_0001_sync,0000000013,1,0.3998549282550812,51.84131622314453,6.25294303894043,-1.4432190656661987,True,28,0.3548150360584259,0.688649594783783,0.2477184683084488,51.64242172241211,6.126836776733398,-1.520047664642334,2937,1159
2011_09_26_drive_0001_sync,0000000013,2,0.8925057649612427,7.842313766479492,9.08233642578125,-1.7416504621505737,True,58,0.8798145055770874,0.9283525943756104,0.05497602000832558,7.795512676239014,9.099712371826172,-1.718626618385315,2937,1159
2011_09_26_drive_0001_sync,0000000013,3,0.8675689101219177,25.517066955566406,8.441816329956055,-1.6180591583251953,True,54,0.8554289937019348,0.8963422179222107,0.12103362381458282,25.398212432861328,8.418953895568848,-1.6178362369537354,2937,1159
2011_09_26_drive_0001_sync,0000000013,4,0.8737449645996094,16.125019073486328,8.849481582641602,-1.79521644115448,True,31,0.8671817183494568,0.9228625893592834,0.06088317185640335,16.08173942565918,8.83333683013916,-1.8348772525787354,2937,1159
2011_09_26_drive_0001_sync,0000000014,0,0.8229129314422607,6.600185394287109,9.177330017089844,-1.8211194276809692,True,60,0.8839797377586365,0.8712978363037109,0.14865411818027496,6.573419570922852,9.132051467895508,-1.682081699371338,3040,1056
2011_09_26_drive_0001_sync,0000000014,1,0.7875015735626221,30.945497512817383,8.050293922424316,-1.646211862564087,True,11,0.6939607262611389,0.8331381678581238,0.10410641133785248,31.036334991455078,8.077775001525879,-1.6034159660339355,3040,1056
2011_09_26_drive_0001_sync,0000000014,2,0.8981679081916809,24.224651336669922,8.534858703613281,-1.6577273607254028,True,63,0.9000086188316345,0.8728060126304626,0.07364407181739807,24.194194793701172,8.596505165100098,-1.6313538551330566,3040,1056
2011_09_26_drive_0001_sync,0000000014,3,0.5781006217002869,50.40743637084961,6.321379661560059,-1.5251498222351074,True,12,0.6030055284500122,0.9240999817848206,0.05058463290333748,50.42238235473633,6.358691692352295,-1.5558619499206543,3040,1056
2011_09_26_drive_0001_sync,0000000014,4,0.8891887068748474,14.813908576965332,8.858738899230957,-1.8193879127502441,True,85,0.8901057243347168,0.8827354311943054,0.10091734677553177,14.88224983215332,8.911510467529297,-1.8716272115707397,3040,1056
2011_09_26_drive_0001_sync,0000000015,0,0.7418596148490906,5.2745466232299805,9.198019027709961,-1.8266212940216064,True,81,0.4163755774497986,0.9015731811523438,0.08509435504674911,5.283001899719238,9.185537338256836,-1.9103695154190063,3040,1056
2011_09_26_drive_0001_sync,0000000015,1,0.6520422101020813,29.839275360107422,8.180742263793945,-1.6066619157791138,True,27,0.6509135961532593,0.8042332530021667,0.10975031554698944,29.823328018188477,8.091824531555176,-1.6689872741699219,3040,1056
2011_09_26_drive_0001_sync,0000000015,2,0.36357155442237854,34.96379470825195,8.213404655456543,-1.6527900695800781,True,53,0.44612500071525574,0.8343424201011658,0.12003207206726074,34.9784049987793,8.2731351852417,-1.549705147743225,3040,1056
2011_09_26_drive_0001_sync,0000000015,3,0.8941735029220581,22.99549674987793,8.586673736572266,-1.6247819662094116,True,62,0.8679381012916565,0.9134768843650818,0.04885601997375488,22.99677848815918,8.628164291381836,-1.59901762008667,3040,1056
2011_09_26_drive_0001_sync,0000000015,4,0.8841378688812256,13.520013809204102,8.918838500976562,-1.7901952266693115,True,23,0.9049330353736877,0.9208757877349854,0.0659981295466423,13.566001892089844,8.918392181396484,-1.8375307321548462,3040,1056
2011_09_26_drive_0001_sync,0000000016,0,0.9071146249771118,12.331588745117188,8.970804214477539,-1.8745546340942383,True,11,0.8958516716957092,0.9329197406768799,0.03329059109091759,12.312007904052734,8.945569038391113,-1.8651716709136963,3054,1042
2011_09_26_drive_0001_sync,0000000016,1,0.8684782385826111,21.684362411499023,8.655173301696777,-1.601656198501587,True,15,0.8522078990936279,0.9031135439872742,0.03666563332080841,21.676727294921875,8.67807674407959,-1.6292515993118286,3054,1042
2011_09_26_drive_0001_sync,0000000016,2,0.8200945854187012,28.39703941345215,8.347783088684082,-1.692861557006836,True,66,0.7167877554893494,0.7598370909690857,0.23200209438800812,28.624204635620117,8.388075828552246,-1.7173038721084595,3054,1042
2011_09_26_drive_0001_sync,0000000016,3,0.838833212852478,4.058074951171875,9.214458465576172,-1.9102675914764404,True,57,0.8674672842025757,0.9033190608024597,0.02446701005101204,4.054978370666504,9.193309783935547,-1.8983604907989502,3054,1042
2011_09_26_drive_0001_sync,0000000017,0,0.584751307964325,27.308502197265625,8.57681655883789,-1.6421897411346436,True,75,0.6289713382720947,0.8715131282806396,0.04669324681162834,27.289304733276367,8.616650581359863,-1.6571886539459229,2996,1100
2011_09_26_drive_0001_sync,0000000017,1,0.8949387073516846,20.536434173583984,8.740582466125488,-1.6794439554214478,True,37,0.895749032497406,0.9093503355979919,0.08139730989933014,20.457927703857422,8.742218971252441,-1.7008817195892334,2996,1100
2011_09_26_drive_0001_sync,0000000017,2,0.4440663158893585,46.67181396484375,7.2840094566345215,-1.6570435762405396,False,,,0.0,,,,,2996,1100
2011_09_26_drive_0001_sync,0000000017,3,0.7310950756072998,2.7713723182678223,9.28161334991455,-1.8056304454803467,True,72,0.7276989817619324,0.9248862862586975,0.0751723200082779,2.7941958904266357,9.272966384887695,-1.8767303228378296,2996,1100
2011_09_26_drive_0001_sync,0000000017,4,0.9078323841094971,11.015498161315918,8.98001766204834,-1.874511480331421,True,21,0.9040732979774475,0.9299335479736328,0.03992868959903717,11.045343399047852,9.00475025177002,-1.8840959072113037,2996,1100
2011_09_26_drive_0001_sync,0000000018,0,0.5461602807044983,31.229549407958984,8.28209114074707,-1.72342848777771,True,42,0.4607057571411133,0.8439200520515442,0.18125572800636292,31.39413070678711,8.255860328674316,-1.652164340019226,3107,989
2011_09_26_drive_0001_sync,0000000018,1,0.9104494452476501,9.834546089172363,9.032925605773926,-1.918227195739746,True,69,0.8907603025436401,0.8909578323364258,0.051199641078710556,9.821650505065918,9.028982162475586,-1.8688353300094604,3107,989
2011_09_26_drive_0001_sync,0000000018,2,0.8455122709274292,26.03254508972168,8.516777992248535,-1.7234948873519897,True,8,0.8545520901679993,0.877497673034668,0.04409114271402359,26.05031967163086,8.555850982666016,-1.7335643768310547,3107,989
2011_09_26_drive_0001_sync,0000000018,3,0.8423912525177002,1.6818922758102417,9.208462715148926,-1.667985439300537,True,88,0.8537279367446899,0.9500235319137573,0.0385761484503746,1.7081363201141357,9.227669715881348,-1.6472378969192505,3107,989
2011_09_26_drive_0001_sync,0000000018,4,0.8654677867889404,19.436748504638672,8.784988403320312,-1.6829190254211426,True,68,0.8728712797164917,0.8640446662902832,0.068906269967556,19.49190330505371,8.822519302368164,-1.6656721830368042,3107,989
2011_09_26_drive_0001_sync,0000000019,0,0.8541373610496521,24.7745304107666,8.546736717224121,-1.6509201526641846,True,48,0.8755683898925781,0.8551784157752991,0.13436377048492432,24.857696533203125,8.526877403259277,-1.7545667886734009,3065,1031
2011_09_26_drive_0001_sync,0000000019,1,0.31967854499816895,34.35370635986328,8.208830833435059,-1.7285622358322144,True,84,0.30454277992248535,0.6300461888313293,0.40267935395240784,34.6868782043457,7.995083808898926,-1.6546745300292969,3065,1031
2011_09_26_drive_0001_sync,0000000019,2,0.898591160774231,17.945863723754883,8.830279350280762,-1.6763100624084473,True,56,0.9029327034950256,0.9277364015579224,0.05666268989443779,17.892641067504883,8.84626293182373,-1.6652405261993408,3065,1031
2011_09_26_drive_0001_sync,0000000019,3,0.5852205157279968,0.5861558318138123,9.249588012695312,-1.651721715927124,True,98,0.5999096632003784,0.707335889339447,0.2559817135334015,0.4422888159751892,9.109675407409668,-1.8106348514556885,3065,1031
2011_09_26_drive_0001_sync,0000000019,4,0.9071707725524902,8.576436042785645,9.028014183044434,-1.8773081302642822,True,63,0.9075232148170471,0.9126629829406738,0.028107019141316414,8.5635986328125,9.052091598510742,-1.8840522766113281,3065,1031
2011_09_26_drive_0001_sync,0000000020,0,0.6953420639038086,23.565641403198242,8.611221313476562,-1.6540417671203613,True,79,0.8267724514007568,0.8841704726219177,0.043919458985328674,23.584386825561523,8.582109451293945,-1.6270227432250977,3083,1013
2011_09_26_drive_0001_sync,0000000020,1,0.6401088833808899,33.31550598144531,8.257171630859375,-1.7036327123641968,True,68,0.704791784286499,0.8358024954795837,0.11376119405031204,33.33991622924805,8.148475646972656,-1.6805907487869263,3083,1013
2011_09_26_drive_0001_sync,0000000020,2,0.8925226330757141,16.66790008544922,8.901869773864746,-1.6754001379013062,True,49,0.9046181440353394,0.9328301548957825,0.02743615210056305,16.68842887878418,8.88406753540039,-1.6716065406799316,3083,1013
2011_09_26_drive_0001_sync,0000000020,3,0.8993024826049805,7.356657028198242,9.079696655273438,-1.8553415536880493,True,32,0.9089927673339844,0.923109233379364,0.05400951951742172,7.3418121337890625,9.054875373840332,-1.9009547233581543,3083,1013
2011_09_26_drive_0001_sync,0000000020,4,0.6927846670150757,28.594541549682617,8.395840644836426,-1.682164192199707,True,50,0.5982552170753479,0.8353741765022278,0.053190816193819046,28.614408493041992,8.425301551818848,-1.6425836086273193,3083,1013
2011_09_26_drive_0001_sync,0000000021,0,0.8963727951049805,15.494287490844727,8.867583274841309,-1.7195239067077637,True,63,0.9012729525566101,0.8647754788398743,0.08639602363109589,15.413797378540039,8.898561477661133,-1.7246196269989014,3127,969
2011_09_26_drive_0001_sync,0000000021,1,0.8703376650810242,22.221664428710938,8.669593811035156,-1.6494464874267578,True,55,0.8734526634216309,0.8742294311523438,0.0746898204088211,22.240224838256836,8.599527359008789,-1.6314250230789185,3127,969
2011_09_26_drive_0001_sync,0000000021,2,0.776650071144104,27.282522201538086,8.561708450317383,-1.6948567628860474,True,75,0.6990872621536255,0.8355194330215454,0.08824091404676437,27.336734771728516,8.564449310302734,-1.6252870559692383,3127,969
2011_09_26_drive_0001_sync,0000000021,3,0.9004559516906738,6.180695056915283,9.068415641784668,-1.8589751720428467,True,67,0.8894166946411133,0.943031370639801,0.014375689439475536,6.175041675567627,9.076870918273926,-1.8691343069076538,3127,969
2011_09_26_drive_0001_sync,0000000022,0,0.8166823983192444,26.041309356689453,8.595867156982422,-1.6910958290100098,True,39,0.8187199831008911,0.8670395612716675,0.07032216340303421,26.024595260620117,8.535073280334473,-1.6599518060684204,3139,957
2011_09_26_drive_0001_sync,0000000022,1,0.4607503414154053,30.818309783935547,8.280965805053711,-1.6704046726226807,True,80,0.14197348058223724,0.7835469245910645,0.3430730104446411,31.15509605407715,8.235307693481445,-1.6236133575439453,3139,957
2011_09_26_drive_0001_sync,0000000022,2,0.9019205570220947,4.935800552368164,9.074684143066406,-1.9079298973083496,True,54,0.8913190364837646,0.9109067916870117,0.053716808557510376,4.973471641540527,9.10601806640625,-1.9299428462982178,3139,957
2011_09_26_drive_0001_sync,0000000022,3,0.8462774753570557,21.05172348022461,8.679937362670898,-1.6534230709075928,True,96,0.8341203331947327,0.904869019985199,0.06314212828874588,21.051475524902344,8.742990493774414,-1.650080919265747,3139,957
2011_09_26_drive_0001_sync,0000000022,4,0.9025219678878784,14.269661903381348,8.949908256530762,-1.6907742023468018,True,49,0.8845005035400391,0.9224275350570679,0.03748144209384918,14.298503875732422,8.972818374633789,-1.6838369369506836,3139,957
2011_09_26_drive_0001_sync,0000000023,0,0.820605993270874,24.860132217407227,8.573953628540039,-1.6597986221313477,True,12,0.7361510992050171,0.8791603446006775,0.08559766411781311,24.942092895507812,8.564135551452637,-1.682448387145996,3090,1006
2011_09_26_drive_0001_sync,0000000023,1,0.9064910411834717,3.758993625640869,9.096545219421387,-2.0049924850463867,True,84,0.8996919393539429,0.8809211254119873,0.09778357297182083,3.7337844371795654,9.097651481628418,-1.9105207920074463,3090,1006
2011_09_26_drive_0001_sync,0000000023,2,0.8710051774978638,19.85902976989746,8.826252937316895,-1.6935555934906006,True,45,0.8351913690567017,0.880842387676239,0.049680329859256744,19.84940528869629,8.80016040802002,-1.7347221374511719,3090,1006
2011_09_26_drive_0001_sync,0000000023,3,0.9041971564292908,13.060076713562012,8.99588394165039,-1.7244019508361816,True,98,0.8950506448745728,0.9298245310783386,0.059750013053417206,13.105499267578125,9.0123872756958,-1.689266562461853,3090,1006
2011_09_26_drive_0001_sync,0000000023,4,0.6650795936584473,29.388673782348633,8.283550262451172,-1.6121658086776733,True,33,0.5570355653762817,0.9180689454078674,0.032431602478027344,29.403676986694336,8.257437705993652,-1.600130558013916,3090,1006
2011_09_26_drive_0001_sync,0000000024,0,0.8615346550941467,18.579362869262695,8.830093383789062,-1.6982438564300537,True,44,0.8745480179786682,0.8914352655410767,0.11793304979801178,18.69095230102539,8.85023021697998,-1.665832281112671,3087,1009
2011_09_26_drive_0001_sync,0000000024,1,0.8981271982192993,2.652676820755005,9.126523971557617,-1.883819341659546,True,56,0.9090226888656616,0.8975635766983032,0.11373259872198105,2.584157705307007,9.112102508544922,-1.9734421968460083,3087,1009
2011_09_26_drive_0001_sync,0000000024,2,0.8346543312072754,28.34560775756836,8.343729019165039,-1.636770486831665,True,14,0.7989182472229004,0.9310761094093323,0.040479566901922226,28.31787872314453,8.349297523498535,-1.665730595588684,3087,1009
2011_09_26_drive_0001_sync,0000000024,3,0.9033861756324768,11.85690689086914,9.047317504882812,-1.7627280950546265,True,35,0.9106029272079468,0.9010096788406372,0.07085396349430084,11.909428596496582,9.01593017578125,-1.7269986867904663,3087,1009
2011_09_26_drive_0001_sync,0000000024,4,0.5315679311752319,38.26396560668945,7.997592449188232,-1.6862610578536987,True,48,0.638809323310852,0.7784765362739563,0.1956935077905655,38.119873046875,8.068595886230469,-1.5744943618774414,3087,1009
2011_09_26_drive_0001_sync,0000000024,5,0.7008484601974487,23.402467727661133,8.597967147827148,-1.7674146890640259,True,59,0.7679513692855835,0.7532215714454651,0.21355462074279785,23.591812133789062,8.68920612335205,-1.7296030521392822,3087,1009
2011_09_26_drive_0001_sync,0000000025,0,0.37556737661361694,61.68048095703125,7.3458075523376465,-1.3050992488861084,True,78,0.3258655369281769,0.7636457681655884,0.1719128042459488,61.63465118408203,7.495066165924072,-1.2331582307815552,3040,1056
2011_09_26_drive_0001_sync,0000000025,1,0.9058184623718262,10.6444091796875,9.05225658416748,-1.7552140951156616,True,25,0.9107918739318848,0.9407097697257996,0.06531672924757004,10.706704139709473,9.069138526916504,-1.7451834678649902,3040,1056
2011_09_26_drive_0001_sync,0000000025,2,0.864067792892456,22.410371780395508,8.676079750061035,-1.7503939867019653,True,57,0.7872920632362366,0.8550507426261902,0.06456539779901505,22.374231338500977,8.729300498962402,-1.7449066638946533,3040,1056
2011_09_26_drive_0001_sync,0000000025,3,0.46691280603408813,36.691741943359375,8.129785537719727,-1.6281347274780273,True,41,0.6265450716018677,0.635955274105072,0.3155297040939331,36.761451721191406,8.436650276184082,-1.6512341499328613,3040,1056
2011_09_26_drive_0001_sync,0000000025,4,0.8328258991241455,17.408458709716797,8.893648147583008,-1.6724975109100342,True,28,0.8708313703536987,0.9372733235359192,0.05059013143181801,17.449190139770508,8.866504669189453,-1.6852859258651733,3040,1056
2011_09_26_drive_0001_sync,0000000025,5,0.7150004506111145,27.017995834350586,8.496393203735352,-1.6490612030029297,True,65,0.7274421453475952,0.8434548377990723,0.09763579815626144,27.09788703918457,8.444951057434082,-1.6715078353881836,3040,1056
2011_09_26_drive_0001_sync,0000000025,6,0.8786308169364929,1.517756700515747,9.122010231018066,-1.9210811853408813,True,63,0.8627305030822754,0.8654133677482605,0.02982558310031891,1.491267204284668,9.117865562438965,-1.9080162048339844,3040,1056
2011_09_26_drive_0001_sync,0000000026,0,0.6056365966796875,35.46985626220703,8.43964958190918,-1.6674351692199707,True,61,0.5140758156776428,0.6019096374511719,0.30591967701911926,35.48912048339844,8.735848426818848,-1.5933947563171387,2978,1118
2011_09_26_drive_0001_sync,0000000026,1,0.906434178352356,9.479975700378418,9.085128784179688,-1.7478501796722412,True,66,0.9068949818611145,0.9170005917549133,0.049746010452508926,9.46158218383789,9.038936614990234,-1.7462292909622192,2978,1118
2011_09_26_drive_0001_sync,0000000026,2,0.8921126127243042,16.213674545288086,8.925041198730469,-1.6485011577606201,True,46,0.8949877023696899,0.9069295525550842,0.06113823503255844,16.22920036315918,8.897099494934082,-1.7006173133850098,2978,1118
2011_09_26_drive_0001_sync,0000000026,3,0.8119379281997681,25.889699935913086,8.510740280151367,-1.5179829597473145,True,11,0.7817397117614746,0.8550545573234558,0.17894059419631958,25.711944580078125,8.5289945602417,-1.5274460315704346,2978,1118
2011_09_26_drive_0001_sync,0000000026,4,0.8282240033149719,0.23841078579425812,9.079614639282227,-1.873967170715332,True,26,0.8398908376693726,0.9049431085586548,0.14696112275123596,0.38395947217941284,9.099616050720215,-1.8703484535217285,2978,1118
2011_09_26_drive_0001_sync,0000000026,5,0.8405098915100098,21.24197006225586,8.759124755859375,-1.6420023441314697,True,49,0.8600268959999084,0.8880196213722229,0.1232817992568016,21.1213321685791,8.734537124633789,-1.648354411125183,2978,1118
2011_09_26_drive_0001_sync,0000000027,0,0.8998187780380249,8.223522186279297,9.05410099029541,-1.746669888496399,True,92,0.9083508253097534,0.8849796652793884,0.0599934421479702,8.2384614944458,9.072031021118164,-1.8019378185272217,3103,993
2011_09_26_drive_0001_sync,0000000027,1,0.8075456619262695,24.85840606689453,8.59158706665039,-1.5582351684570312,True,27,0.8471167087554932,0.8739127516746521,0.14436128735542297,24.750261306762695,8.611566543579102,-1.6517536640167236,3103,993
2011_09_26_drive_0001_sync,0000000027,2,0.6956798434257507,34.384334564208984,8.388851165771484,-1.556262731552124,True,10,0.6857105493545532,0.7860756516456604,0.16025806963443756,34.376461029052734,8.54637336730957,-1.5846776962280273,3103,993
2011_09_26_drive_0001_sync,0000000027,3,0.8566336631774902,20.025476455688477,8.772499084472656,-1.7459006309509277,True,72,0.8647177815437317,0.8823628425598145,0.047296445816755295,20.02322769165039,8.77365493774414,-1.698671817779541,3103,993
2011_09_26_drive_0001_sync,0000000027,4,0.8886417746543884,14.999092102050781,8.963309288024902,-1.6871592998504639,True,66,0.8803813457489014,0.7882784008979797,0.14674802124500275,14.984830856323242,8.826533317565918,-1.7383836507797241,3103,993
2011_09_26_drive_0001_sync,0000000027,5,0.6773644685745239,-0.9201057553291321,9.1935396194458,-1.840448021888733,True,75,0.7816829681396484,0.9057254195213318,0.05657196044921875,-0.8999794721603394,9.178479194641113,-1.891128420829773,3103,993
2011_09_26_drive_0001_sync,0000000028,0,0.6213377714157104,33.401790618896484,7.807181358337402,-1.5251719951629639,True,2,0.6181778311729431,0.8577717542648315,0.11182371526956558,33.30328369140625,7.787160396575928,-1.4761812686920166,3114,982
2011_09_26_drive_0001_sync,0000000028,1,0.8680734634399414,13.701139450073242,8.95487117767334,-1.7126989364624023,True,89,0.8851355314254761,0.878210723400116,0.0680675059556961,13.712520599365234,8.933784484863281,-1.6489886045455933,3114,982
2011_09_26_drive_0001_sync,0000000028,2,0.9052483439445496,7.116588592529297,9.088231086730957,-1.780948519706726,True,63,0.9087070226669312,0.8998979926109314,0.033146146684885025,7.085112571716309,9.081130027770996,-1.7885315418243408,3114,982
2011_09_26_drive_0001_sync,0000000028,3,0.8152648210525513,23.621387481689453,8.673014640808105,-1.6569557189941406,True,90,0.7402122616767883,0.7984994053840637,0.08547288924455643,23.6734619140625,8.739909172058105,-1.6460474729537964,3114,982
2011_09_26_drive_0001_sync,0000000028,4,0.8887932300567627,18.766456604003906,8.78465747833252,-1.7288615703582764,True,32,0.8545528054237366,0.8874207735061646,0.06480804085731506,18.731414794921875,8.826704025268555,-1.6941593885421753,3114,982
2011_09_26_drive_0001_sync,0000000029,0,0.9075254201889038,12.537088394165039,8.978428840637207,-1.7647790908813477,True,6,0.8978133797645569,0.9602480530738831,0.017065148800611496,12.543905258178711,8.988948822021484,-1.753199815750122,3100,996
2011_09_26_drive_0001_sync,0000000029,1,0.7604503035545349,32.19910430908203,8.37543773651123,-1.6916563510894775,True,94,0.692807137966156,0.8366994261741638,0.14282011985778809,32.31715393066406,8.449673652648926,-1.66081964969635,3100,996
2011_09_26_drive_0001_sync,0000000029,2,0.896091878414154,17.49820327758789,8.848000526428223,-1.7742068767547607,True,83,0.8877598643302917,0.9078762531280518,0.08616834878921509,17.582120895385742,8.86505126953125,-1.7646105289459229,3100,996
2011_09_26_drive_0001_sync,0000000029,3,0.7337769269943237,37.27389907836914,7.926211357116699,-1.471083641052246,True,59,0.8101959228515625,0.9318940043449402,0.058988261967897415,37.32693099975586,7.9519853591918945,-1.4727957248687744,3100,996
2011_09_26_drive_0001_sync,0000000029,4,0.8431239128112793,22.362445831298828,8.689525604248047,-1.7329537868499756,True,82,0.8705370426177979,0.8731050491333008,0.08854827284812927,22.27857208251953,8.674234390258789,-1.709033727645874,3100,996
2011_09_26_drive_0001_sync,0000000029,5,0.8921440839767456,5.890530586242676,9.060781478881836,-1.7731468677520752,True,67,0.9014127850532532,0.9478614926338196,0.004008475691080093,5.889972686767578,9.06283187866211,-1.776545763015747,3100,996
2011_09_26_drive_0001_sync,0000000030,0,0.7291480898857117,21.14249038696289,8.790616035461426,-1.712674617767334,True,51,0.8071405291557312,0.8880884051322937,0.07618318498134613,21.1190128326416,8.74509048461914,-1.6562821865081787,3077,1019
2011_09_26_drive_0001_sync,0000000030,1,0.8890081644058228,4.724606513977051,9.113856315612793,-1.8003710508346558,True,85,0.9014939665794373,0.9471026062965393,0.03543270379304886,4.708113670349121,9.101542472839355,-1.8292125463485718,3077,1019
2011_09_26_drive_0001_sync,0000000030,2,0.8231540322303772,30.913270950317383,8.37790584564209,-1.6084654331207275,True,29,0.849604070186615,0.8936022520065308,0.09864022582769394,30.986894607543945,8.312378883361816,-1.6124237775802612,3077,1019
2011_09_26_drive_0001_sync,0000000030,3,0.9061863422393799,11.43010425567627,8.980152130126953,-1.7886003255844116,True,61,0.911270260810852,0.9057089686393738,0.04788704589009285,11.411664009094238,9.02387809753418,-1.7821842432022095,3077,1019
2011_09_26_drive_0001_sync,0000000030,4,0.7016343474388123,36.043724060058594,8.031603813171387,-1.525368332862854,True,25,0.6302234530448914,0.8288998007774353,0.10139919072389603,36.01167678833008,7.9441118240356445,-1.565367341041565,3077,1019
2011_09_26_drive_0001_sync,0000000030,5,0.8892045617103577,16.315237045288086,8.894668579101562,-1.7656140327453613,True,4,0.8926790952682495,0.9094242453575134,0.0453864224255085,16.31658172607422,8.924357414245605,-1.7999169826507568,3077,1019
2011_09_26_drive_0001_sync,0000000031,0,0.9019511938095093,3.5406506061553955,9.124979972839355,-1.805206537246704,True,49,0.9037752747535706,0.9164624214172363,0.04148007929325104,3.5317611694335938,9.084630012512207,-1.8088747262954712,3055,1041
2011_09_26_drive_0001_sync,0000000031,1,0.8952584266662598,10.14787769317627,9.031149864196777,-1.7667421102523804,True,64,0.8922044634819031,0.9074994921684265,0.04930528253316879,10.161395072937012,9.043663024902344,-1.7210068702697754,3055,1041
2011_09_26_drive_0001_sync,0000000031,2,0.6480209827423096,29.647594451904297,8.659404754638672,-1.6320536136627197,True,53,0.6601964235305786,0.9537439942359924,0.03161611407995224,29.63665771484375,8.63400936126709,-1.616722583770752,3055,1041
2011_09_26_drive_0001_sync,0000000031,3,0.4718523919582367,34.916263580322266,8.018330574035645,-1.5493735074996948,True,33,0.1829366683959961,0.804136335849762,0.1461576372385025,34.98628234863281,8.139671325683594,-1.5910370349884033,3055,1041
2011_09_26_drive_0001_sync,0000000031,4,0.8870148658752441,15.172760963439941,8.920722961425781,-1.7709252834320068,True,74,0.8828922510147095,0.9099860191345215,0.04894230514764786,15.15213680267334,8.961273193359375,-1.7528789043426514,3055,1041
2011_09_26_drive_0001_sync,0000000031,5,0.8642827868461609,19.984355926513672,8.80190372467041,-1.7178597450256348,True,37,0.8729771971702576,0.9288950562477112,0.04552542418241501,19.9395809173584,8.802597045898438,-1.7096571922302246,3055,1041
2011_09_26_drive_0001_sync,0000000032,0,0.8941128849983215,13.959248542785645,8.979430198669434,-1.829100489616394,True,30,0.9052760004997253,0.9063280820846558,0.053749389946460724,13.926215171813965,8.946725845336914,-1.8021149635314941,3039,1057
2011_09_26_drive_0001_sync,0000000032,1,0.8180712461471558,28.65341567993164,8.518668174743652,-1.6863678693771362,True,38,0.6877875924110413,0.8146193623542786,0.10099111497402191,28.6555118560791,8.430353164672852,-1.6374263763427734,3039,1057
2011_09_26_drive_0001_sync,0000000032,2,0.9154388904571533,8.994121551513672,8.995706558227539,-1.7254384756088257,True,88,0.9066545367240906,0.9146366119384766,0.058574479073286057,8.990922927856445,9.0165433883667,-1.780087947845459,3039,1057
2011_09_26_drive_0001_sync,0000000032,3,0.4797726571559906,33.78765106201172,8.246269226074219,-1.6026816368103027,True,32,0.5463466644287109,0.8877694606781006,0.11050545424222946,33.89136505126953,8.211810111999512,-1.619035005569458,3039,1057
2011_09_26_drive_0001_sync,0000000032,4,0.8832891583442688,18.66655921936035,8.84608268737793,-1.7826385498046875,True,37,0.8826298117637634,0.8829427361488342,0.11047334969043732,18.775100708007812,8.862255096435547,-1.79534912109375,3039,1057
2011_09_26_drive_0001_sync,0000000032,5,0.9034703969955444,2.3442819118499756,9.121088027954102,-1.8685367107391357,True,15,0.8978211879730225,0.8810449242591858,0.04382001981139183,2.3668525218963623,9.157154083251953,-1.879024863243103,3039,1057
2011_09_26_drive_0001_sync,0000000033,0,0.8708879947662354,17.50819969177246,8.884867668151855,-1.843083381652832,True,36,0.8909175395965576,0.8896940350532532,0.04226824641227722,17.47897720336914,8.90240478515625,-1.8180813789367676,3026,1070
2011_09_26_drive_0001_sync,0000000033,1,0.7080813646316528,27.134807586669922,8.375350952148438,-1.7248203754425049,True,66,0.7462035417556763,0.777161180973053,0.21314673125743866,27.321931838989258,8.468913078308105,-1.7655900716781616,3026,1070
2011_09_26_drive_0001_sync,0000000033,2,0.8714290857315063,1.3487420082092285,9.146758079528809,-1.8785459995269775,True,89,0.8336753249168396,0.8764238953590393,0.07671667635440826,1.279115080833435,9.124463081359863,-1.9017940759658813,3026,1070
2011_09_26_drive_0001_sync,0000000033,3,0.9115492701530457,7.752573490142822,9.064159393310547,-1.843616008758545,True,53,0.9107115864753723,0.9177991151809692,0.04612493887543678,7.798035621643066,9.063889503479004,-1.8358293771743774,3026,1070
2011_09_26_drive_0001_sync,0000000033,4,0.9016837477684021,12.765254020690918,8.974828720092773,-1.8596056699752808,True,25,0.9055476784706116,0.9279610514640808,0.020610986277461052,12.767282485961914,8.983626365661621,-1.8410773277282715,3026,1070
2011_09_26_drive_0001_sync,0000000033,5,0.7355561256408691,32.41827392578125,8.27283763885498,-1.6984353065490723,True,75,0.7937512993812561,0.897787868976593,0.06286688148975372,32.463714599609375,8.231889724731445,-1.7129493951797485,3026,1070
2011_09_26_drive_0001_sync,0000000034,0,0.8399276733398438,31.375720977783203,8.424206733703613,-1.5927207469940186,True,65,0.7615078091621399,0.8490116596221924,0.09365801513195038,31.295696258544922,8.460380554199219,-1.560173511505127,3025,1071
2011_09_26_drive_0001_sync,0000000034,1,0.8500956892967224,16.36564826965332,8.98071002960205,-1.762239933013916,True,84,0.8216552734375,0.9332002401351929,0.07573983073234558,16.302762985229492,8.971685409545898,-1.8034772872924805,3025,1071
2011_09_26_drive_0001_sync,0000000034,2,0.9008262157440186,11.55466365814209,8.977810859680176,-1.8513762950897217,True,73,0.8990910649299622,0.9332501888275146,0.04117812216281891,11.526081085205078,9.006637573242188,-1.858282446861267,3025,1071
2011_09_26_drive_0001_sync,0000000034,3,0.8093528747558594,0.02884666621685028,9.051470756530762,-1.9151487350463867,True,61,0.7891051769256592,0.7495214343070984,0.19502922892570496,-0.056733667850494385,9.224271774291992,-1.9443414211273193,3025,1071
2011_09_26_drive_0001_sync,0000000034,4,0.8124865293502808,26.14527702331543,8.624226570129395,-1.7620413303375244,True,60,0.7887636423110962,0.8224086761474609,0.13397563993930817,26.19459342956543,8.59912109375,-1.640028715133667,3025,1071
2011_09_26_drive_0001_sync,0000000034,5,0.9067692756652832,6.680848598480225,9.049782752990723,-1.8611912727355957,True,92,0.9044662714004517,0.8879852294921875,0.07219009101390839,6.6918792724609375,9.11911678314209,-1.8779997825622559,3025,1071
2011_09_26_drive_0001_sync,0000000035,0,0.876209020614624,15.167250633239746,8.96015739440918,-1.8578741550445557,True,58,0.8682795763015747,0.9014955163002014,0.05880648270249367,15.12850570678711,8.925775527954102,-1.8857115507125854,3035,1061
2011_09_26_drive_0001_sync,0000000035,1,0.6050096750259399,-1.0137137174606323,9.10219669342041,-1.8886712789535522,True,52,0.17351864278316498,0.8790140151977539,0.10094432532787323,-1.1029858589172363,9.113299369812012,-1.9344639778137207,3035,1061
2011_09_26_drive_0001_sync,0000000035,2,0.7974801063537598,30.141576766967773,8.351699829101562,-1.5593581199645996,True,75,0.7825521230697632,0.8413565158843994,0.10061219334602356,30.099050521850586,8.434226036071777,-1.5981364250183105,3035,1061
2011_09_26_drive_0001_sync,0000000035,3,0.8488181829452515,24.928253173828125,8.707688331604004,-1.6206419467926025,True,82,0.8493514657020569,0.9121345281600952,0.040564220398664474,24.945171356201172,8.695780754089355,-1.655533790588379,3035,1061
2011_09_26_drive_0001_sync,0000000035,4,0.8974958062171936,10.35317325592041,9.028554916381836,-1.8635419607162476,True,50,0.899041473865509,0.9210081696510315,0.0406716912984848,10.326883316040039,9.012655258178711,-1.8368918895721436,3035,1061
2011_09_26_drive_0001_sync,0000000035,5,0.8952193260192871,5.498398303985596,9.103619575500488,-1.8694498538970947,True,67,0.8862196803092957,0.9566774368286133,0.019695298746228218,5.5114641189575195,9.109800338745117,-1.8560712337493896,3035,1061
2011_09_26_drive_0001_sync,0000000036,0,0.9097762107849121,4.316452503204346,9.048840522766113,-1.8818727731704712,True,70,0.9113476872444153,0.8761205673217773,0.060444001108407974,4.314602851867676,9.092819213867188,-1.923296570777893,3028,1068
2011_09_26_drive_0001_sync,0000000036,1,0.768688440322876,29.143381118774414,8.48201847076416,-1.6226965188980103,True,84,0.7322014570236206,0.8801784515380859,0.1371755450963974,29.011951446533203,8.466937065124512,-1.5864208936691284,3028,1068
2011_09_26_drive_0001_sync,0000000036,2,0.859057605266571,14.013650894165039,9.012331008911133,-1.7723983526229858,True,72,0.8817633390426636,0.8818387985229492,0.10921712219715118,13.931196212768555,8.988780975341797,-1.8400371074676514,3028,1068
2011_09_26_drive_0001_sync,0000000036,3,0.8619626760482788,23.780338287353516,8.736324310302734,-1.7050199508666992,True,76,0.8154345750808716,0.846504807472229,0.10728935152292252,23.758394241333008,8.753650665283203,-1.6014378070831299,3028,1068
2011_09_26_drive_0001_sync,0000000036,4,0.9002386331558228,9.183053970336914,9.071861267089844,-1.8329523801803589,True,23,0.9018207788467407,0.9181076288223267,0.053251732140779495,9.228557586669922,9.077412605285645,-1.8600512742996216,3028,1068
2011_09_26_drive_0001_sync,0000000037,0,0.9087076187133789,3.164259910583496,9.07949161529541,-1.9333486557006836,True,20,0.8917950987815857,0.900317370891571,0.0793379619717598,3.1559107303619385,9.073538780212402,-1.8546761274337769,3027,1069
2011_09_26_drive_0001_sync,0000000037,1,0.7949478030204773,27.77332305908203,8.569607734680176,-1.614743947982788,True,76,0.8272720575332642,0.873740553855896,0.07658647745847702,27.7416934967041,8.590770721435547,-1.6812058687210083,3027,1069
2011_09_26_drive_0001_sync,0000000037,2,0.9045982360839844,12.80115795135498,9.048049926757812,-1.8816254138946533,True,49,0.8986164331436157,0.922831654548645,0.06391897052526474,12.830060958862305,9.018157958984375,-1.8330793380737305,3027,1069
2011_09_26_drive_0001_sync,0000000037,3,0.8588482737541199,22.476463317871094,8.79444408416748,-1.6934728622436523,True,92,0.8157382607460022,0.8678459525108337,0.06213606521487236,22.530710220336914,8.766496658325195,-1.7051820755004883,3027,1069
2011_09_26_drive_0001_sync,0000000037,4,0.7669693827629089,47.34116744995117,8.204967498779297,-1.4102195501327515,True,80,0.7241008877754211,0.923431932926178,0.0722886472940445,47.27610397338867,8.226806640625,-1.4329229593276978,3027,1069
2011_09_26_drive_0001_sync,0000000037,5,0.906964898109436,8.043741226196289,9.041690826416016,-1.8895800113677979,True,62,0.9047248363494873,0.9448791146278381,0.026130186393857002,8.032659530639648,9.060538291931152,-1.8752707242965698,3027,1069
2011_09_26_drive_0001_sync,0000000038,0,0.8244218826293945,26.850725173950195,8.662936210632324,-1.6256816387176514,True,55,0.8210925459861755,0.8582233190536499,0.1419389396905899,26.72090721130371,8.621434211730957,-1.5860389471054077,3028,1068
2011_09_26_drive_0001_sync,0000000038,1,0.8782946467399597,21.51178741455078,8.81641674041748,-1.7103911638259888,True,68,0.8684313893318176,0.841495931148529,0.17843422293663025,21.337560653686523,8.80596923828125,-1.7474675178527832,3028,1068
2011_09_26_drive_0001_sync,0000000038,2,0.8955324292182922,2.0502798557281494,9.108277320861816,-1.922368049621582,True,65,0.9040724635124207,0.9395800828933716,0.019601723179221153,2.045670986175537,9.096508979797363,-1.937351107597351,3028,1068
2011_09_26_drive_0001_sync,0000000038,3,0.8904364109039307,11.639107704162598,9.076369285583496,-1.9162585735321045,True,74,0.8734405636787415,0.9146035313606262,0.05189165472984314,11.615523338317871,9.050773620605469,-1.9547473192214966,3028,1068
2011_09_26_drive_0001_sync,0000000038,4,0.6368713974952698,45.94643783569336,8.433761596679688,-1.3866841793060303,True,58,0.5845286250114441,0.9419701099395752,0.0414557047188282,45.909637451171875,8.433753967285156,-1.405771017074585,3028,1068
2011_09_26_drive_0001_sync,0000000038,5,0.907010555267334,6.9244489669799805,9.101061820983887,-1.9256911277770996,True,31,0.9020956158638,0.9277562499046326,0.04834261164069176,6.891507148742676,9.067245483398438,-1.9152843952178955,3028,1068
2011_09_26_drive_0001_sync,0000000039,0,0.8670065402984619,20.363924026489258,8.897318840026855,-1.762406826019287,True,88,0.8710135817527771,0.8756564855575562,0.1138586476445198,20.27739906311035,8.917123794555664,-1.8337159156799316,3094,1002
2011_09_26_drive_0001_sync,0000000039,1,0.8436340689659119,0.8881576061248779,9.055811882019043,-1.9020229578018188,True,96,0.8533439040184021,0.8384455442428589,0.15815839171409607,0.9822103381156921,9.106070518493652,-1.7852230072021484,3094,1002
2011_09_26_drive_0001_sync,0000000039,2,0.8587870001792908,25.3803653717041,8.715127944946289,-1.6943929195404053,True,50,0.842407763004303,0.8488797545433044,0.1630268096923828,25.531524658203125,8.654230117797852,-1.698872685432434,3094,1002
2011_09_26_drive_0001_sync,0000000039,3,0.9064297080039978,5.725467205047607,9.061971664428711,-1.9587278366088867,True,40,0.9004027843475342,0.9126378297805786,0.04010370001196861,5.739862442016602,9.096831321716309,-1.9723619222640991,3094,1002
2011_09_26_drive_0001_sync,0000000039,4,0.8889098763465881,10.436372756958008,9.067694664001465,-1.9715690612792969,True,58,0.8812150955200195,0.9289678931236267,0.060911357402801514,10.46020793914795,9.0886869430542,-1.9195940494537354,3094,1002
2011_09_26_drive_0001_sync,0000000040,0,0.9004875421524048,4.617408752441406,9.068188667297363,-1.9961432218551636,True,42,0.895878255367279,0.8860388398170471,0.07125388830900192,4.5748090744018555,9.125040054321289,-1.9906383752822876,3087,1009
2011_09_26_drive_0001_sync,0000000040,1,0.8538200855255127,24.244230270385742,8.77512264251709,-1.7063417434692383,True,82,0.8765215873718262,0.8710511326789856,0.09502114355564117,24.317838668823242,8.71638011932373,-1.6936872005462646,3087,1009
2011_09_26_drive_0001_sync,0000000040,2,0.90008544921875,9.29563045501709,9.083470344543457,-1.9443042278289795,True,19,0.8925097584724426,0.9391912817955017,0.05460560321807861,9.300329208374023,9.074529647827148,-1.9979676008224487,3087,1009
2011_09_26_drive_0001_sync,0000000040,3,0.8962387442588806,19.085634231567383,8.961525917053223,-1.7992725372314453,True,81,0.8802699446678162,0.8579729199409485,0.08104713261127472,19.062345504760742,8.913777351379395,-1.7380651235580444,3087,1009
2011_09_26_drive_0001_sync,0000000040,4,0.5680381059646606,43.63554000854492,8.331356048583984,-1.5381215810775757,True,98,0.48800212144851685,0.9083081483840942,0.051497653126716614,43.6290283203125,8.280718803405762,-1.5313780307769775,3087,1009
2011_09_26_drive_0001_sync,0000000040,5,0.6253875494003296,-0.40607383847236633,9.085668563842773,-2.004584789276123,True,64,0.5170918107032776,0.859076201915741,0.11308559775352478,-0.3714470863342285,9.164183616638184,-1.9309320449829102,3087,1009
2011_09_26_drive_0001_sync,0000000041,0,0.5460977554321289,42.67695236206055,8.906265258789062,-1.498508334159851,True,58,0.4482143819332123,0.6756712794303894,0.08392537385225296,42.644683837890625,8.840946197509766,-1.5401692390441895,3040,1056
2011_09_26_drive_0001_sync,0000000041,1,0.8891583681106567,3.4816291332244873,9.146812438964844,-1.9416929483413696,True,54,0.9042772054672241,0.8981183171272278,0.0621376596391201,3.534334659576416,9.13944149017334,-1.973769187927246,3040,1056
2011_09_26_drive_0001_sync,0000000041,2,0.8907479643821716,8.161042213439941,9.11630916595459,-2.0475192070007324,True,51,0.8850592374801636,0.8691209554672241,0.15734708309173584,8.184272766113281,9.144783020019531,-1.8945235013961792,3040,1056
2011_09_26_drive_0001_sync,0000000041,3,0.8634566068649292,23.117813110351562,8.811582565307617,-1.7177226543426514,True,15,0.8634870052337646,0.9016693234443665,0.07604160904884338,23.160112380981445,8.853033065795898,-1.7654191255569458,3040,1056
2011_09_26_drive_0001_sync,0000000041,4,0.5291761755943298,-1.29929518699646,9.089662551879883,-1.9260542392730713,True,50,0.49506446719169617,0.7940282225608826,0.11272519081830978,-1.2676599025726318,8.984375,-1.9011402130126953,3040,1056
2011_09_26_drive_0001_sync,0000000041,5,0.9022513628005981,17.913787841796875,8.936175346374512,-1.823465347290039,True,45,0.8918489217758179,0.8798776268959045,0.05918840318918228,17.88924217224121,8.968372344970703,-1.7802897691726685,3040,1056
2011_09_26_drive_0001_sync,0000000042,0,0.8877796530723572,22.094728469848633,8.886992454528809,-1.731921672821045,True,72,0.9034990072250366,0.9205927848815918,0.06218365579843521,22.13751220703125,8.881155014038086,-1.6871747970581055,3090,1006
2011_09_26_drive_0001_sync,0000000042,1,0.9021898508071899,7.075962066650391,9.121788024902344,-2.009244680404663,True,15,0.86893230676651,0.9297127723693848,0.038335639983415604,7.051886558532715,9.109295845031738,-1.9821534156799316,3090,1006
2011_09_26_drive_0001_sync,0000000042,2,0.8964487314224243,2.337759256362915,9.16987419128418,-1.970260500907898,True,91,0.90508633852005,0.8858585953712463,0.07237108796834946,2.3162059783935547,9.100790977478027,-1.9709956645965576,3090,1006
2011_09_26_drive_0001_sync,0000000042,3,0.9036280512809753,16.748510360717773,8.949454307556152,-1.835716962814331,True,25,0.8947112560272217,0.9037542939186096,0.05908117815852165,16.69141387939453,8.944198608398438,-1.8214707374572754,3090,1006
2011_09_26_drive_0001_sync,0000000043,0,0.8819504976272583,5.844696521759033,9.123696327209473,-2.024221181869507,True,61,0.8782249689102173,0.9154310822486877,0.05187460780143738,5.879460334777832,9.12026596069336,-1.98587167263031,3089,1007
2011_09_26_drive_0001_sync,0000000043,1,0.8721076250076294,1.293623924255371,9.085822105407715,-2.0071396827697754,True,58,0.8786961436271667,0.9329242706298828,0.050282031297683716,1.2527248859405518,9.105579376220703,-1.9855711460113525,3089,1007
2011_09_26_drive_0001_sync,0000000043,2,0.9060468077659607,15.625703811645508,9.020005226135254,-1.8213388919830322,True,37,0.9089905023574829,0.9103004336357117,0.10321229696273804,15.532222747802734,9.009053230285645,-1.8636959791183472,3089,1007
2011_09_26_drive_0001_sync,0000000043,3,0.8762698769569397,20.77707290649414,8.958634376525879,-1.6978116035461426,True,22,0.8634478449821472,0.8908681869506836,0.07922139018774033,20.71194076538086,8.913674354553223,-1.6942861080169678,3089,1007
2011_09_26_drive_0001_sync,0000000043,4,0.6389278173446655,40.30331039428711,8.803377151489258,-1.534005880355835,True,35,0.5476349592208862,0.8005207777023315,0.17934513092041016,40.15757369995117,8.852164268493652,-1.4415650367736816,3089,1007
2011_09_26_drive_0001_sync,0000000044,0,0.8697770237922668,19.61631965637207,8.939647674560547,-1.7332149744033813,True,98,0.8853736519813538,0.9112823605537415,0.019534235820174217,19.620328903198242,8.957637786865234,-1.7267444133758545,3156,940
2011_09_26_drive_0001_sync,0000000044,1,0.5958212614059448,39.114803314208984,8.997735023498535,-1.633273959159851,True,72,0.6476239562034607,0.8099905848503113,0.1262209564447403,39.06122589111328,8.91224479675293,-1.557428002357483,3156,940
2011_09_26_drive_0001_sync,0000000044,2,0.9003068208694458,4.812468528747559,9.15758991241455,-2.042233467102051,True,41,0.8965920209884644,0.9278913736343384,0.0673566609621048,4.750609397888184,9.133232116699219,-2.0314137935638428,3156,940
2011_09_26_drive_0001_sync,0000000044,3,0.7663215398788452,-0.21047115325927734,9.069512367248535,-2.051083564758301,True,31,0.5919750332832336,0.7982662320137024,0.17250844836235046,-0.08075539767742157,9.182286262512207,-2.03641939163208,3156,940
2011_09_26_drive_0001_sync,0000000044,4,0.8944202065467834,14.429021835327148,9.042881965637207,-1.8208699226379395,True,46,0.8747634291648865,0.8534625768661499,0.1081678718328476,14.330141067504883,9.084259986877441,-1.835386872291565,3156,940
2011_09_26_drive_0001_sync,0000000045,0,0.7622801065444946,38.00645446777344,8.924736976623535,-1.4885754585266113,True,52,0.6404223442077637,0.5731255412101746,0.25038254261016846,38.18141555786133,8.75494384765625,-1.5455870628356934,3200,896
2011_09_26_drive_0001_sync,0000000045,1,0.705011785030365,-1.1679203510284424,9.100194931030273,-2.084420680999756,True,20,0.624128520488739,0.7971340417861938,0.20787030458450317,-1.37034273147583,9.075643539428711,-2.0440168380737305,3200,896
2011_09_26_drive_0001_sync,0000000045,2,0.8717603087425232,18.435258865356445,9.030985832214355,-1.7545297145843506,True,35,0.8783589601516724,0.8865328431129456,0.042032476514577866,18.43254852294922,9.069785118103027,-1.7704670429229736,3200,896
2011_09_26_drive_0001_sync,0000000045,3,0.8985481858253479,13.26819133758545,9.07892894744873,-1.8452787399291992,True,83,0.9004302620887756,0.9056786298751831,0.0582311786711216,13.23180866241455,9.1243896484375,-1.8459830284118652,3200,896
2011_09_26_drive_0001_sync,0000000045,4,0.8964447379112244,3.6592025756835938,9.230635643005371,-2.0848305225372314,True,44,0.8938592672348022,0.954830527305603,0.019923405721783638,3.6458334922790527,9.22194766998291,-2.0967774391174316,3200,896
2011_09_26_drive_0001_sync,0000000046,0,0.8257735967636108,37.09547805786133,8.945463180541992,-1.4561454057693481,True,63,0.8565835356712341,0.9499021172523499,0.034092627465724945,37.06391143798828,8.947909355163574,-1.4687894582748413,3197,899
2011_09_26_drive_0001_sync,0000000046,1,0.9004623293876648,17.266279220581055,9.03179931640625,-1.7811167240142822,True,90,0.8843076825141907,0.9132339358329773,0.08087258040904999,17.199050903320312,9.076729774475098,-1.7825247049331665,3197,899
2011_09_26_drive_0001_sync,0000000046,2,0.8864955902099609,2.5156452655792236,9.218480110168457,-2.057131767272949,True,45,0.8994851112365723,0.9089757800102234,0.07262326031923294,2.5782885551452637,9.191239356994629,-2.081787347793579,3197,899
2011_09_26_drive_0001_sync,0000000046,3,0.9012420773506165,12.118046760559082,9.126595497131348,-1.8883424997329712,True,29,0.9000202417373657,0.9174850583076477,0.014881688170135021,12.128206253051758,9.124166488647461,-1.898941993713379,3197,899
2011_09_26_drive_0001_sync,0000000047,0,0.9008200168609619,16.14048957824707,9.089401245117188,-1.7688639163970947,True,45,0.9056031107902527,0.9387578964233398,0.08363419771194458,16.22312355041504,9.10154914855957,-1.7731921672821045,3190,906
2011_09_26_drive_0001_sync,0000000047,1,0.8666406273841858,35.84867858886719,9.107324600219727,-1.5166562795639038,True,93,0.8432047963142395,0.9230379462242126,0.060630474239587784,35.80393600463867,9.067798614501953,-1.52723228931427,3190,906
2011_09_26_drive_0001_sync,0000000047,2,0.872397780418396,1.647858738899231,9.22797966003418,-2.017354965209961,True,88,0.8670809268951416,0.9149117469787598,0.10675076395273209,1.544459581375122,9.236361503601074,-1.9921739101409912,3190,906
2011_09_26_drive_0001_sync,0000000047,3,0.9175514578819275,11.022866249084473,9.132827758789062,-1.8643425703048706,True,97,0.9104527235031128,0.9179436564445496,0.029532823711633682,11.005928993225098,9.151881217956543,-1.8792517185211182,3190,906
2011_09_26_drive_0001_sync,0000000048,0,0.9038461446762085,9.860392570495605,9.128908157348633,-1.8597192764282227,True,80,0.9110798239707947,0.9334696531295776,0.039440352469682693,9.892609596252441,9.12539005279541,-1.8821965456008911,3154,942
2011_09_26_drive_0001_sync,0000000048,1,0.8243013024330139,0.3909861743450165,9.233595848083496,-2.0033082962036133,True,19,0.8360691666603088,0.9001334309577942,0.07136575132608414,0.34666845202445984,9.178048133850098,-1.996715784072876,3154,942
2011_09_26_drive_0001_sync,0000000048,2,0.8965522050857544,14.992137908935547,9.113641738891602,-1.779547929763794,True,92,0.8990252017974854,0.9056889414787292,0.03251580893993378,15.010008811950684,9.097975730895996,-1.7573559284210205,3154,942
2011_09_26_drive_0001_sync,0000000048,3,0.8447450995445251,34.8882942199707,9.245733261108398,-1.578119158744812,True,76,0.8733192682266235,0.8912087678909302,0.07759498804807663,34.94197082519531,9.193933486938477,-1.5567512512207031,3154,942
2011_09_26_drive_0001_sync,0000000049,0,0.6280216574668884,33.374629974365234,9.209213256835938,-1.5382542610168457,True,23,0.3348276913166046,0.8931727409362793,0.08198461681604385,33.32146072387695,9.269638061523438,-1.553853988647461,3088,1008
2011_09_26_drive_0001_sync,0000000049,1,0.9036896824836731,13.91970443725586,9.201353073120117,-1.7802692651748657,True,18,0.8931560516357422,0.9120182394981384,0.028044745326042175,13.922246932983398,9.173794746398926,-1.7757325172424316,3088,1008
2011_09_26_drive_0001_sync,0000000049,2,0.7641041874885559,-0.6733934283256531,9.288000106811523,-1.944884181022644,True,34,0.7769700884819031,0.8529282212257385,0.1151166707277298,-0.7055461406707764,9.177501678466797,-1.942029595375061,3088,1008
2011_09_26_drive_0001_sync,0000000049,3,0.9054749608039856,8.752083778381348,9.157526969909668,-1.8303583860397339,True,66,0.9130696058273315,0.9215013384819031,0.062371592968702316,8.803816795349121,9.1914701461792,-1.838217854499817,3088,1008
2011_09_26_drive_0001_sync,0000000050,0,0.9142599105834961,7.6400580406188965,9.192606925964355,-1.9262933731079102,True,66,0.9145939350128174,0.9183661937713623,0.031637340784072876,7.621347427368164,9.214616775512695,-1.9133937358856201,3069,1027
2011_09_26_drive_0001_sync,0000000050,1,0.80426424741745,32.30841827392578,9.326199531555176,-1.584475040435791,True,29,0.8515891432762146,0.9107577204704285,0.043959133327007294,32.345252990722656,9.317238807678223,-1.6067306995391846,3069,1027
2011_09_26_drive_0001_sync,0000000050,2,0.905149519443512,12.853129386901855,9.1656494140625,-1.8231573104858398,True,61,0.8924137353897095,0.9326652884483337,0.061977680772542953,12.796408653259277,9.186450004577637,-1.836989402770996,3069,1027
2011_09_26_drive_0001_sync,0000000050,3,0.35787683725357056,-1.0372426509857178,9.834736824035645,-1.8665289878845215,True,26,0.4780218303203583,0.8136630654335022,0.18830515444278717,-1.2105928659439087,9.761236190795898,-1.8690177202224731,3069,1027
2011_09_26_drive_0001_sync,0000000051,0,0.8964568972587585,11.738131523132324,9.230141639709473,-1.855211853981018,True,97,0.9002730846405029,0.9830807447433472,0.012975883670151234,11.728440284729004,9.228534698486328,-1.8636895418167114,3184,912
2011_09_26_drive_0001_sync,0000000051,1,0.9090075492858887,6.586572647094727,9.217517852783203,-1.9239630699157715,True,90,0.8945795893669128,0.8804084062576294,0.09167500585317612,6.518819808959961,9.160001754760742,-1.9014739990234375,3184,912
2011_09_26_drive_0001_sync,0000000051,2,0.8287360668182373,31.372112274169922,9.338032722473145,-1.8293718099594116,True,87,0.8384734988212585,0.87601238489151,0.06917180866003036,31.361417770385742,9.348644256591797,-1.7618606090545654,3184,912
2011_09_26_drive_0001_sync,0000000052,0,0.914984405040741,5.5143723487854,9.157026290893555,-1.9216339588165283,True,47,0.9088518619537354,0.8968108892440796,0.07575230300426483,5.566387176513672,9.189716339111328,-1.8773143291473389,3167,929
2011_09_26_drive_0001_sync,0000000052,1,0.8464169502258301,30.21225357055664,9.322344779968262,-1.6763739585876465,True,22,0.8512928485870361,0.9270607233047485,0.036386020481586456,30.17708396911621,9.313023567199707,-1.6759780645370483,3167,929
2011_09_26_drive_0001_sync,0000000052,2,0.9071730375289917,10.65883731842041,9.240006446838379,-1.9135407209396362,True,26,0.9009473323822021,0.8730204701423645,0.10007388889789581,10.5841646194458,9.238768577575684,-1.8469281196594238,3167,929
2011_09_26_drive_0001_sync,0000000053,0,0.903807520866394,4.488681316375732,9.233823776245117,-1.884312391281128,True,70,0.9040303826332092,0.8770585656166077,0.07451855391263962,4.486673831939697,9.167431831359863,-1.9180924892425537,3173,923
2011_09_26_drive_0001_sync,0000000053,1,0.910976231098175,9.541885375976562,9.211845397949219,-1.8617496490478516,True,53,0.8939477205276489,0.9001379013061523,0.059821292757987976,9.53889274597168,9.242965698242188,-1.8107481002807617,3173,923
2011_09_26_drive_0001_sync,0000000053,2,0.8613358736038208,29.300983428955078,9.385068893432617,-1.7013604640960693,True,18,0.847052276134491,0.9178653955459595,0.04005234315991402,29.26776123046875,9.36269760131836,-1.701393961906433,3173,923
2011_09_26_drive_0001_sync,0000000054,0,0.9111545085906982,3.430689811706543,9.19635009765625,-1.9473750591278076,True,80,0.8864681124687195,0.8936567902565002,0.07220686972141266,3.3794829845428467,9.182185173034668,-1.8984767198562622,3057,1039
2011_09_26_drive_0001_sync,0000000054,1,0.9109610915184021,8.49651050567627,9.15225601196289,-1.8291016817092896,True,83,0.8945411443710327,0.8925405144691467,0.07400328665971756,8.537285804748535,9.208380699157715,-1.8033357858657837,3057,1039
2011_09_26_drive_0001_sync,0000000054,2,0.8356567025184631,28.506961822509766,9.417540550231934,-1.6524628400802612,True,57,0.822506308555603,0.8667922616004944,0.07885590940713882,28.4826602935791,9.47880744934082,-1.6957532167434692,3057,1039
2011_09_26_drive_0001_sync,0000000055,0,0.8564607501029968,27.233579635620117,9.424944877624512,-1.6386151313781738,True,83,0.8573272824287415,0.8971662521362305,0.025722559541463852,27.222505569458008,9.411130905151367,-1.61995530128479,3082,1014
2011_09_26_drive_0001_sync,0000000055,1,0.8887864351272583,2.388291358947754,9.179069519042969,-1.9087378978729248,True,30,0.9004197120666504,0.907920241355896,0.03906482458114624,2.4254231452941895,9.187987327575684,-1.9169697761535645,3082,1014
2011_09_26_drive_0001_sync,0000000055,2,0.9080626368522644,7.4940314292907715,9.218331336975098,-1.8796327114105225,True,43,0.9163352251052856,0.9288846254348755,0.03748023137450218,7.514374256134033,9.194497108459473,-1.8590689897537231,3082,1014
2011_09_26_drive_0001_sync,0000000056,0,0.3706871271133423,45.47428512573242,-11.954107284545898,-1.0315358638763428,True,41,0.03917348012328148,0.7509740591049194,0.1921963095664978,45.346126556396484,-12.095328330993652,-1.007631540298462,3091,1005
2011_09_26_drive_0001_sync,0000000056,1,0.9113080501556396,6.459867000579834,9.200512886047363,-1.9275450706481934,True,63,0.9117451906204224,0.9194349646568298,0.05292907729744911,6.483489036560059,9.228829383850098,-1.8895758390426636,3091,1005
2011_09_26_drive_0001_sync,0000000056,2,0.8897775411605835,26.153764724731445,9.459900856018066,-1.6470271348953247,True,83,0.883823812007904,0.9430422186851501,0.03581943362951279,26.135732650756836,9.431389808654785,-1.6349856853485107,3091,1005
2011_09_26_drive_0001_sync,0000000056,3,0.8785464763641357,1.5575299263000488,9.107563018798828,-1.9141809940338135,True,86,0.8512125015258789,0.8178653717041016,0.11002546548843384,1.5684971809387207,9.214144706726074,-1.9391943216323853,3091,1005
2011_09_26_drive_0001_sync,0000000057,0,0.8411973118782043,0.4119855761528015,9.1767578125,-1.9363949298858643,True,50,0.7907449007034302,0.8737126588821411,0.07977594435214996,0.3448998034000397,9.185478210449219,-1.8941142559051514,3059,1037
2011_09_26_drive_0001_sync,0000000057,1,0.9177190065383911,5.394093036651611,9.226278305053711,-1.8966922760009766,True,83,0.9094603657722473,0.8906744122505188,0.07127106189727783,5.455857276916504,9.220067977905273,-1.861675500869751,3059,1037
2011_09_26_drive_0001_sync,0000000057,2,0.8765889406204224,25.074960708618164,9.502306938171387,-1.7142302989959717,True,36,0.8649305701255798,0.9140624403953552,0.06569670885801315,25.120235443115234,9.51859188079834,-1.7589634656906128,3059,1037
2011_09_26_drive_0001_sync,0000000058,0,0.697681725025177,-0.6757441163063049,9.191102027893066,-1.9752960205078125,True,71,0.6223617792129517,0.8153612017631531,0.13637438416481018,-0.6573850512504578,9.3193998336792,-1.932862639427185,3156,940
2011_09_26_drive_0001_sync,0000000058,1,0.9021124243736267,4.442362308502197,9.217598915100098,-1.8828580379486084,True,65,0.9103997349739075,0.9185810089111328,0.046065449714660645,4.4177751541137695,9.183231353759766,-1.901198387145996,3156,940
2011_09_26_drive_0001_sync,0000000058,2,0.8718886375427246,23.97138023376465,9.510247230529785,-1.7668628692626953,True,98,0.8806478977203369,0.8936386704444885,0.05626010149717331,24.018421173095703,9.498002052307129,-1.7385361194610596,3156,940
2011_09_26_drive_0001_sync,0000000059,0,0.3671036660671234,-1.5292177200317383,9.082571983337402,-1.9794634580612183,True,82,0.373226523399353,0.7253214120864868,0.21035869419574738,-1.4700472354888916,9.278031349182129,-1.9290127754211426,3126,970
2011_09_26_drive_0001_sync,0000000059,1,0.8677517175674438,23.14080810546875,9.523805618286133,-1.714964509010315,True,74,0.8528875708580017,0.9162369966506958,0.031775087118148804,23.14642906188965,9.492532730102539,-1.715224266052246,3126,970
2011_09_26_drive_0001_sync,0000000059,2,0.9173738956451416,3.4496865272521973,9.195798873901367,-1.9387887716293335,True,83,0.9089785814285278,0.9316901564598083,0.05238747224211693,3.456798553466797,9.18779468536377,-1.8875072002410889,3126,970
2011_09_26_drive_0001_sync,0000000060,0,0.8930270671844482,21.7906494140625,9.516304016113281,-1.7308536767959595,True,94,0.8865798711776733,0.9137423038482666,0.058219198137521744,21.837188720703125,9.496017456054688,-1.7023576498031616,3106,990
2011_09_26_drive_0001_sync,0000000060,1,0.9012059569358826,2.4574239253997803,9.23166561126709,-1.9194622039794922,True,69,0.8959765434265137,0.9272305369377136,0.046094149351119995,2.4565162658691406,9.194886207580566,-1.9472312927246094,3106,990
2011_09_26_drive_0001_sync,0000000061,0,0.8666449785232544,1.5717966556549072,9.245345115661621,-1.9403491020202637,True,55,0.866672933101654,0.9105682969093323,0.026795733720064163,1.5930265188217163,9.249112129211426,-1.924439549446106,3133,963
2011_09_26_drive_0001_sync,0000000061,1,0.899491012096405,21.109220504760742,9.474910736083984,-1.72029709815979,True,59,0.8958570957183838,0.8740564584732056,0.11593305319547653,21.019393920898438,9.484585762023926,-1.6476469039916992,3133,963
2011_09_26_drive_0001_sync,0000000062,0,0.8900249600410461,20.10314178466797,9.504715919494629,-1.685877799987793,True,60,0.8850950598716736,0.924453616142273,0.05584586039185524,20.1125545501709,9.486760139465332,-1.7379138469696045,3129,967
2011_09_26_drive_0001_sync,0000000062,1,0.8588225245475769,0.5912390947341919,9.233421325683594,-1.9164832830429077,True,61,0.8527691960334778,0.8876112699508667,0.052584875375032425,0.6121439337730408,9.206350326538086,-1.9564247131347656,3129,967
2011_09_26_drive_0001_sync,0000000063,0,0.6585201025009155,-0.33805108070373535,9.283219337463379,-1.9306899309158325,True,24,0.6017329096794128,0.8058054447174072,0.14725275337696075,-0.300121009349823,9.424444198608398,-1.948016881942749,3148,948
2011_09_26_drive_0001_sync,0000000063,1,0.8914538025856018,18.96952247619629,9.499381065368652,-1.736719012260437,True,88,0.896219789981842,0.9039003849029541,0.04323245957493782,19.00750160217285,9.478923797607422,-1.7395706176757812,3148,948
2011_09_26_drive_0001_sync,0000000064,0,0.6630853414535522,-1.0166414976119995,9.092794418334961,-1.9375133514404297,True,64,0.7065595388412476,0.7792722582817078,0.0992254838347435,-1.0295933485031128,9.173810005187988,-1.993320345878601,3163,933
2011_09_26_drive_0001_sync,0000000064,1,0.9076899290084839,18.054414749145508,9.538315773010254,-1.7582948207855225,True,79,0.8926506638526917,0.8797311782836914,0.10888445377349854,17.958707809448242,9.49503231048584,-1.7869749069213867,3163,933
2011_09_26_drive_0001_sync,0000000065,0,0.8925394415855408,17.232181549072266,9.549300193786621,-1.7808302640914917,True,44,0.889024555683136,0.9368894100189209,0.036852121353149414,17.223920822143555,9.513668060302734,-1.776336908340454,3169,927
2011_09_26_drive_0001_sync,0000000066,0,0.8780264258384705,16.11742401123047,9.492987632751465,-1.7867742776870728,True,33,0.8994336128234863,0.9145582318305969,0.09948121011257172,16.2109432220459,9.511651992797852,-1.8150993585586548,3132,964
2011_09_26_drive_0001_sync,0000000067,0,0.9025452136993408,15.43411922454834,9.49966812133789,-1.8034851551055908,True,89,0.8820005059242249,0.9371093511581421,0.030231231823563576,15.423175811767578,9.526999473571777,-1.8103529214859009,3128,968
2011_09_26_drive_0001_sync,0000000068,0,0.9017735719680786,14.403996467590332,9.491911888122559,-1.8444523811340332,True,88,0.9037511944770813,0.9354888796806335,0.05535891652107239,14.456802368164062,9.483036041259766,-1.8585010766983032,3083,1013
2011_09_26_drive_0001_sync,0000000069,0,0.904056191444397,13.469292640686035,9.46820068359375,-1.8695122003555298,True,98,0.8964982032775879,0.9313333630561829,0.05696752294898033,13.522720336914062,9.486448287963867,-1.86190927028656,3089,1007
2011_09_26_drive_0001_sync,0000000069,1,0.4998031556606293,22.123620986938477,28.511550903320312,-0.5539484024047852,True,5,0.1884496957063675,0.7582365870475769,0.1780364066362381,22.219989776611328,28.571706771850586,-0.41686707735061646,3089,1007
2011_09_26_drive_0001_sync,0000000070,0,0.893022358417511,12.545572280883789,9.471221923828125,-1.877045750617981,True,36,0.9066194295883179,0.9104784727096558,0.07868939638137817,12.610315322875977,9.504016876220703,-1.8466343879699707,3189,907
2011_09_26_drive_0001_sync,0000000071,0,0.903901219367981,11.73798656463623,9.449507713317871,-1.823304533958435,True,11,0.9053775072097778,0.9279316067695618,0.05025918036699295,11.781513214111328,9.434350967407227,-1.8433467149734497,3091,1005
2011_09_26_drive_0001_sync,0000000072,0,0.8818773627281189,10.920430183410645,9.478275299072266,-1.8073835372924805,True,73,0.8804412484169006,0.9122427701950073,0.06965383887290955,10.86257266998291,9.445537567138672,-1.8281779289245605,3119,977
2011_09_26_drive_0001_sync,0000000073,0,0.9007914662361145,9.879875183105469,9.405194282531738,-1.8066728115081787,True,44,0.8813705444335938,0.8910197615623474,0.06754615902900696,9.873762130737305,9.470246315002441,-1.8238002061843872,3076,1020
2011_09_26_drive_0001_sync,0000000074,0,0.9006938934326172,9.061392784118652,9.472966194152832,-1.7700303792953491,True,96,0.902394711971283,0.8201979994773865,0.09953075647354126,9.041275978088379,9.393370628356934,-1.8262996673583984,3181,915
2011_09_26_drive_0001_sync,0000000075,0,0.8700760006904602,8.268497467041016,9.420619010925293,-1.7822391986846924,True,89,0.8878623843193054,0.8664519190788269,0.1777734011411667,8.092531204223633,9.404088020324707,-1.763108491897583,3211,885
2011_09_26_drive_0001_sync,0000000076,0,0.9058364629745483,7.32354736328125,9.435288429260254,-1.7717560529708862,True,95,0.907241702079773,0.9567227959632874,0.029168833047151566,7.351843357086182,9.433552742004395,-1.7648898363113403,3256,840
2011_09_26_drive_0001_sync,0000000077,0,0.8987618088722229,6.546729564666748,9.425271987915039,-1.7806124687194824,True,97,0.8973192572593689,0.9014652371406555,0.07968181371688843,6.61561918258667,9.464805603027344,-1.7742481231689453,3108,988
2011_09_26_drive_0001_sync,0000000078,0,0.8941082954406738,5.715087413787842,9.370924949645996,-1.7497260570526123,True,74,0.906505286693573,0.9406177401542664,0.039553649723529816,5.683884143829346,9.369345664978027,-1.773982048034668,3023,1073
2011_09_26_drive_0001_sync,0000000079,0,0.8994852304458618,4.808257579803467,9.36402702331543,-1.7900054454803467,True,87,0.8829838633537292,0.9256910085678101,0.14242947101593018,4.950003623962402,9.376527786254883,-1.7838456630706787,3143,953
2011_09_26_drive_0001_sync,0000000080,0,0.8940393924713135,4.111004829406738,9.388514518737793,-1.8384732007980347,True,97,0.8863301873207092,0.9544823169708252,0.03200041130185127,4.126176357269287,9.391456604003906,-1.810451865196228,3232,864
2011_09_26_drive_0001_sync,0000000081,0,0.8920150995254517,3.242110252380371,9.368185997009277,-1.8135756254196167,True,65,0.8886219263076782,0.9326552748680115,0.054730262607336044,3.2704834938049316,9.414667129516602,-1.8190405368804932,3210,886
2011_09_26_drive_0001_sync,0000000082,0,0.8878170847892761,2.483327627182007,9.41571044921875,-1.8454079627990723,True,82,0.8847206234931946,0.9575778841972351,0.028539201244711876,2.5016255378723145,9.427253723144531,-1.8640204668045044,3238,858
2011_09_26_drive_0001_sync,0000000083,0,0.8735731244087219,1.8137974739074707,9.380890846252441,-1.8468589782714844,True,93,0.8531830906867981,0.8836565613746643,0.04897407069802284,1.771194338798523,9.362006187438965,-1.831799030303955,3154,942
2011_09_26_drive_0001_sync,0000000084,0,0.8223465085029602,0.9723833799362183,9.354769706726074,-1.8948371410369873,True,91,0.8202080130577087,0.9192571043968201,0.08699531108140945,1.0531527996063232,9.384306907653809,-1.881720781326294,3206,890
2011_09_26_drive_0001_sync,0000000085,0,0.8063274025917053,0.3011792302131653,9.380735397338867,-1.8945648670196533,True,47,0.778562605381012,0.9486024975776672,0.03213930502533913,0.311443030834198,9.358781814575195,-1.9156748056411743,3233,863
2011_09_26_drive_0001_sync,0000000086,0,0.7679184675216675,-0.3042960464954376,9.46016788482666,-1.8261386156082153,True,21,0.6514883041381836,0.8521251678466797,0.1854299157857895,-0.48423442244529724,9.422327041625977,-1.8501074314117432,3312,784
2011_09_26_drive_0001_sync,0000000087,0,0.5986217260360718,-0.9462572932243347,9.333369255065918,-1.8554327487945557,True,16,0.5617324709892273,0.8184345364570618,0.2500289976596832,-0.6998251676559448,9.34902572631836,-1.8946831226348877,3272,824
2011_09_26_drive_0001_sync,0000000088,0,0.6334334015846252,-0.6899517774581909,10.33568286895752,-1.9668240547180176,True,71,0.5515494346618652,0.6365892291069031,0.3049159646034241,-0.8805667161941528,10.10855770111084,-1.8957335948944092,3247,849
2011_09_26_drive_0001_sync,0000000090,0,0.5305270552635193,42.799522399902344,19.715341567993164,-1.5389587879180908,True,24,0.5507118701934814,0.9245854616165161,0.02982592023909092,42.789878845214844,19.69385528564453,-1.5572597980499268,3343,753
2011_09_26_drive_0001_sync,0000000092,0,0.34968963265419006,24.889665603637695,18.369386672973633,-1.5187232494354248,True,45,0.283716082572937,0.6709252595901489,0.2088870257139206,24.92103385925293,18.259857177734375,-1.3436429500579834,3266,830
2011_09_26_drive_0001_sync,0000000094,0,0.5170676112174988,38.797576904296875,20.9543514251709,-1.66777765750885,True,52,0.44432079792022705,0.6292933225631714,0.6585818529129028,38.63379669189453,21.592205047607422,-1.6607887744903564,3273,823
2011_09_26_drive_0001_sync,0000000095,0,0.7396226525306702,22.758432388305664,18.724679946899414,-1.6628942489624023,True,50,0.7725359797477722,0.8558363914489746,0.0849713459610939,22.74604606628418,18.64112663269043,-1.6536448001861572,3338,758
2011_09_26_drive_0001_sync,0000000096,0,0.4014555513858795,21.995718002319336,18.10512924194336,-1.668652892112732,True,53,0.7254759073257446,0.8760350346565247,0.0894457995891571,22.072975158691406,18.145702362060547,-1.6882922649383545,3395,701
2011_09_26_drive_0001_sync,0000000096,1,0.34738659858703613,30.23908805847168,-10.963373184204102,-0.924634575843811,True,55,0.04968538507819176,0.6203228831291199,0.3245997428894043,30.477445602416992,-11.183043479919434,-0.9074404239654541,3395,701
2011_09_26_drive_0001_sync,0000000097,0,0.3469507396221161,55.88396072387695,2.7690489292144775,-0.5433515310287476,True,9,0.09421246498823166,0.733016848564148,0.2725571393966675,56.13018798828125,2.8652238845825195,-0.6097586154937744,3341,755
2011_09_26_drive_0001_sync,0000000097,1,0.37250128388404846,37.06025314331055,21.259563446044922,-1.6531703472137451,True,79,0.5234209299087524,0.7936292886734009,0.15500710904598236,36.91721725463867,21.203332901000977,-1.633019208908081,3341,755
2011_09_26_drive_0001_sync,0000000097,2,0.6149263978004456,21.610340118408203,19.57908821105957,-1.578294038772583,True,73,0.6709340810775757,0.7365931868553162,0.09398607909679413,21.566368103027344,19.65376853942871,-1.6146628856658936,3341,755
2011_09_26_drive_0001_sync,0000000098,0,0.3571062684059143,30.307586669921875,19.07965850830078,-1.4321926832199097,False,,,0.0,,,,,3322,774
2011_09_26_drive_0001_sync,0000000098,1,0.6121445298194885,20.748611450195312,18.552949905395508,-1.6762484312057495,True,93,0.5226101875305176,0.8717892169952393,0.09856876730918884,20.77263069152832,18.59942626953125,-1.5927090644836426,3322,774
2011_09_26_drive_0001_sync,0000000100,0,0.43519553542137146,35.071102142333984,21.420307159423828,-1.6250925064086914,True,38,0.398899644613266,0.8936856389045715,0.099033422768116,35.07645797729492,21.512712478637695,-1.5898761749267578,3364,732
2011_09_26_drive_0001_sync,0000000101,0,0.4563993811607361,34.36448287963867,21.288677215576172,-1.7965281009674072,True,26,0.3146415948867798,0.8682852983474731,0.07425431907176971,34.43790817260742,21.287464141845703,-1.8075262308120728,3393,703
2011_09_26_drive_0001_sync,0000000101,1,0.6232807040214539,18.948333740234375,18.553085327148438,-1.5525838136672974,True,61,0.6466864943504333,0.755937933921814,0.15957553684711456,19.058544158935547,18.455583572387695,-1.490847110748291,3393,703
2011_09_26_drive_0001_sync,0000000101,2,0.37869760394096375,37.789794921875,21.210660934448242,-1.8419491052627563,True,86,0.10682721436023712,0.8259289860725403,0.13111314177513123,37.90760040283203,21.2668514251709,-1.8294930458068848,3393,703
2011_09_26_drive_0001_sync,0000000102,0,0.38178113102912903,33.842464447021484,21.549283981323242,-1.7491538524627686,True,47,0.3353625237941742,0.86396324634552,0.07925482839345932,33.892879486083984,21.491979598999023,-1.7278029918670654,3381,715
2011_09_26_drive_0001_sync,0000000102,1,0.8275871872901917,18.577009201049805,19.1362361907959,-1.7967933416366577,True,62,0.812910258769989,0.8743447661399841,0.1794719398021698,18.59613037109375,18.95853614807129,-1.8131412267684937,3381,715
2011_09_26_drive_0001_sync,0000000102,2,0.41297176480293274,28.033327102661133,19.268129348754883,-1.460235357284546,True,80,0.1649676114320755,0.7268995642662048,0.2156231701374054,27.868183135986328,19.399330139160156,-1.4154338836669922,3381,715
2011_09_26_drive_0001_sync,0000000103,0,0.5690292716026306,33.216033935546875,21.206594467163086,-1.6712689399719238,True,82,0.6290162801742554,0.8732098937034607,0.09084586054086685,33.188682556152344,21.12192153930664,-1.6895819902420044,3342,754
2011_09_26_drive_0001_sync,0000000103,1,0.7838708758354187,17.82614517211914,18.414457321166992,-1.8612619638442993,True,28,0.8085812330245972,0.8137105107307434,0.13840380311012268,17.926862716674805,18.341196060180664,-1.8008933067321777,3342,754
2011_09_26_drive_0001_sync,0000000103,2,0.45137542486190796,18.01988983154297,23.097476959228516,-1.7714143991470337,True,85,0.4068306088447571,0.5902168154716492,0.31852447986602783,18.195405960083008,23.114078521728516,-2.0366997718811035,3342,754
2011_09_26_drive_0001_sync,0000000104,0,0.6224254369735718,17.30156898498535,18.217529296875,-1.8353526592254639,True,62,0.6004070043563843,0.9012612700462341,0.020210132002830505,17.3072452545166,18.233566284179688,-1.8462634086608887,3211,885
2011_09_26_drive_0001_sync,0000000104,1,0.529475748538971,32.69759750366211,21.429584503173828,-1.8491090536117554,True,35,0.5248756408691406,0.8948439359664917,0.07694423198699951,32.71759796142578,21.358356475830078,-1.8702505826950073,3211,885
2011_09_26_drive_0001_sync,0000000105,0,0.6298730969429016,16.885059356689453,18.697843551635742,-1.8547431230545044,True,35,0.6408781409263611,0.6996285915374756,0.23180575668811798,16.824262619018555,18.53510856628418,-2.0082194805145264,3371,725
2011_09_26_drive_0001_sync,0000000105,1,0.5075963139533997,32.32004928588867,21.172691345214844,-2.0089492797851562,True,83,0.4489485025405884,0.6791966557502747,0.25611454248428345,32.266883850097656,21.358354568481445,-1.8407313823699951,3371,725
2011_09_26_drive_0001_sync,0000000106,0,0.6694458723068237,16.689828872680664,23.47626304626465,-2.2220683097839355,True,19,0.38394737243652344,0.8026509284973145,0.2224867194890976,16.62884521484375,23.265256881713867,-2.1866037845611572,3323,773
2011_09_26_drive_0001_sync,0000000106,1,0.8011106848716736,31.918920516967773,21.153270721435547,-1.8794220685958862,True,39,0.7557607293128967,0.9319149255752563,0.030772417783737183,31.9210147857666,21.1261043548584,-1.893723964691162,3323,773
2011_09_26_drive_0001_sync,0000000107,0,0.8172234892845154,15.888162612915039,18.33519744873047,-1.850144863128662,True,61,0.8065047264099121,0.8610156774520874,0.1543702930212021,15.889531135559082,18.480756759643555,-1.901533603668213,3208,888
2011_09_26_drive_0001_sync,0000000107,1,0.32496944069862366,25.469650268554688,19.372577667236328,-1.7176843881607056,True,35,0.06342899054288864,0.5868622064590454,0.498595654964447,25.07779312133789,19.158979415893555,-1.495375156402588,3208,888
2011_09_26_drive_0001_sync,0000000107,2,0.8130810856819153,31.311262130737305,21.251018524169922,-1.7956364154815674,True,67,0.7567869424819946,0.8970808982849121,0.08373477309942245,31.37775421142578,21.301767349243164,-1.7994928359985352,3208,888
2011_09_26_drive_0015_sync,0000000000,0,0.655053973197937,-0.046039313077926636,20.246484756469727,-1.5375303030014038,True,15,0.655053973197937,1.0,0.0,-0.046039313077926636,20.246484756469727,-1.5375303030014038,0,0
2011_09_26_drive_0015_sync,0000000000,1,0.472648561000824,58.28073501586914,21.99199867248535,-1.0357682704925537,True,21,0.472648561000824,1.0000003576278687,0.0,58.28073501586914,21.99199867248535,-1.0357682704925537,0,0
2011_09_26_drive_0015_sync,0000000000,2,0.7660248875617981,34.86838150024414,0.7608113288879395,-1.3951808214187622,True,43,0.7660248875617981,0.9999998211860657,0.0,34.86838150024414,0.7608113288879395,-1.3951808214187622,0,0
2011_09_26_drive_0015_sync,0000000001,0,0.6884819269180298,45.12940979003906,21.746688842773438,-1.2616543769836426,True,57,0.5753604173660278,0.6018140912055969,0.1860959678888321,45.13455581665039,21.561689376831055,-1.2811589241027832,2905,1191
2011_09_26_drive_0015_sync,0000000001,1,0.7849335670471191,34.82948303222656,1.046748399734497,-1.28787100315094,True,27,0.8094437718391418,0.9019389748573303,0.0836123675107956,34.891727447509766,1.0463440418243408,-1.3436965942382812,2905,1191
2011_09_26_drive_0015_sync,0000000002,0,0.6338295936584473,43.4648551940918,21.336423873901367,-1.1806588172912598,True,70,0.6475245356559753,0.9399682283401489,0.041978176683187485,43.490989685058594,21.358261108398438,-1.205200433731079,2888,1208
2011_09_26_drive_0015_sync,0000000002,1,0.759935200214386,34.677486419677734,0.7519519925117493,-1.2196747064590454,True,64,0.775884211063385,0.7325935959815979,0.207465261220932,34.71050262451172,0.5601682066917419,-1.2915825843811035,2888,1208
2011_09_26_drive_0015_sync,0000000003,0,0.5868952870368958,34.23267364501953,1.4268025159835815,-1.3843152523040771,True,91,0.6362593770027161,0.6875219941139221,0.2632202208042145,34.40937423706055,1.2444629669189453,-1.453698754310608,2845,1251
2011_09_26_drive_0015_sync,0000000003,1,0.5511292219161987,41.74303436279297,21.34820556640625,-1.0448799133300781,True,56,0.2839527428150177,0.7348380088806152,0.18061929941177368,41.716453552246094,21.173112869262695,-1.080367088317871,2845,1251
2011_09_26_drive_0015_sync,0000000004,0,0.8433029055595398,34.288726806640625,0.825455904006958,-1.3340141773223877,True,10,0.840717077255249,0.862896740436554,0.09144008904695511,34.27005386352539,0.9115426540374756,-1.3094849586486816,2789,1307
2011_09_26_drive_0015_sync,0000000004,1,0.46441853046417236,39.801177978515625,20.771121978759766,-0.9812794327735901,True,12,0.390022337436676,0.6452997326850891,0.27732226252555847,39.94158172607422,20.993791580200195,-1.0685300827026367,2789,1307
2011_09_26_drive_0015_sync,0000000005,0,0.7116112112998962,34.080955505371094,1.0424607992172241,-1.1703221797943115,True,26,0.7910252809524536,0.8476411700248718,0.10030508786439896,34.17390060424805,1.0608336925506592,-1.2032577991485596,2888,1208
2011_09_26_drive_0015_sync,0000000005,1,0.5085361003875732,38.16363525390625,21.142404556274414,-0.9194226861000061,True,74,0.4651387333869934,0.9162943959236145,0.05734138935804367,38.127174377441406,21.167428970336914,-0.9559249877929688,2888,1208
2011_09_26_drive_0015_sync,0000000006,0,0.7458359003067017,36.54681396484375,21.01606559753418,-0.9430270195007324,True,44,0.7265270948410034,0.8348764777183533,0.13783100247383118,36.448211669921875,21.110157012939453,-0.9224898219108582,2923,1173
2011_09_26_drive_0015_sync,0000000006,1,0.6015454530715942,33.82966232299805,0.9640790224075317,-1.2916077375411987,True,29,0.8374209403991699,0.7936582565307617,0.17270444333553314,33.962642669677734,1.0670137405395508,-1.3309459686279297,2923,1173
2011_09_26_drive_0015_sync,0000000007,0,0.8187979459762573,34.53889083862305,20.961963653564453,-1.0029473304748535,True,67,0.8172950744628906,0.9252949357032776,0.05403944477438927,34.56360626220703,20.952184677124023,-0.9558964967727661,2873,1223
2011_09_26_drive_0015_sync,0000000007,1,0.7035010457038879,33.570980072021484,0.7174394130706787,-1.3618255853652954,True,26,0.7618160843849182,0.8422125577926636,0.06751742959022522,33.58388900756836,0.6524513959884644,-1.348844051361084,2873,1223
2011_09_26_drive_0015_sync,0000000008,0,0.7114179730415344,32.921268463134766,21.08793067932129,-1.1003568172454834,True,48,0.7792242169380188,0.7246623635292053,0.1922062337398529,32.8957633972168,20.903913497924805,-1.0510576963424683,2824,1272
2011_09_26_drive_0015_sync,0000000008,1,0.6250283718109131,33.69796371459961,0.6261382699012756,-1.4565224647521973,True,86,0.6443408727645874,0.649335503578186,0.2720436453819275,33.6842041015625,0.8896145224571228,-1.390199899673462,2824,1272
2011_09_26_drive_0015_sync,0000000009,0,0.8577496409416199,33.56551742553711,0.7515817880630493,-1.4286839962005615,True,29,0.8042778372764587,0.7887587547302246,0.169931560754776,33.50306701660156,0.9089619517326355,-1.4142560958862305,2861,1235
2011_09_26_drive_0015_sync,0000000009,1,0.8224025368690491,31.280378341674805,20.874120712280273,-1.1503456830978394,True,61,0.8198778629302979,0.8522710204124451,0.09254123270511627,31.297224044799805,20.92123031616211,-1.072494626045227,2861,1235
2011_09_26_drive_0015_sync,0000000010,0,0.844814121723175,29.392242431640625,20.808521270751953,-1.1914088726043701,True,85,0.857225239276886,0.8942225575447083,0.07625240832567215,29.420394897460938,20.805561065673828,-1.1206055879592896,2816,1280
2011_09_26_drive_0015_sync,0000000010,1,0.5937371253967285,32.892730712890625,1.2041877508163452,-1.3789827823638916,True,27,0.2243862897157669,0.7518958449363708,0.20405806601047516,33.023345947265625,1.0508873462677002,-1.411820888519287,2816,1280
2011_09_26_drive_0015_sync,0000000011,0,0.6721574068069458,38.62773513793945,20.983928680419922,-1.1217048168182373,True,77,0.7622473239898682,0.7790474891662598,0.17146624624729156,38.65195083618164,20.815176010131836,-1.1400572061538696,2861,1235
2011_09_26_drive_0015_sync,0000000011,1,0.824633777141571,27.506580352783203,20.815519332885742,-1.24884033203125,True,69,0.8324594497680664,0.795251190662384,0.12751717865467072,27.61721420288086,20.777345657348633,-1.2994718551635742,2861,1235
2011_09_26_drive_0015_sync,0000000011,2,0.7834930419921875,33.016563415527344,0.6793001294136047,-1.597267985343933,True,21,0.6540477871894836,0.7959094643592834,0.16635410487651825,33.014522552490234,0.8456413745880127,-1.5969281196594238,2861,1235
2011_09_26_drive_0015_sync,0000000012,0,0.7858502268791199,32.863704681396484,0.9316951036453247,-1.4963215589523315,True,57,0.7277427911758423,0.764448344707489,0.1697821319103241,32.92560958862305,0.78139728307724,-1.5453554391860962,2850,1246
2011_09_26_drive_0015_sync,0000000012,1,0.8755165934562683,25.92474937438965,20.757186889648438,-1.2095921039581299,True,50,0.8696423172950745,0.9036860466003418,0.07687975466251373,25.982742309570312,20.750288009643555,-1.2595893144607544,2850,1246
2011_09_26_drive_0015_sync,0000000013,0,0.8420956134796143,24.255887985229492,20.767026901245117,-1.1663357019424438,True,45,0.852735161781311,0.8913861513137817,0.11042582988739014,24.1605281829834,20.76137924194336,-1.2217295169830322,2827,1269
2011_09_26_drive_0015_sync,0000000013,1,0.8133508563041687,32.68110656738281,1.0343353748321533,-1.5722401142120361,True,31,0.8072041869163513,0.7801019549369812,0.19501356780529022,32.82605743408203,1.1626511812210083,-1.595789909362793,2827,1269
2011_09_26_drive_0015_sync,0000000013,2,0.7422938346862793,35.04800033569336,20.796653747558594,-1.2064001560211182,True,46,0.7769150137901306,0.8709614276885986,0.13308246433734894,34.922725677490234,20.757305145263672,-1.2280540466308594,2827,1269
2011_09_26_drive_0015_sync,0000000014,0,0.7620669603347778,32.52259826660156,0.6746954917907715,-1.638458490371704,True,96,0.7674831748008728,0.5803466439247131,0.3608848452568054,32.38993835449219,1.008460283279419,-1.6032410860061646,2822,1274
2011_09_26_drive_0015_sync,0000000014,1,0.8746992349624634,22.389240264892578,20.643795013427734,-1.1457544565200806,True,28,0.8853235244750977,0.8712260127067566,0.08507753908634186,22.44971466064453,20.665035247802734,-1.2016998529434204,2822,1274
2011_09_26_drive_0015_sync,0000000014,2,0.7495563626289368,33.263946533203125,20.738107681274414,-1.091665267944336,True,53,0.8206746578216553,0.8863683938980103,0.036294110119342804,33.276641845703125,20.705459594726562,-1.101162314414978,2822,1274
2011_09_26_drive_0015_sync,0000000015,0,0.8713106513023376,32.548179626464844,0.74274080991745,-1.445476770401001,True,30,0.8620389699935913,0.9136566519737244,0.08465470373630524,32.465476989746094,0.7256599068641663,-1.4395661354064941,2822,1274
2011_09_26_drive_0015_sync,0000000015,1,0.7050748467445374,31.754709243774414,20.672245025634766,-1.079369068145752,True,70,0.7496541738510132,0.7746497392654419,0.15117007493972778,31.78951072692871,20.805879592895508,-1.1408755779266357,2822,1274
2011_09_26_drive_0015_sync,0000000015,2,0.8356386423110962,20.800457000732422,20.674081802368164,-1.1670312881469727,True,86,0.7710979580879211,0.8792946338653564,0.09565697610378265,20.708667755126953,20.64719009399414,-1.1656794548034668,2822,1274
2011_09_26_drive_0015_sync,0000000016,0,0.7898465394973755,32.175418853759766,0.5585997700691223,-1.4368221759796143,True,48,0.6051996946334839,0.9098249077796936,0.061456382274627686,32.156089782714844,0.6080399751663208,-1.405855417251587,2802,1294
2011_09_26_drive_0015_sync,0000000016,1,0.8366408348083496,29.75904655456543,20.679187774658203,-1.113690733909607,True,90,0.8466157913208008,0.9113277792930603,0.04466823488473892,29.715946197509766,20.674673080444336,-1.1245179176330566,2802,1294
2011_09_26_drive_0015_sync,0000000016,2,0.8452094197273254,18.90251922607422,20.619672775268555,-1.222122311592102,True,42,0.7860018610954285,0.9112616777420044,0.07223062217235565,18.843273162841797,20.606313705444336,-1.1830236911773682,2802,1294
2011_09_26_drive_0015_sync,0000000017,0,0.7354289293289185,32.16176986694336,0.775603175163269,-1.4868862628936768,True,67,0.8160052299499512,0.8874517679214478,0.07681695371866226,32.22486877441406,0.7940487861633301,-1.4471479654312134,2866,1230
2011_09_26_drive_0015_sync,0000000017,1,0.8551102876663208,27.85394859313965,20.694610595703125,-1.0936884880065918,True,78,0.8327357769012451,0.9210214018821716,0.08980222046375275,27.943443298339844,20.698802947998047,-1.0875598192214966,2866,1230
2011_09_26_drive_0015_sync,0000000017,2,0.855139434337616,17.201719284057617,20.707765579223633,-1.2310806512832642,True,48,0.8289445638656616,0.8916006684303284,0.09837859869003296,17.29216766357422,20.669422149658203,-1.2362979650497437,2866,1230
2011_09_26_drive_0015_sync,0000000018,0,0.7318810820579529,31.686046600341797,1.2261079549789429,-1.309135913848877,True,69,0.5614102482795715,0.7320809960365295,0.18809175491333008,31.666950225830078,1.0587387084960938,-1.225461721420288,2920,1176
2011_09_26_drive_0015_sync,0000000018,1,0.8563287258148193,15.468324661254883,20.634122848510742,-1.2894794940948486,True,23,0.880709171295166,0.9126214385032654,0.03807162865996361,15.46717643737793,20.652660369873047,-1.2562456130981445,2920,1176
2011_09_26_drive_0015_sync,0000000018,2,0.7999171614646912,26.21168327331543,20.71099281311035,-1.0914828777313232,True,73,0.8508912324905396,0.8338083624839783,0.11713021248579025,26.248004913330078,20.618389129638672,-1.1533277034759521,2920,1176
2011_09_26_drive_0015_sync,0000000019,0,0.8665531277656555,13.77263355255127,20.665800094604492,-1.2414155006408691,True,28,0.8786073327064514,0.9438945651054382,0.059954430907964706,13.728463172912598,20.654706954956055,-1.2024224996566772,2959,1137
2011_09_26_drive_0015_sync,0000000019,1,0.810555100440979,31.738431930541992,0.6931362152099609,-1.3325369358062744,True,88,0.7967423796653748,0.86322021484375,0.0813097357749939,31.771419525146484,0.7625764608383179,-1.3590160608291626,2959,1137
2011_09_26_drive_0015_sync,0000000019,2,0.8352674841880798,24.512548446655273,20.635011672973633,-1.143465280532837,True,79,0.776201069355011,0.8876432776451111,0.09483088552951813,24.59696388244629,20.594722747802734,-1.1590772867202759,2959,1137
2011_09_26_drive_0015_sync,0000000020,0,0.8226158618927002,23.012889862060547,20.649274826049805,-1.0579708814620972,True,74,0.840245246887207,0.7920159101486206,0.18662716448307037,22.88247299194336,20.699222564697266,-1.1817705631256104,2868,1228
2011_09_26_drive_0015_sync,0000000020,1,0.8844268321990967,12.004423141479492,20.669654846191406,-1.3121836185455322,True,97,0.8798823952674866,0.9123801589012146,0.05516514182090759,11.97048568725586,20.640884399414062,-1.3447980880737305,2868,1228
2011_09_26_drive_0015_sync,0000000020,2,0.5755925178527832,31.419095993041992,0.6820844411849976,-1.3574130535125732,True,28,0.6952471137046814,0.8330046534538269,0.08837832510471344,31.41092872619629,0.6446256637573242,-1.4370425939559937,2868,1228
2011_09_26_drive_0015_sync,0000000020,3,0.35647162795066833,53.490318298339844,21.788606643676758,-1.0326952934265137,True,87,0.48038148880004883,0.9108237624168396,0.058241263031959534,53.5399055480957,21.762048721313477,-1.0176013708114624,2868,1228
2011_09_26_drive_0015_sync,0000000021,0,0.7569814324378967,21.03311538696289,20.680477142333984,-1.278053641319275,True,38,0.7789613008499146,0.8275312185287476,0.15237683057785034,20.895519256591797,20.65655517578125,-1.2171131372451782,2981,1115
2011_09_26_drive_0015_sync,0000000021,1,0.8343874216079712,31.381298065185547,0.8599916696548462,-1.4250222444534302,True,97,0.8345159888267517,0.7501703500747681,0.1896248757839203,31.333606719970703,1.0418020486831665,-1.3999600410461426,2981,1115
2011_09_26_drive_0015_sync,0000000021,2,0.890131413936615,10.238516807556152,20.640138626098633,-1.3886300325393677,True,18,0.8867073655128479,0.9208362698554993,0.05016597732901573,10.202537536621094,20.60643768310547,-1.397923231124878,2981,1115
2011_09_26_drive_0015_sync,0000000022,0,0.8378022909164429,8.55482292175293,20.531307220458984,-1.4542198181152344,True,62,0.862000048160553,0.8844558596611023,0.08403422683477402,8.584795951843262,20.601974487304688,-1.4200217723846436,3002,1094
2011_09_26_drive_0015_sync,0000000022,1,0.8659382462501526,31.233760833740234,0.8198530077934265,-1.3942012786865234,True,84,0.8585357666015625,0.8380258083343506,0.11707805842161179,31.210691452026367,0.9301259517669678,-1.426059603691101,3002,1094
2011_09_26_drive_0015_sync,0000000022,2,0.7856561541557312,19.521018981933594,20.592308044433594,-1.2841591835021973,True,73,0.8201127052307129,0.8477899432182312,0.103183813393116,19.419673919677734,20.609214782714844,-1.2936586141586304,3002,1094
2011_09_26_drive_0015_sync,0000000023,0,0.8049298524856567,30.86515235900879,0.8551138639450073,-1.3427340984344482,True,21,0.8190239667892456,0.8889443874359131,0.056119076907634735,30.849695205688477,0.8976958990097046,-1.3758580684661865,2977,1119
2011_09_26_drive_0015_sync,0000000023,1,0.882045567035675,17.518238067626953,20.619510650634766,-1.231885313987732,True,79,0.8913674354553223,0.8644357323646545,0.11420150101184845,17.624481201171875,20.644208908081055,-1.2657139301300049,2977,1119
2011_09_26_drive_0015_sync,0000000023,2,0.901118278503418,6.843949794769287,20.685571670532227,-1.4477674961090088,True,68,0.8684595227241516,0.8957562446594238,0.08831891417503357,6.918598175048828,20.648479461669922,-1.476956844329834,2977,1119
2011_09_26_drive_0015_sync,0000000024,0,0.7714287042617798,30.447011947631836,0.7334897518157959,-1.2521588802337646,True,36,0.7853878140449524,0.7871662378311157,0.13570526242256165,30.423946380615234,0.7423239350318909,-1.3855974674224854,3048,1048
2011_09_26_drive_0015_sync,0000000024,1,0.42026767134666443,46.680931091308594,21.675186157226562,-0.8725442886352539,True,72,0.2008061707019806,0.8377737402915955,0.0596013106405735,46.6807861328125,21.724416732788086,-0.906139612197876,3048,1048
2011_09_26_drive_0015_sync,0000000024,2,0.8712557554244995,15.873208999633789,20.567047119140625,-1.2817308902740479,True,95,0.8743596076965332,0.8063303232192993,0.1428379863500595,16.002368927001953,20.62268829345703,-1.2567416429519653,3048,1048
2011_09_26_drive_0015_sync,0000000024,3,0.8929166197776794,5.242316246032715,20.64352035522461,-1.3744547367095947,True,83,0.8758609294891357,0.8764532804489136,0.10801325738430023,5.160182952880859,20.6010684967041,-1.318608283996582,3048,1048
2011_09_26_drive_0015_sync,0000000025,0,0.37772896885871887,30.006288528442383,0.6345855593681335,-1.280696153640747,False,,,0.0,,,,,3055,1041
2011_09_26_drive_0015_sync,0000000025,1,0.8457795977592468,3.570220470428467,20.607688903808594,-1.4331114292144775,True,25,0.858805239200592,0.9062870740890503,0.03709743171930313,3.58253812789917,20.634294509887695,-1.455841064453125,3055,1041
2011_09_26_drive_0015_sync,0000000025,2,0.8839951157569885,14.292923927307129,20.572067260742188,-1.336326003074646,True,84,0.8697118163108826,0.9084919095039368,0.053909145295619965,14.252777099609375,20.536733627319336,-1.3431055545806885,3055,1041
2011_09_26_drive_0015_sync,0000000026,0,0.8474887609481812,30.366256713867188,0.6094616651535034,-1.318730354309082,True,86,0.8262429237365723,0.799481987953186,0.18061845004558563,30.247346878051758,0.7342649102210999,-1.264807939529419,3070,1026
2011_09_26_drive_0015_sync,0000000026,1,0.8486256003379822,1.985752820968628,20.615394592285156,-1.4900530576705933,True,41,0.8582860231399536,0.9041048288345337,0.07033900171518326,1.9304112195968628,20.625490188598633,-1.5322781801223755,3070,1026
2011_09_26_drive_0015_sync,0000000026,2,0.8894522190093994,12.60722541809082,20.563846588134766,-1.4020841121673584,True,69,0.8817594647407532,0.9179801344871521,0.053466394543647766,12.639235496520996,20.60645866394043,-1.397815465927124,3070,1026
2011_09_26_drive_0015_sync,0000000027,0,0.8616333603858948,11.008584022521973,20.55085563659668,-1.3478094339370728,True,12,0.8544221520423889,0.853935718536377,0.07875251024961472,11.035555839538574,20.622493743896484,-1.3663151264190674,3046,1050
2011_09_26_drive_0015_sync,0000000027,1,0.6217015385627747,30.101457595825195,0.8161308765411377,-1.3777827024459839,True,74,0.7176859974861145,0.8948945999145508,0.05288859084248543,30.140748977661133,0.8021104335784912,-1.3452739715576172,3046,1050
2011_09_26_drive_0015_sync,0000000027,2,0.620962917804718,0.24941828846931458,20.552722930908203,-1.4796085357666016,True,63,0.6242920756340027,0.8182404637336731,0.20883521437644958,0.048169881105422974,20.516277313232422,-1.5218334197998047,3046,1050
2011_09_26_drive_0015_sync,0000000028,0,0.7013049721717834,39.9925651550293,21.57298469543457,-1.1095975637435913,True,52,0.40080323815345764,0.7868611812591553,0.18288017809391022,40.140830993652344,21.564359664916992,-1.002882957458496,3008,1088
2011_09_26_drive_0015_sync,0000000028,1,0.8408927321434021,29.930545806884766,0.7608564496040344,-1.3443458080291748,True,13,0.8749356269836426,0.7668524384498596,0.1963086873292923,29.997543334960938,0.5974143147468567,-1.4299910068511963,3008,1088
2011_09_26_drive_0015_sync,0000000028,2,0.8778578042984009,9.256217002868652,20.53689956665039,-1.3803040981292725,True,58,0.8892263770103455,0.9002167582511902,0.05918249860405922,9.299492835998535,20.57496452331543,-1.3668568134307861,3008,1088
2011_09_26_drive_0015_sync,0000000029,0,0.8953460454940796,7.743697643280029,20.556900024414062,-1.389940619468689,True,99,0.9011059403419495,0.9246162176132202,0.05615399032831192,7.779335975646973,20.528438568115234,-1.3571820259094238,2942,1154
2011_09_26_drive_0015_sync,0000000029,1,0.6811845302581787,38.2462158203125,21.693227767944336,-1.0813058614730835,True,57,0.6219782829284668,0.7479258179664612,0.196538046002388,38.299076080322266,21.507585525512695,-1.04429292678833,2942,1154
2011_09_26_drive_0015_sync,0000000029,2,0.7933358550071716,29.456912994384766,0.8321670889854431,-1.334925651550293,True,29,0.8116171360015869,0.8357921838760376,0.12549427151679993,29.470441818237305,0.9557424187660217,-1.3177523612976074,2942,1154
2011_09_26_drive_0015_sync,0000000030,0,0.8743868470191956,6.144290924072266,20.482492446899414,-1.4137914180755615,True,55,0.8823695778846741,0.8891097903251648,0.08200035989284515,6.186614990234375,20.53382682800293,-1.461723804473877,2916,1180
2011_09_26_drive_0015_sync,0000000030,1,0.8301312923431396,29.451126098632812,0.559744119644165,-1.318192958831787,True,74,0.7572457790374756,0.8377548456192017,0.1280628889799118,29.327619552612305,0.5274609923362732,-1.3079931735992432,2916,1180
2011_09_26_drive_0015_sync,0000000031,0,0.8621784448623657,4.5433430671691895,20.56818389892578,-1.451507568359375,True,62,0.8754684925079346,0.9073385000228882,0.07976830005645752,4.618121147155762,20.54142189025879,-1.4440903663635254,2986,1110
2011_09_26_drive_0015_sync,0000000031,1,0.840337336063385,29.180423736572266,0.6386593580245972,-1.174363613128662,True,69,0.821080207824707,0.8435992002487183,0.10337314009666443,29.209209442138672,0.7378539443016052,-1.1701419353485107,2986,1110
2011_09_26_drive_0015_sync,0000000032,0,0.8631327748298645,29.180421829223633,0.5637713074684143,-1.2513759136199951,True,53,0.8469080924987793,0.7321105599403381,0.2252989411354065,29.308895111083984,0.7487493753433228,-1.245265007019043,3059,1037
2011_09_26_drive_0015_sync,0000000032,1,0.8246066570281982,3.080090045928955,20.476177215576172,-1.425370216369629,True,71,0.853822648525238,0.8648462891578674,0.0800718441605568,3.0989890098571777,20.551889419555664,-1.407426118850708,3059,1037
2011_09_26_drive_0015_sync,0000000033,0,0.7701651453971863,28.880693435668945,0.735013484954834,-1.1936599016189575,True,82,0.7026511430740356,0.8535768985748291,0.09657441079616547,28.92621612548828,0.7098749876022339,-1.2750377655029297,2979,1117
2011_09_26_drive_0015_sync,0000000033,1,0.8250142335891724,1.3948613405227661,20.470577239990234,-1.5019835233688354,True,87,0.8458151817321777,0.8033926486968994,0.16199222207069397,1.5038169622421265,20.589265823364258,-1.5188112258911133,2979,1117
2011_09_26_drive_0015_sync,0000000033,2,0.7574812769889832,31.995832443237305,21.286319732666016,-1.1256914138793945,True,41,0.7485453486442566,0.9119924306869507,0.014279750175774097,31.983932495117188,21.28584098815918,-1.1335700750350952,2979,1117
2011_09_26_drive_0015_sync,0000000034,0,0.8758748173713684,28.81365203857422,0.7158556580543518,-1.3060861825942993,True,44,0.8652442693710327,0.8700361847877502,0.09613186866044998,28.839969635009766,0.8064635396003723,-1.3244962692260742,2988,1108
2011_09_26_drive_0015_sync,0000000034,1,0.6123119592666626,-0.4204633831977844,20.500385284423828,-1.4227168560028076,True,79,0.6088107824325562,0.7569715976715088,0.16967551410198212,-0.3327181041240692,20.641271591186523,-1.387480616569519,2988,1108
2011_09_26_drive_0015_sync,0000000035,0,0.8330808281898499,28.590354919433594,0.7846006751060486,-1.3137624263763428,True,33,0.8159200549125671,0.9480307102203369,0.030475087463855743,28.591846466064453,0.8127973079681396,-1.3022969961166382,2971,1125
2011_09_26_drive_0015_sync,0000000035,1,0.685001015663147,29.08003807067871,21.183134078979492,-1.248323678970337,True,73,0.6364415884017944,0.8616318702697754,0.08778001368045807,29.149728775024414,21.198673248291016,-1.1972641944885254,2971,1125
2011_09_26_drive_0015_sync,0000000036,0,0.7721316814422607,27.632448196411133,21.15403175354004,-1.2212631702423096,True,86,0.7760439515113831,0.9291134476661682,0.019338233396410942,27.629154205322266,21.142066955566406,-1.2360942363739014,3034,1062
2011_09_26_drive_0015_sync,0000000036,1,0.6395544409751892,28.47089385986328,0.7996430397033691,-1.3558926582336426,True,28,0.6945219039916992,0.8986726403236389,0.06773468106985092,28.500263214111328,0.8557263612747192,-1.3318076133728027,3034,1062
2011_09_26_drive_0015_sync,0000000037,0,0.86641925573349,28.423110961914062,0.8239144086837769,-1.3438026905059814,True,99,0.8636022210121155,0.8860495090484619,0.06869561970233917,28.406845092773438,0.776569664478302,-1.2967603206634521,2979,1117
2011_09_26_drive_0015_sync,0000000037,1,0.7122921943664551,25.930973052978516,21.071748733520508,-1.1917122602462769,True,90,0.7651728391647339,0.8430175185203552,0.1712525486946106,26.094274520874023,21.112638473510742,-1.1602783203125,2979,1117
2011_09_26_drive_0015_sync,0000000038,0,0.8661202192306519,28.089107513427734,0.4447914659976959,-1.333700180053711,True,17,0.8648508787155151,0.8680755496025085,0.0948384553194046,28.145061492919922,0.5183790922164917,-1.312525987625122,3037,1059
2011_09_26_drive_0015_sync,0000000038,1,0.7272067666053772,24.64847755432129,21.162174224853516,-1.1394675970077515,True,84,0.7464502453804016,0.8727473616600037,0.05149942263960838,24.65142250061035,21.143705368041992,-1.1874511241912842,3037,1059
2011_09_26_drive_0015_sync,0000000039,0,0.8558482527732849,28.010908126831055,0.7874318361282349,-1.3250923156738281,True,73,0.8387874960899353,0.8235338926315308,0.1431223750114441,28.04316520690918,0.6481053233146667,-1.330715537071228,2996,1100
2011_09_26_drive_0015_sync,0000000039,1,0.8290491104125977,23.305219650268555,21.13199234008789,-1.2256619930267334,True,49,0.8759713172912598,0.9379406571388245,0.052492860704660416,23.25857925415039,21.14422607421875,-1.2049132585525513,2996,1100
2011_09_26_drive_0015_sync,0000000040,0,0.7995226979255676,27.835081100463867,0.9505404829978943,-1.3339145183563232,True,59,0.781819760799408,0.8422356247901917,0.10109739750623703,27.858783721923828,1.019600510597229,-1.4038400650024414,3034,1062
2011_09_26_drive_0015_sync,0000000040,1,0.8699781894683838,21.96540069580078,21.057266235351562,-1.2597992420196533,True,64,0.8629194498062134,0.8577033877372742,0.14113834500312805,21.828075408935547,21.07870101928711,-1.2352564334869385,3034,1062
2011_09_26_drive_0015_sync,0000000041,0,0.8744465112686157,27.795944213867188,0.7492648959159851,-1.3627114295959473,True,87,0.8693593144416809,0.9104208946228027,0.06341719627380371,27.805646896362305,0.8079470992088318,-1.3847113847732544,2948,1148
2011_09_26_drive_0015_sync,0000000041,1,0.7922899723052979,20.389427185058594,21.031213760375977,-1.2222477197647095,True,44,0.8345102667808533,0.8500845432281494,0.08375002443790436,20.413969039916992,21.109634399414062,-1.2060623168945312,2948,1148
2011_09_26_drive_0015_sync,0000000042,0,0.8636503219604492,18.967548370361328,20.90376091003418,-1.317199945449829,True,91,0.7491491436958313,0.7576159834861755,0.17566223442554474,19.108598709106445,21.00833511352539,-1.3120757341384888,3040,1056
2011_09_26_drive_0015_sync,0000000042,1,0.664721667766571,27.401546478271484,0.6435682773590088,-1.3401525020599365,True,17,0.8035743236541748,0.7656856775283813,0.15533727407455444,27.348482131958008,0.6956433653831482,-1.2037632465362549,3040,1056
2011_09_26_drive_0015_sync,0000000043,0,0.8450733423233032,27.331384658813477,0.594414472579956,-1.2876759767532349,True,56,0.8650071024894714,0.8010880351066589,0.13593414425849915,27.41546058654785,0.6489731073379517,-1.3795056343078613,2996,1100
2011_09_26_drive_0015_sync,0000000043,1,0.8174123764038086,17.680166244506836,20.880468368530273,-1.357129454612732,True,49,0.8341380953788757,0.7863263487815857,0.16432853043079376,17.608871459960938,21.01132583618164,-1.4263916015625,2996,1100
2011_09_26_drive_0015_sync,0000000044,0,0.8548586368560791,16.287109375,20.938661575317383,-1.367136836051941,True,55,0.8708032369613647,0.8714255094528198,0.09262728691101074,16.204105377197266,20.908679962158203,-1.395266056060791,2983,1113
2011_09_26_drive_0015_sync,0000000044,1,0.8720061779022217,27.45768928527832,0.5644996166229248,-1.4532792568206787,True,28,0.8794310688972473,0.9346882104873657,0.0491168238222599,27.43230628967285,0.5545242428779602,-1.4124300479888916,2983,1113
2011_09_26_drive_0015_sync,0000000044,2,0.34690314531326294,47.80638122558594,22.39334487915039,-1.0158531665802002,True,25,0.3605780005455017,0.6441838145256042,0.32209312915802,47.61772537231445,22.133543014526367,-1.0414646863937378,2983,1113
2011_09_26_drive_0015_sync,0000000045,0,0.32118967175483704,46.19780349731445,22.286853790283203,-0.9289158582687378,True,29,0.3674294352531433,0.940683126449585,0.04045891761779785,46.17063522338867,22.25777244567871,-0.9362017512321472,3011,1085
2011_09_26_drive_0015_sync,0000000045,1,0.8722895383834839,14.915993690490723,20.9417781829834,-1.4330368041992188,True,92,0.8748464584350586,0.8319180607795715,0.07047130912542343,14.89795207977295,20.89775276184082,-1.3810515403747559,3011,1085
2011_09_26_drive_0015_sync,0000000045,2,0.846635103225708,27.01828384399414,0.47906219959259033,-1.4408704042434692,True,82,0.8499987721443176,0.8048040866851807,0.13265427947044373,27.11739730834961,0.4061349034309387,-1.4904212951660156,3011,1085
2011_09_26_drive_0015_sync,0000000046,0,0.8676479458808899,13.515953063964844,20.911943435668945,-1.4485669136047363,True,33,0.8629550933837891,0.8514142036437988,0.0835144966840744,13.511114120483398,20.913734436035156,-1.3652119636535645,2980,1116
2011_09_26_drive_0015_sync,0000000046,1,0.8425078392028809,26.85069465637207,0.5095596313476562,-1.3453552722930908,True,77,0.8182274699211121,0.706716775894165,0.176748588681221,26.876850128173828,0.6775203943252563,-1.3937819004058838,2980,1116
2011_09_26_drive_0015_sync,0000000047,0,0.8713155388832092,12.28416633605957,20.83662986755371,-1.4557136297225952,True,44,0.8896639943122864,0.8599984049797058,0.06182068958878517,12.239848136901855,20.85783576965332,-1.4181902408599854,2877,1219
2011_09_26_drive_0015_sync,0000000047,1,0.838094174861908,26.747394561767578,0.49061140418052673,-1.4762541055679321,True,87,0.7509583234786987,0.8187677264213562,0.09972140938043594,26.74560546875,0.4760085344314575,-1.3776239156723022,2877,1219
2011_09_26_drive_0015_sync,0000000048,0,0.3459320366382599,43.48588180541992,27.998733520507812,-0.6733154058456421,True,53,0.08462382107973099,0.6927323341369629,0.2812787592411041,43.54689025878906,28.214942932128906,-0.8425761461257935,3038,1058
2011_09_26_drive_0015_sync,0000000048,1,0.8669019341468811,10.757495880126953,20.84657859802246,-1.5809109210968018,True,30,0.8120566010475159,0.75627201795578,0.19133879244327545,10.898967742919922,20.86872100830078,-1.4540016651153564,3038,1058
2011_09_26_drive_0015_sync,0000000048,2,0.5918828248977661,42.197227478027344,22.092159271240234,-1.145912766456604,True,82,0.5455425977706909,0.6756099462509155,0.24567142128944397,42.26976013183594,21.874710083007812,-1.2342830896377563,3038,1058
2011_09_26_drive_0015_sync,0000000048,3,0.8711299896240234,26.675634384155273,0.5506008863449097,-1.4772236347198486,True,8,0.8557358980178833,0.8046172261238098,0.17397724092006683,26.78061866760254,0.4400711953639984,-1.5610661506652832,3038,1058
2011_09_26_drive_0015_sync,0000000049,0,0.6733217239379883,40.67044448852539,22.097257614135742,-1.0715426206588745,True,67,0.6063629388809204,0.8801509141921997,0.04118246212601662,40.664058685302734,22.137693405151367,-1.0670522451400757,2910,1186
2011_09_26_drive_0015_sync,0000000049,1,0.7532922029495239,26.251718521118164,0.4779190719127655,-1.3268121480941772,True,60,0.8227670788764954,0.7477633953094482,0.2546418011188507,26.451969146728516,0.6342644095420837,-1.3440823554992676,2910,1186
2011_09_26_drive_0015_sync,0000000049,2,0.859728991985321,9.416252136230469,20.84379768371582,-1.5498138666152954,True,16,0.8616907596588135,0.8692795038223267,0.024777913466095924,9.413101196289062,20.854190826416016,-1.572084903717041,2910,1186
2011_09_26_drive_0015_sync,0000000050,0,0.321377158164978,44.52333450317383,22.397014617919922,-1.095365047454834,True,90,0.3561338484287262,0.8031038641929626,0.13592074811458588,44.647216796875,22.431943893432617,-1.0516892671585083,2943,1153
2011_09_26_drive_0015_sync,0000000050,1,0.8789845108985901,8.04820728302002,20.7967529296875,-1.5173795223236084,True,57,0.8749168515205383,0.8952332735061646,0.05811091512441635,7.999805450439453,20.818862915039062,-1.494028091430664,2943,1153
2011_09_26_drive_0015_sync,0000000050,2,0.43030285835266113,40.841949462890625,27.674055099487305,-0.951604962348938,True,63,0.14951936900615692,0.8140920400619507,0.1772317737340927,40.829532623291016,27.79056739807129,-0.8186320066452026,2943,1153
2011_09_26_drive_0015_sync,0000000050,3,0.858805775642395,26.426471710205078,0.6572613716125488,-1.4706627130508423,True,69,0.8568487167358398,0.9267839193344116,0.08047615736722946,26.355010986328125,0.6266200542449951,-1.4499049186706543,2943,1153
2011_09_26_drive_0015_sync,0000000050,4,0.5844658613204956,39.20058822631836,22.224960327148438,-1.0397425889968872,True,67,0.5951992869377136,0.8272865414619446,0.17333851754665375,39.36177444458008,22.1628360748291,-1.054089069366455,2943,1153
2011_09_26_drive_0015_sync,0000000051,0,0.8438583612442017,6.722804069519043,20.829280853271484,-1.5252264738082886,True,81,0.8476621508598328,0.9110909104347229,0.048980552703142166,6.683133602142334,20.817148208618164,-1.4991852045059204,2957,1139
2011_09_26_drive_0015_sync,0000000051,1,0.8269503116607666,26.093063354492188,0.6606498956680298,-1.4389126300811768,True,68,0.8380730152130127,0.7876216173171997,0.15970376133918762,26.07012939453125,0.5048288702964783,-1.4653537273406982,2957,1139
2011_09_26_drive_0015_sync,0000000051,2,0.3964501917362213,38.06235122680664,22.460311889648438,-0.9440560340881348,True,25,0.42108869552612305,0.7804174423217773,0.1819310337305069,37.97798156738281,22.30013084411621,-0.9620198011398315,2957,1139
2011_09_26_drive_0015_sync,0000000052,0,0.8568273782730103,5.335247993469238,20.802413940429688,-1.4892191886901855,True,17,0.8329324126243591,0.8208901286125183,0.17430853843688965,5.501685619354248,20.75527572631836,-1.4677722454071045,2981,1115
2011_09_26_drive_0015_sync,0000000052,1,0.826081395149231,25.873472213745117,0.5101830959320068,-1.475806713104248,True,94,0.8103165626525879,0.9354968070983887,0.05471084639430046,25.924915313720703,0.4932677149772644,-1.4836012125015259,2981,1115
2011_09_26_drive_0015_sync,0000000053,0,0.8643189668655396,25.785663604736328,0.5253299474716187,-1.453341007232666,True,62,0.8761900663375854,0.9136823415756226,0.04845927283167839,25.797338485717773,0.48838144540786743,-1.424241065979004,3048,1048
2011_09_26_drive_0015_sync,0000000053,1,0.8433099389076233,4.072561740875244,20.782512664794922,-1.5358079671859741,True,76,0.8299769163131714,0.8804760575294495,0.06000174209475517,4.119676113128662,20.74553680419922,-1.5321705341339111,3048,1048
2011_09_26_drive_0015_sync,0000000054,0,0.3422509729862213,34.0714225769043,22.236120223999023,-1.1330196857452393,True,51,0.30314257740974426,0.7318021655082703,0.2643667161464691,33.918304443359375,22.02090835571289,-1.121686339378357,3051,1045
2011_09_26_drive_0015_sync,0000000054,1,0.854503870010376,25.494138717651367,0.39697742462158203,-1.4109582901000977,True,48,0.822209894657135,0.7391714453697205,0.19918176531791687,25.621931076049805,0.2630811035633087,-1.4845399856567383,3051,1045
2011_09_26_drive_0015_sync,0000000054,2,0.8305432200431824,2.780648708343506,20.70694351196289,-1.5567963123321533,True,80,0.7645730972290039,0.7943020462989807,0.15420548617839813,2.7553932666778564,20.856094360351562,-1.5867215394973755,3051,1045
2011_09_26_drive_0015_sync,0000000055,0,0.858543336391449,25.356998443603516,0.4664941430091858,-1.442846655845642,True,42,0.877238929271698,0.8577329516410828,0.13555043935775757,25.465517044067383,0.5475538372993469,-1.448038935661316,3040,1056
2011_09_26_drive_0015_sync,0000000055,1,0.3505195379257202,37.98295974731445,22.380441665649414,-1.0389232635498047,True,37,0.262368768453598,0.80854731798172,0.08458459377288818,37.93819046020508,22.311532974243164,-1.0589696168899536,3040,1056
2011_09_26_drive_0015_sync,0000000055,2,0.8610198497772217,1.5382174253463745,20.706710815429688,-1.5560636520385742,True,65,0.8205785751342773,0.8297039866447449,0.12054333090782166,1.6005958318710327,20.800369262695312,-1.599280834197998,3040,1056
2011_09_26_drive_0015_sync,0000000055,3,0.6643548011779785,32.957244873046875,21.723526000976562,-1.0176563262939453,True,54,0.3831445574760437,0.597919225692749,0.3982904255390167,32.65102005004883,21.966562271118164,-0.9415314793586731,3040,1056
2011_09_26_drive_0015_sync,0000000056,0,0.31228479743003845,36.81856155395508,22.157482147216797,-1.0708701610565186,True,49,0.0753503143787384,0.7836899757385254,0.12965355813503265,36.857086181640625,22.202449798583984,-1.1862123012542725,3050,1046
2011_09_26_drive_0015_sync,0000000056,1,0.8209943771362305,25.278430938720703,0.5241737961769104,-1.3804042339324951,True,88,0.8365004658699036,0.6354599595069885,0.3212398886680603,25.209623336791992,0.21559616923332214,-1.4373290538787842,3050,1046
2011_09_26_drive_0015_sync,0000000056,2,0.573403000831604,0.2637941241264343,20.788646697998047,-1.5652631521224976,True,87,0.5684504508972168,0.791396975517273,0.15176628530025482,0.15006929636001587,20.716358184814453,-1.6350774765014648,3050,1046
2011_09_26_drive_0015_sync,0000000057,0,0.8841946125030518,25.179107666015625,0.46380335092544556,-1.4355781078338623,True,50,0.8730769753456116,0.8396342992782593,0.08706182986497879,25.133569717407227,0.3998686373233795,-1.397916316986084,3054,1042
2011_09_26_drive_0015_sync,0000000058,0,0.7245036959648132,28.673057556152344,21.61122703552246,-1.270530104637146,True,54,0.73721843957901,0.8115439414978027,0.11331792920827866,28.761930465698242,21.61141586303711,-1.2002270221710205,3090,1006
2011_09_26_drive_0015_sync,0000000058,1,0.8542145490646362,24.955455780029297,0.34552809596061707,-1.4349150657653809,True,60,0.8693680763244629,0.895868718624115,0.07851822674274445,24.90803337097168,0.28841862082481384,-1.4093272686004639,3090,1006
2011_09_26_drive_0015_sync,0000000059,0,0.6114363074302673,27.59902000427246,21.66349220275879,-1.3114471435546875,True,96,0.10400789976119995,0.6498651504516602,0.3291720747947693,27.307825088500977,21.765180587768555,-1.426422119140625,3037,1059
2011_09_26_drive_0015_sync,0000000059,1,0.8763794898986816,24.742168426513672,0.3037925362586975,-1.3402533531188965,True,94,0.8878310918807983,0.8491522669792175,0.15926650166511536,24.871931076049805,0.32522234320640564,-1.4300767183303833,3037,1059
2011_09_26_drive_0015_sync,0000000060,0,0.6067678332328796,31.711429595947266,21.936349868774414,-1.076131820678711,True,22,0.5876537561416626,0.8702991008758545,0.12361596524715424,31.598487854003906,21.922592163085938,-1.027801752090454,3088,1008
2011_09_26_drive_0015_sync,0000000060,1,0.8587316870689392,24.72498321533203,0.3401294946670532,-1.3775405883789062,True,27,0.8567990064620972,0.8617451786994934,0.13634109497070312,24.598918914794922,0.2882162034511566,-1.3788434267044067,3088,1008
2011_09_26_drive_0015_sync,0000000061,0,0.8068793416023254,25.24089813232422,21.524168014526367,-1.274373173713684,True,35,0.7754284143447876,0.814200222492218,0.08374498784542084,25.202686309814453,21.57776641845703,-1.2226016521453857,3103,993
2011_09_26_drive_0015_sync,0000000061,1,0.8643339276313782,24.556917190551758,0.28372886776924133,-1.4635332822799683,True,88,0.8644647598266602,0.8634763360023499,0.09740260243415833,24.6077880859375,0.2299274206161499,-1.4002496004104614,3103,993
2011_09_26_drive_0015_sync,0000000062,0,0.32345035672187805,68.7532730102539,22.29620933532715,-0.506470263004303,False,,,0.0,,,,,3131,965
2011_09_26_drive_0015_sync,0000000062,1,0.7878422141075134,23.929302215576172,21.433061599731445,-1.1742064952850342,True,78,0.7741809487342834,0.9618294835090637,0.008574103005230427,23.93733024597168,21.435392379760742,-1.1761126518249512,3131,965
2011_09_26_drive_0015_sync,0000000062,2,0.33140596747398376,29.18102264404297,22.158946990966797,-0.999123215675354,True,26,0.2913535535335541,0.7291651368141174,0.1872071772813797,29.307947158813477,22.25657844543457,-1.0961015224456787,3131,965
2011_09_26_drive_0015_sync,0000000062,3,0.8477141857147217,24.445524215698242,0.201329305768013,-1.2664978504180908,True,5,0.8525356650352478,0.6869524717330933,0.20549696683883667,24.40908432006836,0.026221852749586105,-1.3676834106445312,3131,965
2011_09_26_drive_0015_sync,0000000063,0,0.37383168935775757,67.61250305175781,22.825281143188477,-0.5161514282226562,True,46,0.1702982485294342,0.8692075610160828,0.08207422494888306,67.6836929321289,22.792043685913086,-0.49241432547569275,3137,959
2011_09_26_drive_0015_sync,0000000063,1,0.7821486592292786,22.875652313232422,21.482715606689453,-1.0927783250808716,True,59,0.8132054805755615,0.8316441178321838,0.11994083225727081,22.806987762451172,21.508878707885742,-1.187575340270996,3137,959
2011_09_26_drive_0015_sync,0000000063,2,0.8257361650466919,28.31942367553711,21.80550765991211,-1.0830451250076294,True,91,0.8080357909202576,0.7286657094955444,0.19604705274105072,28.311758041381836,21.943973541259766,-1.2216196060180664,3137,959
2011_09_26_drive_0015_sync,0000000063,3,0.8866746425628662,24.4217472076416,0.10217630118131638,-1.4377202987670898,True,33,0.8666823506355286,0.8500023484230042,0.08749570697546005,24.45400047302246,0.1615188717842102,-1.3820993900299072,3137,959
2011_09_26_drive_0015_sync,0000000064,0,0.7889071106910706,27.107913970947266,21.867151260375977,-1.0917333364486694,True,14,0.7924786806106567,0.8857216835021973,0.07993783801794052,27.12407875061035,21.825084686279297,-1.15775728225708,3068,1028
2011_09_26_drive_0015_sync,0000000064,1,0.8610417246818542,24.219947814941406,0.13732866942882538,-1.407764196395874,True,17,0.8703778982162476,0.8465970754623413,0.11858145147562027,24.296655654907227,0.22165094316005707,-1.4404325485229492,3068,1028
2011_09_26_drive_0015_sync,0000000064,2,0.6531882286071777,21.54074478149414,21.599334716796875,-1.1707311868667603,True,43,0.6974695920944214,0.7440231442451477,0.18629014492034912,21.70595359802246,21.527624130249023,-1.218351125717163,3068,1028
2011_09_26_drive_0015_sync,0000000065,0,0.8042405843734741,25.845121383666992,21.804397583007812,-1.2260138988494873,True,22,0.5822872519493103,0.8367415070533752,0.1987767368555069,26.039913177490234,21.764795303344727,-1.2259352207183838,3043,1053
2011_09_26_drive_0015_sync,0000000065,1,0.45285338163375854,21.5339298248291,27.244884490966797,-0.8999006152153015,True,54,0.006596601102501154,0.7415136098861694,0.2264460325241089,21.70812225341797,27.139793395996094,-0.9993524551391602,3043,1053
2011_09_26_drive_0015_sync,0000000065,2,0.84865802526474,24.15711784362793,0.2716267704963684,-1.439035177230835,True,24,0.8598888516426086,0.8753343224525452,0.10472971200942993,24.24528694152832,0.31695112586021423,-1.4052679538726807,3043,1053
2011_09_26_drive_0015_sync,0000000065,3,0.8551781177520752,20.446998596191406,21.414533615112305,-1.3092703819274902,True,65,0.8721655607223511,0.9446839094161987,0.02014240249991417,20.464664459228516,21.408405303955078,-1.3017818927764893,3043,1053
2011_09_26_drive_0015_sync,0000000066,0,0.8000746369361877,19.458465576171875,21.383180618286133,-1.2487562894821167,True,86,0.8210388422012329,0.874286413192749,0.0829148143529892,19.38672637939453,21.388126373291016,-1.290034532546997,3102,994
2011_09_26_drive_0015_sync,0000000066,1,0.7510461807250977,24.71702766418457,21.703922271728516,-1.1776529550552368,True,31,0.7903833985328674,0.7459808588027954,0.181400328874588,24.580394744873047,21.82320213317871,-1.180789828300476,3102,994
2011_09_26_drive_0015_sync,0000000066,2,0.866546630859375,24.078834533691406,0.21802504360675812,-1.4703623056411743,True,26,0.8705915808677673,0.8198423981666565,0.14155493676662445,24.1225528717041,0.3496541976928711,-1.4420732259750366,3102,994
2011_09_26_drive_0015_sync,0000000067,0,0.7802931070327759,18.265941619873047,21.350997924804688,-1.3193557262420654,True,28,0.8218815326690674,0.8757520914077759,0.049575455486774445,18.290456771850586,21.327056884765625,-1.3551825284957886,3116,980
2011_09_26_drive_0015_sync,0000000067,1,0.7656941413879395,23.561813354492188,21.782150268554688,-1.248854398727417,True,81,0.8410844802856445,0.8728005886077881,0.10310933738946915,23.63103485107422,21.719196319580078,-1.2055332660675049,3116,980
2011_09_26_drive_0015_sync,0000000067,2,0.8826892375946045,24.08574676513672,0.14026755094528198,-1.4782133102416992,True,65,0.8688603043556213,0.8214315176010132,0.119940385222435,24.08397102355957,0.2000194787979126,-1.3742313385009766,3116,980
2011_09_26_drive_0015_sync,0000000068,0,0.8065742254257202,22.67426300048828,21.717853546142578,-1.138386845588684,True,16,0.7735360860824585,0.8862501978874207,0.08414134383201599,22.670331954956055,21.73843765258789,-1.219876766204834,3121,975
2011_09_26_drive_0015_sync,0000000068,1,0.7615237832069397,17.211076736450195,21.307785034179688,-1.4421755075454712,True,19,0.7840762734413147,0.8538458943367004,0.06951412558555603,17.22657012939453,21.359376907348633,-1.3982386589050293,3121,975
2011_09_26_drive_0015_sync,0000000068,2,0.8683149218559265,24.11941909790039,0.32747066020965576,-1.3824255466461182,True,62,0.8390869498252869,0.8269641995429993,0.10266148298978806,24.115907669067383,0.36945533752441406,-1.4760435819625854,3121,975
2011_09_26_drive_0015_sync,0000000069,0,0.7530196905136108,16.086116790771484,21.290889739990234,-1.3821697235107422,True,56,0.7221431732177734,0.839278519153595,0.1032729223370552,16.008949279785156,21.335983276367188,-1.3304295539855957,3158,938
2011_09_26_drive_0015_sync,0000000069,1,0.8571085333824158,24.196008682250977,0.24771727621555328,-1.4815669059753418,True,99,0.883994996547699,0.8033369183540344,0.14441819489002228,24.27780532836914,0.12894490361213684,-1.4892511367797852,3158,938
2011_09_26_drive_0015_sync,0000000069,2,0.67778480052948,21.654226303100586,21.652671813964844,-1.228121280670166,True,55,0.7765688896179199,0.7924109101295471,0.25118985772132874,21.405385971069336,21.651668548583984,-1.2623825073242188,3158,938
2011_09_26_drive_0015_sync,0000000070,0,0.320840984582901,32.2949104309082,27.525527954101562,-0.8697773218154907,True,88,0.04720628634095192,0.6303528547286987,0.38235780596733093,32.62342071533203,27.71221160888672,-0.9283239245414734,3122,974
2011_09_26_drive_0015_sync,0000000070,1,0.851832926273346,24.201492309570312,0.16958369314670563,-1.3918612003326416,True,25,0.8641296625137329,0.9330137968063354,0.052221301943063736,24.195140838623047,0.21805381774902344,-1.4102288484573364,3122,974
2011_09_26_drive_0015_sync,0000000070,2,0.8797697424888611,20.30948257446289,21.67251205444336,-1.2522634267807007,True,15,0.8631320595741272,0.8855925798416138,0.09911616891622543,20.213478088378906,21.695636749267578,-1.2607723474502563,3122,974
2011_09_26_drive_0015_sync,0000000070,3,0.31906917691230774,16.288911819458008,27.26500701904297,-0.9897941946983337,True,10,0.46358346939086914,0.7107577919960022,0.19274362921714783,16.40190315246582,27.129003524780273,-0.9130731821060181,3122,974
2011_09_26_drive_0015_sync,0000000070,4,0.8116612434387207,15.06165599822998,21.28618621826172,-1.3242671489715576,True,63,0.8567033410072327,0.9084805250167847,0.04908224567770958,15.07986831665039,21.27924156188965,-1.2792210578918457,3122,974
2011_09_26_drive_0015_sync,0000000071,0,0.8768547177314758,14.030447959899902,21.27107048034668,-1.3313653469085693,True,50,0.8527531623840332,0.8959594964981079,0.06434169411659241,13.970978736877441,21.247339248657227,-1.3376972675323486,3105,991
2011_09_26_drive_0015_sync,0000000071,1,0.8721325993537903,23.948848724365234,0.23494508862495422,-1.4376211166381836,True,30,0.8707766532897949,0.8361616134643555,0.10220114141702652,23.953054428100586,0.32189708948135376,-1.4911630153656006,3105,991
2011_09_26_drive_0015_sync,0000000071,2,0.8481481671333313,19.266029357910156,21.55923080444336,-1.250345230102539,True,83,0.8610336184501648,0.8237937688827515,0.10266400873661041,19.291440963745117,21.65863037109375,-1.2540701627731323,3105,991
2011_09_26_drive_0015_sync,0000000072,0,0.8661805391311646,24.034833908081055,0.3413894772529602,-1.3999205827713013,True,22,0.8733322620391846,0.8940229415893555,0.0853671282529831,24.091249465942383,0.27732211351394653,-1.399469256401062,3075,1021
2011_09_26_drive_0015_sync,0000000072,1,0.8533653616905212,12.868951797485352,21.213815689086914,-1.2821555137634277,True,78,0.8592996001243591,0.9215854406356812,0.07000602036714554,12.93054485321045,21.226999282836914,-1.3127059936523438,3075,1021
2011_09_26_drive_0015_sync,0000000072,2,0.8358952403068542,18.300046920776367,21.5709171295166,-1.2589468955993652,True,27,0.828981876373291,0.7803152203559875,0.1671913117170334,18.432146072387695,21.64405059814453,-1.1871538162231445,3075,1021
2011_09_26_drive_0015_sync,0000000073,0,0.4991762042045593,29.168128967285156,27.333093643188477,-0.9972214698791504,True,26,0.6489289999008179,0.8687995076179504,0.0785776823759079,29.239551544189453,27.34356689453125,-0.9661799073219299,3107,989
2011_09_26_drive_0015_sync,0000000073,1,0.8663535118103027,11.94498062133789,21.21739387512207,-1.4066327810287476,True,71,0.8742161989212036,0.7971076369285583,0.1053299605846405,11.905609130859375,21.244895935058594,-1.5003767013549805,3107,989
2011_09_26_drive_0015_sync,0000000073,2,0.8762170076370239,17.261001586914062,21.61879539489746,-1.2052932977676392,True,45,0.8497257232666016,0.8413885831832886,0.1161188930273056,17.16669273376465,21.686540603637695,-1.2051348686218262,3107,989
2011_09_26_drive_0015_sync,0000000073,3,0.8852263689041138,24.06513214111328,0.0887298434972763,-1.5024776458740234,True,91,0.8609603643417358,0.8072056174278259,0.10952489078044891,24.071365356445312,0.14347760379314423,-1.407822847366333,3107,989
2011_09_26_drive_0015_sync,0000000074,0,0.5415593385696411,12.369800567626953,26.929643630981445,-1.0458306074142456,True,10,0.7114341259002686,0.8242032527923584,0.13605958223342896,12.269220352172852,26.911123275756836,-0.9560930728912354,3087,1009
2011_09_26_drive_0015_sync,0000000074,1,0.8549380898475647,10.933357238769531,21.212635040283203,-1.4928829669952393,True,47,0.8394963145256042,0.8240214586257935,0.10200878232717514,10.907838821411133,21.243450164794922,-1.3990478515625,3087,1009
2011_09_26_drive_0015_sync,0000000074,2,0.8647754192352295,23.999183654785156,0.17528453469276428,-1.4291337728500366,True,49,0.8531849980354309,0.8891969919204712,0.07653345167636871,23.988479614257812,0.2192007452249527,-1.4908926486968994,3087,1009
2011_09_26_drive_0015_sync,0000000074,3,0.8325270414352417,16.15283203125,21.581806182861328,-1.3145161867141724,True,27,0.8204700350761414,0.9344608187675476,0.06129319965839386,16.179058074951172,21.577163696289062,-1.3697203397750854,3087,1009
2011_09_26_drive_0015_sync,0000000074,4,0.4061034619808197,55.552188873291016,21.459423065185547,-0.8259145021438599,True,19,0.3519222140312195,0.8621090650558472,0.0967240184545517,55.61644744873047,21.53011703491211,-0.8107905387878418,3087,1009
2011_09_26_drive_0015_sync,0000000075,0,0.8797796964645386,9.766425132751465,21.19556999206543,-1.3936771154403687,True,85,0.8670598268508911,0.9030954241752625,0.08126232028007507,9.846056938171387,21.17954444885254,-1.3913270235061646,3078,1018
2011_09_26_drive_0015_sync,0000000075,1,0.5721887350082397,46.717227935791016,21.30752944946289,-0.8972907066345215,True,48,0.4781840145587921,0.8775758743286133,0.022676488384604454,46.69629669189453,21.313730239868164,-0.8911542296409607,3078,1018
2011_09_26_drive_0015_sync,0000000075,2,0.5473219752311707,54.4434928894043,22.13327980041504,-0.7088510990142822,True,44,0.4696952700614929,0.821473240852356,0.10750174522399902,54.51525115966797,22.145305633544922,-0.7879886627197266,3078,1018
2011_09_26_drive_0015_sync,0000000075,3,0.830215334892273,15.201722145080566,21.52036476135254,-1.3022007942199707,True,29,0.8255447745323181,0.8746277689933777,0.05037785321474075,15.158129692077637,21.528644561767578,-1.2783455848693848,3078,1018
2011_09_26_drive_0015_sync,0000000075,4,0.8742688894271851,24.097999572753906,0.2727694511413574,-1.5180206298828125,True,39,0.881018340587616,0.8291953206062317,0.1477774977684021,24.011940002441406,0.15264832973480225,-1.5163309574127197,3078,1018
2011_09_26_drive_0015_sync,0000000075,5,0.4458407461643219,11.201688766479492,26.90938949584961,-1.004845380783081,True,91,0.08938871324062347,0.688286542892456,0.28292393684387207,11.317191123962402,27.164276123046875,-0.9631564617156982,3078,1018
2011_09_26_drive_0015_sync,0000000076,0,0.8289334774017334,8.99852466583252,21.162593841552734,-1.4680356979370117,True,67,0.8490569591522217,0.9341591000556946,0.030664751306176186,8.996113777160645,21.19294548034668,-1.4643898010253906,3073,1023
2011_09_26_drive_0015_sync,0000000076,1,0.8632212281227112,14.176637649536133,21.548175811767578,-1.318458080291748,True,93,0.8689104318618774,0.8392065167427063,0.09405302256345749,14.21750259399414,21.4752254486084,-1.2753968238830566,3073,1023
2011_09_26_drive_0015_sync,0000000076,2,0.8505840301513672,24.05824851989746,0.08906307816505432,-1.4750781059265137,True,63,0.8358202576637268,0.7589885592460632,0.26988768577575684,23.79436683654785,0.14563539624214172,-1.4727567434310913,3073,1023
2011_09_26_drive_0015_sync,0000000076,3,0.7356138825416565,25.949384689331055,27.281309127807617,-0.9587122201919556,True,56,0.24579687416553497,0.7798312902450562,0.11859658360481262,26.059926986694336,27.25604248046875,-0.993456244468689,3073,1023
2011_09_26_drive_0015_sync,0000000077,0,0.6398600935935974,44.622283935546875,21.209840774536133,-0.8724260330200195,True,51,0.6625838279724121,0.9801895618438721,0.013549678958952427,44.619625091552734,21.206735610961914,-0.8853443264961243,3077,1019
2011_09_26_drive_0015_sync,0000000077,1,0.8876721858978271,13.141074180603027,21.49495506286621,-1.2205026149749756,True,74,0.8738492131233215,0.8611393570899963,0.14453844726085663,13.17706298828125,21.48773193359375,-1.360302448272705,3077,1019
2011_09_26_drive_0015_sync,0000000077,2,0.8556499481201172,24.0629940032959,-0.21791759133338928,-1.4438645839691162,True,48,0.7961649298667908,0.8194608688354492,0.10964582860469818,24.017915725708008,-0.12723712623119354,-1.4859027862548828,3077,1019
2011_09_26_drive_0015_sync,0000000077,3,0.3347629904747009,59.1830940246582,-20.80489730834961,0.06378108263015747,True,78,0.30825668573379517,0.85033118724823,0.07133105397224426,59.142547607421875,-20.81253433227539,0.005593597888946533,3077,1019
2011_09_26_drive_0015_sync,0000000077,4,0.8811672329902649,7.852783679962158,21.236392974853516,-1.4259113073349,True,55,0.8544893264770508,0.7916369438171387,0.16527493298053741,7.964131832122803,21.171161651611328,-1.5291695594787598,3077,1019
2011_09_26_drive_0015_sync,0000000078,0,0.8270965218544006,6.996819972991943,21.204633712768555,-1.5276556015014648,True,29,0.8390138149261475,0.8739017248153687,0.07153696566820145,7.023937225341797,21.144041061401367,-1.5543149709701538,3071,1025
2011_09_26_drive_0015_sync,0000000078,1,0.37842297554016113,24.252370834350586,27.290822982788086,-1.116097092628479,True,15,0.45687127113342285,0.7484667897224426,0.29365086555480957,23.96640968322754,27.259647369384766,-1.057062029838562,3071,1025
2011_09_26_drive_0015_sync,0000000078,2,0.8809091448783875,24.227218627929688,0.07814528793096542,-1.4449965953826904,True,88,0.867063581943512,0.9360346794128418,0.049133215099573135,24.187320709228516,0.05166987329721451,-1.4560093879699707,3071,1025
2011_09_26_drive_0015_sync,0000000078,3,0.8285324573516846,12.201333045959473,21.448511123657227,-1.3885655403137207,True,71,0.8659512400627136,0.8593479990959167,0.10498522222042084,12.22721004486084,21.499370574951172,-1.4766881465911865,3071,1025
2011_09_26_drive_0015_sync,0000000079,0,0.7198743224143982,57.959075927734375,22.028854370117188,-0.8839653134346008,True,13,0.617599606513977,0.7816959619522095,0.17929740250110626,57.84996795654297,21.90448760986328,-0.8148573040962219,3029,1067
2011_09_26_drive_0015_sync,0000000079,1,0.8707414269447327,24.10225486755371,0.00139666348695755,-1.5279288291931152,True,64,0.8642774820327759,0.8749685883522034,0.0886697843670845,24.080106735229492,-0.07004932314157486,-1.4803130626678467,3029,1067
2011_09_26_drive_0015_sync,0000000079,2,0.7126211524009705,7.469422817230225,26.899080276489258,-1.3523352146148682,True,47,0.05454972758889198,0.8332644104957581,0.26307162642478943,7.349400997161865,26.904752731323242,-1.1183068752288818,3029,1067
2011_09_26_drive_0015_sync,0000000079,3,0.4840354919433594,23.30370330810547,27.092512130737305,-0.8778259754180908,True,84,0.28592449426651,0.7947368621826172,0.15468832850456238,23.221662521362305,27.069965362548828,-1.0070135593414307,3029,1067
2011_09_26_drive_0015_sync,0000000079,4,0.8369917273521423,5.787246227264404,21.20153045654297,-1.454174518585205,True,92,0.8259715437889099,0.845444917678833,0.17923663556575775,5.955743312835693,21.183218002319336,-1.5124768018722534,3029,1067
2011_09_26_drive_0015_sync,0000000079,5,0.8740447759628296,11.248385429382324,21.459959030151367,-1.3450381755828857,True,90,0.8451234102249146,0.9199589490890503,0.04305347055196762,11.257267951965332,21.41948890686035,-1.3567373752593994,3029,1067
2011_09_26_drive_0015_sync,0000000080,0,0.8569361567497253,24.20611572265625,0.15156733989715576,-1.4894955158233643,True,76,0.8729933500289917,0.8775390982627869,0.10111124068498611,24.117103576660156,0.10379047691822052,-1.485289454460144,3100,996
2011_09_26_drive_0015_sync,0000000080,1,0.8349081873893738,5.024126052856445,21.1073055267334,-1.562023401260376,True,96,0.7929178476333618,0.8189601302146912,0.1829243004322052,4.857547760009766,21.169261932373047,-1.518729329109192,3100,996
2011_09_26_drive_0015_sync,0000000080,2,0.5811042189598083,49.35392379760742,21.639320373535156,-0.8599563837051392,True,32,0.6007696390151978,0.8734039664268494,0.085487961769104,49.394493103027344,21.70309829711914,-0.8998900651931763,3100,996
2011_09_26_drive_0015_sync,0000000080,3,0.7325404286384583,10.096034049987793,21.462970733642578,-1.3772395849227905,True,62,0.7991286516189575,0.8525980114936829,0.1709180623292923,10.238093376159668,21.486360549926758,-1.2851252555847168,3100,996
2011_09_26_drive_0015_sync,0000000080,4,0.7747949957847595,6.478862762451172,26.88890266418457,-1.217339038848877,True,99,0.4241679310798645,0.9155323505401611,0.035953570157289505,6.505864143371582,26.892805099487305,-1.2407560348510742,3100,996
2011_09_26_drive_0015_sync,0000000080,5,0.6880178451538086,22.358280181884766,27.11277198791504,-0.9700767993927002,True,20,0.7708275318145752,0.8975292444229126,0.06714743375778198,22.382549285888672,27.085521697998047,-0.9137100577354431,3100,996
2011_09_26_drive_0015_sync,0000000080,6,0.4961945116519928,41.727237701416016,21.10706901550293,-1.1052519083023071,True,60,0.4816739559173584,0.7888340353965759,0.20750223100185394,41.92704391479492,21.141374588012695,-1.0610051155090332,3100,996
2011_09_26_drive_0015_sync,0000000081,0,0.8733953833580017,9.22138786315918,21.40545082092285,-1.3761900663375854,True,92,0.8712983727455139,0.9040433168411255,0.03344087302684784,9.214174270629883,21.432371139526367,-1.3577089309692383,3038,1058
2011_09_26_drive_0015_sync,0000000081,1,0.8430970311164856,3.979050636291504,21.14375877380371,-1.544862151145935,True,8,0.8798441886901855,0.7901140451431274,0.18463186919689178,3.8109700679779053,21.219369888305664,-1.5338709354400635,3038,1058
2011_09_26_drive_0015_sync,0000000081,2,0.8739815950393677,24.17917251586914,0.04607293754816055,-1.5276753902435303,True,87,0.8719341158866882,0.8067569732666016,0.13246385753154755,24.178091049194336,0.16525328159332275,-1.4698692560195923,3038,1058
2011_09_26_drive_0015_sync,0000000081,3,0.4571606516838074,5.221192836761475,26.878400802612305,-1.1355814933776855,True,91,0.3990935981273651,0.9078837633132935,0.02331339567899704,5.219171524047852,26.855316162109375,-1.1330264806747437,3038,1058
2011_09_26_drive_0015_sync,0000000082,0,0.5029501914978027,4.593530654907227,26.73264503479004,-1.2422397136688232,True,56,0.42747169733047485,0.8410277962684631,0.12076712399721146,4.605547904968262,26.852258682250977,-1.2537661790847778,3053,1043
2011_09_26_drive_0015_sync,0000000082,1,0.8332428336143494,3.0071868896484375,21.074504852294922,-1.5838732719421387,True,74,0.8493533730506897,0.9123497605323792,0.02772638574242592,3.011549234390259,21.1014404296875,-1.5789542198181152,3053,1043
2011_09_26_drive_0015_sync,0000000082,2,0.8811883330345154,24.24859046936035,0.03849957138299942,-1.5172345638275146,True,41,0.8771857619285583,0.8529443740844727,0.10720903426408768,24.24108123779297,0.1445615440607071,-1.503514289855957,3053,1043
2011_09_26_drive_0015_sync,0000000082,3,0.8707523941993713,8.236693382263184,21.387527465820312,-1.340863585472107,True,75,0.8857859969139099,0.8719362020492554,0.09293095767498016,8.209250450134277,21.39864730834961,-1.4289510250091553,3053,1043
2011_09_26_drive_0015_sync,0000000083,0,0.8652852177619934,24.162813186645508,0.08680029958486557,-1.4702117443084717,True,83,0.8479401469230652,0.7777891159057617,0.15963256359100342,24.184106826782227,0.24439197778701782,-1.484140157699585,3074,1022
2011_09_26_drive_0015_sync,0000000083,1,0.8270914554595947,7.274509906768799,21.44684600830078,-1.447139024734497,True,87,0.7840808629989624,0.8115563988685608,0.17107677459716797,7.4291911125183105,21.4271240234375,-1.3767683506011963,3074,1022
2011_09_26_drive_0015_sync,0000000083,2,0.3406858742237091,46.57948303222656,21.272104263305664,-0.8727500438690186,True,55,0.2902734875679016,0.9210751056671143,0.04698195308446884,46.58744430541992,21.31696319580078,-0.8612784147262573,3074,1022
2011_09_26_drive_0015_sync,0000000083,3,0.8715777397155762,2.024390935897827,21.140789031982422,-1.6437678337097168,True,34,0.8413472175598145,0.8524495363235474,0.10103028267621994,2.0900471210479736,21.07259178161621,-1.608475923538208,3074,1022
2011_09_26_drive_0015_sync,0000000084,0,0.8430302739143372,24.02793312072754,0.07733191549777985,-1.4217357635498047,True,31,0.8317042589187622,0.8788197040557861,0.12616847455501556,24.146169662475586,0.08606317639350891,-1.464890956878662,3065,1031
2011_09_26_drive_0015_sync,0000000084,1,0.8503959774971008,6.2296857833862305,21.46153450012207,-1.4331384897232056,True,89,0.8811905384063721,0.8554489016532898,0.10927637666463852,6.256865501403809,21.404504776000977,-1.3439745903015137,3065,1031
2011_09_26_drive_0015_sync,0000000084,2,0.7201023697853088,1.4313950538635254,21.09081268310547,-1.5588784217834473,True,97,0.7462471127510071,0.8111560940742493,0.10252466797828674,1.4709699153900146,21.185388565063477,-1.5596132278442383,3065,1031
2011_09_26_drive_0015_sync,0000000084,3,0.4496527314186096,38.05937957763672,20.885034561157227,-1.048231601715088,True,56,0.4882708787918091,0.8515630960464478,0.10322404652833939,38.01028823852539,20.965410232543945,-1.0059823989868164,3065,1031
2011_09_26_drive_0015_sync,0000000084,4,0.4514029622077942,18.525339126586914,27.26923179626465,-1.157309889793396,True,51,0.1717924326658249,0.8533063530921936,0.08061634749174118,18.454954147338867,27.299211502075195,-1.131890058517456,3065,1031
2011_09_26_drive_0015_sync,0000000085,0,0.8729522824287415,23.954553604125977,0.024540219455957413,-1.4793965816497803,True,34,0.8695226311683655,0.8216995000839233,0.1325860619544983,24.052080154418945,0.10821004211902618,-1.5120614767074585,3062,1034
2011_09_26_drive_0015_sync,0000000085,1,0.36218681931495667,44.47836685180664,21.11737632751465,-0.8698161840438843,True,15,0.48513683676719666,0.8490047454833984,0.12033113092184067,44.57695007324219,21.152494430541992,-0.9292101860046387,3062,1034
2011_09_26_drive_0015_sync,0000000085,2,0.8708325624465942,5.369205951690674,21.39006996154785,-1.381468415260315,True,64,0.830015242099762,0.8079233765602112,0.07671413570642471,5.369715690612793,21.4271240234375,-1.3142985105514526,3062,1034
2011_09_26_drive_0015_sync,0000000085,3,0.5038855671882629,-0.017708532512187958,21.109424591064453,-1.554229497909546,True,35,0.7908770442008972,0.6987042427062988,0.3325139284133911,0.30203574895858765,21.061494827270508,-1.6318944692611694,3062,1034
2011_09_26_drive_0015_sync,0000000086,0,0.8407368063926697,4.416797161102295,21.401762008666992,-1.4067285060882568,True,79,0.8398592472076416,0.8298368453979492,0.11225322633981705,4.485171318054199,21.344039916992188,-1.3389500379562378,3083,1013
2011_09_26_drive_0015_sync,0000000086,1,0.7323989868164062,35.88455581665039,20.985057830810547,-0.9942201375961304,True,44,0.6277116537094116,0.7870236039161682,0.2897229492664337,36.17256164550781,20.953664779663086,-0.9967725276947021,3083,1013
2011_09_26_drive_0015_sync,0000000086,2,0.853554904460907,23.997346878051758,-0.03604763746261597,-1.4062365293502808,True,8,0.8600357174873352,0.8929726481437683,0.08097638189792633,23.991474151611328,-0.1165795773267746,-1.4123432636260986,3083,1013
2011_09_26_drive_0015_sync,0000000086,3,0.5525985956192017,43.62044143676758,21.204214096069336,-0.7789270877838135,True,55,0.22316183149814606,0.7375457882881165,0.1409643292427063,43.5749626159668,21.327274322509766,-0.7273635268211365,3083,1013
2011_09_26_drive_0015_sync,0000000087,0,0.605482816696167,42.64482879638672,21.348922729492188,-0.8273462653160095,True,78,0.540052592754364,0.6527524590492249,0.33446890115737915,42.930301666259766,21.494552612304688,-0.731603741645813,3057,1039
2011_09_26_drive_0015_sync,0000000087,1,0.7392491102218628,35.057918548583984,20.88140106201172,-1.0400190353393555,True,53,0.7804229855537415,0.8161337375640869,0.11005523800849915,35.10469436645508,20.9569034576416,-0.9750300645828247,3057,1039
2011_09_26_drive_0015_sync,0000000087,2,0.6497510075569153,23.691011428833008,0.14321120083332062,-1.3701629638671875,True,40,0.7436401844024658,0.8027135729789734,0.20747138559818268,23.873445510864258,0.2377634346485138,-1.341491460800171,3057,1039
2011_09_26_drive_0015_sync,0000000087,3,0.8506103754043579,3.4688103199005127,21.405559539794922,-1.4635863304138184,True,51,0.716870903968811,0.8604778051376343,0.08279140293598175,3.4277050495147705,21.429975509643555,-1.5311779975891113,3057,1039
2011_09_26_drive_0015_sync,0000000088,0,0.8384474515914917,23.815935134887695,0.13577477633953094,-1.3618112802505493,True,36,0.8057597875595093,0.8105480074882507,0.12304362654685974,23.81182861328125,0.15074072778224945,-1.4838722944259644,3099,997
2011_09_26_drive_0015_sync,0000000088,1,0.4031246602535248,41.58989334106445,21.243623733520508,-0.8491255640983582,True,84,0.28272756934165955,0.6364330053329468,0.3330244719982147,41.36548614501953,21.48916244506836,-0.8651708960533142,3099,997
2011_09_26_drive_0015_sync,0000000088,2,0.8216135501861572,34.07705307006836,20.89000701904297,-1.0001816749572754,True,69,0.7349668145179749,0.8269590139389038,0.012268596328794956,34.07874298095703,20.901803970336914,-0.9972671270370483,3099,997
2011_09_26_drive_0015_sync,0000000088,3,0.8324376344680786,2.453254222869873,21.397499084472656,-1.3670092821121216,True,99,0.8056614995002747,0.8584592938423157,0.0832531526684761,2.5131993293762207,21.404951095581055,-1.4242992401123047,3099,997
2011_09_26_drive_0015_sync,0000000089,0,0.6875925660133362,33.15297317504883,20.822193145751953,-1.0648030042648315,True,12,0.6115776896476746,0.9209645986557007,0.07089915871620178,33.21222686767578,20.832069396972656,-1.102461338043213,3101,995
2011_09_26_drive_0015_sync,0000000089,1,0.7611544132232666,1.7435554265975952,21.334516525268555,-1.459119439125061,True,98,0.7666089534759521,0.9028350114822388,0.07140251994132996,1.7646780014038086,21.320011138916016,-1.3924729824066162,3101,995
2011_09_26_drive_0015_sync,0000000089,2,0.8477373123168945,23.868083953857422,-0.06795201450586319,-1.4569523334503174,True,74,0.8307710886001587,0.8229043483734131,0.12986338138580322,23.755098342895508,-0.0075788795948028564,-1.4782557487487793,3101,995
2011_09_26_drive_0015_sync,0000000089,3,0.42833882570266724,40.76170349121094,21.350744247436523,-0.8917855620384216,True,88,0.2812251150608063,0.7900137305259705,0.11251889914274216,40.69578170776367,21.417966842651367,-0.9533967971801758,3101,995
2011_09_26_drive_0015_sync,0000000090,0,0.7036157250404358,32.17591857910156,20.977684020996094,-1.0244455337524414,True,55,0.6381127834320068,0.9294171929359436,0.07642573863267899,32.10488510131836,20.968509674072266,-1.0511095523834229,3119,977
2011_09_26_drive_0015_sync,0000000090,1,0.8770754337310791,23.780061721801758,0.17495958507061005,-1.388980746269226,True,92,0.8806445002555847,0.926165759563446,0.06401774287223816,23.743215560913086,0.2008684128522873,-1.4344710111618042,3119,977
2011_09_26_drive_0015_sync,0000000090,2,0.428200364112854,0.5375981330871582,21.450042724609375,-1.4487926959991455,True,37,0.7138317227363586,0.787180483341217,0.1255863904953003,0.5342756509780884,21.32900619506836,-1.4821252822875977,3119,977
2011_09_26_drive_0015_sync,0000000091,0,0.8291917443275452,23.711109161376953,0.33551377058029175,-1.352652668952942,True,27,0.8574519157409668,0.8194049596786499,0.139137864112854,23.641834259033203,0.2155255228281021,-1.3654258251190186,3070,1026
2011_09_26_drive_0015_sync,0000000091,1,0.4460863769054413,-0.3691190481185913,21.451854705810547,-1.3919169902801514,True,77,0.745877206325531,0.7301966547966003,0.23097051680088043,-0.21688546240329742,21.29550552368164,-1.4675955772399902,3070,1026
2011_09_26_drive_0015_sync,0000000092,0,0.8637639880180359,23.600210189819336,0.11915145814418793,-1.4402387142181396,True,48,0.8508641123771667,0.9131612777709961,0.08240190148353577,23.538087844848633,0.15172459185123444,-1.3969966173171997,3092,1004
2011_09_26_drive_0015_sync,0000000092,1,0.6391782164573669,30.48733139038086,20.868074417114258,-1.0423583984375,True,68,0.49795323610305786,0.7996788024902344,0.23173947632312775,30.70014190673828,20.95980453491211,-1.0416873693466187,3092,1004
2011_09_26_drive_0015_sync,0000000092,2,0.4543083906173706,38.2082633972168,21.163928985595703,-0.9495834112167358,True,15,0.5348783135414124,0.794560432434082,0.139967143535614,38.292457580566406,21.05457305908203,-0.9728947877883911,3092,1004
2011_09_26_drive_0015_sync,0000000093,0,0.5681009292602539,29.485445022583008,20.921083450317383,-1.020544409751892,True,99,0.5672036409378052,0.882450520992279,0.08590929955244064,29.5694637298584,20.93328285217285,-1.033676028251648,3143,953
2011_09_26_drive_0015_sync,0000000093,1,0.866254448890686,23.37442398071289,0.2546408772468567,-1.4371323585510254,True,53,0.8641445636749268,0.7873654365539551,0.16739940643310547,23.508304595947266,0.16488716006278992,-1.4823298454284668,3143,953
2011_09_26_drive_0015_sync,0000000094,0,0.8672807216644287,23.39215660095215,0.03379783779382706,-1.4077563285827637,True,58,0.8609452247619629,0.91185462474823,0.04214382544159889,23.396549224853516,0.012316659092903137,-1.37176513671875,3128,968
2011_09_26_drive_0015_sync,0000000094,1,0.7878671884536743,36.2523307800293,21.092073440551758,-0.8876643776893616,True,77,0.7041062116622925,0.8757614493370056,0.13785752654075623,36.126129150390625,21.03662872314453,-0.8857333660125732,3128,968
2011_09_26_drive_0015_sync,0000000094,2,0.8461272716522217,28.543664932250977,20.85409164428711,-1.0437313318252563,True,99,0.800072968006134,0.8324374556541443,0.12727494537830353,28.552610397338867,20.89179801940918,-1.1649630069732666,3128,968
2011_09_26_drive_0015_sync,0000000095,0,0.8575746417045593,23.267061233520508,0.22645477950572968,-1.4372975826263428,True,64,0.8628479838371277,0.8349540829658508,0.1402275413274765,23.39813804626465,0.176839679479599,-1.4418772459030151,3100,996
2011_09_26_drive_0015_sync,0000000095,1,0.6839079856872559,27.87652015686035,20.868383407592773,-0.9927706718444824,True,10,0.7476809620857239,0.9186272025108337,0.04732909053564072,27.831863403320312,20.85369873046875,-0.9982640743255615,3100,996
2011_09_26_drive_0015_sync,0000000095,2,0.6759412884712219,35.2640380859375,21.15228271484375,-0.9675500392913818,True,63,0.6176080107688904,0.9025856256484985,0.06925541907548904,35.26658630371094,21.09457778930664,-0.9293406009674072,3100,996
2011_09_26_drive_0015_sync,0000000096,0,0.8813409209251404,23.243377685546875,0.08235211670398712,-1.4047092199325562,True,60,0.8115633726119995,0.7569108605384827,0.2341039925813675,23.0411376953125,0.19506224989891052,-1.3700668811798096,3099,997
2011_09_26_drive_0015_sync,0000000096,1,0.7629972696304321,26.869548797607422,20.833847045898438,-1.133337378501892,True,61,0.8330110907554626,0.8977829813957214,0.07420175522565842,26.917036056518555,20.890846252441406,-1.1347341537475586,3099,997
2011_09_26_drive_0015_sync,0000000096,2,0.568546712398529,41.76942825317383,21.56198501586914,-0.9501886963844299,True,86,0.5856866836547852,0.8531872630119324,0.09303286671638489,41.77019119262695,21.472692489624023,-0.9240854978561401,3099,997
2011_09_26_drive_0015_sync,0000000096,3,0.7946780323982239,34.2969856262207,21.030109405517578,-0.8346465229988098,True,30,0.7269958853721619,0.9004960656166077,0.057862237095832825,34.351356506347656,21.029451370239258,-0.8544306755065918,3099,997
2011_09_26_drive_0015_sync,0000000097,0,0.8611320853233337,25.89093589782715,20.896432876586914,-1.0338103771209717,True,94,0.8640227913856506,0.9202794432640076,0.011454201303422451,25.892894744873047,20.89234733581543,-1.044330358505249,3097,999
2011_09_26_drive_0015_sync,0000000097,1,0.7706308960914612,23.07933807373047,0.3340149223804474,-1.358024001121521,True,75,0.8220658302307129,0.8989518880844116,0.08109358698129654,23.06546974182129,0.3183596432209015,-1.4363741874694824,3097,999
2011_09_26_drive_0015_sync,0000000098,0,0.8576422929763794,23.013864517211914,0.26002049446105957,-1.3790512084960938,True,71,0.8570804595947266,0.930981457233429,0.041794754564762115,23.00121307373047,0.22516565024852753,-1.359766960144043,3072,1024
2011_09_26_drive_0015_sync,0000000098,1,0.6403994560241699,39.96824645996094,21.36561393737793,-1.0205297470092773,True,41,0.6551235914230347,0.8205510377883911,0.14419716596603394,39.8510627746582,21.308853149414062,-0.9585699439048767,3072,1024
2011_09_26_drive_0015_sync,0000000098,2,0.8089974522590637,25.1069393157959,20.900043487548828,-1.2081398963928223,True,48,0.8321132659912109,0.783844530582428,0.15305465459823608,25.022993087768555,20.966840744018555,-1.098975419998169,3072,1024
2011_09_26_drive_0015_sync,0000000098,3,0.7911513447761536,32.58350372314453,21.120685577392578,-1.084337830543518,True,42,0.8032141327857971,0.8510611057281494,0.12450838088989258,32.587039947509766,21.167577743530273,-0.9690514206886292,3072,1024
2011_09_26_drive_0015_sync,0000000099,0,0.8714936375617981,22.932191848754883,0.2998494803905487,-1.3922691345214844,True,33,0.8879984617233276,0.8802390694618225,0.09385547041893005,23.00406265258789,0.2802952826023102,-1.4493749141693115,3114,982
2011_09_26_drive_0015_sync,0000000099,1,0.8359786868095398,24.084379196166992,20.94987678527832,-1.230615496635437,True,64,0.8534034490585327,0.8028161525726318,0.07537597417831421,24.10413360595703,20.890792846679688,-1.1881844997406006,3114,982
2011_09_26_drive_0015_sync,0000000099,2,0.6853457093238831,31.633804321289062,21.23616600036621,-1.0898427963256836,True,59,0.8163532614707947,0.7826828956604004,0.15374122560024261,31.76368522644043,21.157882690429688,-1.0645636320114136,3114,982
2011_09_26_drive_0015_sync,0000000099,3,0.6856434345245361,39.122684478759766,21.373144149780273,-0.9176375865936279,True,17,0.5006828904151917,0.8471534252166748,0.09057417511940002,39.18007278442383,21.358484268188477,-0.9861602187156677,3114,982
2011_09_26_drive_0015_sync,0000000100,0,0.8613705635070801,22.778696060180664,0.2324989140033722,-1.3365709781646729,True,32,0.857772171497345,0.8665013313293457,0.08754059672355652,22.83325958251953,0.2797224223613739,-1.3861302137374878,3107,989
2011_09_26_drive_0015_sync,0000000100,1,0.8156923055648804,23.328166961669922,20.867273330688477,-1.2278996706008911,True,51,0.7953510284423828,0.9123555421829224,0.05670502409338951,23.27688980102539,20.846763610839844,-1.2407629489898682,3107,989
2011_09_26_drive_0015_sync,0000000100,2,0.5333540439605713,30.56559944152832,21.13777732849121,-1.0923306941986084,True,95,0.6595696806907654,0.6556024551391602,0.4871625602245331,31.046611785888672,21.186138153076172,-1.0321999788284302,3107,989
2011_09_26_drive_0015_sync,0000000101,0,0.8005800843238831,30.026870727539062,21.133323669433594,-1.0824878215789795,True,54,0.8097854256629944,0.873149037361145,0.12490131705999374,29.906383514404297,21.165754318237305,-1.076882243156433,3090,1006
2011_09_26_drive_0015_sync,0000000101,1,0.7797719240188599,22.600187301635742,20.883970260620117,-1.178436279296875,True,72,0.8318489789962769,0.8645055294036865,0.09564770013093948,22.58150291442871,20.963369369506836,-1.2283878326416016,3090,1006
2011_09_26_drive_0015_sync,0000000101,2,0.8699995875358582,22.78858757019043,0.3758193552494049,-1.4143483638763428,True,98,0.8591301441192627,0.9360958933830261,0.025029562413692474,22.766096115112305,0.37236452102661133,-1.403923511505127,3090,1006
2011_09_26_drive_0015_sync,0000000102,0,0.8811858296394348,22.68797492980957,0.2310141623020172,-1.4474399089813232,True,57,0.8669991493225098,0.885730504989624,0.07028530538082123,22.661113739013672,0.20799416303634644,-1.3867062330245972,3079,1017
2011_09_26_drive_0015_sync,0000000102,1,0.8301563858985901,29.079856872558594,21.185686111450195,-1.1211092472076416,True,17,0.8459601998329163,0.8398565649986267,0.18026107549667358,28.911128997802734,21.12936782836914,-1.1503190994262695,3079,1017
2011_09_26_drive_0015_sync,0000000102,2,0.8260015249252319,21.71258544921875,20.897998809814453,-1.2661170959472656,True,59,0.809666633605957,0.7860105633735657,0.17446669936180115,21.849197387695312,20.992189407348633,-1.3200052976608276,3079,1017
2011_09_26_drive_0015_sync,0000000102,3,0.40895509719848633,36.61796951293945,21.117042541503906,-1.112095594406128,True,56,0.2651698887348175,0.7759601473808289,0.13314446806907654,36.597496032714844,21.014617919921875,-1.194663643836975,3079,1017
2011_09_26_drive_0015_sync,0000000103,0,0.889491081237793,21.01714324951172,20.968570709228516,-1.3455897569656372,True,93,0.8789595365524292,0.9047349095344543,0.0586204007267952,21.034923553466797,20.92121696472168,-1.315961480140686,3022,1074
2011_09_26_drive_0015_sync,0000000103,1,0.872952938079834,22.59218978881836,0.19318684935569763,-1.496171236038208,True,62,0.8744834065437317,0.9030077457427979,0.06304986774921417,22.607624053955078,0.2539843022823334,-1.502553939819336,3022,1074
2011_09_26_drive_0015_sync,0000000103,2,0.7818479537963867,35.815677642822266,21.598814010620117,-1.2136256694793701,True,99,0.7135493755340576,0.943652868270874,0.04625590145587921,35.778446197509766,21.59206771850586,-1.2402323484420776,3022,1074
2011_09_26_drive_0015_sync,0000000103,3,0.7252019047737122,28.45662498474121,21.075332641601562,-1.1747074127197266,True,69,0.807010293006897,0.815397322177887,0.12112288177013397,28.547956466674805,21.15306282043457,-1.1577565670013428,3022,1074
2011_09_26_drive_0015_sync,0000000104,0,0.6305941939353943,34.96063232421875,21.46281623840332,-1.2747409343719482,True,8,0.46226823329925537,0.8946321606636047,0.04599200561642647,34.99475860595703,21.43772315979004,-1.2568244934082031,3069,1027
2011_09_26_drive_0015_sync,0000000104,1,0.6784932613372803,22.2703857421875,0.39619556069374084,-1.5184900760650635,True,48,0.8047327995300293,0.8497847318649292,0.15078966319561005,22.337413787841797,0.3516247868537903,-1.3909823894500732,3069,1027
2011_09_26_drive_0015_sync,0000000104,2,0.8583691120147705,27.528959274291992,21.193790435791016,-1.1983716487884521,True,86,0.8680261969566345,0.9181320667266846,0.05945158749818802,27.585893630981445,21.208003997802734,-1.1888351440429688,3069,1027
2011_09_26_drive_0015_sync,0000000104,3,0.7908294796943665,20.070669174194336,20.923660278320312,-1.4162626266479492,True,40,0.7313408255577087,0.7947645783424377,0.11192702502012253,20.012130737304688,21.019033432006836,-1.4140552282333374,3069,1027
2011_09_26_drive_0015_sync,0000000105,0,0.8449966311454773,26.69028091430664,21.201128005981445,-1.3158888816833496,True,71,0.849571943283081,0.843547523021698,0.09873271733522415,26.658187866210938,21.163366317749023,-1.2304942607879639,3127,969
2011_09_26_drive_0015_sync,0000000105,1,0.866001546382904,22.3638916015625,0.35018107295036316,-1.4717811346054077,True,43,0.848892092704773,0.8474652767181396,0.09500820189714432,22.40123176574707,0.431491494178772,-1.503732442855835,3127,969
2011_09_26_drive_0015_sync,0000000105,2,0.7039281129837036,34.22998809814453,21.532989501953125,-1.2182841300964355,True,50,0.6230010986328125,0.9299861788749695,0.04712776094675064,34.21104049682617,21.558120727539062,-1.253361701965332,3127,969
2011_09_26_drive_0015_sync,0000000105,3,0.7873116731643677,19.4127197265625,20.949302673339844,-1.3083901405334473,True,45,0.8163131475448608,0.8336420059204102,0.12401153892278671,19.520702362060547,21.009870529174805,-1.3013086318969727,3127,969
2011_09_26_drive_0015_sync,0000000106,0,0.8371145129203796,22.18935775756836,0.42716526985168457,-1.477774739265442,True,21,0.8588652610778809,0.8089973330497742,0.08656255900859833,22.203866958618164,0.3535860776901245,-1.434546709060669,3078,1018
2011_09_26_drive_0015_sync,0000000106,1,0.8150046467781067,25.812442779541016,21.20508575439453,-1.1662784814834595,True,95,0.8587877750396729,0.8990811109542847,0.032433003187179565,25.81843376159668,21.207382202148438,-1.134486436843872,3078,1018
2011_09_26_drive_0015_sync,0000000106,2,0.5000184774398804,33.379974365234375,21.52348518371582,-1.199023723602295,True,80,0.605859637260437,0.8039907217025757,0.12751798331737518,33.438385009765625,21.586454391479492,-1.104769229888916,3078,1018
2011_09_26_drive_0015_sync,0000000106,3,0.8030211329460144,18.580286026000977,20.953048706054688,-1.3150293827056885,True,51,0.8117537498474121,0.6633810997009277,0.19752372801303864,18.4493465423584,20.87824821472168,-1.4426043033599854,3078,1018
2011_09_26_drive_0015_sync,0000000107,0,0.7111093401908875,32.47096252441406,21.656490325927734,-1.2022466659545898,True,97,0.7074294090270996,0.890518069267273,0.04427912458777428,32.46628189086914,21.626081466674805,-1.1704027652740479,3111,985
2011_09_26_drive_0015_sync,0000000107,1,0.8534834384918213,24.99955177307129,21.141904830932617,-1.1897815465927124,True,96,0.8317727446556091,0.8775880336761475,0.15677641332149506,25.15620231628418,21.14774513244629,-1.1920931339263916,3111,985
2011_09_26_drive_0015_sync,0000000107,2,0.8610463738441467,17.75234603881836,20.978782653808594,-1.326678991317749,True,51,0.8521357774734497,0.8950514197349548,0.07632885873317719,17.681907653808594,20.950572967529297,-1.3349701166152954,3111,985
2011_09_26_drive_0015_sync,0000000107,3,0.8755916953086853,22.254310607910156,0.44640177488327026,-1.4372220039367676,True,11,0.8912764191627502,0.8465825319290161,0.08075450360774994,22.284215927124023,0.39905688166618347,-1.4954063892364502,3111,985
2011_09_26_drive_0015_sync,0000000108,0,0.8826830387115479,16.930587768554688,20.933435440063477,-1.305039405822754,True,67,0.8281434774398804,0.8395740389823914,0.07700371742248535,16.978374481201172,20.944028854370117,-1.3644850254058838,3197,899
2011_09_26_drive_0015_sync,0000000108,1,0.538476824760437,31.724939346313477,21.53466033935547,-1.1568794250488281,True,91,0.20722268521785736,0.8654761910438538,0.09390897303819656,31.64460563659668,21.581918716430664,-1.1453887224197388,3197,899
2011_09_26_drive_0015_sync,0000000108,2,0.859804630279541,22.098859786987305,0.32251450419425964,-1.4538021087646484,True,47,0.8635153770446777,0.8998697400093079,0.03459315374493599,22.096914291381836,0.3523116707801819,-1.4363369941711426,3197,899
2011_09_26_drive_0015_sync,0000000108,3,0.8620633482933044,24.412464141845703,21.18325424194336,-1.3136579990386963,True,70,0.8738558292388916,0.7839425206184387,0.15487517416477203,24.39497947692871,21.272132873535156,-1.1880347728729248,3197,899
2011_09_26_drive_0015_sync,0000000109,0,0.8903809189796448,16.094955444335938,20.94849967956543,-1.3112143278121948,True,14,0.8682569265365601,0.9255576729774475,0.04864872619509697,16.134288787841797,20.975008010864258,-1.3220261335372925,3113,983
2011_09_26_drive_0015_sync,0000000109,1,0.8949286341667175,23.70774269104004,21.303945541381836,-1.1885755062103271,True,43,0.8976301550865173,0.914431095123291,0.07950932532548904,23.714454650878906,21.292098999023438,-1.2669103145599365,3113,983
2011_09_26_drive_0015_sync,0000000109,2,0.879928469657898,21.97169303894043,0.5466295480728149,-1.4770545959472656,True,40,0.881649374961853,0.8141228556632996,0.19972439110279083,22.141464233398438,0.632860541343689,-1.5373189449310303,3113,983
2011_09_26_drive_0015_sync,0000000109,3,0.5226653814315796,31.108854293823242,21.93054962158203,-1.21915864944458,True,71,0.5769340395927429,0.5686764717102051,0.26050010323524475,30.97081184387207,22.151098251342773,-1.2063956260681152,3113,983
2011_09_26_drive_0015_sync,0000000110,0,0.4740017056465149,30.22202491760254,21.570432662963867,-1.2006536722183228,True,46,0.31324952840805054,0.815869927406311,0.10987173765897751,30.188657760620117,21.65218162536621,-1.2660412788391113,3128,968
2011_09_26_drive_0015_sync,0000000110,1,0.799004316329956,21.864381790161133,0.6040177941322327,-1.50495445728302,True,32,0.8462235927581787,0.8988786935806274,0.057232681661844254,21.846500396728516,0.5728368163108826,-1.4604170322418213,3128,968
2011_09_26_drive_0015_sync,0000000110,2,0.8075204491615295,22.936302185058594,21.32139778137207,-1.2371859550476074,True,59,0.8464047312736511,0.9284139275550842,0.06991701573133469,22.875680923461914,21.336557388305664,-1.2685489654541016,3128,968
2011_09_26_drive_0015_sync,0000000110,3,0.8710527420043945,15.323121070861816,20.9713077545166,-1.3310422897338867,True,77,0.8614609837532043,0.8449606895446777,0.08277291804552078,15.338993072509766,21.03700828552246,-1.3788217306137085,3128,968
2011_09_26_drive_0015_sync,0000000111,0,0.8576877117156982,22.11138153076172,21.340303421020508,-1.1745657920837402,True,31,0.824982225894928,0.8327053189277649,0.1889914721250534,21.922866821289062,21.33304214477539,-1.1632851362228394,3118,978
2011_09_26_drive_0015_sync,0000000111,1,0.8730141520500183,21.928152084350586,0.5984426736831665,-1.5301884412765503,True,45,0.8796626329421997,0.8905611038208008,0.06407409906387329,21.925819396972656,0.6125683188438416,-1.4677343368530273,3118,978
2011_09_26_drive_0015_sync,0000000111,2,0.33207622170448303,29.508678436279297,21.76059913635254,-1.2185393571853638,True,44,0.13064441084861755,0.5361655354499817,0.4592750072479248,29.454435348510742,21.304624557495117,-1.209684133529663,3118,978
2011_09_26_drive_0015_sync,0000000111,3,0.884121835231781,14.641829490661621,21.02298927307129,-1.251397728919983,True,59,0.8969619870185852,0.913612425327301,0.015639089047908783,14.650959968566895,21.029029846191406,-1.2625658512115479,3118,978
2011_09_26_drive_0015_sync,0000000112,0,0.8502881526947021,21.854164123535156,0.6503936648368835,-1.525915265083313,True,38,0.8563780784606934,0.8461540341377258,0.10683044791221619,21.849348068237305,0.5572378635406494,-1.473842740058899,3190,906
2011_09_26_drive_0015_sync,0000000112,1,0.869957685470581,21.252498626708984,21.306472778320312,-1.2117928266525269,True,77,0.8640722632408142,0.9204278588294983,0.056641463190317154,21.306055068969727,21.30779266357422,-1.2301836013793945,3190,906
2011_09_26_drive_0015_sync,0000000112,2,0.8773333430290222,13.903736114501953,21.08575439453125,-1.2508389949798584,True,74,0.8834406137466431,0.9179120659828186,0.068130262196064,13.921451568603516,21.10416030883789,-1.3139984607696533,3190,906
2011_09_26_drive_0015_sync,0000000112,3,0.7854047417640686,28.75564956665039,22.046649932861328,-1.1934130191802979,True,19,0.7223523855209351,0.8226147294044495,0.20599901676177979,28.555723190307617,22.016603469848633,-1.1538877487182617,3190,906
2011_09_26_drive_0015_sync,0000000113,0,0.8151260614395142,20.322998046875,21.31989097595215,-1.234032392501831,True,56,0.8477422595024109,0.8952462077140808,0.08736719936132431,20.361101150512695,21.304771423339844,-1.1568794250488281,3212,884
2011_09_26_drive_0015_sync,0000000113,1,0.8586596846580505,12.852343559265137,20.987010955810547,-1.3485878705978394,True,70,0.8652024269104004,0.8249521851539612,0.2111118584871292,13.053074836730957,21.024381637573242,-1.2949352264404297,3212,884
2011_09_26_drive_0015_sync,0000000113,2,0.4532979130744934,27.811843872070312,21.769315719604492,-1.2283824682235718,True,73,0.6928398609161377,0.8137907981872559,0.09859516471624374,27.806568145751953,21.762672424316406,-1.130152940750122,3212,884
2011_09_26_drive_0015_sync,0000000113,3,0.872018039226532,21.768171310424805,0.673300564289093,-1.4989218711853027,True,85,0.8667631149291992,0.8798478245735168,0.07700025290250778,21.764575958251953,0.7404220700263977,-1.461361050605774,3212,884
2011_09_26_drive_0015_sync,0000000114,0,0.8741961717605591,12.26968002319336,21.08258056640625,-1.262308955192566,True,57,0.8749933242797852,0.8824539184570312,0.07272615283727646,12.27165412902832,21.01487922668457,-1.235818862915039,3172,924
2011_09_26_drive_0015_sync,0000000114,1,0.8619381785392761,21.781360626220703,0.7661927342414856,-1.451480507850647,True,20,0.8738437294960022,0.8677292466163635,0.09321381896734238,21.81068992614746,0.8484227061271667,-1.4841430187225342,3172,924
2011_09_26_drive_0015_sync,0000000114,2,0.8550252318382263,19.978179931640625,21.43829345703125,-1.1930173635482788,True,50,0.8838850259780884,0.9262612462043762,0.03814768046140671,19.968843460083008,21.44759750366211,-1.1572191715240479,3172,924
2011_09_26_drive_0015_sync,0000000114,3,0.7957803606987,27.185476303100586,21.634016036987305,-1.2182159423828125,True,66,0.8027331233024597,0.7894368767738342,0.1292908936738968,27.092180252075195,21.564701080322266,-1.2748500108718872,3172,924
2011_09_26_drive_0015_sync,0000000115,0,0.7527342438697815,26.26123809814453,21.768014907836914,-1.2423714399337769,True,33,0.6956015229225159,0.8115525245666504,0.13285404443740845,26.36110496520996,21.845821380615234,-1.2020854949951172,3212,884
2011_09_26_drive_0015_sync,0000000115,1,0.8681109547615051,11.612689971923828,21.079896926879883,-1.2851355075836182,True,61,0.8606339693069458,0.8933554887771606,0.0500374399125576,11.619402885437012,21.035968780517578,-1.3081355094909668,3212,884
2011_09_26_drive_0015_sync,0000000115,2,0.8803022503852844,19.285324096679688,21.47112274169922,-1.2724350690841675,True,80,0.8809149861335754,0.9025599956512451,0.09347618371248245,19.210630416870117,21.485225677490234,-1.218031406402588,3212,884
2011_09_26_drive_0015_sync,0000000115,3,0.8346341848373413,21.739559173583984,0.9203814268112183,-1.5282992124557495,True,6,0.8484658598899841,0.7001796960830688,0.22279970347881317,21.775503158569336,0.7028937339782715,-1.4959443807601929,3212,884
2011_09_26_drive_0015_sync,0000000116,0,0.8690840005874634,21.833620071411133,0.7340397238731384,-1.4678354263305664,True,95,0.8444706797599792,0.9059010148048401,0.051417771726846695,21.784257888793945,0.743478536605835,-1.4787014722824097,3176,920
2011_09_26_drive_0015_sync,0000000116,1,0.8748878836631775,18.436054229736328,21.431106567382812,-1.2168538570404053,True,85,0.8992570638656616,0.8938966393470764,0.08319949358701706,18.384479522705078,21.48414421081543,-1.2549223899841309,3176,920
2011_09_26_drive_0015_sync,0000000116,2,0.886713981628418,10.813117027282715,21.1535701751709,-1.3869099617004395,True,80,0.863731324672699,0.8781732320785522,0.08129575103521347,10.804816246032715,21.073427200317383,-1.3760840892791748,3176,920
2011_09_26_drive_0015_sync,0000000116,3,0.4396362006664276,25.561050415039062,21.857898712158203,-1.3468389511108398,True,99,0.5717591047286987,0.6135731339454651,0.2940186560153961,25.805326461791992,21.9837646484375,-1.2422734498977661,3176,920
2011_09_26_drive_0015_sync,0000000117,0,0.8729749917984009,21.691661834716797,0.9672800898551941,-1.4463715553283691,True,22,0.8807822465896606,0.8313488960266113,0.08095888793468475,21.692102432250977,0.9157876372337341,-1.508842945098877,3213,883
2011_09_26_drive_0015_sync,0000000117,1,0.37771517038345337,1.31121826171875,-0.33909183740615845,-1.7573810815811157,True,46,0.08416606485843658,0.5055463910102844,0.23711858689785004,1.3637632131576538,-0.5701900124549866,-1.7649891376495361,3213,883
2011_09_26_drive_0015_sync,0000000117,2,0.8956525325775146,17.672119140625,21.477293014526367,-1.244181752204895,True,47,0.8277877569198608,0.9139246940612793,0.0572178028523922,17.722217559814453,21.498554229736328,-1.2618448734283447,3213,883
2011_09_26_drive_0015_sync,0000000117,3,0.8500102162361145,10.047486305236816,21.177858352661133,-1.3598706722259521,True,80,0.8650087118148804,0.8398948907852173,0.11213836818933487,10.068554878234863,21.09052848815918,-1.4269871711730957,3213,883
2011_09_26_drive_0015_sync,0000000117,4,0.7654604315757751,24.912588119506836,21.776805877685547,-1.2909578084945679,True,44,0.7284641265869141,0.7379653453826904,0.24143972992897034,25.10558319091797,21.918771743774414,-1.3208198547363281,3213,883
2011_09_26_drive_0015_sync,0000000118,0,0.34000420570373535,23.683387756347656,22.5933895111084,-1.2874348163604736,False,,,0.0,,,,,3225,871
2011_09_26_drive_0015_sync,0000000118,1,0.892793595790863,16.950050354003906,21.4581298828125,-1.2333028316497803,True,40,0.8762245774269104,0.9053146839141846,0.10581248253583908,16.904380798339844,21.460763931274414,-1.3287158012390137,3225,871
2011_09_26_drive_0015_sync,0000000118,2,0.8558709621429443,9.442861557006836,21.109811782836914,-1.357213020324707,True,73,0.8367453217506409,0.9418206810951233,0.02584613859653473,9.419652938842773,21.098670959472656,-1.3595075607299805,3225,871
2011_09_26_drive_0015_sync,0000000118,3,0.8602014780044556,21.753259658813477,0.896192193031311,-1.4729700088500977,True,72,0.8384838104248047,0.8550458550453186,0.1971724033355713,21.56027603149414,0.8853219151496887,-1.434032678604126,3225,871
2011_09_26_drive_0015_sync,0000000119,0,0.8198199272155762,21.67656707763672,0.9300950169563293,-1.4694623947143555,True,72,0.8401802778244019,0.8708581924438477,0.1263914704322815,21.780853271484375,0.8604687452316284,-1.4853172302246094,3212,884
2011_09_26_drive_0015_sync,0000000119,1,0.3075854182243347,23.604846954345703,21.955516815185547,-1.3477039337158203,False,,,0.0,,,,,3212,884
2011_09_26_drive_0015_sync,0000000119,2,0.8789775371551514,16.43592071533203,21.48841094970703,-1.280060052871704,True,89,0.8731188178062439,0.9212360382080078,0.07285383343696594,16.374826431274414,21.472755432128906,-1.3165302276611328,3212,884
2011_09_26_drive_0015_sync,0000000119,3,0.8932974338531494,8.782123565673828,21.071971893310547,-1.3893330097198486,True,58,0.8678932189941406,0.9242170453071594,0.03284426033496857,8.782754898071289,21.072689056396484,-1.4221633672714233,3212,884
2011_09_26_drive_0015_sync,0000000120,0,0.8897133469581604,8.129603385925293,21.101558685302734,-1.4230895042419434,True,74,0.8743686676025391,0.8996574282646179,0.07092735171318054,8.092327117919922,21.15717124938965,-1.3996713161468506,3246,850
2011_09_26_drive_0015_sync,0000000120,1,0.8478675484657288,21.682289123535156,1.026690125465393,-1.5326142311096191,True,32,0.8801213502883911,0.8530274033546448,0.10312159359455109,21.632286071777344,1.112192988395691,-1.5039259195327759,3246,850
2011_09_26_drive_0015_sync,0000000120,2,0.8530991673469543,22.756303787231445,21.86884117126465,-1.2513161897659302,True,91,0.8155208230018616,0.8020710349082947,0.28679099678993225,23.03591537475586,21.891260147094727,-1.31101393699646,3246,850
2011_09_26_drive_0015_sync,0000000120,3,0.8886682391166687,15.570796966552734,21.463764190673828,-1.2833255529403687,True,36,0.9008550047874451,0.8877630829811096,0.062434908002614975,15.594603538513184,21.505407333374023,-1.2433604001998901,3246,850
2011_09_26_drive_0015_sync,0000000121,0,0.8552112579345703,7.491987705230713,21.08350944519043,-1.3376286029815674,True,52,0.8835467100143433,0.8919516205787659,0.08990756422281265,7.435039520263672,21.05644416809082,-1.4017202854156494,3215,881
2011_09_26_drive_0015_sync,0000000121,1,0.8272097706794739,21.468292236328125,0.8370664715766907,-1.5317881107330322,True,11,0.8632867336273193,0.8532524108886719,0.13674138486385345,21.59015464782715,0.8717197775840759,-1.4803400039672852,3215,881
2011_09_26_drive_0015_sync,0000000121,2,0.8712096810340881,15.073299407958984,21.400283813476562,-1.2871372699737549,True,38,0.8701236248016357,0.8940775990486145,0.05815015733242035,15.05041217803955,21.382211685180664,-1.3374464511871338,3215,881
2011_09_26_drive_0015_sync,0000000121,3,0.7743380069732666,22.371559143066406,21.82322120666504,-1.1804695129394531,True,58,0.73764967918396,0.7607148289680481,0.12233217060565948,22.382335662841797,21.82022476196289,-1.3022892475128174,3215,881
2011_09_26_drive_0015_sync,0000000122,0,0.8490058183670044,6.605882167816162,21.1143741607666,-1.493896484375,True,71,0.8163985013961792,0.855858325958252,0.0974825844168663,6.626493453979492,21.065561294555664,-1.4120714664459229,3207,889
2011_09_26_drive_0015_sync,0000000122,1,0.8866515159606934,14.343245506286621,21.36834144592285,-1.2979590892791748,True,64,0.8717753887176514,0.784292459487915,0.1284286379814148,14.321844100952148,21.459320068359375,-1.3860430717468262,3207,889
2011_09_26_drive_0015_sync,0000000122,2,0.874732255935669,21.657907485961914,0.9619198441505432,-1.5025235414505005,True,59,0.871457576751709,0.7680700421333313,0.19942791759967804,21.540172576904297,0.804716944694519,-1.5371246337890625,3207,889
2011_09_26_drive_0015_sync,0000000122,3,0.8592566251754761,21.46855354309082,21.76933479309082,-1.239284873008728,True,82,0.856768012046814,0.8765596151351929,0.057956404983997345,21.497756958007812,21.7786808013916,-1.2884657382965088,3207,889
2011_09_26_drive_0015_sync,0000000123,0,0.8439143300056458,6.037322044372559,21.014217376708984,-1.4075918197631836,True,46,0.8727304935455322,0.8475018739700317,0.16404502093791962,6.198883056640625,21.029884338378906,-1.4313268661499023,3212,884
2011_09_26_drive_0015_sync,0000000123,1,0.8430798053741455,20.926111221313477,21.739492416381836,-1.3859705924987793,True,51,0.8481095433235168,0.8898158669471741,0.06969912350177765,20.880041122436523,21.68722152709961,-1.3841629028320312,3212,884
2011_09_26_drive_0015_sync,0000000123,2,0.838771641254425,21.64723777770996,0.8402249813079834,-1.3795526027679443,True,30,0.8376896381378174,0.9359453916549683,0.0436604842543602,21.61391258239746,0.8133584260940552,-1.3881466388702393,3212,884
2011_09_26_drive_0015_sync,0000000123,3,0.8632684946060181,13.698043823242188,21.330442428588867,-1.3112925291061401,True,82,0.8461283445358276,0.940929114818573,0.0274271871894598,13.68441390991211,21.348522186279297,-1.3267714977264404,3212,884
2011_09_26_drive_0015_sync,0000000124,0,0.8698877692222595,5.559425354003906,21.042125701904297,-1.4280911684036255,True,98,0.841743528842926,0.8971105813980103,0.07387745380401611,5.605067729949951,20.996232986450195,-1.3924750089645386,3195,901
2011_09_26_drive_0015_sync,0000000124,1,0.874462366104126,21.713130950927734,0.7809661030769348,-1.5627938508987427,True,65,0.8746939301490784,0.79659503698349,0.16890276968479156,21.636356353759766,0.6332328915596008,-1.5343561172485352,3195,901
2011_09_26_drive_0015_sync,0000000124,2,0.8003215789794922,20.350370407104492,21.707021713256836,-1.3053250312805176,True,90,0.8480188846588135,0.8732049465179443,0.11743412166833878,20.416656494140625,21.699020385742188,-1.2087180614471436,3195,901
2011_09_26_drive_0015_sync,0000000124,3,0.8923768997192383,13.100364685058594,21.317779541015625,-1.356153964996338,True,70,0.8767160773277283,0.9061436653137207,0.0387827605009079,13.089446067810059,21.28082275390625,-1.3605222702026367,3195,901
2011_09_26_drive_0015_sync,0000000125,0,0.7300251722335815,19.721101760864258,21.539716720581055,-1.2763108015060425,True,63,0.8004182577133179,0.8370086550712585,0.10138675570487976,19.67002296447754,21.587732315063477,-1.3495551347732544,3221,875
2011_09_26_drive_0015_sync,0000000125,1,0.8552618026733398,5.003421783447266,21.01734161376953,-1.476026177406311,True,50,0.8458760976791382,0.8614287376403809,0.11344092339277267,4.901482582092285,20.970012664794922,-1.4606244564056396,3221,875
2011_09_26_drive_0015_sync,0000000125,2,0.3431400656700134,40.81795120239258,27.156007766723633,-0.8711917400360107,True,56,0.27215057611465454,0.8361879587173462,0.15558865666389465,40.70307159423828,27.0516414642334,-0.8820627927780151,3221,875
2011_09_26_drive_0015_sync,0000000125,3,0.8747866153717041,21.57683753967285,0.886398434638977,-1.5028492212295532,True,89,0.8658384084701538,0.9136695265769958,0.033339761197566986,21.5809268951416,0.9161093831062317,-1.5174120664596558,3221,875
2011_09_26_drive_0015_sync,0000000125,4,0.8568642139434814,12.55879020690918,21.262039184570312,-1.3661103248596191,True,95,0.894067108631134,0.89339679479599,0.09276699274778366,12.470680236816406,21.26132583618164,-1.3951247930526733,3221,875
2011_09_26_drive_0015_sync,0000000125,5,0.45992666482925415,29.33687400817871,27.288265228271484,-0.8400508761405945,True,70,0.34469422698020935,0.8553344011306763,0.134224995970726,29.29984474182129,27.24636459350586,-0.7180282473564148,3221,875
2011_09_26_drive_0015_sync,0000000126,0,0.8895562291145325,21.49909782409668,0.8424032926559448,-1.5938770771026611,True,99,0.8664870858192444,0.8609548807144165,0.10602089017629623,21.528635025024414,0.7568099498748779,-1.5387248992919922,3165,931
2011_09_26_drive_0015_sync,0000000126,1,0.8829929828643799,11.891215324401855,21.299209594726562,-1.4434220790863037,True,80,0.8814268708229065,0.9408856630325317,0.026636814698576927,11.915626525878906,21.294967651367188,-1.4532005786895752,3165,931
2011_09_26_drive_0015_sync,0000000126,2,0.8836429119110107,4.288235187530518,20.96577262878418,-1.4407532215118408,True,70,0.8897887468338013,0.9173113107681274,0.07783292233943939,4.224003314971924,20.992738723754883,-1.4754672050476074,3165,931
2011_09_26_drive_0015_sync,0000000126,3,0.8590372800827026,19.018449783325195,21.539140701293945,-1.3127473592758179,True,24,0.8837724328041077,0.8487775325775146,0.09757483005523682,19.096467971801758,21.555316925048828,-1.256423830986023,3165,931
2011_09_26_drive_0015_sync,0000000126,4,0.44809505343437195,28.85745620727539,26.918607711791992,-0.7535198330879211,True,59,0.39791935682296753,0.8597386479377747,0.08241195231676102,28.804059982299805,26.902772903442383,-0.6927758455276489,3165,931
2011_09_26_drive_0015_sync,0000000127,0,0.8386412262916565,18.44658088684082,21.497432708740234,-1.341526746749878,True,79,0.8632001876831055,0.7988216280937195,0.11074409633874893,18.44284439086914,21.517112731933594,-1.4504441022872925,3164,932
2011_09_26_drive_0015_sync,0000000127,1,0.8686193227767944,21.554149627685547,0.7687353491783142,-1.568136215209961,True,57,0.844180166721344,0.8197146654129028,0.1869058459997177,21.396343231201172,0.7913134098052979,-1.4705597162246704,3164,932
2011_09_26_drive_0015_sync,0000000127,2,0.8586111664772034,3.6238112449645996,20.9657039642334,-1.4910087585449219,True,49,0.8432758450508118,0.8796736001968384,0.04883558303117752,3.6221394538879395,21.008634567260742,-1.5142269134521484,3164,932
2011_09_26_drive_0015_sync,0000000127,3,0.8936595320701599,11.23929214477539,21.24956703186035,-1.3683089017868042,True,76,0.8955742120742798,0.840083122253418,0.07656220346689224,11.288273811340332,21.276676177978516,-1.420535922050476,3164,932
2011_09_26_drive_0015_sync,0000000128,0,0.8567484021186829,21.50210952758789,0.6405543684959412,-1.5611069202423096,True,83,0.872621476650238,0.9389570355415344,0.024361811578273773,21.487255096435547,0.6373414993286133,-1.5801469087600708,3153,943
2011_09_26_drive_0015_sync,0000000128,1,0.8762913346290588,2.908975601196289,21.038482666015625,-1.4748157262802124,True,71,0.8583117723464966,0.8654073476791382,0.10993313044309616,2.973499298095703,21.018047332763672,-1.561443567276001,3153,943
2011_09_26_drive_0015_sync,0000000128,2,0.8731085658073425,17.601715087890625,21.47502326965332,-1.4465748071670532,True,96,0.8832801580429077,0.8763554096221924,0.12348319590091705,17.72063446044922,21.47919464111328,-1.413576602935791,3153,943
2011_09_26_drive_0015_sync,0000000128,3,0.8989222645759583,10.666261672973633,21.26450538635254,-1.4920005798339844,True,95,0.8806748986244202,0.8733329772949219,0.11243675649166107,10.614692687988281,21.211910247802734,-1.4070510864257812,3153,943
2011_09_26_drive_0015_sync,0000000128,4,0.5716384053230286,27.931095123291016,26.808147430419922,-0.9059838652610779,True,92,0.4732027053833008,0.690605878829956,0.3668239116668701,27.670576095581055,27.06425666809082,-0.8728525638580322,3153,943
2011_09_26_drive_0015_sync,0000000129,0,0.8740615248680115,21.31235694885254,0.7782864570617676,-1.554948091506958,True,78,0.872904896736145,0.8536375761032104,0.15510502457618713,21.45334243774414,0.7276121973991394,-1.5951075553894043,3147,949
2011_09_26_drive_0015_sync,0000000129,1,0.881198525428772,9.831377983093262,21.185657501220703,-1.4761040210723877,True,77,0.9004427790641785,0.8824447989463806,0.08827701210975647,9.90129280090332,21.235185623168945,-1.454850435256958,3147,949
2011_09_26_drive_0015_sync,0000000129,2,0.8499125242233276,2.2950897216796875,20.973302841186523,-1.5503814220428467,True,87,0.8278588056564331,0.9225780367851257,0.009828668087720871,2.2876901626586914,20.968002319335938,-1.5466728210449219,3147,949
2011_09_26_drive_0015_sync,0000000129,3,0.86495441198349,17.077980041503906,21.474031448364258,-1.4109838008880615,True,71,0.860995352268219,0.882463812828064,0.07361450791358948,17.075214385986328,21.462970733642578,-1.4837100505828857,3147,949
2011_09_26_drive_0015_sync,0000000130,0,0.8301451206207275,9.079986572265625,21.251371383666992,-1.4821676015853882,True,34,0.8723047971725464,0.8219130635261536,0.1152968630194664,9.155924797058105,21.190221786499023,-1.42062509059906,3236,860
2011_09_26_drive_0015_sync,0000000130,1,0.8598562479019165,21.26540184020996,0.8458027243614197,-1.563982367515564,True,87,0.8897749781608582,0.8560024499893188,0.16482855379581451,21.405345916748047,0.834009051322937,-1.6502668857574463,3236,860
2011_09_26_drive_0015_sync,0000000130,2,0.7654260396957397,1.767507791519165,21.06521224975586,-1.4398610591888428,True,89,0.8274495005607605,0.8408935070037842,0.09450848400592804,1.7836467027664185,21.03858757019043,-1.5290939807891846,3236,860
2011_09_26_drive_0015_sync,0000000130,3,0.8756101727485657,16.2679443359375,21.520967483520508,-1.4212169647216797,True,68,0.8618992567062378,0.9364203214645386,0.02837909758090973,16.256288528442383,21.49527931213379,-1.4243206977844238,3236,860
2011_09_26_drive_0015_sync,0000000131,0,0.812910795211792,1.099645972251892,20.95269203186035,-1.5116636753082275,True,93,0.8420563340187073,0.7064030170440674,0.2030789852142334,1.3007289171218872,20.93602752685547,-1.4886631965637207,3247,849
2011_09_26_drive_0015_sync,0000000131,1,0.8812149167060852,15.810900688171387,21.433610916137695,-1.403395175933838,True,98,0.8836575746536255,0.8970399498939514,0.04375512897968292,15.770706176757812,21.419160842895508,-1.3939026594161987,3247,849
2011_09_26_drive_0015_sync,0000000131,2,0.7267273664474487,25.548540115356445,26.681468963623047,-0.9307472705841064,True,68,0.5815669894218445,0.8225341439247131,0.11301437020301819,25.595333099365234,26.744300842285156,-1.0122016668319702,3247,849
2011_09_26_drive_0015_sync,0000000131,3,0.8867743015289307,21.349746704101562,0.7389941215515137,-1.5660040378570557,True,63,0.8808648586273193,0.8809798359870911,0.09910955280065536,21.275785446166992,0.8024954795837402,-1.5481151342391968,3247,849
2011_09_26_drive_0015_sync,0000000131,4,0.7681810855865479,8.418595314025879,21.173900604248047,-1.4300724267959595,True,61,0.5669989585876465,0.8220767378807068,0.1993875950574875,8.22043228149414,21.191726684570312,-1.4170703887939453,3247,849
2011_09_26_drive_0015_sync,0000000132,0,0.8849982619285583,21.377132415771484,0.8023072481155396,-1.6180717945098877,True,59,0.8794883489608765,0.834244966506958,0.13612709939479828,21.330223083496094,0.6748406887054443,-1.6089955568313599,3231,865
2011_09_26_drive_0015_sync,0000000132,1,0.8723501563072205,14.97706413269043,21.440366744995117,-1.4352085590362549,True,95,0.8782954812049866,0.8498706221580505,0.13098223507404327,14.851529121398926,21.40494728088379,-1.4471571445465088,3231,865
2011_09_26_drive_0015_sync,0000000132,2,0.8641861081123352,7.930062294006348,21.196495056152344,-1.4585561752319336,True,55,0.8721689581871033,0.9086585640907288,0.08885489404201508,7.890185356140137,21.20564842224121,-1.537431001663208,3231,865
2011_09_26_drive_0015_sync,0000000132,3,0.7811013460159302,0.5396757125854492,20.952129364013672,-1.466120958328247,True,66,0.7818461060523987,0.8528245091438293,0.10875795781612396,0.4512394666671753,20.918479919433594,-1.519740343093872,3231,865
2011_09_26_drive_0015_sync,0000000133,0,0.8666900396347046,14.421927452087402,21.474994659423828,-1.4141477346420288,True,10,0.8768154382705688,0.8888859748840332,0.06587862968444824,14.393397331237793,21.417644500732422,-1.3987534046173096,3256,840
2011_09_26_drive_0015_sync,0000000133,1,0.8591262102127075,7.426822662353516,21.208110809326172,-1.47151517868042,True,84,0.8270564079284668,0.8162354826927185,0.14768464863300323,7.3110880851745605,21.239036560058594,-1.5578856468200684,3256,840
2011_09_26_drive_0015_sync,0000000133,2,0.8486457467079163,21.098716735839844,0.745881199836731,-1.5240986347198486,True,55,0.8366846442222595,0.8939152359962463,0.20318473875522614,21.301733016967773,0.7393438220024109,-1.5190297365188599,3256,840
2011_09_26_drive_0015_sync,0000000133,3,0.4369720220565796,24.303468704223633,26.729455947875977,-0.9979778528213501,True,42,0.09347783774137497,0.6837074756622314,0.3316413462162018,24.09556007385254,26.803211212158203,-1.2456068992614746,3256,840
2011_09_26_drive_0015_sync,0000000133,4,0.614567220211029,-0.03729984164237976,20.875534057617188,-1.530799150466919,True,58,0.5769177079200745,0.785273551940918,0.18811164796352386,-0.1865670382976532,20.98919105529785,-1.5444879531860352,3256,840
2011_09_26_drive_0015_sync,0000000134,0,0.8691069483757019,21.274747848510742,0.7177038788795471,-1.5250639915466309,True,29,0.8699183464050293,0.8584219813346863,0.09031310677528381,21.30107879638672,0.6524221897125244,-1.5816452503204346,3198,898
2011_09_26_drive_0015_sync,0000000134,1,0.8877540230751038,13.67897891998291,21.379018783569336,-1.5037109851837158,True,42,0.8924601674079895,0.8600981831550598,0.09195467084646225,13.743636131286621,21.442060470581055,-1.4863659143447876,3198,898
2011_09_26_drive_0015_sync,0000000134,2,0.8764286637306213,6.573889255523682,21.17357635498047,-1.5111479759216309,True,57,0.871080756187439,0.9023631811141968,0.02843516506254673,6.576835632324219,21.159425735473633,-1.4866604804992676,3198,898
2011_09_26_drive_0015_sync,0000000135,0,0.4056699275970459,33.23239517211914,31.11639404296875,-0.8728256225585938,True,4,0.1636333167552948,0.775402843952179,0.24092085659503937,33.14787292480469,31.338226318359375,-0.9139266014099121,3199,897
2011_09_26_drive_0015_sync,0000000135,1,0.8701009750366211,13.20224380493164,21.48048210144043,-1.4430723190307617,True,85,0.8703440427780151,0.8904609084129333,0.08382420986890793,13.121641159057617,21.45967674255371,-1.452913522720337,3199,897
2011_09_26_drive_0015_sync,0000000135,2,0.8588221669197083,21.24295425415039,0.7202061414718628,-1.5628241300582886,True,53,0.8570702075958252,0.7997902631759644,0.12187295407056808,21.133132934570312,0.7657822370529175,-1.5895657539367676,3199,897
2011_09_26_drive_0015_sync,0000000135,3,0.8553698062896729,5.826772689819336,21.19515037536621,-1.587486743927002,True,39,0.8808033466339111,0.8802365660667419,0.10348140448331833,5.923905849456787,21.228797912597656,-1.5755958557128906,3199,897
2011_09_26_drive_0015_sync,0000000136,0,0.461823433637619,20.022907257080078,33.10770797729492,-0.840305507183075,False,,,0.0,,,,,3216,880
2011_09_26_drive_0015_sync,0000000136,1,0.847270131111145,12.477128028869629,21.417469024658203,-1.5315639972686768,True,28,0.859421968460083,0.8288324475288391,0.20629185438156128,12.281338691711426,21.382848739624023,-1.4765703678131104,3216,880
2011_09_26_drive_0015_sync,0000000136,2,0.8301240801811218,21.262144088745117,0.7082558870315552,-1.6045706272125244,True,56,0.8620495796203613,0.8495606780052185,0.10936393588781357,21.226503372192383,0.6089146137237549,-1.633232831954956,3216,880
2011_09_26_drive_0015_sync,0000000136,3,0.880730390548706,5.247753143310547,21.229045867919922,-1.4734716415405273,True,67,0.8826501369476318,0.8700764775276184,0.065251424908638,5.239157199859619,21.16584587097168,-1.459701418876648,3216,880
2011_09_26_drive_0015_sync,0000000136,4,0.8433725833892822,22.207796096801758,26.682294845581055,-0.9682254195213318,True,95,0.8743345737457275,0.9359038472175598,0.06844151765108109,22.264484405517578,26.655500411987305,-0.9956614375114441,3216,880
2011_09_26_drive_0015_sync,0000000137,0,0.8473319411277771,11.71568775177002,21.395185470581055,-1.4499340057373047,True,44,0.8850957155227661,0.8923855423927307,0.09146038442850113,11.716338157653809,21.38429069519043,-1.5407408475875854,3214,882
2011_09_26_drive_0015_sync,0000000137,1,0.8428078293800354,21.2318172454834,0.7625079154968262,-1.5398722887039185,True,72,0.8386083841323853,0.887243926525116,0.07975517958402634,21.26943588256836,0.7324306964874268,-1.603441834449768,3214,882
2011_09_26_drive_0015_sync,0000000137,2,0.7519128918647766,21.413345336914062,26.710243225097656,-0.9991106390953064,True,92,0.6095917820930481,0.8643252849578857,0.047415778040885925,21.374292373657227,26.6843204498291,-0.9919599890708923,3214,882
2011_09_26_drive_0015_sync,0000000137,3,0.8745290040969849,4.6033477783203125,21.178789138793945,-1.4877099990844727,True,39,0.8122395873069763,0.8568643927574158,0.1041070893406868,4.577139854431152,21.233924865722656,-1.5720396041870117,3214,882
2011_09_26_drive_0015_sync,0000000138,0,0.8283852338790894,20.993837356567383,26.61661720275879,-0.9569034576416016,True,98,0.7625278234481812,0.8609633445739746,0.1027604416012764,21.080373764038086,26.571020126342773,-0.9884005188941956,3204,892
2011_09_26_drive_0015_sync,0000000138,1,0.8772077560424805,3.848278522491455,21.14238929748535,-1.4975773096084595,True,45,0.8625926375389099,0.8827157616615295,0.0630209743976593,3.829847812652588,21.18047523498535,-1.5442829132080078,3204,892
2011_09_26_drive_0015_sync,0000000138,2,0.8718405365943909,10.958284378051758,21.370468139648438,-1.5182981491088867,True,70,0.8584980964660645,0.8134421110153198,0.06900891661643982,10.93667221069336,21.339664459228516,-1.4604511260986328,3204,892
2011_09_26_drive_0015_sync,0000000138,3,0.8579806685447693,21.181732177734375,0.6884075999259949,-1.604353666305542,True,95,0.8437780737876892,0.8464886546134949,0.1311229169368744,21.254430770874023,0.7973875999450684,-1.598741888999939,3204,892
2011_09_26_drive_0015_sync,0000000138,4,0.3660290837287903,31.745820999145508,27.484952926635742,-0.9510077238082886,True,68,0.28317591547966003,0.5192592740058899,0.33394432067871094,31.789794921875,27.158864974975586,-1.0080318450927734,3204,892
2011_09_26_drive_0015_sync,0000000139,0,0.882569432258606,21.2360897064209,0.8241698741912842,-1.5563969612121582,True,43,0.8613247275352478,0.89262455701828,0.09242812544107437,21.180761337280273,0.7501451969146729,-1.557837724685669,3157,939
2011_09_26_drive_0015_sync,0000000139,1,0.8695068359375,20.13946533203125,26.635841369628906,-0.7969847917556763,True,75,0.8739702105522156,0.8917607069015503,0.10277081280946732,20.23415184020996,26.604907989501953,-0.8222717642784119,3157,939
2011_09_26_drive_0015_sync,0000000139,2,0.39067280292510986,19.524410247802734,34.33135223388672,-0.8425334692001343,True,57,0.36099761724472046,0.8747959733009338,0.08675556629896164,19.56777572631836,34.259925842285156,-0.8192046284675598,3157,939
2011_09_26_drive_0015_sync,0000000139,3,0.852494478225708,3.2137911319732666,21.16168785095215,-1.5732923746109009,True,42,0.7122372388839722,0.865149736404419,0.1009393259882927,3.2796695232391357,21.09463119506836,-1.6100645065307617,3157,939
2011_09_26_drive_0015_sync,0000000139,4,0.8905308246612549,10.382099151611328,21.378337860107422,-1.5367510318756104,True,73,0.8841170072555542,0.9147642850875854,0.021105432882905006,10.361391067504883,21.374614715576172,-1.5350918769836426,3157,939
2011_09_26_drive_0015_sync,0000000140,0,0.8603132963180542,2.4118120670318604,21.098848342895508,-1.5558929443359375,True,92,0.8650756478309631,0.8416861295700073,0.12472137808799744,2.497044324874878,21.18311882019043,-1.5903801918029785,3112,984
2011_09_26_drive_0015_sync,0000000140,1,0.8282254934310913,21.243999481201172,0.7806506156921387,-1.4749746322631836,True,41,0.8505855202674866,0.9171547889709473,0.048527512699365616,21.265193939208984,0.7450147271156311,-1.449759602546692,3112,984
2011_09_26_drive_0015_sync,0000000140,2,0.901906430721283,9.522382736206055,21.373743057250977,-1.5366320610046387,True,71,0.8641756176948547,0.8172999620437622,0.177199587225914,9.688082695007324,21.390600204467773,-1.4761419296264648,3112,984
2011_09_26_drive_0015_sync,0000000140,3,0.7308395504951477,19.646371841430664,26.580896377563477,-0.9270789623260498,True,55,0.7483037710189819,0.8280571103096008,0.174021914601326,19.492298126220703,26.66170310974121,-0.9231820106506348,3112,984
2011_09_26_drive_0015_sync,0000000141,0,0.8253523111343384,1.8309345245361328,21.09491729736328,-1.6217706203460693,True,78,0.8552201986312866,0.8473321795463562,0.06696078181266785,1.8415753841400146,21.160764694213867,-1.6158851385116577,3152,944
2011_09_26_drive_0015_sync,0000000141,1,0.8824564218521118,8.94514274597168,21.402408599853516,-1.5031068325042725,True,80,0.8892178535461426,0.8803627490997314,0.11423853039741516,8.842683792114258,21.360044479370117,-1.5306365489959717,3152,944
2011_09_26_drive_0015_sync,0000000141,2,0.5181841850280762,29.73520278930664,27.00705909729004,-1.019737958908081,True,72,0.3429546654224396,0.6180086135864258,0.2814132571220398,29.75502586364746,26.87157440185547,-1.265592336654663,3152,944
2011_09_26_drive_0015_sync,0000000141,3,0.8453633189201355,21.04439353942871,0.9644060134887695,-1.5484436750411987,True,34,0.8307884335517883,0.8096402883529663,0.12331216037273407,21.110767364501953,0.8623971939086914,-1.5285789966583252,3152,944
2011_09_26_drive_0015_sync,0000000141,4,0.7119153141975403,18.719688415527344,26.59147834777832,-0.954018771648407,True,44,0.6281511187553406,0.8340722918510437,0.12641538679599762,18.71441078186035,26.69902229309082,-1.020255446434021,3152,944
2011_09_26_drive_0015_sync,0000000142,0,0.8507845401763916,21.19819450378418,0.7625095844268799,-1.5649937391281128,True,22,0.8776991367340088,0.8090288639068604,0.12478596717119217,21.195810317993164,0.8857163190841675,-1.545348048210144,3160,936
2011_09_26_drive_0015_sync,0000000142,1,0.885256290435791,8.09282112121582,21.428815841674805,-1.4596097469329834,True,79,0.8569899201393127,0.8976963758468628,0.06703497469425201,8.130452156066895,21.41240692138672,-1.512603521347046,3160,936
2011_09_26_drive_0015_sync,0000000142,2,0.8188658952713013,1.2394061088562012,21.147933959960938,-1.600865364074707,True,51,0.8130520582199097,0.7836659550666809,0.1271810233592987,1.1166565418243408,21.17660140991211,-1.5839617252349854,3160,936
2011_09_26_drive_0015_sync,0000000142,3,0.3105979859828949,27.66925621032715,35.3336296081543,-0.5605326890945435,True,26,0.10275650024414062,0.6465187072753906,0.4101754426956177,27.92352294921875,35.65110778808594,-0.6134470701217651,3160,936
2011_09_26_drive_0015_sync,0000000142,4,0.3030591905117035,15.968868255615234,33.158287048339844,-0.9423990249633789,True,67,0.14998480677604675,0.6819756031036377,0.25985467433929443,16.127262115478516,33.35922622680664,-0.8970196843147278,3160,936
2011_09_26_drive_0015_sync,0000000142,5,0.7604507803916931,17.910104751586914,26.535802841186523,-1.0493475198745728,True,54,0.4768384099006653,0.9181413054466248,0.05102682486176491,17.942502975463867,26.564693450927734,-1.0761696100234985,3160,936
2011_09_26_drive_0015_sync,0000000143,0,0.3013889193534851,67.62716674804688,6.57548189163208,-1.2876214981079102,True,5,0.3013889193534851,1.0,0.0,67.62716674804688,6.57548189163208,-1.2876214981079102,3086,1010
2011_09_26_drive_0015_sync,0000000143,1,0.8409062027931213,21.1809024810791,0.8020504117012024,-1.528116226196289,True,19,0.8683172464370728,0.9309917092323303,0.03977498412132263,21.21747398376465,0.8098264336585999,-1.541684865951538,3086,1010
2011_09_26_drive_0015_sync,0000000143,2,0.43402910232543945,26.73567771911621,35.9287223815918,-0.597324013710022,True,33,0.08646484464406967,0.5957847237586975,0.3951560854911804,26.9921875,35.628150939941406,-0.6001290678977966,3086,1010
2011_09_26_drive_0015_sync,0000000143,3,0.845015287399292,7.496711254119873,21.43585777282715,-1.5380442142486572,True,70,0.8390415906906128,0.8772761225700378,0.05899389833211899,7.467916965484619,21.389863967895508,-1.5148981809616089,3086,1010
2011_09_26_drive_0015_sync,0000000143,4,0.6976277828216553,0.3340787887573242,21.11175537109375,-1.567850112915039,True,48,0.7488715052604675,0.6489071249961853,0.39184603095054626,0.7128955721855164,21.112695693969727,-1.6680512428283691,3086,1010
2011_09_26_drive_0015_sync,0000000143,5,0.6558340191841125,16.537927627563477,26.904102325439453,-0.9467277526855469,True,47,0.7338987588882446,0.7472288608551025,0.20440810918807983,16.621185302734375,26.741195678710938,-1.037899374961853,3086,1010
2011_09_26_drive_0015_sync,0000000144,0,0.7859845757484436,16.762859344482422,26.49299430847168,-0.9977817535400391,True,50,0.7394648790359497,0.8632317185401917,0.09286627173423767,16.70393180847168,26.488313674926758,-1.0694042444229126,3103,993
2011_09_26_drive_0015_sync,0000000144,1,0.8584174513816833,21.338823318481445,0.769768238067627,-1.5105127096176147,True,36,0.8692182302474976,0.8407069444656372,0.11962336301803589,21.420427322387695,0.8338424563407898,-1.5700528621673584,3103,993
2011_09_26_drive_0015_sync,0000000144,2,0.8670654892921448,6.707808971405029,21.39464569091797,-1.559131145477295,True,14,0.8515065312385559,0.8677452802658081,0.08836878091096878,6.636747360229492,21.417539596557617,-1.5118536949157715,3103,993
2011_09_26_drive_0015_sync,0000000145,0,0.833634078502655,15.814815521240234,26.58366584777832,-1.0141607522964478,True,80,0.8306722044944763,0.8814448714256287,0.14051680266857147,15.925418853759766,26.533374786376953,-0.9435726404190063,3080,1016
2011_09_26_drive_0015_sync,0000000145,1,0.8747544288635254,6.108802318572998,21.345396041870117,-1.504941701889038,True,57,0.8456279635429382,0.857238233089447,0.0921427309513092,6.03939962387085,21.332332611083984,-1.445756435394287,3080,1016
2011_09_26_drive_0015_sync,0000000145,2,0.8702986240386963,21.321796417236328,1.0438522100448608,-1.5594664812088013,True,89,0.8516433835029602,0.80279541015625,0.13578958809375763,21.42410659790039,0.9553514719009399,-1.547674298286438,3080,1016
2011_09_26_drive_0015_sync,0000000146,0,0.8320170640945435,15.067198753356934,26.52402114868164,-0.9823801517486572,True,78,0.8055396676063538,0.7899048924446106,0.23283027112483978,15.292322158813477,26.523181915283203,-1.0417828559875488,3111,985
2011_09_26_drive_0015_sync,0000000146,1,0.8360358476638794,21.266462326049805,0.9369878768920898,-1.530580759048462,True,21,0.8571661710739136,0.8138403296470642,0.18436658382415771,21.10527801513672,0.8647062182426453,-1.4777979850769043,3111,985
2011_09_26_drive_0015_sync,0000000146,2,0.8211569786071777,5.308860778808594,21.338489532470703,-1.5177364349365234,True,41,0.8405904173851013,0.8235400319099426,0.11798819899559021,5.4111762046813965,21.381330490112305,-1.4775192737579346,3111,985
2011_09_26_drive_0015_sync,0000000147,0,0.8654984831809998,4.62094259262085,21.37577247619629,-1.5397104024887085,True,49,0.8677520751953125,0.9062355160713196,0.020504705607891083,4.63533878326416,21.365983963012695,-1.5288763046264648,3122,974
2011_09_26_drive_0015_sync,0000000147,1,0.8376326560974121,21.46976089477539,1.0084850788116455,-1.5549263954162598,True,72,0.8614510893821716,0.8534529209136963,0.07979835569858551,21.465896606445312,1.0440808534622192,-1.4836117029190063,3122,974
2011_09_26_drive_0015_sync,0000000147,2,0.7862881422042847,14.455338478088379,26.494932174682617,-0.9937096238136292,True,0,0.5188478231430054,0.7078375220298767,0.2794836163520813,14.353653907775879,26.73927116394043,-0.9038776159286499,3122,974
2011_09_26_drive_0015_sync,0000000148,0,0.7530621886253357,13.793120384216309,26.484655380249023,-0.994037389755249,True,85,0.7891335487365723,0.8340310454368591,0.02654193714261055,13.784483909606934,26.463970184326172,-1.00825035572052,3054,1042
2011_09_26_drive_0015_sync,0000000148,1,0.8597269058227539,3.7575619220733643,21.422260284423828,-1.5515615940093994,True,25,0.8633235096931458,0.8723284602165222,0.09010812640190125,3.8255794048309326,21.385421752929688,-1.5053445100784302,3054,1042
2011_09_26_drive_0015_sync,0000000148,2,0.872016966342926,21.622573852539062,0.9241483211517334,-1.5972039699554443,True,96,0.8353671431541443,0.8811919689178467,0.1445157825946808,21.48841094970703,0.9459096193313599,-1.5480961799621582,3054,1042
2011_09_26_drive_0015_sync,0000000149,0,0.8917922377586365,3.081705093383789,21.315990447998047,-1.4872336387634277,True,82,0.8729815483093262,0.8356875777244568,0.12225520610809326,3.1705620288848877,21.39919090270996,-1.498567819595337,3077,1019
2011_09_26_drive_0015_sync,0000000149,1,0.861469566822052,21.444961547851562,0.9586156606674194,-1.559730887413025,True,56,0.8620007038116455,0.9085768461227417,0.09832113236188889,21.539642333984375,0.9736731648445129,-1.5379165410995483,3077,1019
2011_09_26_drive_0015_sync,0000000150,0,0.8426781892776489,2.30961537361145,21.373598098754883,-1.5827922821044922,True,57,0.8452464938163757,0.8619872331619263,0.08942630887031555,2.330395460128784,21.385208129882812,-1.4965921640396118,3093,1003
2011_09_26_drive_0015_sync,0000000150,1,0.8162574768066406,12.014108657836914,26.64866065979004,-0.8958448767662048,True,60,0.686217725276947,0.8148001432418823,0.11993081122636795,11.910530090332031,26.59751319885254,-0.9280755519866943,3093,1003
2011_09_26_drive_0015_sync,0000000150,2,0.8803511261940002,21.692079544067383,0.8742253184318542,-1.5527355670928955,True,94,0.8742905259132385,0.9219182133674622,0.04953388124704361,21.729463577270508,0.8471030592918396,-1.5706359148025513,3093,1003
2011_09_26_drive_0015_sync,0000000151,0,0.8398986458778381,11.509026527404785,26.494077682495117,-0.9455952048301697,True,93,0.8451418876647949,0.8902282118797302,0.09995338320732117,11.584558486938477,26.451839447021484,-0.9956105351448059,3048,1048
2011_09_26_drive_0015_sync,0000000151,1,0.8593518733978271,21.888980865478516,0.9933273792266846,-1.514499306678772,True,59,0.8260213136672974,0.8916942477226257,0.07554569095373154,21.822391510009766,1.0282559394836426,-1.507218837738037,3048,1048
2011_09_26_drive_0015_sync,0000000151,2,0.8371168375015259,1.7293375730514526,21.308433532714844,-1.5563931465148926,True,64,0.8124600052833557,0.8853839635848999,0.1374531090259552,1.5944244861602783,21.3343505859375,-1.5519073009490967,3048,1048
2011_09_26_drive_0015_sync,0000000152,0,0.771125078201294,0.6726621389389038,21.302888870239258,-1.4451711177825928,True,25,0.808007538318634,0.8916040658950806,0.08851465582847595,0.7401127815246582,21.285720825195312,-1.49985671043396,3110,986
2011_09_26_drive_0015_sync,0000000152,1,0.8551657199859619,22.02526092529297,0.976902186870575,-1.5290894508361816,True,92,0.8590971827507019,0.8728623986244202,0.10612849146127701,21.936479568481445,1.032825231552124,-1.5450186729431152,3110,986
2011_09_26_drive_0015_sync,0000000152,2,0.8496337532997131,10.886302947998047,26.50326919555664,-0.9345844984054565,True,33,0.7425644993782043,0.8954340219497681,0.022931138053536415,10.86383056640625,26.505834579467773,-0.9383591413497925,3110,986
2011_09_26_drive_0015_sync,0000000153,0,0.4126840829849243,43.59144592285156,5.715743064880371,-1.4413402080535889,True,25,0.4014227092266083,0.9326103329658508,0.035916946828365326,43.59434127807617,5.746294975280762,-1.4226794242858887,3063,1033
2011_09_26_drive_0015_sync,0000000153,1,0.35135355591773987,20.892879486083984,27.109420776367188,-0.9232572913169861,False,,,0.0,,,,,3063,1033
2011_09_26_drive_0015_sync,0000000153,2,0.8769859075546265,22.07768440246582,1.1221487522125244,-1.5513114929199219,True,28,0.8715900778770447,0.8513945937156677,0.118073470890522,21.98644256591797,1.0623270273208618,-1.5964516401290894,3063,1033
2011_09_26_drive_0015_sync,0000000153,3,0.8610134124755859,10.21727180480957,26.426008224487305,-0.9891727566719055,True,79,0.8403875231742859,0.8877374529838562,0.06400856375694275,10.168553352355957,26.45659637451172,-0.9611018896102905,3063,1033
2011_09_26_drive_0015_sync,0000000153,4,0.7969655394554138,0.0841505229473114,21.362876892089844,-1.5482237339019775,True,99,0.7489095330238342,0.7585499882698059,0.245111882686615,0.3017810583114624,21.262619018554688,-1.496598720550537,3063,1033
2011_09_26_drive_0015_sync,0000000154,0,0.841218888759613,9.396283149719238,26.43150520324707,-0.8946830034255981,True,79,0.8258598446846008,0.8089122176170349,0.13613896071910858,9.488986015319824,26.50896453857422,-0.9574527740478516,3049,1047
2011_09_26_drive_0015_sync,0000000154,1,0.34567543864250183,-0.8653786778450012,21.137516021728516,-1.40162992477417,True,91,0.3638218343257904,0.6723628044128418,0.33638012409210205,-0.5484184622764587,21.089662551879883,-1.503599762916565,3049,1047
2011_09_26_drive_0015_sync,0000000154,2,0.8576757311820984,22.15726089477539,0.9939908981323242,-1.5637907981872559,True,27,0.8476952910423279,0.8942062258720398,0.06798326969146729,22.155662536621094,1.0387870073318481,-1.5126783847808838,3049,1047
2011_09_26_drive_0015_sync,0000000155,0,0.5053661465644836,8.826652526855469,26.34536361694336,-0.7917593717575073,False,,,0.0,,,,,3106,990
2011_09_26_drive_0015_sync,0000000155,1,0.726302981376648,38.84661865234375,5.251062870025635,-1.4677730798721313,True,34,0.6692156791687012,0.8085425496101379,0.1641385555267334,38.71706771850586,5.351847171783447,-1.468510627746582,3106,990
2011_09_26_drive_0015_sync,0000000155,2,0.8728551864624023,22.334962844848633,0.9343570470809937,-1.5454299449920654,True,24,0.8699010610580444,0.857645571231842,0.0911894142627716,22.340450286865234,1.024857997894287,-1.5356844663619995,3106,990
2011_09_26_drive_0015_sync,0000000155,3,0.3855099081993103,3.801907539367676,35.82746124267578,-0.7377738356590271,True,53,0.7601297497749329,0.7870369553565979,0.10007968544960022,3.7709882259368896,35.75560760498047,-0.6753479242324829,3106,990
2011_09_26_drive_0015_sync,0000000156,0,0.7796167731285095,8.131589889526367,26.41091537475586,-0.9407482147216797,True,51,0.7728084921836853,0.8265894651412964,0.17541876435279846,7.9643120765686035,26.44571876525879,-0.9804798364639282,3094,1002
2011_09_26_drive_0015_sync,0000000156,1,0.8817266225814819,22.682147979736328,0.9637358784675598,-1.544982671737671,True,62,0.8318092823028564,0.747408390045166,0.2882043421268463,22.422142028808594,0.8495917320251465,-1.495690107345581,3094,1002
2011_09_26_drive_0015_sync,0000000157,0,0.85406094789505,22.626663208007812,1.0464954376220703,-1.575571894645691,True,58,0.857987642288208,0.7820954918861389,0.13483887910842896,22.576282501220703,0.9232573509216309,-1.5969185829162598,3058,1038
2011_09_26_drive_0015_sync,0000000157,1,0.8191032409667969,7.448834419250488,26.28373146057129,-0.892534077167511,True,54,0.7337347269058228,0.9478320479393005,0.04287673905491829,7.488175868988037,26.27478790283203,-0.9070488214492798,3058,1038
2011_09_26_drive_0015_sync,0000000157,2,0.35027170181274414,2.2964823246002197,35.85134506225586,-0.5653054714202881,True,99,0.28237998485565186,0.7525195479393005,0.1822543889284134,2.3679018020629883,35.913902282714844,-0.7208770513534546,3058,1038
2011_09_26_drive_0015_sync,0000000157,3,0.42709043622016907,34.14027404785156,4.791687488555908,-1.2562172412872314,True,22,0.5398038029670715,0.8566597104072571,0.06095515936613083,34.140647888183594,4.730807304382324,-1.2592164278030396,3058,1038
2011_09_26_drive_0015_sync,0000000157,4,0.47397175431251526,17.647539138793945,32.14411926269531,-0.7043677568435669,True,97,0.20935200154781342,0.7523521780967712,0.18861381709575653,17.54298210144043,32.30077362060547,-0.7144874334335327,3058,1038
2011_09_26_drive_0015_sync,0000000157,5,0.6326428055763245,17.053091049194336,35.24879837036133,-0.35082554817199707,True,82,0.5704906582832336,0.9356280565261841,0.062327392399311066,17.029306411743164,35.21674346923828,-0.3986949324607849,3058,1038
2011_09_26_drive_0015_sync,0000000158,0,0.6062803864479065,18.419921875,26.428142547607422,-0.9077526330947876,True,56,0.568706214427948,0.8568592667579651,0.12484750896692276,18.315380096435547,26.49639129638672,-0.90791255235672,3022,1074
2011_09_26_drive_0015_sync,0000000158,1,0.5795137882232666,0.9403431415557861,35.8399772644043,-0.5616002082824707,True,73,0.5396038889884949,0.7734351754188538,0.3341826796531677,1.2707246541976929,35.88108825683594,-0.590514063835144,3022,1074
2011_09_26_drive_0015_sync,0000000158,2,0.4187377989292145,16.400653839111328,35.3930549621582,-0.4872032701969147,True,38,0.3176693022251129,0.8712846636772156,0.14396561682224274,16.29488182067871,35.29603958129883,-0.47596079111099243,3022,1074
2011_09_26_drive_0015_sync,0000000158,3,0.7061966061592102,6.756832122802734,26.19879913330078,-0.9828153848648071,True,48,0.704987108707428,0.7646676898002625,0.18299290537834167,6.776016712188721,26.377269744873047,-0.9472261071205139,3022,1074
2011_09_26_drive_0015_sync,0000000158,4,0.8300962448120117,22.791501998901367,1.0960761308670044,-1.5605753660202026,True,79,0.8497743606567383,0.8331137895584106,0.09544843435287476,22.852006912231445,1.0563883781433105,-1.6228203773498535,3022,1074
2011_09_26_drive_0015_sync,0000000159,0,0.6862266063690186,6.147555828094482,26.301300048828125,-0.9157902002334595,True,60,0.3993063271045685,0.5728872418403625,0.6445384621620178,5.626346588134766,26.673179626464844,-0.8417879939079285,3037,1059
2011_09_26_drive_0015_sync,0000000159,1,0.574883759021759,16.048629760742188,32.372371673583984,-0.7463517189025879,True,88,0.5683804154396057,0.7138447761535645,0.2838273048400879,15.797019004821777,32.244815826416016,-0.7150551080703735,3037,1059
2011_09_26_drive_0015_sync,0000000159,2,0.7413303256034851,29.190074920654297,4.483987808227539,-1.4935872554779053,True,32,0.09929711371660233,0.6489716172218323,0.27416473627090454,28.98121452331543,4.354766368865967,-1.615429162979126,3037,1059
2011_09_26_drive_0015_sync,0000000159,3,0.85146164894104,22.994117736816406,0.7590633034706116,-1.5220774412155151,True,8,0.8401951789855957,0.6984201669692993,0.24499784409999847,22.985490798950195,0.9857689142227173,-1.4295891523361206,3037,1059
2011_09_26_drive_0015_sync,0000000160,0,0.6639460921287537,5.199140548706055,26.3281307220459,-0.9503045082092285,True,34,0.7270909547805786,0.8632608652114868,0.06512127816677094,5.140918254852295,26.341991424560547,-0.9246369004249573,3018,1078
2011_09_26_drive_0015_sync,0000000160,1,0.8421083092689514,23.229656219482422,0.7669435143470764,-1.6245687007904053,True,12,0.8577873706817627,0.7606645226478577,0.18444225192070007,23.12981605529785,0.9017266035079956,-1.5478588342666626,3018,1078
2011_09_26_drive_0015_sync,0000000161,0,0.8585329651832581,23.430400848388672,0.7349547147750854,-1.5640909671783447,True,31,0.871785044670105,0.8586750626564026,0.14914561808109283,23.29568862915039,0.6724717020988464,-1.5502018928527832,3019,1077
2011_09_26_drive_0015_sync,0000000161,1,0.3650798201560974,13.891925811767578,34.779232025146484,-0.44347649812698364,True,94,0.5756510496139526,0.5660016536712646,0.41529420018196106,14.089625358581543,35.144447326660156,-0.4420800805091858,3019,1077
2011_09_26_drive_0015_sync,0000000161,2,0.45352795720100403,4.494998455047607,26.247943878173828,-0.9768097996711731,True,74,0.7911701798439026,0.8797742128372192,0.08285661041736603,4.451277256011963,26.234952926635742,-0.9076367616653442,3019,1077
2011_09_26_drive_0015_sync,0000000161,3,0.48947596549987793,14.682071685791016,31.931058883666992,-0.8505248427391052,True,98,0.3548855185508728,0.8086509704589844,0.19475458562374115,14.834127426147461,32.0471076965332,-0.8139041662216187,3019,1077
2011_09_26_drive_0015_sync,0000000162,0,0.3541971445083618,3.5456364154815674,26.338512420654297,-1.06321382522583,True,56,0.5411221981048584,0.912998378276825,0.05872512608766556,3.5220870971679688,26.30128288269043,-1.1020472049713135,2950,1146
2011_09_26_drive_0015_sync,0000000162,1,0.8389983177185059,23.560993194580078,0.6779670119285583,-1.6622917652130127,True,36,0.8455156087875366,0.7734076380729675,0.151240736246109,23.485580444335938,0.7990315556526184,-1.7125914096832275,2950,1146
2011_09_26_drive_0015_sync,0000000162,2,0.5498262643814087,48.91534423828125,-21.976743698120117,-2.433814764022827,True,61,0.29222285747528076,0.907758355140686,0.08254235982894897,48.923744201660156,-22.049915313720703,-2.471078634262085,2950,1146
2011_09_26_drive_0015_sync,0000000162,3,0.539326012134552,21.59339714050293,4.154576778411865,-1.519521713256836,True,90,0.09012995660305023,0.8641157150268555,0.15279313921928406,21.735370635986328,4.104365348815918,-1.545369029045105,2950,1146
2011_09_26_drive_0015_sync,0000000163,0,0.7010019421577454,2.6719088554382324,26.258934020996094,-1.112841248512268,True,75,0.8067657351493835,0.8161739110946655,0.21986348927021027,2.8740618228912354,26.221073150634766,-1.0351194143295288,2912,1184
2011_09_26_drive_0015_sync,0000000163,1,0.8643239736557007,23.85064697265625,0.8344396948814392,-1.6810497045516968,True,68,0.8450059294700623,0.8614035844802856,0.14966817200183868,23.720712661743164,0.8936235308647156,-1.6361619234085083,2912,1184
2011_09_26_drive_0015_sync,0000000163,2,0.4381393790245056,14.209928512573242,26.171688079833984,-1.0404490232467651,True,37,0.20087930560112,0.5152308940887451,0.39555463194847107,14.215970993041992,25.86893653869629,-1.294945478439331,2912,1184
2011_09_26_drive_0015_sync,0000000163,3,0.44251465797424316,48.04292678833008,-22.441579818725586,-2.54193115234375,True,65,0.42197728157043457,0.9728932976722717,0.021337144076824188,48.05579376220703,-22.4421443939209,-2.5589427947998047,2912,1184
2011_09_26_drive_0015_sync,0000000164,0,0.38276392221450806,11.732146263122559,34.73257064819336,-0.47978532314300537,True,87,0.016915690153837204,0.6218298077583313,0.33025071024894714,11.822099685668945,34.9954948425293,-0.3013342618942261,2915,1181
2011_09_26_drive_0015_sync,0000000164,1,0.36300256848335266,12.334681510925293,31.85068130493164,-0.8050225973129272,True,96,0.2535979151725769,0.8449729084968567,0.11636476963758469,12.40634822845459,31.876548767089844,-0.8929743766784668,2915,1181
2011_09_26_drive_0015_sync,0000000164,2,0.8570272922515869,23.91088104248047,1.0026203393936157,-1.6644253730773926,True,81,0.8181673288345337,0.8203502893447876,0.1176738440990448,23.88750648498535,0.90849369764328,-1.5977849960327148,2915,1181
2011_09_26_drive_0015_sync,0000000165,0,0.8505656123161316,24.109657287597656,1.0593739748001099,-1.6856043338775635,True,24,0.8606429696083069,0.7858092188835144,0.17291265726089478,24.177692413330078,0.9006116986274719,-1.67756986618042,2943,1153
2011_09_26_drive_0015_sync,0000000165,1,0.4415050446987152,46.39482116699219,-22.70779800415039,-2.6703851222991943,True,40,0.03887117654085159,0.7814972400665283,0.15175625681877136,46.525146484375,-22.639060974121094,-2.6340465545654297,2943,1153
2011_09_26_drive_0015_sync,0000000165,2,0.6891821026802063,1.4539504051208496,26.194740295410156,-1.1107174158096313,True,81,0.41100576519966125,0.7643168568611145,0.22284379601478577,1.6723003387451172,26.19102668762207,-1.1550893783569336,2943,1153
2011_09_26_drive_0015_sync,0000000165,3,0.6951859593391418,13.897624969482422,4.084233283996582,-1.672642707824707,True,36,0.5955390930175781,0.8346138596534729,0.14255192875862122,13.824780464172363,4.186914920806885,-1.6057755947113037,2943,1153
2011_09_26_drive_0015_sync,0000000165,4,0.4660511910915375,11.589899063110352,32.006778717041016,-0.9271930456161499,True,49,0.42087623476982117,0.8222665190696716,0.07498457282781601,11.542723655700684,31.9702091217041,-0.8818076848983765,2943,1153
2011_09_26_drive_0015_sync,0000000165,5,0.3162819743156433,10.880264282226562,24.539785385131836,-0.819564700126648,True,84,0.05999169498682022,0.734709620475769,0.2938166856765747,10.609798431396484,24.519641876220703,-0.9325722455978394,2943,1153
2011_09_26_drive_0015_sync,0000000166,0,0.3141947388648987,10.501449584960938,35.23322296142578,-0.6196067929267883,True,19,0.23519659042358398,0.8913277387619019,0.1302771419286728,10.409664154052734,35.140769958496094,-0.619499921798706,2860,1236
2011_09_26_drive_0015_sync,0000000166,1,0.8664715886116028,24.400619506835938,0.9989432692527771,-1.6977304220199585,True,35,0.875468909740448,0.9286515116691589,0.0376112125813961,24.385414123535156,0.968448281288147,-1.7136507034301758,2860,1236
2011_09_26_drive_0015_sync,0000000167,0,0.6405104994773865,44.396846771240234,-22.66761589050293,-2.6691603660583496,True,68,0.3304651379585266,0.8697835803031921,0.1643676459789276,44.394779205322266,-22.651893615722656,-2.832761287689209,2742,1354
2011_09_26_drive_0015_sync,0000000167,1,0.8423382043838501,24.44647216796875,0.8339321613311768,-1.683982014656067,True,85,0.8553608655929565,0.6757625937461853,0.2938179671764374,24.475948333740234,1.1260908842086792,-1.6738121509552002,2742,1354
2011_09_26_drive_0015_sync,0000000168,0,0.850365936756134,24.581558227539062,0.9344495534896851,-1.622539758682251,True,78,0.8636147379875183,0.7949844002723694,0.14856809377670288,24.676387786865234,0.8565372824668884,-1.7062625885009766,2734,1362
2011_09_26_drive_0015_sync,0000000168,1,0.6574472188949585,10.178218841552734,26.133747100830078,-0.9536938071250916,True,56,0.5381362438201904,0.7361474633216858,0.18321901559829712,10.017199516296387,26.15549087524414,-1.0383648872375488,2734,1362
2011_09_26_drive_0015_sync,0000000168,2,0.7538557052612305,43.60758590698242,-22.825284957885742,-2.687356948852539,True,95,0.5870558023452759,0.8016505837440491,0.2154349982738495,43.66700744628906,-22.642189025878906,-2.7840895652770996,2734,1362
2011_09_26_drive_0015_sync,0000000169,0,0.8504016995429993,24.870445251464844,0.957995593547821,-1.6725910902023315,True,70,0.8497803211212158,0.7684232592582703,0.22643017768859863,24.70230484008789,0.8370346426963806,-1.5811150074005127,2568,1528
2011_09_26_drive_0015_sync,0000000169,1,0.4072551727294922,42.57758331298828,-22.460458755493164,-2.651156425476074,True,84,0.5957269668579102,0.9166379570960999,0.05514116585254669,42.62275314331055,-22.429073333740234,-2.647258996963501,2568,1528
2011_09_26_drive_0015_sync,0000000169,2,0.6526630520820618,12.57620906829834,23.08258819580078,-1.494541883468628,True,55,0.2602199912071228,0.8538290858268738,0.029433831572532654,12.565018653869629,23.056550979614258,-1.4865927696228027,2568,1528
2011_09_26_drive_0015_sync,0000000169,3,0.6018568873405457,9.36212158203125,26.111251831054688,-1.0292192697525024,True,51,0.7134964466094971,0.8286868929862976,0.11210983246564865,9.285316467285156,26.192270278930664,-1.0394954681396484,2568,1528
2011_09_26_drive_0015_sync,0000000170,0,0.8859753012657166,25.00181770324707,0.830073893070221,-1.7359859943389893,True,29,0.8896288275718689,0.8673771023750305,0.10739877074956894,24.92543601989746,0.7731234431266785,-1.686418056488037,2482,1614
2011_09_26_drive_0015_sync,0000000170,1,0.4741717278957367,58.6912727355957,5.752621173858643,-1.6674919128417969,True,51,0.18981190025806427,0.7903844714164734,0.15245001018047333,58.681724548339844,5.6025590896606445,-1.6423680782318115,2482,1614
2011_09_26_drive_0015_sync,0000000171,0,0.35567882657051086,52.03764724731445,22.184526443481445,-1.3806215524673462,True,81,0.1925537884235382,0.6087833046913147,0.3363615870475769,51.76593780517578,21.99168586730957,-1.334517240524292,2605,1491
2011_09_26_drive_0015_sync,0000000171,1,0.8812690377235413,25.073890686035156,0.7361778616905212,-1.6591808795928955,True,22,0.8836524486541748,0.9220211505889893,0.02681305818259716,25.08779525756836,0.7582401037216187,-1.6529470682144165,2605,1491
2011_09_26_drive_0015_sync,0000000171,2,0.40001368522644043,40.7255744934082,-22.945383071899414,-2.7781476974487305,True,91,0.4674270749092102,0.8184670209884644,0.1785782128572464,40.792808532714844,-23.088380813598633,-2.6949527263641357,2605,1491
2011_09_26_drive_0015_sync,0000000172,0,0.8667178750038147,25.353105545043945,0.7198702096939087,-1.6715223789215088,True,71,0.8732638359069824,0.8602806925773621,0.10567019134759903,25.292753219604492,0.8048768639564514,-1.6542696952819824,2638,1458
2011_09_26_drive_0015_sync,0000000172,1,0.38268861174583435,6.649686813354492,26.22815704345703,-0.8693849444389343,True,84,0.11482027918100357,0.7353447079658508,0.19122594594955444,6.8027729988098145,26.116701126098633,-0.8427474498748779,2638,1458
2011_09_26_drive_0015_sync,0000000173,0,0.3029039204120636,51.91339111328125,5.209510803222656,-1.463430404663086,True,25,0.4451500177383423,0.5654698014259338,0.1466657817363739,51.8938102722168,5.286832809448242,-1.5865106582641602,2818,1278
2011_09_26_drive_0015_sync,0000000173,1,0.8344866633415222,25.27586555480957,0.660383403301239,-1.5739543437957764,True,41,0.8221109509468079,0.8549609184265137,0.13491660356521606,25.386287689208984,0.7365798354148865,-1.5882213115692139,2818,1278
2011_09_26_drive_0015_sync,0000000173,2,0.5569049715995789,39.37934112548828,-28.332307815551758,-2.986799478530884,True,53,0.2543637156486511,0.6913975477218628,0.1849340796470642,39.46577072143555,-28.344797134399414,-2.823782444000244,2818,1278
2011_09_26_drive_0015_sync,0000000173,3,0.3509514331817627,38.81388473510742,-22.875516891479492,-2.7124643325805664,True,99,0.33157801628112793,0.8005906343460083,0.12664838135242462,38.6875114440918,-22.869129180908203,-2.7070975303649902,2818,1278
2011_09_26_drive_0015_sync,0000000174,0,0.33484947681427,38.42775344848633,-27.79539680480957,-2.963461399078369,True,66,0.12214475870132446,0.7707974314689636,0.22568126022815704,38.432308197021484,-28.013694763183594,-2.906388759613037,2855,1241
2011_09_26_drive_0015_sync,0000000174,1,0.6178820729255676,37.80095672607422,-22.90259552001953,-2.6594996452331543,True,37,0.34440726041793823,0.6659124493598938,0.544641375541687,37.69782638549805,-23.437345504760742,-2.6531100273132324,2855,1241
2011_09_26_drive_0015_sync,0000000174,2,0.8579224348068237,25.544511795043945,0.6216588616371155,-1.6968063116073608,True,25,0.8787508010864258,0.8073532581329346,0.1435670256614685,25.458330154418945,0.5290002226829529,-1.6289933919906616,2855,1241
2011_09_26_drive_0015_sync,0000000175,0,0.3079889118671417,37.350914001464844,-28.264148712158203,-2.9234633445739746,True,9,0.11081256717443466,0.5704597234725952,0.3488795757293701,37.61814498901367,-28.118144989013672,-3.0937204360961914,2887,1209
2011_09_26_drive_0015_sync,0000000175,1,0.8550342917442322,25.483057022094727,0.7009581327438354,-1.598986268043518,True,64,0.8581540584564209,0.8129169940948486,0.14736439287662506,25.59881591796875,0.610206127166748,-1.6079425811767578,2887,1209
2011_09_26_drive_0015_sync,0000000176,0,0.6147577166557312,44.878501892089844,4.849140167236328,-1.5808906555175781,True,73,0.6421937346458435,0.9481833577156067,0.030905285850167274,44.86741256713867,4.85049295425415,-1.5520751476287842,2841,1255
2011_09_26_drive_0015_sync,0000000176,1,0.8120470643043518,25.614992141723633,0.7880812883377075,-1.610182523727417,True,90,0.8290044069290161,0.8466112017631531,0.10278759151697159,25.642650604248047,0.6936948895454407,-1.640040636062622,2841,1255
2011_09_26_drive_0015_sync,0000000176,2,0.527812659740448,35.56230545043945,-22.817188262939453,-2.5736687183380127,True,50,0.4361707270145416,0.7903394103050232,0.12924347817897797,35.52749252319336,-22.89698600769043,-2.669189691543579,2841,1255
2011_09_26_drive_0015_sync,0000000177,0,0.4026181101799011,41.958702087402344,5.508892059326172,-1.6747641563415527,True,96,0.3698641061782837,0.8874242901802063,0.05187682434916496,41.98072814941406,5.52517557144165,-1.7188198566436768,2783,1313
2011_09_26_drive_0015_sync,0000000177,1,0.6535115838050842,35.15531539916992,-28.34822654724121,-2.926833152770996,True,45,0.4150440990924835,0.8594363331794739,0.11685936152935028,35.153297424316406,-28.450157165527344,-2.9839487075805664,2783,1313
2011_09_26_drive_0015_sync,0000000177,2,0.4999450445175171,34.74846649169922,-22.833581924438477,-2.710040807723999,True,61,0.5022957921028137,0.8211823105812073,0.20002879202365875,34.80867004394531,-23.017335891723633,-2.7612416744232178,2783,1313
2011_09_26_drive_0015_sync,0000000177,3,0.8229358196258545,25.73402214050293,0.639782726764679,-1.6520715951919556,True,63,0.8360779285430908,0.8097825646400452,0.14949436485767365,25.861143112182617,0.6945816278457642,-1.7085154056549072,2783,1313
2011_09_26_drive_0015_sync,0000000178,0,0.41570231318473816,40.460147857666016,4.4397149085998535,-1.6439769268035889,True,64,0.6189593076705933,0.8094127178192139,0.12783299386501312,40.45049285888672,4.368889331817627,-1.7499570846557617,2767,1329
2011_09_26_drive_0015_sync,0000000178,1,0.8510283827781677,25.86240005493164,0.6498503684997559,-1.6714203357696533,True,37,0.8339126110076904,0.8872751593589783,0.0808432549238205,25.795000076293945,0.6852487921714783,-1.698620080947876,2767,1329
2011_09_26_drive_0015_sync,0000000178,2,0.562776505947113,32.14611053466797,21.74799346923828,-1.4637207984924316,True,28,0.4475032687187195,0.7234084010124207,0.18535465002059937,32.06671905517578,21.912626266479492,-1.494532823562622,2767,1329
2011_09_26_drive_0015_sync,0000000178,3,0.6864743232727051,33.97086715698242,-28.388774871826172,-2.964676856994629,True,63,0.48103854060173035,0.7969455718994141,0.13564208149909973,34.07854461669922,-28.320669174194336,-2.9181370735168457,2767,1329
2011_09_26_drive_0015_sync,0000000178,4,0.37245768308639526,11.810386657714844,25.138452529907227,-1.1568944454193115,True,89,0.539505124092102,0.5875953435897827,0.24106231331825256,12.035110473632812,25.21685028076172,-1.1186317205429077,2767,1329
2011_09_26_drive_0015_sync,0000000179,0,0.3729459047317505,32.47229766845703,-23.31360626220703,-2.746480941772461,True,31,0.7485690712928772,0.727863073348999,0.17799343168735504,32.340606689453125,-23.272884368896484,-2.633871555328369,2694,1402
2011_09_26_drive_0015_sync,0000000179,1,0.4862712025642395,37.63661575317383,4.301180839538574,-1.569671630859375,True,44,0.5767260193824768,0.7255164384841919,0.23089413344860077,37.846988677978516,4.395135879516602,-1.5545790195465088,2694,1402
2011_09_26_drive_0015_sync,0000000179,2,0.8493720293045044,25.978038787841797,0.5504025816917419,-1.675046682357788,True,36,0.8542938828468323,0.9089254140853882,0.05599043890833855,25.957046508789062,0.49883508682250977,-1.6691266298294067,2694,1402
2011_09_26_drive_0015_sync,0000000179,3,0.7064187526702881,32.89632797241211,-28.255029678344727,-2.9497642517089844,True,11,0.7009854912757874,0.8341297507286072,0.10819114744663239,32.96232986450195,-28.296062469482422,-2.874495506286621,2694,1402
2011_09_26_drive_0015_sync,0000000180,0,0.755940318107605,35.51462936401367,4.3431196212768555,-1.5460171699523926,True,43,0.6843533515930176,0.8321802616119385,0.14569607377052307,35.64019775390625,4.416162014007568,-1.534848690032959,2655,1441
2011_09_26_drive_0015_sync,0000000180,1,0.8411145806312561,25.912399291992188,0.6758936643600464,-1.5771305561065674,True,88,0.8200828433036804,0.6160140037536621,0.34629473090171814,25.978605270385742,0.3375013470649719,-1.545076608657837,2655,1441
2011_09_26_drive_0015_sync,0000000180,2,0.37095922231674194,31.858675003051758,-28.41120719909668,-2.7935612201690674,True,82,0.46798214316368103,0.8755656480789185,0.09710562229156494,31.89628791809082,-28.324588775634766,-2.7709333896636963,2655,1441
2011_09_26_drive_0015_sync,0000000181,0,0.6478909254074097,35.65730667114258,21.10430145263672,-1.2742888927459717,True,34,0.5601559281349182,0.8172440528869629,0.10483033955097198,35.587825775146484,21.067262649536133,-1.2050795555114746,2690,1406
2011_09_26_drive_0015_sync,0000000181,1,0.7699145674705505,30.446565628051758,-23.23796844482422,-2.6197710037231445,True,23,0.7809619903564453,0.8050512075424194,0.1229485422372818,30.330167770385742,-23.24494171142578,-2.6587486267089844,2690,1406
2011_09_26_drive_0015_sync,0000000181,2,0.7989699840545654,25.93174934387207,0.4308010935783386,-1.5301920175552368,True,92,0.8647155165672302,0.8700709342956543,0.16109727323055267,26.086490631103516,0.40062323212623596,-1.5633094310760498,2690,1406
2011_09_26_drive_0015_sync,0000000181,3,0.6947532892227173,33.04701232910156,4.233216285705566,-1.5123804807662964,True,44,0.7217265367507935,0.8560858368873596,0.08818116039037704,33.041107177734375,4.32097053527832,-1.5060371160507202,2690,1406
2011_09_26_drive_0015_sync,0000000181,4,0.813674807548523,30.693239212036133,-28.34079933166504,-2.8484749794006348,True,60,0.6933488249778748,0.846200168132782,0.08334319293498993,30.75087547302246,-28.381084442138672,-2.803739547729492,2690,1406
2011_09_26_drive_0015_sync,0000000181,5,0.3801300525665283,0.911556601524353,39.05863571166992,-0.3911331593990326,True,2,0.32376715540885925,0.8264046311378479,0.13263195753097534,0.9569656252861023,38.93535232543945,-0.37295451760292053,2690,1406
2011_09_26_drive_0015_sync,0000000182,0,0.7802668809890747,29.68015480041504,-28.3802547454834,-2.7849960327148438,True,97,0.7843893766403198,0.8063024282455444,0.13052040338516235,29.699901580810547,-28.372459411621094,-2.913778305053711,2741,1355
2011_09_26_drive_0015_sync,0000000182,1,0.8426368236541748,29.167287826538086,-23.224956512451172,-2.5716264247894287,True,69,0.7358583211898804,0.8969866037368774,0.05441287159919739,29.168752670288086,-23.211030960083008,-2.5190460681915283,2741,1355
2011_09_26_drive_0015_sync,0000000182,2,0.7973738312721252,30.632373809814453,4.3772807121276855,-1.4499619007110596,True,56,0.737197756767273,0.8094986081123352,0.1460162252187729,30.50127601623535,4.434655666351318,-1.478982925415039,2741,1355
2011_09_26_drive_0015_sync,0000000182,3,0.6076037883758545,25.756540298461914,0.3390143811702728,-1.524353265762329,True,30,0.5202498435974121,0.8535013198852539,0.12111517786979675,25.84905242919922,0.2645617723464966,-1.5005372762680054,2741,1355
2011_09_26_drive_0015_sync,0000000183,0,0.8086778521537781,26.229110717773438,0.6481086015701294,-1.5191047191619873,True,18,0.7260275483131409,0.7749989032745361,0.1288478672504425,26.144615173339844,0.6287927627563477,-1.4237675666809082,2700,1396
2011_09_26_drive_0015_sync,0000000183,1,0.7436972856521606,28.031660079956055,-23.197900772094727,-2.766057014465332,True,28,0.5667101740837097,0.9225367903709412,0.05895485728979111,28.07622718811035,-23.21579360961914,-2.8002519607543945,2700,1396
2011_09_26_drive_0015_sync,0000000183,2,0.7597914934158325,28.225677490234375,4.386329174041748,-1.5174460411071777,True,59,0.7750197649002075,0.8639516830444336,0.10733392089605331,28.141639709472656,4.319562911987305,-1.5167467594146729,2700,1396
2011_09_26_drive_0015_sync,0000000184,0,0.6750391721725464,48.228424072265625,4.323984622955322,-1.4655978679656982,True,70,0.7074373960494995,0.890931248664856,0.10426326096057892,48.12991714477539,4.358001232147217,-1.4687732458114624,2719,1377
2011_09_26_drive_0015_sync,0000000184,1,0.8687397241592407,26.408472061157227,0.5099131464958191,-1.625429391860962,True,64,0.8280501365661621,0.8183826804161072,0.08838951587677002,26.372695922851562,0.5819105505943298,-1.5886986255645752,2719,1377
2011_09_26_drive_0015_sync,0000000184,2,0.603456974029541,5.892429351806641,25.096580505371094,-1.0720899105072021,True,39,0.18536631762981415,0.5107789039611816,0.30789411067962646,5.686377048492432,24.920055389404297,-1.2176238298416138,2719,1377
2011_09_26_drive_0015_sync,0000000184,3,0.4331096410751343,27.524986267089844,-28.194923400878906,-2.9399189949035645,True,18,0.4577424228191376,0.5692582130432129,0.4732719957828522,27.707534790039062,-28.596397399902344,-2.768218517303467,2719,1377
2011_09_26_drive_0015_sync,0000000184,4,0.8346557021141052,25.511947631835938,4.234395980834961,-1.5193493366241455,True,17,0.7642682194709778,0.7144417762756348,0.3379841148853302,25.83877944946289,4.149125099182129,-1.5073869228363037,2719,1377
2011_09_26_drive_0015_sync,0000000184,5,0.6809567809104919,27.00560188293457,-23.347692489624023,-2.7072322368621826,True,36,0.6774564385414124,0.8073086738586426,0.15935641527175903,26.9138240814209,-23.468774795532227,-2.755298614501953,2719,1377
2011_09_26_drive_0015_sync,0000000185,0,0.8729617595672607,23.264129638671875,4.2968950271606445,-1.5389142036437988,True,75,0.8760902285575867,0.9111090302467346,0.04752952978014946,23.289648056030273,4.257153511047363,-1.544250726699829,2717,1379
2011_09_26_drive_0015_sync,0000000185,1,0.7991756796836853,26.422954559326172,0.2720259726047516,-1.5331532955169678,True,74,0.8048872947692871,0.8467228412628174,0.10547588020563126,26.420204162597656,0.3774651288986206,-1.5327277183532715,2717,1379
2011_09_26_drive_0015_sync,0000000185,2,0.34449535608291626,37.734222412109375,21.216150283813477,-1.3381125926971436,True,94,0.37819039821624756,0.9076600074768066,0.04661393165588379,37.76045227050781,21.2460880279541,-1.3623733520507812,2717,1379
2011_09_26_drive_0015_sync,0000000185,3,0.5387738943099976,25.918176651000977,-23.354429244995117,-2.6129512786865234,True,93,0.8169824481010437,0.833594024181366,0.13973911106586456,25.85426139831543,-23.244529724121094,-2.5549516677856445,2717,1379
2011_09_26_drive_0015_sync,0000000185,4,0.5846357345581055,26.428455352783203,-28.723541259765625,-2.670494794845581,True,83,0.7166282534599304,0.7933844327926636,0.13042092323303223,26.337671279907227,-28.6914119720459,-2.7584469318389893,2717,1379
2011_09_26_drive_0015_sync,0000000186,0,0.8125579953193665,20.820335388183594,4.221739292144775,-1.5096569061279297,True,65,0.8098530173301697,0.8917204141616821,0.058523233979940414,20.858320236206055,4.1885480880737305,-1.5393295288085938,2727,1369
2011_09_26_drive_0015_sync,0000000186,1,0.6238282918930054,29.945192337036133,20.50735855102539,-1.2805428504943848,True,45,0.458096981048584,0.7653753757476807,0.16450676321983337,29.831008911132812,20.62129783630371,-1.3128299713134766,2727,1369
2011_09_26_drive_0015_sync,0000000186,2,0.7814730405807495,24.712657928466797,-23.727754592895508,-2.625842809677124,True,79,0.7953716516494751,0.8123795986175537,0.12056036293506622,24.694536209106445,-23.65129852294922,-2.534404993057251,2727,1369
2011_09_26_drive_0015_sync,0000000186,3,0.6469453573226929,26.357967376708984,0.3018978238105774,-1.5632601976394653,True,68,0.6273608803749084,0.8911086916923523,0.10475155711174011,26.457921981811523,0.3026810586452484,-1.594586730003357,2727,1369
2011_09_26_drive_0015_sync,0000000187,0,0.6503404378890991,40.895538330078125,20.37236785888672,-1.3650856018066406,True,76,0.6449209451675415,0.8329320549964905,0.1493913233280182,41.0067253112793,20.413259506225586,-1.45609712600708,2720,1376
2011_09_26_drive_0015_sync,0000000187,1,0.8096396923065186,23.657262802124023,-23.29338836669922,-2.630040168762207,True,30,0.8258661031723022,0.8822391033172607,0.054702047258615494,23.648426055908203,-23.342134475708008,-2.606844425201416,2720,1376
2011_09_26_drive_0015_sync,0000000187,2,0.8385165333747864,18.433320999145508,4.1842451095581055,-1.5779781341552734,True,90,0.8778931498527527,0.8504869937896729,0.06835679709911346,18.46054458618164,4.139794826507568,-1.533754825592041,2720,1376
2011_09_26_drive_0015_sync,0000000187,3,0.3792216181755066,2.398634910583496,24.70133399963379,-1.2455039024353027,False,,,0.0,,,,,2720,1376
2011_09_26_drive_0015_sync,0000000187,4,0.8620444536209106,26.85715675354004,0.3618270456790924,-1.5776926279067993,True,72,0.8167349696159363,0.8615052700042725,0.12500594556331635,26.758440017700195,0.4290387034416199,-1.5407590866088867,2720,1376
2011_09_26_drive_0015_sync,0000000188,0,0.7576573491096497,22.923044204711914,-28.652328491210938,-2.8117518424987793,True,99,0.6621018648147583,0.8236324787139893,0.15379773080348969,22.82737159729004,-28.772197723388672,-2.8002688884735107,2704,1392
2011_09_26_drive_0015_sync,0000000188,1,0.8674555420875549,22.44786834716797,-23.476993560791016,-2.5922164916992188,True,90,0.8382210731506348,0.859168529510498,0.12147790193557739,22.509958267211914,-23.57890510559082,-2.5695061683654785,2704,1392
2011_09_26_drive_0015_sync,0000000188,2,0.7735304236412048,38.62362289428711,4.038435459136963,-1.5296943187713623,True,25,0.7278831601142883,0.675498902797699,0.20824424922466278,38.4377326965332,4.0164055824279785,-1.6209367513656616,2704,1392
2011_09_26_drive_0015_sync,0000000188,3,0.862590491771698,15.882619857788086,4.13194465637207,-1.6124794483184814,True,34,0.8414324522018433,0.9109125137329102,0.0790383443236351,15.944290161132812,4.111183166503906,-1.567615270614624,2704,1392
2011_09_26_drive_0015_sync,0000000188,4,0.877464234828949,27.036149978637695,0.27571725845336914,-1.6283739805221558,True,22,0.8453958034515381,0.7951204180717468,0.2326720654964447,26.818161010742188,0.21706970036029816,-1.5720040798187256,2704,1392
2011_09_26_drive_0015_sync,0000000189,0,0.6484407782554626,26.898988723754883,0.41274675726890564,-1.6425514221191406,True,51,0.6983263492584229,0.8794230222702026,0.06645411998033524,26.918203353881836,0.46643272042274475,-1.676680088043213,2664,1432
2011_09_26_drive_0015_sync,0000000189,1,0.7617672085762024,21.759849548339844,-28.609588623046875,-2.7932820320129395,True,31,0.7430749535560608,0.8370246887207031,0.14364810287952423,21.79025650024414,-28.715295791625977,-2.70089054107666,2664,1432
2011_09_26_drive_0015_sync,0000000189,2,0.8238332867622375,21.326173782348633,-23.695106506347656,-2.6628801822662354,True,43,0.7799735069274902,0.8660216331481934,0.07762701064348221,21.33647918701172,-23.674760818481445,-2.588679075241089,2664,1432
2011_09_26_drive_0015_sync,0000000189,3,0.844588041305542,13.316076278686523,4.073352813720703,-1.6084076166152954,True,88,0.8588281869888306,0.8649371862411499,0.051045920699834824,13.320319175720215,4.109920501708984,-1.6437698602676392,2664,1432
2011_09_26_drive_0015_sync,0000000189,4,0.6843429803848267,35.8291015625,4.135838031768799,-1.5612196922302246,True,49,0.708732545375824,0.805231511592865,0.1889079362154007,35.993473052978516,4.043835163116455,-1.5754919052124023,2664,1432
2011_09_26_drive_0015_sync,0000000189,5,0.47173061966896057,0.4695206582546234,25.13644027709961,-1.2123509645462036,True,71,0.23021860420703888,0.6287195682525635,0.30722564458847046,0.1681157946586609,25.098648071289062,-1.2583340406417847,2664,1432
2011_09_26_drive_0015_sync,0000000190,0,0.7970960140228271,25.88773536682129,20.821331024169922,-1.4089943170547485,True,87,0.8052579760551453,0.8594759106636047,0.11396428942680359,25.947378158569336,20.777860641479492,-1.4958328008651733,2612,1484
2011_09_26_drive_0015_sync,0000000190,1,0.6175493001937866,37.55984115600586,20.112478256225586,-1.5011950731277466,True,93,0.7080444097518921,0.8135874271392822,0.09000952541828156,37.54954528808594,20.18796730041504,-1.5491232872009277,2612,1484
2011_09_26_drive_0015_sync,0000000190,2,0.3946329355239868,19.720478057861328,20.95163917541504,-1.5357508659362793,True,67,0.6951407194137573,0.7970203161239624,0.13809581100940704,19.691774368286133,20.83159637451172,-1.5976885557174683,2612,1484
2011_09_26_drive_0015_sync,0000000190,3,0.8923605680465698,10.874686241149902,4.055037975311279,-1.647411823272705,True,69,0.8553022146224976,0.8974841833114624,0.04850461333990097,10.887097358703613,4.056616306304932,-1.600548505783081,2612,1484
2011_09_26_drive_0015_sync,0000000190,4,0.8385743498802185,20.19569206237793,-23.517942428588867,-2.5318212509155273,True,40,0.8102255463600159,0.8123862743377686,0.15935839712619781,20.139293670654297,-23.57830810546875,-2.6680941581726074,2612,1484
2011_09_26_drive_0015_sync,0000000190,5,0.7879574298858643,27.21537971496582,0.21760651469230652,-1.5448518991470337,True,20,0.8216121792793274,0.8011600971221924,0.15825533866882324,27.07671546936035,0.22446343302726746,-1.620812177658081,2612,1484
2011_09_26_drive_0015_sync,0000000190,6,0.7028143405914307,32.417972564697266,20.94476890563965,-1.4577810764312744,True,59,0.6628196835517883,0.7941428422927856,0.19058091938495636,32.55772399902344,21.068675994873047,-1.4198646545410156,2612,1484
2011_09_26_drive_0015_sync,0000000191,0,0.8225590586662292,27.2709903717041,0.15772698819637299,-1.5206520557403564,True,61,0.7957741618156433,0.7809730172157288,0.17653216421604156,27.13658332824707,0.13611581921577454,-1.6330411434173584,2586,1510
2011_09_26_drive_0015_sync,0000000191,1,0.5351462364196777,66.9312744140625,4.387235164642334,-1.6178511381149292,True,15,0.5351462364196777,1.0,0.0,66.9312744140625,4.387235164642334,-1.6178511381149292,2586,1510
2011_09_26_drive_0015_sync,0000000191,2,0.8823482394218445,8.36796760559082,4.053217887878418,-1.6815882921218872,True,56,0.8860532641410828,0.9130260348320007,0.08218453824520111,8.43047046661377,4.061032295227051,-1.6287997961044312,2586,1510
2011_09_26_drive_0015_sync,0000000191,3,0.7107723951339722,19.065752029418945,-23.554115295410156,-2.6558423042297363,True,83,0.5920218229293823,0.6929003596305847,0.2560313642024994,18.811525344848633,-23.553041458129883,-2.625515937805176,2586,1510
2011_09_26_drive_0015_sync,0000000191,4,0.46954914927482605,19.544647216796875,-28.805099487304688,-2.797757863998413,False,,,0.0,,,,,2586,1510
2011_09_26_drive_0015_sync,0000000191,5,0.6583477854728699,31.12213897705078,4.002294540405273,-1.6612005233764648,True,63,0.7380507588386536,0.8638429045677185,0.07012332230806351,31.0842227935791,3.9433062076568604,-1.661341667175293,2586,1510
2011_09_26_drive_0015_sync,0000000192,0,0.7357001900672913,28.551063537597656,3.8703434467315674,-1.7167482376098633,True,46,0.7937725186347961,0.859819233417511,0.06215868517756462,28.56520652770996,3.8127360343933105,-1.6981723308563232,2632,1464
2011_09_26_drive_0015_sync,0000000192,1,0.7577274441719055,17.47149085998535,20.76593017578125,-1.578235387802124,True,95,0.7112542390823364,0.8064290285110474,0.14322923123836517,17.356678009033203,20.713247299194336,-1.5107288360595703,2632,1464
2011_09_26_drive_0015_sync,0000000192,2,0.7537500858306885,18.338600158691406,-28.794143676757812,-2.8010590076446533,True,83,0.7819977402687073,0.8588995337486267,0.08153407275676727,18.34454345703125,-28.79453468322754,-2.719742774963379,2632,1464
2011_09_26_drive_0015_sync,0000000192,3,0.7508527636528015,23.609086990356445,20.71623992919922,-1.6053056716918945,True,5,0.7019317746162415,0.8124043345451355,0.15320426225662231,23.491220474243164,20.67131233215332,-1.5183542966842651,2632,1464
2011_09_26_drive_0015_sync,0000000192,4,0.8767017126083374,17.921619415283203,-23.60140609741211,-2.6560721397399902,True,90,0.8367955684661865,0.8171055912971497,0.08887389302253723,17.833864212036133,-23.598203659057617,-2.6423850059509277,2632,1464
2011_09_26_drive_0015_sync,0000000192,5,0.8816385269165039,5.8741135597229,4.0771589279174805,-1.6318063735961914,True,32,0.8617138862609863,0.9382466673851013,0.045504890382289886,5.919554233551025,4.074976444244385,-1.6328442096710205,2632,1464
2011_09_26_drive_0015_sync,0000000192,6,0.8314951062202454,27.35280418395996,0.5417965650558472,-1.5903196334838867,True,31,0.8007339835166931,0.7534149885177612,0.16202226281166077,27.24065399169922,0.43594789505004883,-1.6400147676467896,2632,1464
2011_09_26_drive_0015_sync,0000000193,0,0.8461872339248657,27.624094009399414,0.1288972944021225,-1.6180248260498047,True,79,0.8427335023880005,0.8863025903701782,0.07641267776489258,27.580101013183594,0.08878803253173828,-1.6659284830093384,2594,1502
2011_09_26_drive_0015_sync,0000000193,1,0.6365536451339722,17.12660789489746,-28.92453384399414,-2.550537347793579,True,89,0.6823820471763611,0.7166388034820557,0.2939414381980896,17.174951553344727,-28.64925765991211,-2.641572952270508,2594,1502
2011_09_26_drive_0015_sync,0000000193,2,0.8468249440193176,16.64249610900879,-23.642976760864258,-2.4812140464782715,True,63,0.8345996737480164,0.9222809076309204,0.0686768963932991,16.68611717224121,-23.695432662963867,-2.4890942573547363,2594,1502
2011_09_26_drive_0015_sync,0000000193,3,0.8666182160377502,3.465379238128662,3.978543519973755,-1.6551318168640137,True,92,0.8934497833251953,0.91221022605896,0.041373059153556824,3.4358716011047363,3.950949192047119,-1.6462109088897705,2594,1502
2011_09_26_drive_0015_sync,0000000193,4,0.7152249813079834,16.34400177001953,20.902328491210938,-1.6030771732330322,True,74,0.7050316333770752,0.7045536041259766,0.23667821288108826,16.248104095458984,20.703161239624023,-1.518504023551941,2594,1502
2011_09_26_drive_0015_sync,0000000193,5,0.7867836952209473,25.911951065063477,3.7909047603607178,-1.672203540802002,True,91,0.8067952990531921,0.7954027652740479,0.15154288709163666,25.98663330078125,3.9041476249694824,-1.739759922027588,2594,1502
2011_09_26_drive_0015_sync,0000000193,6,0.33702918887138367,34.4651985168457,19.884153366088867,-1.6571377515792847,True,42,0.08400753140449524,0.6458542346954346,0.3072599172592163,34.444583892822266,20.190290451049805,-1.6733790636062622,2594,1502
2011_09_26_drive_0015_sync,0000000194,0,0.7373921871185303,1.2953866720199585,3.9392573833465576,-1.6752359867095947,True,80,0.756899356842041,0.7553119659423828,0.3347487449645996,0.9647583961486816,3.97520112991333,-1.7133111953735352,2490,1606
2011_09_26_drive_0015_sync,0000000194,1,0.8269827365875244,27.686767578125,0.1305944174528122,-1.659347414970398,True,44,0.6569052934646606,0.7121054530143738,0.2108352780342102,27.5987606048584,0.0413455069065094,-1.4898159503936768,2490,1606
2011_09_26_drive_0015_sync,0000000194,2,0.6444674134254456,28.092302322387695,21.25982093811035,-1.5924062728881836,True,55,0.48843106627464294,0.5962850451469421,0.33112633228302,27.79126739501953,21.12520408630371,-1.562390923500061,2490,1606
2011_09_26_drive_0015_sync,0000000194,3,0.5031375288963318,33.06884765625,20.262630462646484,-1.6592414379119873,True,79,0.6013484597206116,0.5816985964775085,0.37265580892562866,33.152015686035156,19.905548095703125,-1.5925509929656982,2490,1606
2011_09_26_drive_0015_sync,0000000194,4,0.5913224816322327,21.313190460205078,20.623098373413086,-1.5209945440292358,True,16,0.6714668273925781,0.8408807516098022,0.08799513429403305,21.345294952392578,20.69109535217285,-1.5666985511779785,2490,1606
2011_09_26_drive_0015_sync,0000000194,5,0.8346480131149292,23.375259399414062,3.827045202255249,-1.7027790546417236,True,52,0.8241494297981262,0.8324907422065735,0.13850802183151245,23.488073348999023,3.7497310638427734,-1.6808699369430542,2490,1606
2011_09_26_drive_0015_sync,0000000194,6,0.7906622886657715,15.554549217224121,-23.803218841552734,-2.628065824508667,True,67,0.8149292469024658,0.8747813701629639,0.10619009286165237,15.500943183898926,-23.75714874267578,-2.7073140144348145,2490,1606
2011_09_26_drive_0015_sync,0000000195,0,0.7695609331130981,32.31161880493164,20.10201644897461,-1.5214178562164307,True,45,0.4634000062942505,0.8440312147140503,0.10850170999765396,32.21585464477539,20.051347732543945,-1.5155417919158936,2610,1486
2011_09_26_drive_0015_sync,0000000195,1,0.8508157730102539,27.904569625854492,-0.011397574096918106,-1.637183666229248,True,49,0.8338167667388916,0.8430169224739075,0.124336376786232,27.97942543029785,0.07352221012115479,-1.6886110305786133,2610,1486
2011_09_26_drive_0015_sync,0000000195,2,0.8175874352455139,14.345466613769531,-23.747520446777344,-2.542001724243164,True,28,0.7703778147697449,0.7162652015686035,0.11235130578279495,14.271095275878906,-23.80997657775879,-2.5984902381896973,2610,1486
2011_09_26_drive_0015_sync,0000000195,3,0.6232902407646179,14.73754596710205,-28.890846252441406,-2.9067440032958984,True,51,0.6035706996917725,0.8509554266929626,0.16957932710647583,14.748936653137207,-29.0515079498291,-2.8536853790283203,2610,1486
2011_09_26_drive_0015_sync,0000000195,4,0.8026617765426636,20.31515884399414,20.502178192138672,-1.4493300914764404,False,,,0.0,,,,,2610,1486
2011_09_26_drive_0015_sync,0000000195,5,0.5619420409202576,26.882307052612305,20.75959587097168,-1.607771635055542,True,48,0.7077226042747498,0.6660267114639282,0.24341797828674316,26.89752769470215,21.002254486083984,-1.619494915008545,2610,1486
2011_09_26_drive_0015_sync,0000000195,6,0.8166749477386475,21.062297821044922,3.8988046646118164,-1.7421163320541382,True,65,0.7995378971099854,0.7722264528274536,0.2417750060558319,20.84783172607422,3.819300889968872,-1.6637670993804932,2610,1486
2011_09_26_drive_0015_sync,0000000196,0,0.83424973487854,27.99281883239746,0.10201966762542725,-1.6164453029632568,True,54,0.8479747772216797,0.8507329821586609,0.0778716430068016,27.976072311401367,0.02597232535481453,-1.6158556938171387,2672,1424
2011_09_26_drive_0015_sync,0000000196,1,0.3184671998023987,30.99038314819336,19.868019104003906,-1.5772150754928589,True,45,0.35340672731399536,0.9123010635375977,0.10738766193389893,31.097421646118164,19.862329483032227,-1.5706961154937744,2672,1424
2011_09_26_drive_0015_sync,0000000196,2,0.8153497576713562,18.437366485595703,3.750565528869629,-1.6128458976745605,True,98,0.6179903745651245,0.8446387648582458,0.14538167417049408,18.565080642700195,3.683528423309326,-1.594653844833374,2672,1424
2011_09_26_drive_0015_sync,0000000196,3,0.4269290268421173,53.73463821411133,3.9916062355041504,-1.600192666053772,True,95,0.4737371504306793,0.6228069067001343,0.19159755110740662,53.71536636352539,3.8010096549987793,-1.5968515872955322,2672,1424
2011_09_26_drive_0015_sync,0000000196,4,0.8092303276062012,13.110827445983887,-23.670360565185547,-2.6503992080688477,True,91,0.7566553950309753,0.909496545791626,0.04393383860588074,13.133763313293457,-23.676719665527344,-2.6873273849487305,2672,1424
2011_09_26_drive_0015_sync,0000000196,5,0.6089901328086853,12.665674209594727,20.940170288085938,-1.529745101928711,True,70,0.6845279335975647,0.7428966760635376,0.20174865424633026,12.860747337341309,20.950027465820312,-1.47922945022583,2672,1424
2011_09_26_drive_0015_sync,0000000197,0,0.7874535322189331,11.949752807617188,-23.378602981567383,-2.7799246311187744,True,64,0.8176677227020264,0.8141798973083496,0.20935577154159546,11.866150856018066,-23.570011138916016,-2.765660285949707,2675,1421
2011_09_26_drive_0015_sync,0000000197,1,0.8565884828567505,28.226093292236328,0.06091678515076637,-1.6492254734039307,True,13,0.8377000093460083,0.8355356454849243,0.13814878463745117,28.13373374938965,-0.026834474876523018,-1.5957977771759033,2675,1421
2011_09_26_drive_0015_sync,0000000197,2,0.38524314761161804,17.75052261352539,20.592775344848633,-1.500693440437317,True,84,0.29177433252334595,0.7432787418365479,0.18168139457702637,17.86974334716797,20.618526458740234,-1.3660404682159424,2675,1421
2011_09_26_drive_0015_sync,0000000197,3,0.5720250010490417,12.344205856323242,-28.964298248291016,-2.827488899230957,True,47,0.7290512919425964,0.7847723364830017,0.16435344517230988,12.305901527404785,-28.846349716186523,-2.93534517288208,2675,1421
2011_09_26_drive_0015_sync,0000000197,4,0.8808838129043579,15.771520614624023,3.7968525886535645,-1.6537047624588013,True,49,0.8567302823066711,0.8954170942306519,0.020193643867969513,15.789772033691406,3.790832757949829,-1.6599040031433105,2675,1421
2011_09_26_drive_0015_sync,0000000197,5,0.7306985855102539,11.56223201751709,20.787797927856445,-1.5046733617782593,True,60,0.6089866757392883,0.7303696870803833,0.1287037432193756,11.593825340270996,20.912269592285156,-1.4961106777191162,2675,1421
2011_09_26_drive_0015_sync,0000000198,0,0.7424723505973816,16.707624435424805,20.68977165222168,-1.4149017333984375,True,94,0.7890563011169434,0.8067727088928223,0.14148551225662231,16.62487030029297,20.57867431640625,-1.386139154434204,2695,1401
2011_09_26_drive_0015_sync,0000000198,1,0.8673081398010254,13.422324180603027,3.8322322368621826,-1.6230854988098145,True,83,0.8720440864562988,0.830706000328064,0.1014026403427124,13.364653587341309,3.7488603591918945,-1.620692253112793,2695,1401
2011_09_26_drive_0015_sync,0000000198,2,0.44825479388237,28.514177322387695,20.014633178710938,-1.6160738468170166,True,26,0.4797065854072571,0.6905463933944702,0.2447037696838379,28.605669021606445,19.803699493408203,-1.532311201095581,2695,1401
2011_09_26_drive_0015_sync,0000000198,3,0.6501385569572449,11.086211204528809,-28.762638092041016,-2.882249355316162,True,57,0.5284907221794128,0.9175611138343811,0.041448261588811874,11.09300422668457,-28.78662109375,-2.9153647422790527,2695,1401
2011_09_26_drive_0015_sync,0000000198,4,0.8522287011146545,10.586607933044434,-23.478822708129883,-2.777885675430298,True,44,0.8039553761482239,0.821326732635498,0.17474143207073212,10.573582649230957,-23.32054901123047,-2.704986095428467,2695,1401
2011_09_26_drive_0015_sync,0000000198,5,0.7455042600631714,28.098047256469727,0.0011157393455505371,-1.6841387748718262,True,52,0.8034276962280273,0.8046988844871521,0.18297907710075378,28.249120712280273,0.0683768093585968,-1.7624592781066895,2695,1401
2011_09_26_drive_0015_sync,0000000198,6,0.7917181253433228,10.508885383605957,20.703937530517578,-1.4597991704940796,True,48,0.7955529689788818,0.8764249682426453,0.04966748133301735,10.518171310424805,20.685379028320312,-1.4146747589111328,2695,1401
2011_09_26_drive_0015_sync,0000000199,0,0.7188257575035095,9.367388725280762,20.69560432434082,-1.3947906494140625,True,85,0.6659648418426514,0.7485620975494385,0.15162180364131927,9.236021041870117,20.747425079345703,-1.449984073638916,2700,1396
2011_09_26_drive_0015_sync,0000000199,1,0.8531352877616882,9.416268348693848,-23.537216186523438,-2.7915401458740234,True,86,0.8635210394859314,0.8782273530960083,0.04773521050810814,9.445989608764648,-23.564428329467773,-2.765951156616211,2700,1396
2011_09_26_drive_0015_sync,0000000199,2,0.7208809852600098,22.045753479003906,20.733945846557617,-1.367688775062561,True,6,0.056792084127664566,0.8316522240638733,0.099387526512146,21.997236251831055,20.754179000854492,-1.452036738395691,2700,1396
2011_09_26_drive_0015_sync,0000000199,3,0.7160297632217407,9.932075500488281,-28.852886199951172,-2.880509376525879,True,76,0.650454044342041,0.7059651017189026,0.2956935465335846,9.918801307678223,-28.74542808532715,-3.1556661128997803,2700,1396
2011_09_26_drive_0015_sync,0000000199,4,0.581184983253479,46.25727844238281,4.309778690338135,-1.5349088907241821,True,14,0.39108598232269287,0.7867845296859741,0.2250572144985199,46.037418365478516,4.2815117835998535,-1.496008038520813,2700,1396
2011_09_26_drive_0015_sync,0000000199,5,0.7703618407249451,15.454972267150879,20.559385299682617,-1.3078019618988037,True,99,0.666297972202301,0.8894262313842773,0.04175751283764839,15.481622695922852,20.5892391204834,-1.3197264671325684,2700,1396
2011_09_26_drive_0015_sync,0000000199,6,0.578715443611145,27.22174835205078,20.022754669189453,-1.5251498222351074,True,43,0.18441754579544067,0.8304319381713867,0.15563997626304626,27.356477737426758,19.94487953186035,-1.5224559307098389,2700,1396
2011_09_26_drive_0015_sync,0000000199,7,0.7013310194015503,28.47592544555664,0.2676159739494324,-1.6513869762420654,True,72,0.8325469493865967,0.7539101839065552,0.16997095942497253,28.399110794067383,0.13363736867904663,-1.580398440361023,2700,1396
2011_09_26_drive_0015_sync,0000000199,8,0.8355915546417236,10.791210174560547,3.7360901832580566,-1.639909029006958,True,69,0.8465031981468201,0.8628724813461304,0.08260638266801834,10.730340003967285,3.7268028259277344,-1.5848419666290283,2700,1396
2011_09_26_drive_0015_sync,0000000200,0,0.5078549385070801,43.11100769042969,4.3467278480529785,-1.67202889919281,True,93,0.2759612798690796,0.8411832451820374,0.09739266335964203,43.08580017089844,4.356620788574219,-1.7655812501907349,2618,1478
2011_09_26_drive_0015_sync,0000000200,1,0.8195865750312805,8.065810203552246,20.643131256103516,-1.3483757972717285,True,50,0.7326924204826355,0.7450029850006104,0.14308695495128632,8.037461280822754,20.683073043823242,-1.482818603515625,2618,1478
2011_09_26_drive_0015_sync,0000000200,2,0.787363588809967,28.64730453491211,-0.027552109211683273,-1.573745608329773,True,56,0.6912561058998108,0.7368655800819397,0.2286534309387207,28.498565673828125,-0.06911031901836395,-1.4051275253295898,2618,1478
2011_09_26_drive_0015_sync,0000000200,3,0.8643421530723572,8.12735366821289,3.7999472618103027,-1.668611764907837,True,66,0.8859293460845947,0.8851498365402222,0.10470375418663025,8.211669921875,3.7473480701446533,-1.7015810012817383,2618,1478
2011_09_26_drive_0015_sync,0000000200,4,0.3064694106578827,20.844440460205078,20.759662628173828,-1.461559534072876,True,86,0.4827839732170105,0.6007654666900635,0.2542876601219177,20.7447566986084,20.975330352783203,-1.370935082435608,2618,1478
2011_09_26_drive_0015_sync,0000000200,5,0.840356707572937,14.242140769958496,20.52762222290039,-1.3127739429473877,True,36,0.6529260873794556,0.85372394323349,0.07066139578819275,14.31269359588623,20.52625846862793,-1.3164442777633667,2618,1478
2011_09_26_drive_0015_sync,0000000200,6,0.409580796957016,8.919281005859375,-28.663572311401367,-3.0454518795013428,False,,,0.0,,,,,2618,1478
2011_09_26_drive_0015_sync,0000000200,7,0.7426418662071228,26.115215301513672,20.056488037109375,-1.4831011295318604,True,83,0.6386494636535645,0.8629374504089355,0.09501732140779495,26.183013916015625,20.00471305847168,-1.5249459743499756,2618,1478
2011_09_26_drive_0015_sync,0000000200,8,0.8246596455574036,8.160746574401855,-23.57786750793457,-2.839895009994507,True,19,0.7799586653709412,0.8324325680732727,0.10876885801553726,8.173739433288574,-23.5752010345459,-2.94785213470459,2618,1478
2011_09_26_drive_0015_sync,0000000201,0,0.42028525471687317,40.52510452270508,3.915006160736084,-1.5659639835357666,True,74,0.5515872836112976,0.649158239364624,0.3222936689853668,40.482295989990234,4.234373569488525,-1.572679877281189,2601,1495
2011_09_26_drive_0015_sync,0000000201,1,0.7116715908050537,6.779608726501465,20.631006240844727,-1.4586000442504883,True,92,0.7316106557846069,0.9115669131278992,0.05988609418272972,6.752178192138672,20.65003204345703,-1.4088815450668335,2601,1495
2011_09_26_drive_0015_sync,0000000201,2,0.8255425691604614,6.917479038238525,-23.92252540588379,-2.8155951499938965,True,49,0.7759360074996948,0.8927673697471619,0.08566734194755554,6.974600315093994,-23.86137580871582,-2.797243595123291,2601,1495
2011_09_26_drive_0015_sync,0000000201,3,0.8874954581260681,5.500095367431641,3.698439598083496,-1.6394727230072021,True,68,0.8783643841743469,0.9212836027145386,0.03950846195220947,5.495723724365234,3.670356273651123,-1.666916012763977,2601,1495
2011_09_26_drive_0015_sync,0000000201,4,0.5019590258598328,24.979408264160156,19.95488166809082,-1.4969720840454102,True,63,0.7484828233718872,0.6996316313743591,0.24083277583122253,24.890810012817383,20.178817749023438,-1.495126724243164,2601,1495
2011_09_26_drive_0015_sync,0000000201,5,0.7589641809463501,19.57589340209961,20.689167022705078,-1.4154797792434692,True,94,0.729899525642395,0.6949059367179871,0.21617473661899567,19.561004638671875,20.899805068969727,-1.3692039251327515,2601,1495
2011_09_26_drive_0015_sync,0000000201,6,0.807287871837616,13.121843338012695,20.61517333984375,-1.3305437564849854,True,76,0.7734403014183044,0.8094687461853027,0.13221733272075653,13.129406929016113,20.728641510009766,-1.397991418838501,2601,1495
2011_09_26_drive_0015_sync,0000000201,7,0.8385304808616638,28.813262939453125,0.20235231518745422,-1.6381118297576904,True,84,0.7976241111755371,0.887860894203186,0.039888110011816025,28.812450408935547,0.24198785424232483,-1.633704423904419,2601,1495
2011_09_26_drive_0015_sync,0000000201,8,0.5533349514007568,7.340662956237793,-28.923065185546875,-2.934600353240967,False,,,0.0,,,,,2601,1495
2011_09_26_drive_0015_sync,0000000202,0,0.8395283818244934,3.087205648422241,3.6840343475341797,-1.6779589653015137,True,74,0.8379718661308289,0.8781014084815979,0.08967467397451401,3.01737117767334,3.727179527282715,-1.7140586376190186,2517,1579
2011_09_26_drive_0015_sync,0000000202,1,0.808725118637085,18.409862518310547,20.728317260742188,-1.519007921218872,True,5,0.7117370367050171,0.7361259460449219,0.14742931723594666,18.555356979370117,20.750478744506836,-1.5277047157287598,2517,1579
2011_09_26_drive_0015_sync,0000000202,2,0.36514797806739807,28.666879653930664,0.015279684215784073,-1.5748538970947266,True,73,0.42179495096206665,0.7818012237548828,0.2052570879459381,28.853837966918945,0.09884631633758545,-1.5609369277954102,2517,1579
2011_09_26_drive_0015_sync,0000000202,3,0.6599472761154175,38.025691986083984,4.148869514465332,-1.5078175067901611,True,91,0.2547427713871002,0.8538497090339661,0.15347643196582794,37.87774658203125,4.11397647857666,-1.529022455215454,2517,1579
2011_09_26_drive_0015_sync,0000000202,4,0.814854621887207,23.720186233520508,19.894725799560547,-1.6191273927688599,True,89,0.7407188415527344,0.8085434436798096,0.16297464072704315,23.586776733398438,19.805517196655273,-1.5907642841339111,2517,1579
2011_09_26_drive_0015_sync,0000000202,5,0.8528378009796143,11.826560020446777,20.532155990600586,-1.4049897193908691,True,64,0.8208092451095581,0.9009835720062256,0.05096450448036194,11.865339279174805,20.552806854248047,-1.4308178424835205,2517,1579
2011_09_26_drive_0015_sync,0000000202,6,0.7661587595939636,5.576291561126709,20.77312660217285,-1.464945673942566,True,82,0.7062588334083557,0.886955976486206,0.1059788390994072,5.6814188957214355,20.786462783813477,-1.4663256406784058,2517,1579
2011_09_26_drive_0015_sync,0000000202,7,0.6181326508522034,5.9757304191589355,-23.977710723876953,-2.828688383102417,True,79,0.7206356525421143,0.6020560264587402,0.5536625385284424,5.867786884307861,-23.44322395324707,-2.9246792793273926,2517,1579
2011_09_26_drive_0015_sync,0000000203,0,0.7845582962036133,29.03723907470703,0.1405487209558487,-1.4903478622436523,True,22,0.8127036094665527,0.8158247470855713,0.0926654040813446,29.05998992919922,0.1847570240497589,-1.5685456991195679,2524,1572
2011_09_26_drive_0015_sync,0000000203,1,0.810543954372406,35.14063262939453,4.067018985748291,-1.4554336071014404,True,65,0.7751651406288147,0.6810424327850342,0.15312516689300537,35.171260833740234,4.069508075714111,-1.6054437160491943,2524,1572
2011_09_26_drive_0015_sync,0000000203,2,0.6954158544540405,0.5557218194007874,3.7117998600006104,-1.7397639751434326,True,39,0.6793352961540222,0.8461540937423706,0.07648152112960815,0.4970627725124359,3.7403364181518555,-1.779691457748413,2524,1572
2011_09_26_drive_0015_sync,0000000203,3,0.8093612790107727,22.579893112182617,19.879714965820312,-1.4456188678741455,True,59,0.839404284954071,0.8798927664756775,0.06656123697757721,22.54509925842285,19.8939151763916,-1.500556468963623,2524,1572
2011_09_26_drive_0015_sync,0000000203,4,0.703294575214386,10.55535888671875,20.55512046813965,-1.4293477535247803,True,94,0.6254758238792419,0.8298901319503784,0.12980440258979797,10.63573169708252,20.590341567993164,-1.333698034286499,2524,1572
2011_09_26_drive_0015_sync,0000000203,5,0.8154842257499695,17.180438995361328,20.686145782470703,-1.478194236755371,True,93,0.6962737441062927,0.8646774291992188,0.03775978460907936,17.15192222595215,20.685298919677734,-1.4534580707550049,2524,1572
2011_09_26_drive_0015_sync,0000000203,6,0.8224748969078064,4.288671493530273,20.716833114624023,-1.5062230825424194,True,30,0.6023841500282288,0.7549283504486084,0.15706083178520203,4.298885822296143,20.870357513427734,-1.474694848060608,2524,1572
2011_09_26_drive_0015_sync,0000000204,0,0.4065292775630951,-0.14515772461891174,4.766745567321777,-1.894854187965393,False,,,0.0,,,,,2644,1452
2011_09_26_drive_0015_sync,0000000204,1,0.6635358929634094,3.392983913421631,20.667280197143555,-1.4968860149383545,True,34,0.6679700016975403,0.7987180948257446,0.0797681212425232,3.3435468673706055,20.65919303894043,-1.5589628219604492,2644,1452
2011_09_26_drive_0015_sync,0000000204,2,0.8560892343521118,21.21629524230957,19.867652893066406,-1.5662717819213867,True,4,0.8028663992881775,0.879593014717102,0.06860776990652084,21.206729888916016,19.905902862548828,-1.510124921798706,2644,1452
2011_09_26_drive_0015_sync,0000000204,3,0.5894685387611389,32.73078536987305,3.827406406402588,-1.6303088665008545,True,89,0.35363057255744934,0.7978808879852295,0.2424219250679016,32.50263595581055,3.909327983856201,-1.6280522346496582,2644,1452
2011_09_26_drive_0015_sync,0000000204,4,0.8441751599311829,29.338701248168945,0.08211812376976013,-1.529590129852295,True,45,0.8026717305183411,0.9292320013046265,0.04740498960018158,29.380786895751953,0.09993786364793777,-1.5170009136199951,2644,1452
2011_09_26_drive_0015_sync,0000000204,5,0.5415238738059998,15.886146545410156,20.623239517211914,-1.6661372184753418,True,92,0.5461369752883911,0.8033855557441711,0.18228940665721893,16.04953384399414,20.656049728393555,-1.5922622680664062,2644,1452
2011_09_26_drive_0015_sync,0000000204,6,0.5898712277412415,9.306078910827637,20.537424087524414,-1.420206069946289,True,32,0.6951372623443604,0.8479901552200317,0.0926419049501419,9.302714347839355,20.57813835144043,-1.5033538341522217,2644,1452
2011_09_26_drive_0015_sync,0000000205,0,0.8202309608459473,20.065940856933594,19.774160385131836,-1.5564799308776855,True,61,0.8698733448982239,0.84539794921875,0.08982374519109726,20.014768600463867,19.84628677368164,-1.540748119354248,2672,1424
2011_09_26_drive_0015_sync,0000000205,1,0.6436467170715332,1.6862205266952515,20.646223068237305,-1.6377570629119873,True,51,0.6875776052474976,0.6955049633979797,0.3642697036266327,2.034184694290161,20.556188583374023,-1.578535795211792,2672,1424
2011_09_26_drive_0015_sync,0000000205,2,0.7912741899490356,29.67440414428711,3.8855888843536377,-1.5382635593414307,True,66,0.8237122893333435,0.8545971512794495,0.1260070502758026,29.78772735595703,3.8571977615356445,-1.585481882095337,2672,1424
2011_09_26_drive_0015_sync,0000000205,3,0.8405717015266418,8.048961639404297,20.552547454833984,-1.510404109954834,True,56,0.8586288690567017,0.8786771297454834,0.079529769718647,8.070647239685059,20.477264404296875,-1.524085521697998,2672,1424
2011_09_26_drive_0015_sync,0000000205,4,0.8530356287956238,29.461612701416016,0.04276653751730919,-1.5391007661819458,True,84,0.8630620241165161,0.8968495726585388,0.07428009063005447,29.486690521240234,0.00712696835398674,-1.5992543697357178,2672,1424
2011_09_26_drive_0015_sync,0000000205,5,0.8441771864891052,14.699870109558105,20.67255973815918,-1.5261013507843018,True,6,0.8101104497909546,0.935150682926178,0.028595175594091415,14.710366249084473,20.696102142333984,-1.5137211084365845,2672,1424
2011_09_26_drive_0015_sync,0000000206,0,0.8556578755378723,29.490100860595703,0.11036306619644165,-1.5644745826721191,True,7,0.870966911315918,0.7417799234390259,0.1914493888616562,29.53580665588379,-0.07542557269334793,-1.5712885856628418,2710,1386
2011_09_26_drive_0015_sync,0000000206,1,0.8381536602973938,18.73579216003418,19.7612247467041,-1.633664608001709,True,35,0.777573823928833,0.7792537212371826,0.20144808292388916,18.91439437866211,19.85440444946289,-1.6340150833129883,2710,1386
2011_09_26_drive_0015_sync,0000000206,2,0.5879253149032593,0.6979996562004089,-23.75615882873535,-2.6740691661834717,True,88,0.6759358644485474,0.8782179355621338,0.10350948572158813,0.6725925207138062,-23.66739273071289,-2.62727952003479,2710,1386
2011_09_26_drive_0015_sync,0000000206,3,0.8503961563110352,6.866261005401611,20.480886459350586,-1.4810371398925781,True,24,0.8316910266876221,0.8823755383491516,0.06478257477283478,6.814119338989258,20.47081756591797,-1.5181403160095215,2710,1386
2011_09_26_drive_0015_sync,0000000206,4,0.6447946429252625,27.066255569458008,3.8983559608459473,-1.4538334608078003,True,33,0.7676846385002136,0.7994415760040283,0.20524229109287262,26.882062911987305,3.8222873210906982,-1.5029356479644775,2710,1386
2011_09_26_drive_0015_sync,0000000206,5,0.419259637594223,13.499899864196777,20.818532943725586,-1.643073558807373,True,69,0.661267876625061,0.8024444580078125,0.1397017389535904,13.43182373046875,20.73052215576172,-1.5585968494415283,2710,1386
2011_09_26_drive_0015_sync,0000000206,6,0.5322813987731934,0.7571830749511719,20.71587562561035,-1.614066243171692,True,31,0.5678991675376892,0.7952438592910767,0.24637843668460846,1.000834584236145,20.75040626525879,-1.6260623931884766,2710,1386
2011_09_26_drive_0015_sync,0000000206,7,0.3429808020591736,48.204872131347656,3.8352439403533936,-1.5038626194000244,True,58,0.23262907564640045,0.6724116802215576,0.27476197481155396,48.17054748535156,3.568638801574707,-1.4469621181488037,2710,1386
2011_09_26_drive_0015_sync,0000000207,0,0.37020084261894226,0.4902932941913605,21.655969619750977,-1.6385703086853027,True,87,0.24867761135101318,0.5067576169967651,0.45636993646621704,0.10501965880393982,21.413597106933594,-1.6716358661651611,2735,1361
2011_09_26_drive_0015_sync,0000000207,1,0.7201483845710754,5.691234111785889,20.48619842529297,-1.5142658948898315,True,29,0.7644057869911194,0.8721980452537537,0.10830482095479965,5.60482120513916,20.545133590698242,-1.4861698150634766,2735,1361
2011_09_26_drive_0015_sync,0000000207,2,0.7335286736488342,29.676963806152344,0.10585738718509674,-1.4471867084503174,True,93,0.5715501308441162,0.9129865169525146,0.05424361303448677,29.692550659179688,0.06668709218502045,-1.4813203811645508,2735,1361
2011_09_26_drive_0015_sync,0000000207,3,0.7885682582855225,24.505952835083008,3.903528928756714,-1.5339977741241455,True,84,0.8392240405082703,0.8861657977104187,0.07919128984212875,24.43528175354004,3.9047956466674805,-1.4982870817184448,2735,1361
2011_09_26_drive_0015_sync,0000000207,4,0.8309131264686584,17.30116081237793,19.862022399902344,-1.5762503147125244,True,17,0.8324514031410217,0.839674174785614,0.10643786936998367,17.3957576751709,19.842546463012695,-1.620984435081482,2735,1361
2011_09_26_drive_0015_sync,0000000207,5,0.4779242277145386,45.434043884277344,3.560936689376831,-1.4020507335662842,True,31,0.40702587366104126,0.9086853861808777,0.08952668309211731,45.521568298339844,3.5609283447265625,-1.3832224607467651,2735,1361
2011_09_26_drive_0015_sync,0000000207,6,0.5741864442825317,12.043021202087402,20.657155990600586,-1.603870153427124,True,79,0.7013542056083679,0.8538480401039124,0.10754068195819855,12.143506050109863,20.620710372924805,-1.5920586585998535,2735,1361
2011_09_26_drive_0015_sync,0000000208,0,0.825617790222168,29.58786392211914,0.1308760792016983,-1.5480213165283203,True,76,0.7465090751647949,0.7534857392311096,0.08604839444160461,29.611133575439453,0.1158805713057518,-1.4665474891662598,2795,1301
2011_09_26_drive_0015_sync,0000000208,1,0.8325712084770203,16.272520065307617,19.83463478088379,-1.5926952362060547,True,40,0.8367013335227966,0.8126304745674133,0.195924311876297,16.07761573791504,19.841188430786133,-1.6115548610687256,2795,1301
2011_09_26_drive_0015_sync,0000000208,2,0.8388466238975525,21.578014373779297,3.8104443550109863,-1.4794318675994873,True,68,0.843873143196106,0.8369737863540649,0.12653876841068268,21.494815826416016,3.884404182434082,-1.5395983457565308,2795,1301
2011_09_26_drive_0015_sync,0000000208,3,0.7283623218536377,4.143150329589844,20.479902267456055,-1.590694546699524,True,90,0.7085952758789062,0.923625111579895,0.038938041776418686,4.160998344421387,20.509986877441406,-1.573590874671936,2795,1301
2011_09_26_drive_0015_sync,0000000208,4,0.7387293577194214,11.053191184997559,20.674837112426758,-1.589329481124878,True,97,0.7074347734451294,0.8345263004302979,0.11083142459392548,10.979409217834473,20.59306526184082,-1.5769524574279785,2795,1301
2011_09_26_drive_0015_sync,0000000209,0,0.7563462853431702,29.815105438232422,0.10019005835056305,-1.5903799533843994,True,82,0.7890908122062683,0.8606048822402954,0.14315444231033325,29.94696807861328,0.045276835560798645,-1.599865436553955,2720,1376
2011_09_26_drive_0015_sync,0000000209,1,0.6949425935745239,3.0715413093566895,20.523637771606445,-1.644618272781372,True,48,0.7329742312431335,0.6999208331108093,0.16448555886745453,2.953148126602173,20.426084518432617,-1.5852725505828857,2720,1376
2011_09_26_drive_0015_sync,0000000209,2,0.8556320667266846,14.703812599182129,19.801111221313477,-1.6323046684265137,True,90,0.8133937120437622,0.7867068648338318,0.20530562102794647,14.896089553833008,19.783300399780273,-1.5625712871551514,2720,1376
2011_09_26_drive_0015_sync,0000000209,3,0.7074454426765442,9.577569007873535,20.68845558166504,-1.634753704071045,True,49,0.7066887021064758,0.807767927646637,0.1661553978919983,9.426377296447754,20.674015045166016,-1.5673730373382568,2720,1376
2011_09_26_drive_0015_sync,0000000209,4,0.8288125991821289,18.863019943237305,3.8184540271759033,-1.6526648998260498,True,44,0.8055979609489441,0.7885274887084961,0.14105018973350525,18.829687118530273,3.8125901222229004,-1.515735387802124,2720,1376
2011_09_26_drive_0015_sync,0000000210,0,0.43057721853256226,36.891475677490234,4.384350776672363,-1.6879961490631104,True,24,0.42486992478370667,0.7555215358734131,0.20233255624771118,37.027767181396484,4.527398109436035,-1.6444008350372314,2718,1378
2011_09_26_drive_0015_sync,0000000210,1,0.797374427318573,1.780622959136963,20.51319694519043,-1.599441647529602,True,61,0.7351747751235962,0.7724181413650513,0.19605757296085358,1.655245065689087,20.62566566467285,-1.4990935325622559,2718,1378
2011_09_26_drive_0015_sync,0000000210,2,0.7962965369224548,15.963809967041016,3.7935400009155273,-1.7123851776123047,True,48,0.807841956615448,0.850368082523346,0.14112691581249237,15.835113525390625,3.838778495788574,-1.6762256622314453,2718,1378
2011_09_26_drive_0015_sync,0000000210,3,0.45867279171943665,29.632707595825195,0.029895469546318054,-1.5981254577636719,True,37,0.4322747588157654,0.8391414880752563,0.11803506314754486,29.579689025878906,0.13532832264900208,-1.6004103422164917,2718,1378
2011_09_26_drive_0015_sync,0000000210,4,0.7846134305000305,8.442983627319336,20.6616153717041,-1.5059897899627686,True,88,0.7386379837989807,0.8811851143836975,0.07574664056301117,8.371442794799805,20.67380714416504,-1.5276882648468018,2718,1378
2011_09_26_drive_0015_sync,0000000210,5,0.8282077312469482,13.564908981323242,19.839826583862305,-1.6343119144439697,True,25,0.838701605796814,0.859346330165863,0.047175999730825424,13.532341003417969,19.813037872314453,-1.6131632328033447,2718,1378
2011_09_26_drive_0015_sync,0000000211,0,0.6808241009712219,0.9294439554214478,20.488691329956055,-1.477340817451477,True,12,0.6434426307678223,0.8119598627090454,0.35976463556289673,0.5698196887969971,20.489328384399414,-1.4873698949813843,2746,1350
2011_09_26_drive_0015_sync,0000000211,1,0.7758092284202576,7.110342979431152,20.603147506713867,-1.5176570415496826,True,32,0.748866856098175,0.7974194884300232,0.18624815344810486,7.277735710144043,20.677719116210938,-1.5509305000305176,2746,1350
2011_09_26_drive_0015_sync,0000000211,2,0.8230957388877869,29.961936950683594,0.10835126042366028,-1.636096715927124,True,9,0.820993185043335,0.9253177642822266,0.0563042052090168,29.911714553833008,0.12211444973945618,-1.614685297012329,2746,1350
2011_09_26_drive_0015_sync,0000000211,3,0.8407878875732422,12.35931396484375,19.85274314880371,-1.600651741027832,True,75,0.8226087093353271,0.7996561527252197,0.09856177121400833,12.314920425415039,19.77420425415039,-1.6403415203094482,2746,1350
2011_09_26_drive_0015_sync,0000000211,4,0.8820910453796387,13.236438751220703,3.830658435821533,-1.709208369255066,True,47,0.9020909667015076,0.8813512921333313,0.04965575784444809,13.190720558166504,3.8335962295532227,-1.6900534629821777,2746,1350
2011_09_26_drive_0015_sync,0000000211,5,0.5240440964698792,34.34169387817383,3.5785298347473145,-1.781113862991333,True,88,0.23106399178504944,0.5069666504859924,0.4547889530658722,34.74260711669922,3.3726165294647217,-1.7202755212783813,2746,1350
2011_09_26_drive_0015_sync,0000000212,0,0.529645562171936,-0.8996207118034363,20.61725425720215,-1.5061691999435425,False,,,0.0,,,,,2650,1446
2011_09_26_drive_0015_sync,0000000212,1,0.7208518981933594,30.154691696166992,0.3201564848423004,-1.6340312957763672,True,50,0.6849584579467773,0.8728064894676208,0.09589947760105133,30.124439239501953,0.23065590858459473,-1.6504977941513062,2650,1446
2011_09_26_drive_0015_sync,0000000212,2,0.859379768371582,11.040300369262695,19.816802978515625,-1.6008994579315186,True,34,0.8576863408088684,0.8929210901260376,0.04116333648562431,11.02055549621582,19.783401489257812,-1.6146435737609863,2650,1446
2011_09_26_drive_0015_sync,0000000212,3,0.7389286160469055,31.818134307861328,3.703911781311035,-1.569993257522583,True,83,0.6698867678642273,0.7981401085853577,0.19230875372886658,31.979965209960938,3.639003276824951,-1.6511123180389404,2650,1446
2011_09_26_drive_0015_sync,0000000212,4,0.8888663053512573,10.581331253051758,3.843778371810913,-1.7002532482147217,True,45,0.8823656439781189,0.8377693891525269,0.14829474687576294,10.475564956665039,3.8744137287139893,-1.600924015045166,2650,1446
2011_09_26_drive_0015_sync,0000000213,0,0.8634275794029236,9.728362083435059,19.813446044921875,-1.6068850755691528,True,95,0.8299680352210999,0.826278805732727,0.08638684451580048,9.793211936950684,19.82743263244629,-1.551553726196289,2606,1490
2011_09_26_drive_0015_sync,0000000213,1,0.8898574709892273,7.8082499504089355,3.842125654220581,-1.660287618637085,True,85,0.902751624584198,0.8770879507064819,0.07286339998245239,7.78594446182251,3.8528778553009033,-1.5917607545852661,2606,1490
2011_09_26_drive_0015_sync,0000000213,2,0.6551181077957153,28.710742950439453,3.829214096069336,-1.4532716274261475,True,98,0.6922000050544739,0.7005664706230164,0.38297489285469055,29.080780029296875,3.8263909816741943,-1.5519344806671143,2606,1490
2011_09_26_drive_0015_sync,0000000213,3,0.7599127292633057,4.544286251068115,20.494478225708008,-1.6063649654388428,True,88,0.6534451246261597,0.5312712788581848,0.38297316431999207,4.639086723327637,20.858226776123047,-1.5330963134765625,2606,1490
2011_09_26_drive_0015_sync,0000000213,4,0.8617727756500244,30.329912185668945,0.12602490186691284,-1.6587250232696533,True,67,0.859613299369812,0.93370121717453,0.043573666363954544,30.301420211791992,0.13835471868515015,-1.6281497478485107,2606,1490
2011_09_26_drive_0015_sync,0000000214,0,0.4503929913043976,50.9930419921875,3.546520233154297,-1.4795186519622803,True,62,0.3989180326461792,0.7376595735549927,0.37203195691108704,51.3585319519043,3.5998153686523438,-1.52406644821167,2667,1429
2011_09_26_drive_0015_sync,0000000214,1,0.9067412614822388,5.084514141082764,3.8062665462493896,-1.6350868940353394,True,34,0.8991683721542358,0.8510320782661438,0.08941410481929779,5.046133041381836,3.7542455196380615,-1.5733164548873901,2667,1429
2011_09_26_drive_0015_sync,0000000214,2,0.8752262592315674,30.616992950439453,0.16101689636707306,-1.645788311958313,True,88,0.8622910380363464,0.7352736592292786,0.2037844955921173,30.50287628173828,-0.005341589450836182,-1.6169723272323608,2667,1429
2011_09_26_drive_0015_sync,0000000214,3,0.8225194811820984,3.35864520072937,20.57520866394043,-1.5257599353790283,True,86,0.6551854610443115,0.8431699872016907,0.20104971528053284,3.1605899333953857,20.59320831298828,-1.496245265007019,2667,1429
2011_09_26_drive_0015_sync,0000000214,4,0.8346371054649353,26.1690673828125,3.7487945556640625,-1.603995442390442,True,70,0.7680968642234802,0.8395481705665588,0.12169021368026733,26.112957000732422,3.699491262435913,-1.507926106452942,2667,1429
2011_09_26_drive_0015_sync,0000000214,5,0.8572983741760254,8.43397331237793,19.892822265625,-1.5698235034942627,True,78,0.8569906949996948,0.8538509011268616,0.1069376990199089,8.404181480407715,19.790124893188477,-1.5709929466247559,2667,1429
2011_09_26_drive_0015_sync,0000000215,0,0.8200842142105103,30.390012741088867,0.44834357500076294,-1.5277150869369507,True,42,0.7389780282974243,0.7498024702072144,0.20323339104652405,30.488969802856445,0.2733660936355591,-1.5576181411743164,2619,1477
2011_09_26_drive_0015_sync,0000000215,1,0.7983614206314087,2.1516408920288086,20.60731315612793,-1.545638084411621,True,96,0.8213576078414917,0.8912960290908813,0.07672549784183502,2.2088558673858643,20.609222412109375,-1.494553804397583,2619,1477
2011_09_26_drive_0015_sync,0000000215,2,0.8635575771331787,7.241886615753174,19.81002426147461,-1.5929226875305176,True,67,0.8570188879966736,0.9105107188224792,0.10147654265165329,7.3432536125183105,19.809789657592773,-1.588214635848999,2619,1477
2011_09_26_drive_0015_sync,0000000215,3,0.7819526195526123,23.420886993408203,3.687725782394409,-1.5926663875579834,True,43,0.7922177314758301,0.8918083906173706,0.06742441654205322,23.479753494262695,3.6686720848083496,-1.6194571256637573,2619,1477
2011_09_26_drive_0015_sync,0000000215,4,0.8856863379478455,2.568679094314575,3.781341314315796,-1.6365838050842285,True,73,0.8604544401168823,0.8817070722579956,0.06484217196702957,2.5200986862182617,3.823028087615967,-1.64691162109375,2619,1477
2011_09_26_drive_0015_sync,0000000216,0,0.8237859010696411,30.58060646057129,0.2823365330696106,-1.6051537990570068,True,42,0.8240286111831665,0.7755370736122131,0.17629043757915497,30.50541877746582,0.1228981539607048,-1.6030235290527344,2555,1541
2011_09_26_drive_0015_sync,0000000216,1,0.8506694436073303,20.575986862182617,3.701181650161743,-1.5543065071105957,True,43,0.8525380492210388,0.8901651501655579,0.07343355566263199,20.545059204101562,3.6636061668395996,-1.6092978715896606,2555,1541
2011_09_26_drive_0015_sync,0000000216,2,0.5958086848258972,-0.19098952412605286,3.72784686088562,-1.6234865188598633,True,61,0.7856632471084595,0.8723629117012024,0.08115591108798981,-0.17633149027824402,3.8076517581939697,-1.6218732595443726,2555,1541
2011_09_26_drive_0015_sync,0000000216,3,0.7572550773620605,0.9424382448196411,20.590007781982422,-1.6297457218170166,True,70,0.7426967024803162,0.823676347732544,0.20833835005760193,0.747758686542511,20.617427825927734,-1.5608046054840088,2555,1541
2011_09_26_drive_0015_sync,0000000216,4,0.8589297533035278,5.834450721740723,19.77861976623535,-1.577580213546753,True,38,0.8461131453514099,0.903074324131012,0.08443741500377655,5.893096446990967,19.780797958374023,-1.5168709754943848,2555,1541
2011_09_26_drive_0015_sync,0000000217,0,0.8349210619926453,4.672591686248779,19.820173263549805,-1.6280934810638428,True,64,0.8606734275817871,0.8132913708686829,0.11386701464653015,4.572649955749512,19.781295776367188,-1.6663804054260254,2789,1307
2011_09_26_drive_0015_sync,0000000217,1,0.5307099223136902,30.505268096923828,-0.1676788479089737,-1.5444493293762207,True,65,0.7609469890594482,0.790439248085022,0.1093633621931076,30.590377807617188,-0.2269001007080078,-1.5792275667190552,2789,1307
2011_09_26_drive_0015_sync,0000000217,2,0.8452288508415222,17.905776977539062,3.632591962814331,-1.6003799438476562,True,87,0.8886218667030334,0.8800040483474731,0.13307037949562073,18.035940170288086,3.617924213409424,-1.6238347291946411,2789,1307
2011_09_26_drive_0015_sync,0000000218,0,0.8374161124229431,3.319672107696533,19.753841400146484,-1.5800957679748535,True,23,0.8272984027862549,0.8634671568870544,0.06772124767303467,3.3713173866271973,19.71637535095215,-1.5573971271514893,2874,1222
2011_09_26_drive_0015_sync,0000000218,1,0.7153278589248657,30.735647201538086,-0.15643218159675598,-1.6042587757110596,True,87,0.8164283037185669,0.7432668805122375,0.19259068369865417,30.78681755065918,0.021930241957306862,-1.6558301448822021,2874,1222
2011_09_26_drive_0015_sync,0000000218,2,0.8895030617713928,14.973204612731934,3.5889923572540283,-1.596599817276001,True,92,0.8947213888168335,0.839681088924408,0.1133788451552391,14.982271194458008,3.701097011566162,-1.6109213829040527,2874,1222
2011_09_26_drive_0015_sync,0000000219,0,0.8917108774185181,12.221253395080566,3.6212239265441895,-1.5904299020767212,True,98,0.8999553322792053,0.9099349975585938,0.052046578377485275,12.235511779785156,3.6448974609375,-1.6345332860946655,2777,1319
2011_09_26_drive_0015_sync,0000000219,1,0.5922952890396118,38.10500717163086,3.8055384159088135,-1.7663891315460205,True,7,0.49036550521850586,0.6855227947235107,0.22911664843559265,38.002342224121094,3.9958133697509766,-1.6905617713928223,2777,1319
2011_09_26_drive_0015_sync,0000000219,2,0.8888431191444397,2.035888671875,19.765485763549805,-1.6176807880401611,True,91,0.8488863110542297,0.9155396223068237,0.046799205243587494,2.0014231204986572,19.733980178833008,-1.6207935810089111,2777,1319
2011_09_26_drive_0015_sync,0000000219,3,0.8507769703865051,30.742963790893555,-0.1358727216720581,-1.6520771980285645,True,99,0.8409042954444885,0.8259689211845398,0.1222405880689621,30.726177215576172,-0.0163116417825222,-1.6329429149627686,2777,1319
2011_09_26_drive_0015_sync,0000000220,0,0.6229585409164429,35.49134063720703,3.539659261703491,-1.722170352935791,True,61,0.6541049480438232,0.8288102149963379,0.16693784296512604,35.33342361450195,3.5476322174072266,-1.7757136821746826,2762,1334
2011_09_26_drive_0015_sync,0000000220,1,0.9003713726997375,9.54521369934082,3.626222610473633,-1.6149647235870361,True,98,0.8958180546760559,0.8177162408828735,0.14957179129123688,9.42822551727295,3.616722583770752,-1.7076752185821533,2762,1334
2011_09_26_drive_0015_sync,0000000220,2,0.807551920413971,0.5625885725021362,19.689815521240234,-1.6631660461425781,True,32,0.7395908236503601,0.9186359643936157,0.028186064213514328,0.5638498067855835,19.669527053833008,-1.6436406373977661,2762,1334
2011_09_26_drive_0015_sync,0000000220,3,0.7473648190498352,30.685287475585938,0.21380122005939484,-1.7389179468154907,True,29,0.8111752867698669,0.9257522821426392,0.04050567373633385,30.656864166259766,0.24030621349811554,-1.7275025844573975,2762,1334
2011_09_26_drive_0015_sync,0000000221,0,0.34893685579299927,62.354331970214844,20.629457473754883,-1.4542195796966553,True,9,0.038487911224365234,0.7116494178771973,0.20648890733718872,62.50368881225586,20.760217666625977,-1.397369146347046,2873,1223
2011_09_26_drive_0015_sync,0000000221,1,0.678554117679596,-0.6772997975349426,19.803781509399414,-1.7303979396820068,True,34,0.7412567138671875,0.7986602783203125,0.1543913334608078,-0.6652197241783142,19.650602340698242,-1.7153348922729492,2873,1223
2011_09_26_drive_0015_sync,0000000221,2,0.547443151473999,32.766265869140625,3.0754892826080322,-1.6875617504119873,True,32,0.2097785919904709,0.803816556930542,0.11591532826423645,32.78428649902344,3.1712422370910645,-1.7503550052642822,2873,1223
2011_09_26_drive_0015_sync,0000000221,3,0.8348094820976257,30.89544677734375,0.18860743939876556,-1.7546155452728271,True,18,0.8228262066841125,0.8442638516426086,0.10396551340818405,30.942354202270508,0.2785288095474243,-1.7317535877227783,2873,1223
2011_09_26_drive_0015_sync,0000000221,4,0.891537070274353,6.7766923904418945,3.630674123764038,-1.7066068649291992,True,57,0.8707403540611267,0.907539963722229,0.05216972902417183,6.819974899291992,3.6207258701324463,-1.6792328357696533,2873,1223
2011_09_26_drive_0015_sync,0000000222,0,0.8474984765052795,4.118391990661621,3.594897508621216,-1.6652088165283203,True,51,0.900716245174408,0.904206395149231,0.03486672788858414,4.095630168914795,3.6005985736846924,-1.6909980773925781,2752,1344
2011_09_26_drive_0015_sync,0000000222,1,0.7672202587127686,30.131410598754883,3.574338674545288,-1.782400369644165,True,65,0.7168804407119751,0.798224687576294,0.17761780321598053,30.28296661376953,3.484466791152954,-1.8048036098480225,2752,1344
2011_09_26_drive_0015_sync,0000000222,2,0.8625409007072449,31.06098175048828,0.05727840214967728,-1.669862151145935,True,12,0.8575347065925598,0.8538044095039368,0.07163535058498383,31.056848526000977,0.011409532278776169,-1.7247309684753418,2752,1344
2011_09_26_drive_0015_sync,0000000223,0,0.8572396636009216,1.5034266710281372,3.5845284461975098,-1.7151799201965332,True,28,0.8074303865432739,0.8237989544868469,0.08847439289093018,1.5298959016799927,3.646904945373535,-1.6582916975021362,2721,1375
2011_09_26_drive_0015_sync,0000000223,1,0.8152574896812439,31.068157196044922,0.14392806589603424,-1.7234097719192505,True,47,0.8349550366401672,0.8117876648902893,0.1468084454536438,31.005306243896484,0.012542802840471268,-1.7049601078033447,2721,1375
2011_09_26_drive_0015_sync,0000000223,2,0.8171935677528381,27.355939865112305,3.299346923828125,-1.6369764804840088,True,79,0.8024076819419861,0.7489656209945679,0.1835530400276184,27.495859146118164,3.203291654586792,-1.7068885564804077,2721,1375
2011_09_26_drive_0015_sync,0000000224,0,0.853278398513794,24.754913330078125,3.351053476333618,-1.6234281063079834,True,87,0.8515817523002625,0.8371774554252625,0.12329640984535217,24.85437774658203,3.2946009635925293,-1.5773634910583496,2806,1290
2011_09_26_drive_0015_sync,0000000224,1,0.8068835139274597,30.998119354248047,-0.04157108813524246,-1.690195918083191,True,35,0.753835916519165,0.879366397857666,0.07352357357740402,30.956275939941406,0.01839493215084076,-1.6978719234466553,2806,1290
2011_09_26_drive_0015_sync,0000000224,2,0.4825536906719208,-1.0427724123001099,3.5131678581237793,-1.7379648685455322,True,14,0.554853618144989,0.9343080520629883,0.03637026622891426,-1.048117995262146,3.486550807952881,-1.7137625217437744,2806,1290
2011_09_26_drive_0015_sync,0000000225,0,0.8547565937042236,31.446731567382812,-0.12671677768230438,-1.641258955001831,True,32,0.8059199452400208,0.9091033339500427,0.06708629429340363,31.390623092651367,-0.16225428879261017,-1.6317987442016602,2924,1172
2011_09_26_drive_0015_sync,0000000225,1,0.8283531665802002,21.888566970825195,3.43648099899292,-1.6458638906478882,True,53,0.7896062135696411,0.8034346699714661,0.13783486187458038,21.94742774963379,3.549797773361206,-1.593968152999878,2924,1172
2011_09_26_drive_0015_sync,0000000226,0,0.8404372334480286,31.587392807006836,-0.010392568074166775,-1.6617920398712158,True,35,0.8057745695114136,0.7533549666404724,0.18256933987140656,31.42817497253418,-0.09895813465118408,-1.673513412475586,2940,1156
2011_09_26_drive_0015_sync,0000000226,1,0.8645896911621094,19.571781158447266,3.3579490184783936,-1.6293989419937134,True,61,0.833526074886322,0.7965287566184998,0.10598183423280716,19.473413467407227,3.321147918701172,-1.6151994466781616,2940,1156
2011_09_26_drive_0015_sync,0000000227,0,0.3660539388656616,54.46253204345703,20.43324089050293,-1.3448612689971924,True,83,0.33743974566459656,0.8315679430961609,0.12015315890312195,54.53718948364258,20.523696899414062,-1.318769931793213,2942,1154
2011_09_26_drive_0015_sync,0000000227,1,0.8814829587936401,16.82098960876465,3.2941486835479736,-1.6446261405944824,True,72,0.8855754137039185,0.9064909815788269,0.053689852356910706,16.84356689453125,3.3006930351257324,-1.596355676651001,2942,1154
2011_09_26_drive_0015_sync,0000000227,2,0.8694544434547424,31.73084259033203,-0.05621430650353432,-1.6212105751037598,True,74,0.8602842092514038,0.8664358258247375,0.10657546669244766,31.737098693847656,0.04868714511394501,-1.6034657955169678,2942,1154
2011_09_26_drive_0015_sync,0000000228,0,0.875339686870575,14.183109283447266,3.289003372192383,-1.6064982414245605,True,44,0.8644577264785767,0.8976963758468628,0.09587040543556213,14.272673606872559,3.3231585025787354,-1.6048270463943481,2951,1145
2011_09_26_drive_0015_sync,0000000228,1,0.852923572063446,31.743484497070312,-0.0790795087814331,-1.6487611532211304,True,64,0.8520662784576416,0.6013625264167786,0.3660944998264313,31.67882537841797,0.27440133690834045,-1.5787920951843262,2951,1145
2011_09_26_drive_0015_sync,0000000229,0,0.5092403292655945,43.64684295654297,3.532200574874878,-1.4338079690933228,True,79,0.39223524928092957,0.7400071620941162,0.2013019621372223,43.574092864990234,3.3474020957946777,-1.4666626453399658,2968,1128
2011_09_26_drive_0015_sync,0000000229,1,0.7571800947189331,31.78863525390625,0.014979664236307144,-1.6388885974884033,True,13,0.8125567436218262,0.6377601027488708,0.2557125687599182,31.74397087097168,0.23758240044116974,-1.7565407752990723,2968,1128
2011_09_26_drive_0015_sync,0000000229,2,0.8983511328697205,11.501235961914062,3.2858314514160156,-1.6608829498291016,True,63,0.8396714329719543,0.8224045038223267,0.08867846429347992,11.468107223510742,3.2941224575042725,-1.579043984413147,2968,1128
2011_09_26_drive_0015_sync,0000000229,3,0.4981785714626312,51.32245635986328,20.67815589904785,-1.3240716457366943,True,93,0.617825984954834,0.70518559217453,0.2462305873632431,51.29827117919922,20.48036003112793,-1.4687138795852661,2968,1128
2011_09_26_drive_0015_sync,0000000230,0,0.8038755059242249,31.935998916625977,-0.10031159222126007,-1.5647656917572021,True,9,0.7264111042022705,0.6381767392158508,0.37562134861946106,31.657743453979492,0.14563526213169098,-1.5084148645401,2928,1168
2011_09_26_drive_0015_sync,0000000230,1,0.41234806180000305,49.859954833984375,20.6855525970459,-1.4718847274780273,True,34,0.23636937141418457,0.8042114973068237,0.13869404792785645,49.81148147583008,20.557239532470703,-1.4924304485321045,2928,1168
2011_09_26_drive_0015_sync,0000000230,2,0.6317842602729797,40.59053421020508,3.409742593765259,-1.4243385791778564,True,62,0.618600606918335,0.6909894943237305,0.21267761290073395,40.72111129760742,3.5042526721954346,-1.5630801916122437,2928,1168
2011_09_26_drive_0015_sync,0000000230,3,0.872490406036377,8.957438468933105,3.267669200897217,-1.6127784252166748,True,90,0.8687348365783691,0.7918487787246704,0.10954079031944275,8.851683616638184,3.2807488441467285,-1.6381559371948242,2928,1168
2011_09_26_drive_0015_sync,0000000231,0,0.8765751123428345,6.238094329833984,3.2653632164001465,-1.619992971420288,True,64,0.8567102551460266,0.8736770153045654,0.13340666890144348,6.109255790710449,3.2335569858551025,-1.633643388748169,2834,1262
2011_09_26_drive_0015_sync,0000000231,1,0.8513312935829163,32.01456069946289,-0.008017230778932571,-1.4764137268066406,True,27,0.8550099730491638,0.6962831616401672,0.2777186632156372,32.181400299072266,-0.21415233612060547,-1.558879017829895,2834,1262
2011_09_26_drive_0015_sync,0000000231,2,0.439240038394928,48.54084396362305,20.621431350708008,-1.358012080192566,True,44,0.30480509996414185,0.7818975448608398,0.09227679669857025,48.499549865722656,20.546653747558594,-1.323110580444336,2834,1262
2011_09_26_drive_0015_sync,0000000231,3,0.7315120100975037,37.98286819458008,3.6665124893188477,-1.4401099681854248,True,95,0.7120718955993652,0.7208341360092163,0.24675323069095612,38.195404052734375,3.790276288986206,-1.4600646495819092,2834,1262
2011_09_26_drive_0015_sync,0000000232,0,0.8646436333656311,3.5118637084960938,3.3038525581359863,-1.736266851425171,True,89,0.8519978523254395,0.8579531908035278,0.12489139288663864,3.3946564197540283,3.3116812705993652,-1.6938519477844238,2711,1385
2011_09_26_drive_0015_sync,0000000232,1,0.7148045897483826,35.59811782836914,3.7411890029907227,-1.5413095951080322,True,33,0.8029491901397705,0.8512226939201355,0.10839908570051193,35.599998474121094,3.6331088542938232,-1.549403190612793,2711,1385
2011_09_26_drive_0015_sync,0000000232,2,0.5558534860610962,46.9544677734375,20.718828201293945,-1.5932896137237549,True,82,0.5419731736183167,0.7674531936645508,0.20240823924541473,47.1131706237793,20.794466018676758,-1.4929829835891724,2711,1385
2011_09_26_drive_0015_sync,0000000232,3,0.8381571769714355,32.23524856567383,0.045183438807725906,-1.7210166454315186,True,25,0.8755191564559937,0.853720486164093,0.14882443845272064,32.11030960083008,0.09634001553058624,-1.658390998840332,2711,1385
2011_09_26_drive_0015_sync,0000000233,0,0.7863488793373108,32.78839111328125,3.533146858215332,-1.6476554870605469,True,56,0.7291769981384277,0.9100604057312012,0.07394706457853317,32.84917068481445,3.5213751792907715,-1.6072149276733398,2755,1341
2011_09_26_drive_0015_sync,0000000233,1,0.6899528503417969,32.08397674560547,0.19021473824977875,-1.768651008605957,True,32,0.5868244171142578,0.759151816368103,0.10306453704833984,32.12165069580078,0.27457448840141296,-1.7229738235473633,2755,1341
2011_09_26_drive_0015_sync,0000000233,2,0.8371020555496216,0.9113549590110779,3.1842215061187744,-1.7238380908966064,True,69,0.7858654260635376,0.8208099007606506,0.11322331428527832,0.8183820247650146,3.189716339111328,-1.7882225513458252,2755,1341
2011_09_26_drive_0015_sync,0000000234,0,0.6600605249404907,44.22775650024414,20.749753952026367,-1.438699722290039,True,91,0.780240535736084,0.762567937374115,0.16095945239067078,44.12721633911133,20.646942138671875,-1.3663854598999023,2669,1427
2011_09_26_drive_0015_sync,0000000234,1,0.8600835204124451,30.163299560546875,3.615846633911133,-1.4819579124450684,True,87,0.8399522304534912,0.8608149290084839,0.14629222452640533,30.024465560913086,3.570504665374756,-1.4735530614852905,2669,1427
2011_09_26_drive_0015_sync,0000000234,2,0.8180795907974243,32.36796951293945,0.27287355065345764,-1.6358028650283813,True,47,0.7769333124160767,0.7695661783218384,0.16042698919773102,32.322593688964844,0.12618207931518555,-1.5893328189849854,2669,1427
2011_09_26_drive_0015_sync,0000000235,0,0.5816015005111694,32.44965744018555,0.41789087653160095,-1.423349142074585,True,75,0.793956995010376,0.6060898303985596,0.3234078586101532,32.48963928222656,0.13160228729248047,-1.5683765411376953,2872,1224
2011_09_26_drive_0015_sync,0000000235,1,0.6997689604759216,42.84297180175781,20.7757568359375,-1.3050315380096436,True,15,0.49821895360946655,0.8875978589057922,0.03936139866709709,42.866825103759766,20.74924659729004,-1.2883718013763428,2872,1224
2011_09_26_drive_0015_sync,0000000235,2,0.8306347727775574,27.480318069458008,3.6988086700439453,-1.5112206935882568,True,17,0.8113275170326233,0.7883051037788391,0.16300417482852936,27.370933532714844,3.5790348052978516,-1.4951084852218628,2872,1224
2011_09_26_drive_0015_sync,0000000236,0,0.8462444543838501,24.494760513305664,3.7530548572540283,-1.6165883541107178,True,68,0.7841297388076782,0.7880173325538635,0.1809385120868683,24.656221389770508,3.753862142562866,-1.5349276065826416,2946,1150
2011_09_26_drive_0015_sync,0000000236,1,0.7788738012313843,41.23373031616211,20.757362365722656,-1.1354925632476807,True,96,0.7913723587989807,0.8024386763572693,0.1767139434814453,41.3807258605957,20.78080177307129,-1.2307329177856445,2946,1150
2011_09_26_drive_0015_sync,0000000236,2,0.5501846671104431,32.66448974609375,0.38982951641082764,-1.4192413091659546,True,61,0.5573698282241821,0.8799994587898254,0.07814870029687881,32.656280517578125,0.46528732776641846,-1.400641679763794,2946,1150
2011_09_26_drive_0015_sync,0000000237,0,0.8139803409576416,32.75766372680664,0.21280977129936218,-1.6853053569793701,True,60,0.8048210740089417,0.6897022724151611,0.20207634568214417,32.796241760253906,0.37679916620254517,-1.5737075805664062,2900,1196
2011_09_26_drive_0015_sync,0000000237,1,0.4555116593837738,39.77091979980469,21.092500686645508,-1.569775104522705,True,27,0.4173298180103302,0.6954043507575989,0.2561236619949341,39.603599548339844,20.902881622314453,-1.5291810035705566,2900,1196
2011_09_26_drive_0015_sync,0000000237,2,0.845914900302887,21.998821258544922,3.671121120452881,-1.4653010368347168,True,17,0.8276410698890686,0.8732054829597473,0.08456836640834808,21.940109252929688,3.675452947616577,-1.5260130167007446,2900,1196
2011_09_26_drive_0015_sync,0000000238,0,0.6436904668807983,38.278099060058594,20.748748779296875,-1.4108092784881592,True,62,0.4619133174419403,0.6388184428215027,0.19802427291870117,38.30084991455078,20.640018463134766,-1.5747413635253906,2887,1209
2011_09_26_drive_0015_sync,0000000238,1,0.855510950088501,19.338096618652344,3.686563730239868,-1.5883300304412842,True,80,0.8629841208457947,0.8235273361206055,0.15923050045967102,19.18486785888672,3.722276210784912,-1.612823247909546,2887,1209
2011_09_26_drive_0015_sync,0000000238,2,0.6576681137084961,32.71138000488281,0.1237594336271286,-1.4925541877746582,True,75,0.589876651763916,0.8641828298568726,0.06809155642986298,32.73453140258789,0.11227409541606903,-1.4295576810836792,2887,1209
2011_09_26_drive_0015_sync,0000000239,0,0.8699343204498291,16.464542388916016,3.7000770568847656,-1.5777478218078613,True,38,0.8739431500434875,0.8902952075004578,0.04547310993075371,16.46670150756836,3.656834363937378,-1.5916478633880615,2898,1198
2011_09_26_drive_0015_sync,0000000239,1,0.6108680367469788,33.1751823425293,0.4023500680923462,-1.5233978033065796,True,96,0.5459898710250854,0.88742595911026,0.07940077781677246,33.167633056640625,0.48081234097480774,-1.5329457521438599,2898,1198
2011_09_26_drive_0015_sync,0000000239,2,0.6156099438667297,36.84025192260742,20.69414520263672,-1.3803805112838745,True,91,0.663857102394104,0.8191810846328735,0.0662349984049797,36.83863830566406,20.733150482177734,-1.3268729448318481,2898,1198
2011_09_26_drive_0015_sync,0000000240,0,0.9095034599304199,13.628813743591309,3.6120781898498535,-1.573784351348877,True,55,0.8973950147628784,0.9181585907936096,0.05217710882425308,13.582061767578125,3.614717960357666,-1.5968003273010254,2863,1233
2011_09_26_drive_0015_sync,0000000240,1,0.8082688450813293,33.19764709472656,0.5422875285148621,-1.503159761428833,True,94,0.7879893183708191,0.8550586104393005,0.08965876698493958,33.1805305480957,0.4870861768722534,-1.5717055797576904,2863,1233
2011_09_26_drive_0015_sync,0000000240,2,0.7483210563659668,35.275291442871094,20.878602981567383,-1.4314885139465332,True,75,0.8494417667388916,0.7713101506233215,0.15054161846637726,35.40645980834961,20.823108673095703,-1.4802534580230713,2863,1233
2011_09_26_drive_0015_sync,0000000241,0,0.9012928009033203,10.879308700561523,3.641805648803711,-1.576592206954956,True,84,0.8772121667861938,0.8756972551345825,0.08916842937469482,10.901838302612305,3.600959062576294,-1.5005989074707031,2854,1242
2011_09_26_drive_0015_sync,0000000241,1,0.7175816297531128,33.87014389038086,20.757707595825195,-1.500694990158081,True,38,0.7926163673400879,0.8932416439056396,0.07508096843957901,33.807472229003906,20.785541534423828,-1.5312676429748535,2854,1242
2011_09_26_drive_0015_sync,0000000241,2,0.7762383222579956,33.05776596069336,0.5318437814712524,-1.280964732170105,True,97,0.4775432050228119,0.5979649424552917,0.349883109331131,32.914100646972656,0.840431809425354,-1.3619084358215332,2854,1242
2011_09_26_drive_0015_sync,0000000242,0,0.8983681797981262,8.121834754943848,3.626194715499878,-1.6359539031982422,True,25,0.8799915313720703,0.8930156230926514,0.036077357828617096,8.141180992126465,3.6343419551849365,-1.6066124439239502,2794,1302
2011_09_26_drive_0015_sync,0000000242,1,0.8277978897094727,33.613624572753906,0.35395726561546326,-1.640013575553894,True,44,0.8337277173995972,0.7929791808128357,0.1124887689948082,33.54014587402344,0.2729930281639099,-1.6135674715042114,2794,1302
2011_09_26_drive_0015_sync,0000000242,2,0.8167760968208313,32.48929214477539,20.768733978271484,-1.530646562576294,True,68,0.8330811262130737,0.9086906909942627,0.06733693927526474,32.45198440551758,20.712970733642578,-1.5249145030975342,2794,1302
2011_09_26_drive_0015_sync,0000000243,0,0.9093872308731079,5.355865955352783,3.6336543560028076,-1.680349349975586,True,62,0.9008412957191467,0.8467651605606079,0.07494381070137024,5.304601192474365,3.6154627799987793,-1.6287977695465088,2772,1324
2011_09_26_drive_0015_sync,0000000243,1,0.7995582818984985,33.76007843017578,0.36526253819465637,-1.5974253416061401,True,84,0.8304370045661926,0.8052785992622375,0.07627815753221512,33.77751922607422,0.42968592047691345,-1.5604956150054932,2772,1324
2011_09_26_drive_0015_sync,0000000243,2,0.8369503617286682,30.770227432250977,20.715229034423828,-1.5102269649505615,True,67,0.8152493238449097,0.889156699180603,0.039101578295230865,30.808496475219727,20.722183227539062,-1.5142335891723633,2772,1324
2011_09_26_drive_0015_sync,0000000244,0,0.8634333610534668,2.7871172428131104,3.5689547061920166,-1.6450108289718628,True,85,0.868608832359314,0.9626942276954651,0.02110980451107025,2.8033413887023926,3.581437587738037,-1.6501662731170654,2645,1451
2011_09_26_drive_0015_sync,0000000244,1,0.8302705883979797,29.349790573120117,20.753686904907227,-1.514906406402588,True,74,0.7901466488838196,0.7925840020179749,0.11047574132680893,29.2720947265625,20.827037811279297,-1.5429757833480835,2645,1451
2011_09_26_drive_0015_sync,0000000244,2,0.5127702355384827,33.7625846862793,0.39765381813049316,-1.5364410877227783,True,45,0.631407618522644,0.7675938010215759,0.16512709856033325,33.686336517333984,0.25205644965171814,-1.5523967742919922,2645,1451
2011_09_26_drive_0015_sync,0000000245,0,0.7141473889350891,33.649017333984375,0.3157026469707489,-1.5613291263580322,True,74,0.6456202864646912,0.829533040523529,0.22868825495243073,33.87446594238281,0.3463054895401001,-1.5844528675079346,2619,1477
2011_09_26_drive_0015_sync,0000000245,1,0.752037763595581,27.76572608947754,20.690078735351562,-1.5685712099075317,True,63,0.8060524463653564,0.8421609401702881,0.14855368435382843,27.912338256835938,20.71379280090332,-1.5718441009521484,2619,1477
2011_09_26_drive_0015_sync,0000000245,2,0.6964905261993408,-0.03453028202056885,3.5317742824554443,-1.6127796173095703,True,33,0.7229712009429932,0.8138784766197205,0.0974886417388916,-0.04543507099151611,3.514906167984009,-1.708176612854004,2619,1477
2011_09_26_drive_0015_sync,0000000246,0,0.76156085729599,26.500350952148438,20.750595092773438,-1.4571888446807861,True,4,0.7813060283660889,0.8731487989425659,0.08540686964988708,26.430259704589844,20.798002243041992,-1.4687695503234863,2736,1360
2011_09_26_drive_0015_sync,0000000246,1,0.7684988975524902,33.75452423095703,0.5264337658882141,-1.4941461086273193,True,47,0.7705349326133728,0.8085296750068665,0.13404235243797302,33.83253860473633,0.47648829221725464,-1.5910303592681885,2736,1360
2011_09_26_drive_0015_sync,0000000247,0,0.8542011380195618,24.964677810668945,20.760866165161133,-1.5625205039978027,True,85,0.801391065120697,0.8028046488761902,0.15360292792320251,24.87732696533203,20.751981735229492,-1.6885552406311035,2894,1202
2011_09_26_drive_0015_sync,0000000247,1,0.7657128572463989,33.961830139160156,0.453981876373291,-1.645061731338501,True,78,0.7935113310813904,0.9016438722610474,0.09564267843961716,34.05741882324219,0.4537132978439331,-1.648263931274414,2894,1202
2011_09_26_drive_0015_sync,0000000248,0,0.6012920141220093,34.09751892089844,0.4465714693069458,-1.6818795204162598,True,89,0.5778563022613525,0.781221866607666,0.15468204021453857,34.10928726196289,0.5970815420150757,-1.7155656814575195,2802,1294
2011_09_26_drive_0015_sync,0000000248,1,0.8368462324142456,23.400135040283203,20.762903213500977,-1.5784151554107666,True,83,0.8418700695037842,0.8742677569389343,0.12069576978683472,23.509511947631836,20.725101470947266,-1.6126961708068848,2802,1294
2011_09_26_drive_0015_sync,0000000249,0,0.8670448660850525,21.888782501220703,20.702125549316406,-1.7444231510162354,True,17,0.7313306331634521,0.8592342138290405,0.10432420670986176,21.872102737426758,20.682594299316406,-1.6433100700378418,2842,1254
2011_09_26_drive_0015_sync,0000000249,1,0.6054791808128357,34.061885833740234,0.5191285610198975,-1.7044672966003418,True,58,0.6660357713699341,0.9186978936195374,0.048945192247629166,34.04585266113281,0.4792702794075012,-1.727916955947876,2842,1254
2011_09_26_drive_0015_sync,0000000250,0,0.8640558123588562,20.324438095092773,20.69327163696289,-1.7252700328826904,True,93,0.8392425775527954,0.8749772310256958,0.06999083608388901,20.363462448120117,20.7420597076416,-1.7568222284317017,2846,1250
2011_09_26_drive_0015_sync,0000000250,1,0.7171667814254761,34.103118896484375,0.2853319048881531,-1.7387957572937012,True,25,0.7429206967353821,0.7970138788223267,0.16585727035999298,34.08085632324219,0.4487568736076355,-1.7213231325149536,2846,1250
2011_09_26_drive_0015_sync,0000000251,0,0.8006850481033325,18.777090072631836,20.697288513183594,-1.6376512050628662,True,91,0.8257949352264404,0.8765738010406494,0.0839376375079155,18.82883071899414,20.663179397583008,-1.581038475036621,2820,1276
2011_09_26_drive_0015_sync,0000000251,1,0.8578655123710632,34.27446746826172,0.5923742651939392,-1.6954904794692993,True,51,0.8153737783432007,0.8542302250862122,0.10414499044418335,34.323612213134766,0.5177502632141113,-1.6419906616210938,2820,1276
2011_09_26_drive_0015_sync,0000000252,0,0.779220700263977,34.24177169799805,0.3727337121963501,-1.6323081254959106,True,41,0.8657573461532593,0.87972092628479,0.18048560619354248,34.4216423034668,0.36688151955604553,-1.6186197996139526,2886,1210
2011_09_26_drive_0015_sync,0000000252,1,0.8453402519226074,17.228517532348633,20.703805923461914,-1.679626703262329,True,94,0.8320149779319763,0.8931442499160767,0.05758316442370415,17.20464515686035,20.68716049194336,-1.629939079284668,2886,1210
2011_09_26_drive_0015_sync,0000000252,2,0.3902771770954132,13.395991325378418,4.6192946434021,-1.2604749202728271,True,78,0.6305060386657715,0.7005553841590881,0.3956354260444641,13.283018112182617,4.993396282196045,-1.322219729423523,2886,1210
2011_09_26_drive_0015_sync,0000000252,3,0.6161997318267822,49.797340393066406,4.034035682678223,-1.6679039001464844,True,88,0.4540536105632782,0.7795599699020386,0.1622006595134735,49.78620147705078,3.8835337162017822,-1.727352499961853,2886,1210
2011_09_26_drive_0015_sync,0000000253,0,0.8499367237091064,15.69293212890625,20.638540267944336,-1.7986712455749512,True,90,0.8466106057167053,0.9515686631202698,0.04115404933691025,15.651915550231934,20.641357421875,-1.800504207611084,2798,1298
2011_09_26_drive_0015_sync,0000000253,1,0.5946705937385559,46.70779800415039,4.471096992492676,-1.5558652877807617,True,80,0.4418781101703644,0.5345984101295471,0.5096604824066162,47.195106506347656,4.325286865234375,-1.5238711833953857,2798,1298
2011_09_26_drive_0015_sync,0000000253,2,0.7517125606536865,34.4748420715332,0.28554567694664,-1.5893090963363647,True,27,0.7978155612945557,0.8612610697746277,0.13724957406520844,34.37516784667969,0.3798975646495819,-1.5888442993164062,2798,1298
2011_09_26_drive_0015_sync,0000000254,0,0.5533945560455322,43.84589385986328,4.048856258392334,-1.5777297019958496,True,30,0.6784195303916931,0.8434582948684692,0.11055803298950195,43.747501373291016,4.097749710083008,-1.590035319328308,2769,1327
2011_09_26_drive_0015_sync,0000000254,1,0.7738402485847473,34.513389587402344,0.3885413408279419,-1.629493236541748,True,68,0.8348917365074158,0.8067941069602966,0.1463947296142578,34.41571044921875,0.491335391998291,-1.5931121110916138,2769,1327
2011_09_26_drive_0015_sync,0000000254,2,0.8814728856086731,14.152125358581543,20.664762496948242,-1.7698203325271606,True,61,0.8747455477714539,0.9159055352210999,0.07978526502847672,14.085347175598145,20.656070709228516,-1.7270323038101196,2769,1327
2011_09_26_drive_0015_sync,0000000255,0,0.7888534665107727,34.597713470458984,0.622314453125,-1.644266963005066,True,48,0.7517361044883728,0.9007056951522827,0.07037165015935898,34.569156646728516,0.6836257576942444,-1.6248350143432617,2673,1423
2011_09_26_drive_0015_sync,0000000255,1,0.8855459690093994,12.565731048583984,20.7449951171875,-1.8567731380462646,True,32,0.8949300646781921,0.9181101322174072,0.05295637249946594,12.60639762878418,20.71108055114746,-1.8561336994171143,2673,1423
2011_09_26_drive_0015_sync,0000000255,2,0.690881073474884,41.26152801513672,3.9141833782196045,-1.6364305019378662,True,59,0.7661141753196716,0.9264013171195984,0.01974416710436344,41.28114700317383,3.9141852855682373,-1.6386502981185913,2673,1423
2011_09_26_drive_0015_sync,0000000256,0,0.744663417339325,38.51122283935547,4.007301330566406,-1.6983345746994019,True,29,0.7453950047492981,0.8664398789405823,0.10501136630773544,38.52390670776367,4.111532211303711,-1.6998937129974365,2463,1633
2011_09_26_drive_0015_sync,0000000256,1,0.8816246390342712,34.54686737060547,0.2577720284461975,-1.7074265480041504,True,55,0.8576656579971313,0.763026237487793,0.1824256330728531,34.44599151611328,0.38966184854507446,-1.631873607635498,2463,1633
2011_09_26_drive_0015_sync,0000000257,0,0.8075639605522156,34.43712615966797,0.4430708885192871,-1.6228718757629395,True,81,0.7955248951911926,0.8786975145339966,0.06933610141277313,34.443904876708984,0.37918752431869507,-1.5967862606048584,2161,1935
2011_09_26_drive_0015_sync,0000000257,1,0.7917611002922058,35.943328857421875,3.953038454055786,-1.772960901260376,True,76,0.7876226305961609,0.9212289452552795,0.05073070898652077,35.95535659790039,3.986436367034912,-1.7367184162139893,2161,1935
2011_09_26_drive_0015_sync,0000000258,0,0.8096829056739807,33.5627555847168,4.037175178527832,-1.4571954011917114,True,62,0.8240866661071777,0.8103323578834534,0.11490423232316971,33.51115036010742,3.934511423110962,-1.4570059776306152,2592,1504
2011_09_26_drive_0015_sync,0000000258,1,0.614812433719635,48.85902404785156,20.420446395874023,-1.4109413623809814,True,34,0.6628008484840393,0.7770761251449585,0.13264712691307068,48.87045669555664,20.500181198120117,-1.5163307189941406,2592,1504
2011_09_26_drive_0015_sync,0000000258,2,0.8254593014717102,34.46100997924805,0.0862770602107048,-1.5653825998306274,True,60,0.8224499821662903,0.7825170159339905,0.16440916061401367,34.49121856689453,0.22962552309036255,-1.490756630897522,2592,1504
2011_09_26_drive_0015_sync,0000000259,0,0.7914949655532837,34.44758605957031,0.14157073199748993,-1.3592240810394287,True,51,0.8034018278121948,0.8459992408752441,0.16723385453224182,34.61442947387695,0.13091516494750977,-1.3633347749710083,2582,1514
2011_09_26_drive_0015_sync,0000000259,1,0.8109931349754333,30.453031539916992,3.781846284866333,-1.5052732229232788,True,96,0.7533960342407227,0.7627828121185303,0.17444562911987305,30.323009490966797,3.8563385009765625,-1.4159622192382812,2582,1514
2011_09_26_drive_0015_sync,0000000259,2,0.5948613286018372,47.4200553894043,20.289859771728516,-1.4486747980117798,True,39,0.5714134573936462,0.644193172454834,0.3083135187625885,47.54880142211914,20.56793212890625,-1.4826961755752563,2582,1514
2011_09_26_drive_0015_sync,0000000260,0,0.7717161178588867,34.318321228027344,0.35348761081695557,-1.521509051322937,True,71,0.7635045051574707,0.8002867698669434,0.13831903040409088,34.29031753540039,0.4815516173839569,-1.4773778915405273,2734,1362
2011_09_26_drive_0015_sync,0000000260,1,0.3677351474761963,47.79838943481445,4.252995491027832,-1.415502905845642,True,44,0.17170636355876923,0.6283935904502869,0.35757970809936523,48.02859115600586,4.522195339202881,-1.4645118713378906,2734,1362
2011_09_26_drive_0015_sync,0000000260,2,0.7448746562004089,27.561382293701172,3.829916477203369,-1.5642142295837402,True,50,0.7148972153663635,0.8270640969276428,0.21574603021144867,27.773645401000977,3.791747808456421,-1.5700342655181885,2734,1362
2011_09_26_drive_0015_sync,0000000260,3,0.7870680689811707,5.025549411773682,20.580698013305664,-1.882676362991333,True,51,0.8495498299598694,0.8307293653488159,0.11147090047597885,5.029224395751953,20.65241813659668,-1.9679317474365234,2734,1362
2011_09_26_drive_0015_sync,0000000260,4,0.5409122705459595,45.86585998535156,20.350595474243164,-1.3509981632232666,True,69,0.6214193105697632,0.8904573917388916,0.029727697372436523,45.840633392333984,20.345733642578125,-1.3659553527832031,2734,1362
2011_09_26_drive_0015_sync,0000000261,0,0.4121122658252716,34.35856628417969,0.40165215730667114,-1.5139455795288086,True,97,0.6429217457771301,0.8330026268959045,0.09892074763774872,34.44470977783203,0.35692712664604187,-1.5330318212509155,2861,1235
2011_09_26_drive_0015_sync,0000000261,1,0.35316744446754456,43.97282791137695,20.158615112304688,-1.5942606925964355,True,28,0.23819021880626678,0.8286265730857849,0.1513524353504181,44.10020065307617,20.107145309448242,-1.5307421684265137,2861,1235
2011_09_26_drive_0015_sync,0000000261,2,0.5907875299453735,45.09124755859375,4.315052032470703,-1.5946108102798462,True,25,0.37620964646339417,0.659181535243988,0.2897467613220215,45.24937057495117,4.073509693145752,-1.5699613094329834,2861,1235
2011_09_26_drive_0015_sync,0000000261,3,0.8359127640724182,3.4381182193756104,20.636978149414062,-1.7884509563446045,True,80,0.7844530940055847,0.8082377910614014,0.15203045308589935,3.3986763954162598,20.606996536254883,-1.6447196006774902,2861,1235
2011_09_26_drive_0015_sync,0000000261,4,0.8693575859069824,25.030874252319336,3.813339948654175,-1.6572186946868896,True,91,0.8666914701461792,0.8620994091033936,0.04644876718521118,25.0052433013916,3.8188133239746094,-1.6955668926239014,2861,1235
2011_09_26_drive_0015_sync,0000000262,0,0.5274296402931213,42.328025817871094,4.480721950531006,-1.5283268690109253,True,25,0.5138517618179321,0.9121431708335876,0.07160291075706482,42.25923156738281,4.460865497589111,-1.5285489559173584,2886,1210
2011_09_26_drive_0015_sync,0000000262,1,0.8678498268127441,22.251850128173828,3.8231616020202637,-1.5673171281814575,True,4,0.8554878830909729,0.9042876958847046,0.09185966104269028,22.178955078125,3.861659288406372,-1.5267901420593262,2886,1210
2011_09_26_drive_0015_sync,0000000262,2,0.3786683976650238,42.6105842590332,20.087772369384766,-1.5267765522003174,True,86,0.5112125277519226,0.9483270645141602,0.03777102380990982,42.64522933959961,20.09748077392578,-1.515282392501831,2886,1210
2011_09_26_drive_0015_sync,0000000262,3,0.7455088496208191,1.979738473892212,20.55251121520996,-1.609174132347107,True,87,0.7980697751045227,0.8239272832870483,0.17603009939193726,1.808159351348877,20.577030181884766,-1.5784167051315308,2886,1210
2011_09_26_drive_0015_sync,0000000262,4,0.6255986094474792,34.2363395690918,0.3837200105190277,-1.6456475257873535,True,15,0.592246413230896,0.7755629420280457,0.18670576810836792,34.25606155395508,0.5692928433418274,-1.6399195194244385,2886,1210
2011_09_26_drive_0015_sync,0000000263,0,0.784098744392395,34.35231018066406,0.46203285455703735,-1.4382097721099854,True,75,0.830443263053894,0.8359833359718323,0.08176177740097046,34.365474700927734,0.5387542843818665,-1.4632198810577393,2836,1260
2011_09_26_drive_0015_sync,0000000263,1,0.6804338693618774,40.925498962402344,20.113706588745117,-1.2254137992858887,True,54,0.5587770938873291,0.8152563571929932,0.09634505957365036,41.00457000732422,20.126323699951172,-1.2789950370788574,2836,1260
2011_09_26_drive_0015_sync,0000000263,2,0.870381236076355,19.536367416381836,3.8004825115203857,-1.5923590660095215,True,98,0.8542130589485168,0.8690884113311768,0.11294519156217575,19.631147384643555,3.759239673614502,-1.5468354225158691,2836,1260
2011_09_26_drive_0015_sync,0000000263,3,0.627863347530365,0.29955950379371643,20.568357467651367,-1.5123469829559326,True,97,0.4800688624382019,0.7003510594367981,0.45194193720817566,0.7454825043678284,20.539844512939453,-1.5801053047180176,2836,1260
2011_09_26_drive_0015_sync,0000000264,0,0.5758810639381409,36.72454833984375,4.372376441955566,-1.5062227249145508,True,37,0.5354617834091187,0.7785922884941101,0.14469124376773834,36.76521301269531,4.459884166717529,-1.3984065055847168,2926,1170
2011_09_26_drive_0015_sync,0000000264,1,0.7939141392707825,39.453163146972656,20.22678565979004,-1.2983835935592651,True,58,0.8093058466911316,0.8648563027381897,0.08714789152145386,39.44388198852539,20.201799392700195,-1.215411901473999,2926,1170
2011_09_26_drive_0015_sync,0000000264,2,0.8032236099243164,34.54023742675781,0.27632036805152893,-1.399880290031433,True,71,0.8528221845626831,0.8282425999641418,0.0881488174200058,34.5284309387207,0.2045462429523468,-1.449672818183899,2926,1170
2011_09_26_drive_0015_sync,0000000264,3,0.8864713907241821,16.7222900390625,3.7215871810913086,-1.5730822086334229,True,29,0.8749263882637024,0.8453101515769958,0.15027445554733276,16.57372283935547,3.7405378818511963,-1.5853731632232666,2926,1170
2011_09_26_drive_0015_sync,0000000265,0,0.9079769849777222,13.911844253540039,3.7738211154937744,-1.5621145963668823,True,60,0.8882455825805664,0.8284603357315063,0.08588497340679169,13.997011184692383,3.763167142868042,-1.5590624809265137,3014,1082
2011_09_26_drive_0015_sync,0000000265,1,0.688223659992218,34.17741012573242,4.381943225860596,-1.4995408058166504,True,88,0.6123071312904358,0.871091365814209,0.07656752318143845,34.17612838745117,4.331539154052734,-1.441918134689331,3014,1082
2011_09_26_drive_0015_sync,0000000265,2,0.334661066532135,33.8448600769043,-0.3905348479747772,-1.3271430730819702,False,,,0.0,,,,,3014,1082
2011_09_26_drive_0015_sync,0000000266,0,0.6214560270309448,34.40350341796875,0.5163076519966125,-1.305130124092102,True,98,0.7556399703025818,0.8273215293884277,0.12893319129943848,34.365848541259766,0.4239807724952698,-1.386871337890625,2978,1118
2011_09_26_drive_0015_sync,0000000266,1,0.6834732294082642,31.2474422454834,4.275044918060303,-1.3582918643951416,True,48,0.8087575435638428,0.6761597394943237,0.2507150173187256,31.404571533203125,4.118910312652588,-1.4757243394851685,2978,1118
2011_09_26_drive_0015_sync,0000000266,2,0.5086225271224976,36.310508728027344,20.15956687927246,-1.2603434324264526,True,30,0.721129298210144,0.9217662811279297,0.03143443167209625,36.28105926513672,20.1552791595459,-1.250220775604248,2978,1118
2011_09_26_drive_0015_sync,0000000266,3,0.8896669149398804,11.303672790527344,3.7776665687561035,-1.5222249031066895,True,58,0.879673421382904,0.9062759280204773,0.03006160259246826,11.30532455444336,3.763476848602295,-1.495774507522583,2978,1118
2011_09_26_drive_0015_sync,0000000267,0,0.8835820555686951,8.668356895446777,3.772862434387207,-1.5533533096313477,True,88,0.8764922022819519,0.953238844871521,0.04342992231249809,8.656474113464355,3.782851219177246,-1.5939141511917114,2996,1100
2011_09_26_drive_0015_sync,0000000267,1,0.7504772543907166,34.331180572509766,0.32290104031562805,-1.4645874500274658,True,11,0.7358283400535583,0.7477906942367554,0.21166034042835236,34.210235595703125,0.1511818766593933,-1.4384160041809082,2996,1100
2011_09_26_drive_0015_sync,0000000267,2,0.8231633305549622,28.7052059173584,4.249044418334961,-1.5209343433380127,True,63,0.8081532120704651,0.8155103325843811,0.11947644501924515,28.749753952026367,4.350517272949219,-1.4762873649597168,2996,1100
2011_09_26_drive_0015_sync,0000000267,3,0.3185538649559021,34.822547912597656,20.198169708251953,-1.3165748119354248,True,80,0.4788166880607605,0.8283491134643555,0.13267193734645844,34.762447357177734,20.263887405395508,-1.4149158000946045,2996,1100
2011_09_26_drive_0015_sync,0000000268,0,0.8544890880584717,34.26082229614258,0.19611620903015137,-1.5016868114471436,True,76,0.8596246838569641,0.8220440149307251,0.07940656691789627,34.30042266845703,0.196175679564476,-1.4328594207763672,2885,1211
2011_09_26_drive_0015_sync,0000000268,1,0.8669123649597168,25.900632858276367,4.2406005859375,-1.510575771331787,True,82,0.870488703250885,0.9293652176856995,0.004827918950468302,25.90273094177246,4.236603736877441,-1.5122880935668945,2885,1211
2011_09_26_drive_0015_sync,0000000268,2,0.823874294757843,5.979578018188477,3.683177947998047,-1.6690901517868042,True,50,0.8704777956008911,0.8891205191612244,0.08811410516500473,5.980149269104004,3.6628143787384033,-1.5833632946014404,2885,1211
2011_09_26_drive_0015_sync,0000000269,0,0.803073525428772,3.3893816471099854,3.659747362136841,-1.6617869138717651,True,93,0.8089627623558044,0.9214270114898682,0.09130538254976273,3.4531118869781494,3.6655144691467285,-1.5966572761535645,2790,1306
2011_09_26_drive_0015_sync,0000000269,1,0.9038867950439453,23.16678810119629,4.225757598876953,-1.596854329109192,True,20,0.9008742570877075,0.932742178440094,0.01622922532260418,23.158994674682617,4.230515480041504,-1.6102712154388428,2790,1306
2011_09_26_drive_0015_sync,0000000269,2,0.8367596864700317,34.285484313964844,0.2731025218963623,-1.4321976900100708,True,96,0.8362526893615723,0.8911328911781311,0.06969328224658966,34.2923583984375,0.3057812750339508,-1.371025800704956,2790,1306
2011_09_26_drive_0015_sync,0000000269,3,0.7241947054862976,31.528125762939453,20.11473274230957,-1.4434560537338257,True,73,0.475117564201355,0.7758184671401978,0.2538645565509796,31.771703720092773,20.108322143554688,-1.5147013664245605,2790,1306
2011_09_26_drive_0015_sync,0000000269,4,0.6753170490264893,49.871463775634766,20.621015548706055,-1.4165551662445068,True,65,0.7824736833572388,0.8761644959449768,0.0731453225016594,49.8494873046875,20.551319122314453,-1.4134438037872314,2790,1306
2011_09_26_drive_0015_sync,0000000269,5,0.31747397780418396,41.72107696533203,4.970898151397705,-1.4078991413116455,True,30,0.5010015368461609,0.8451934456825256,0.1680474877357483,41.56300735473633,4.919106483459473,-1.4318068027496338,2790,1306
2011_09_26_drive_0015_sync,0000000270,0,0.787298858165741,30.087787628173828,20.168760299682617,-1.4265671968460083,True,42,0.724632978439331,0.8176392316818237,0.16294759511947632,30.239667892456055,20.119674682617188,-1.3937814235687256,2794,1302
2011_09_26_drive_0015_sync,0000000270,1,0.5308384895324707,39.066158294677734,4.480672359466553,-1.4313212633132935,True,62,0.5124940872192383,0.926276683807373,0.05252167955040932,39.06917953491211,4.429049015045166,-1.4405097961425781,2794,1302
2011_09_26_drive_0015_sync,0000000270,2,0.6990370750427246,0.7618684768676758,3.7205467224121094,-1.698422908782959,True,79,0.7571894526481628,0.7810838222503662,0.15352395176887512,0.6420826315879822,3.6264262199401855,-1.6793891191482544,2794,1302
2011_09_26_drive_0015_sync,0000000270,3,0.8966228365898132,20.37440299987793,4.107526779174805,-1.5527293682098389,True,88,0.884511411190033,0.8729216456413269,0.057946786284446716,20.386972427368164,4.129635334014893,-1.604797124862671,2794,1302
2011_09_26_drive_0015_sync,0000000270,4,0.7980222702026367,34.16472625732422,0.6087154746055603,-1.36936354637146,True,44,0.7898731231689453,0.7230449914932251,0.20401650667190552,34.314815521240234,0.6570268869400024,-1.4988315105438232,2794,1302
2011_09_26_drive_0015_sync,0000000271,0,0.3442303538322449,46.775569915771484,20.42603302001953,-1.1714608669281006,True,27,0.07721307873725891,0.5544223189353943,0.3229440748691559,46.904808044433594,20.191804885864258,-0.9905532598495483,2989,1107
2011_09_26_drive_0015_sync,0000000271,1,0.9072719216346741,17.69753646850586,4.087986946105957,-1.5518310070037842,True,70,0.8932133913040161,0.9139822721481323,0.07942894101142883,17.645429611206055,4.091685771942139,-1.6116653680801392,2989,1107
2011_09_26_drive_0015_sync,0000000271,2,0.7230658531188965,-0.5621495246887207,4.570599555969238,-1.6642640829086304,True,79,0.6539842486381531,0.867592453956604,0.10073022544384003,-0.6352944374084473,4.5019001960754395,-1.6555006504058838,2989,1107
2011_09_26_drive_0015_sync,0000000271,3,0.8117707371711731,28.64361572265625,20.115089416503906,-1.445627212524414,True,39,0.8275901675224304,0.833253026008606,0.06785682588815689,28.656387329101562,20.169477462768555,-1.4071125984191895,2989,1107
2011_09_26_drive_0015_sync,0000000271,4,0.8223295211791992,34.328697204589844,0.5342892408370972,-1.3671143054962158,True,96,0.7852485775947571,0.7739681601524353,0.1625034213066101,34.29566192626953,0.40434446930885315,-1.4589314460754395,2989,1107
2011_09_26_drive_0015_sync,0000000271,5,0.5285348296165466,36.10236358642578,4.979853630065918,-1.391278862953186,True,81,0.39989912509918213,0.861542820930481,0.072899229824543,36.170326232910156,4.9535980224609375,-1.3888254165649414,2989,1107
2011_09_26_drive_0015_sync,0000000272,0,0.8464013338088989,27.001068115234375,20.03927230834961,-1.4525747299194336,True,71,0.8284140229225159,0.8347734212875366,0.06404795497655869,26.97277069091797,20.007118225097656,-1.5001931190490723,3105,991
2011_09_26_drive_0015_sync,0000000272,1,0.8862400650978088,14.989581108093262,4.051729679107666,-1.59112548828125,True,96,0.8944221138954163,0.9162808060646057,0.07079026848077774,14.928947448730469,4.087125778198242,-1.5820735692977905,3105,991
2011_09_26_drive_0015_sync,0000000272,2,0.8203496336936951,33.76877212524414,4.173496723175049,-1.4812707901000977,True,6,0.8411505818367004,0.831037700176239,0.10953015834093094,33.69082260131836,4.098116874694824,-1.4967176914215088,3105,991
2011_09_26_drive_0015_sync,0000000272,3,0.7726238369941711,34.053749084472656,0.49303629994392395,-1.378824234008789,True,87,0.7577313780784607,0.9682204723358154,0.017904991284012794,34.048789978027344,0.48172539472579956,-1.3917880058288574,3105,991
2011_09_26_drive_0015_sync,0000000273,0,0.7311912178993225,31.129863739013672,4.056438446044922,-1.3841956853866577,True,23,0.6781367063522339,0.6073110699653625,0.3752018213272095,30.885622024536133,4.340367317199707,-1.406707763671875,3075,1021
2011_09_26_drive_0015_sync,0000000273,1,0.9053668975830078,12.132586479187012,4.009605884552002,-1.626773476600647,True,71,0.8983794450759888,0.9144021272659302,0.026171214878559113,12.142669677734375,4.028879165649414,-1.612220048904419,3075,1021
2011_09_26_drive_0015_sync,0000000273,2,0.7863143086433411,25.461793899536133,20.090709686279297,-1.5333601236343384,True,56,0.8433671593666077,0.8973017930984497,0.04191504791378975,25.498525619506836,20.07713508605957,-1.5483061075210571,3075,1021
2011_09_26_drive_0015_sync,0000000273,3,0.7872904539108276,33.97957992553711,0.33894431591033936,-1.3097591400146484,True,40,0.7019681334495544,0.7876344919204712,0.09470319747924805,33.972381591796875,0.3595171570777893,-1.4019200801849365,3075,1021
2011_09_26_drive_0015_sync,0000000274,0,0.7174474000930786,23.943767547607422,20.024471282958984,-1.5414316654205322,True,98,0.7979093790054321,0.8596171736717224,0.11782410740852356,23.941024780273438,19.99748992919922,-1.4267712831497192,3036,1060
2011_09_26_drive_0015_sync,0000000274,1,0.7998909950256348,28.34517478942871,3.9766621589660645,-1.5398716926574707,True,39,0.7928302884101868,0.7704393863677979,0.22009733319282532,28.15506362915039,3.903790235519409,-1.4562638998031616,3036,1060
2011_09_26_drive_0015_sync,0000000274,2,0.7291491627693176,33.65870666503906,0.3857786953449249,-1.4411218166351318,True,53,0.756076991558075,0.6849763989448547,0.24247577786445618,33.794918060302734,0.21342451870441437,-1.543761968612671,3036,1060
2011_09_26_drive_0015_sync,0000000274,3,0.9045446515083313,9.405733108520508,4.018124580383301,-1.6089376211166382,True,38,0.9044941663742065,0.9102916121482849,0.0327184833586216,9.431204795837402,3.9999852180480957,-1.6185634136199951,3036,1060
2011_09_26_drive_0015_sync,0000000275,0,0.8464381098747253,22.442649841308594,19.95667839050293,-1.5129650831222534,True,75,0.843506932258606,0.8844466805458069,0.06095092371106148,22.46231460571289,20.012807846069336,-1.4996310472488403,2979,1117
2011_09_26_drive_0015_sync,0000000275,1,0.887138307094574,6.820919990539551,3.9751815795898438,-1.6841683387756348,True,39,0.9139558672904968,0.9314846992492676,0.022036341950297356,6.823580265045166,3.9757649898529053,-1.662300944328308,2979,1117
2011_09_26_drive_0015_sync,0000000275,2,0.7889673709869385,33.79480743408203,-0.08795257657766342,-1.414954423904419,True,34,0.7768716216087341,0.7853821516036987,0.13590560853481293,33.71498107910156,0.002332434058189392,-1.4777772426605225,2979,1117
2011_09_26_drive_0015_sync,0000000275,3,0.7448591589927673,40.40837478637695,20.014345169067383,-1.3115136623382568,True,28,0.7355025410652161,0.8241943717002869,0.18207256495952606,40.58297348022461,19.975980758666992,-1.2769609689712524,2979,1117
2011_09_26_drive_0015_sync,0000000275,4,0.7944628596305847,25.644100189208984,4.002557277679443,-1.516168236732483,True,73,0.7469301223754883,0.9058782458305359,0.07947225123643875,25.580034255981445,3.9567201137542725,-1.5266729593276978,2979,1117
2011_09_26_drive_0015_sync,0000000276,0,0.7214180827140808,45.51057052612305,4.385809898376465,-1.320375919342041,True,73,0.6289421916007996,0.8138216137886047,0.11522258818149567,45.47412872314453,4.462053298950195,-1.3987033367156982,2915,1181
2011_09_26_drive_0015_sync,0000000276,1,0.6468583345413208,38.98979568481445,20.120590209960938,-1.267588496208191,True,9,0.7855063676834106,0.873466432094574,0.04218050464987755,39.01791763305664,20.10379409790039,-1.294163703918457,2915,1181
2011_09_26_drive_0015_sync,0000000276,2,0.7622371315956116,33.761871337890625,0.2343716323375702,-1.4444119930267334,True,65,0.8457536101341248,0.8392987847328186,0.1157260537147522,33.806217193603516,0.26190900802612305,-1.5476963520050049,2915,1181
2011_09_26_drive_0015_sync,0000000276,3,0.8835996389389038,22.831703186035156,4.01278829574585,-1.6218658685684204,True,36,0.8100826144218445,0.9138613939285278,0.10335786640644073,22.865299224853516,3.9995338916778564,-1.525023341178894,2915,1181
2011_09_26_drive_0015_sync,0000000276,4,0.7784042358398438,20.81358528137207,19.959091186523438,-1.6212090253829956,True,59,0.5974239110946655,0.6888946294784546,0.29194343090057373,20.552509307861328,20.04423713684082,-1.5221107006072998,2915,1181
2011_09_26_drive_0015_sync,0000000276,5,0.9000409841537476,4.277952671051025,3.959601879119873,-1.643430233001709,True,44,0.8865319490432739,0.8684657216072083,0.08967331051826477,4.240212440490723,3.8969528675079346,-1.6953154802322388,2915,1181
2011_09_26_drive_0015_sync,0000000277,0,0.667357325553894,33.544376373291016,0.20052330195903778,-1.4265106916427612,True,46,0.5901314616203308,0.8905295133590698,0.07455722987651825,33.48630905151367,0.24081066250801086,-1.4502571821212769,2813,1283
2011_09_26_drive_0015_sync,0000000277,1,0.5875548124313354,42.814292907714844,4.122823238372803,-1.277127981185913,True,66,0.5095592737197876,0.5651750564575195,0.17052359879016876,42.925262451171875,4.208930015563965,-1.37382173538208,2813,1283
2011_09_26_drive_0015_sync,0000000277,2,0.8078646659851074,19.346220016479492,19.918865203857422,-1.4941885471343994,True,98,0.8271126747131348,0.8679214715957642,0.09050443023443222,19.280466079711914,19.961944580078125,-1.5390398502349854,2813,1283
2011_09_26_drive_0015_sync,0000000277,3,0.8529998660087585,20.06409454345703,3.945997953414917,-1.6276369094848633,True,58,0.8461878299713135,0.9215800166130066,0.014249032363295555,20.073904037475586,3.9356982707977295,-1.6267852783203125,2813,1283
2011_09_26_drive_0015_sync,0000000277,4,0.8824072480201721,1.7617874145507812,3.886435031890869,-1.6950119733810425,True,97,0.8539760112762451,0.9057766199111938,0.05980628356337547,1.747854232788086,3.840299367904663,-1.7304260730743408,2813,1283
2011_09_26_drive_0015_sync,0000000278,0,0.841008722782135,33.56151580810547,0.42039796710014343,-1.5200014114379883,True,93,0.837918221950531,0.8359899520874023,0.1498182713985443,33.68904113769531,0.341852605342865,-1.5163365602493286,2907,1189
2011_09_26_drive_0015_sync,0000000278,1,0.6073808670043945,-0.48476913571357727,4.298995494842529,-1.7535970211029053,True,88,0.5344576835632324,0.7269917130470276,0.24565094709396362,-0.6527490615844727,4.124385833740234,-1.7131174802780151,2907,1189
2011_09_26_drive_0015_sync,0000000278,2,0.7281008958816528,39.99653244018555,3.9274792671203613,-1.412834644317627,True,98,0.6759448051452637,0.7734112739562988,0.18569502234458923,39.82221221923828,3.8729591369628906,-1.446340799331665,2907,1189
2011_09_26_drive_0015_sync,0000000278,3,0.821952760219574,17.641218185424805,19.944299697875977,-1.5684964656829834,True,53,0.8313342332839966,0.8653969764709473,0.11834148317575455,17.75239372253418,19.984844207763672,-1.5675747394561768,2907,1189
2011_09_26_drive_0015_sync,0000000278,4,0.674881637096405,35.686683654785156,19.98564338684082,-1.3967357873916626,True,79,0.7246823906898499,0.8608625531196594,0.08997872471809387,35.650142669677734,20.017881393432617,-1.321094274520874,2907,1189
2011_09_26_drive_0015_sync,0000000278,5,0.858596682548523,17.279598236083984,3.9238319396972656,-1.5678584575653076,True,87,0.8503627777099609,0.7968311309814453,0.09853806346654892,17.308929443359375,4.005980491638184,-1.5220212936401367,2907,1189
2011_09_26_drive_0015_sync,0000000279,0,0.9038475155830383,14.446985244750977,3.917229175567627,-1.6125237941741943,True,47,0.8801015019416809,0.9048520922660828,0.04906613752245903,14.457693099975586,3.898167848587036,-1.5685977935791016,2992,1104
2011_09_26_drive_0015_sync,0000000279,1,0.8377412557601929,33.63728713989258,-0.0931364893913269,-1.4748739004135132,True,36,0.8361606001853943,0.7925326228141785,0.13597704470157623,33.562015533447266,-0.20114311575889587,-1.440837025642395,2992,1104
2011_09_26_drive_0015_sync,0000000279,2,0.3349491357803345,35.278053283691406,-27.029905319213867,-2.993197441101074,True,37,0.30924397706985474,0.9092011451721191,0.056618064641952515,35.2319450378418,-27.05634117126465,-2.9736838340759277,2992,1104
2011_09_26_drive_0015_sync,0000000279,3,0.431930810213089,39.37836837768555,19.75129508972168,-1.1866480112075806,True,57,0.4450594186782837,0.9581388831138611,0.01635642722249031,39.38897705078125,19.761871337890625,-1.180080533027649,2992,1104
2011_09_26_drive_0015_sync,0000000279,4,0.7691526412963867,37.26911163330078,3.960875988006592,-1.4052187204360962,True,61,0.7827734351158142,0.9498059153556824,0.03647539019584656,37.24878692626953,3.989539861679077,-1.3954339027404785,2992,1104
2011_09_26_drive_0015_sync,0000000279,5,0.7138785123825073,34.095550537109375,20.003517150878906,-1.2700599431991577,True,60,0.7897214889526367,0.8923006653785706,0.06733965873718262,34.05081558227539,20.018218994140625,-1.3181979656219482,2992,1104
2011_09_26_drive_0015_sync,0000000279,6,0.8497017025947571,16.180150985717773,19.93869972229004,-1.5813288688659668,True,79,0.8365319967269897,0.8487043380737305,0.14135649800300598,16.28368377685547,19.90817642211914,-1.672602891921997,2992,1104
2011_09_26_drive_0015_sync,0000000280,0,0.8344063758850098,33.41555404663086,0.30687791109085083,-1.5339398384094238,True,57,0.8443910479545593,0.8319776654243469,0.10653951019048691,33.42195129394531,0.39633631706237793,-1.4764338731765747,3061,1035
2011_09_26_drive_0015_sync,0000000280,1,0.7692614197731018,38.18605041503906,19.83174705505371,-1.3018262386322021,True,9,0.5812850594520569,0.8547350764274597,0.10851328074932098,38.105567932128906,19.758995056152344,-1.304028034210205,3061,1035
2011_09_26_drive_0015_sync,0000000280,2,0.8000546097755432,14.625312805175781,20.078899383544922,-1.5907986164093018,True,90,0.76768559217453,0.8148837685585022,0.10994330048561096,14.682597160339355,19.992393493652344,-1.5544288158416748,3061,1035
2011_09_26_drive_0015_sync,0000000280,3,0.8080023527145386,32.60739517211914,19.96483612060547,-1.397852897644043,True,54,0.7319248914718628,0.8800533413887024,0.1003454178571701,32.70577621459961,19.983518600463867,-1.3914234638214111,3061,1035
2011_09_26_drive_0015_sync,0000000280,4,0.875061571598053,11.755827903747559,3.8582730293273926,-1.62321937084198,True,61,0.8865062594413757,0.8483451008796692,0.10093572735786438,11.850439071655273,3.8488309383392334,-1.5893431901931763,3061,1035
2011_09_26_drive_0015_sync,0000000280,5,0.8178634643554688,34.6084098815918,3.9125852584838867,-1.452345609664917,True,2,0.8225128054618835,0.8965480327606201,0.06677160412073135,34.58998107910156,3.9654505252838135,-1.4887336492538452,3061,1035
2011_09_26_drive_0015_sync,0000000281,0,0.8632996082305908,31.032026290893555,19.963441848754883,-1.3529365062713623,True,97,0.8381372094154358,0.9090155363082886,0.039478592574596405,31.014251708984375,19.997404098510742,-1.3434925079345703,2959,1137
2011_09_26_drive_0015_sync,0000000281,1,0.6317422389984131,31.867338180541992,3.987215042114258,-1.7169387340545654,True,67,0.7804872393608093,0.6140403151512146,0.34058868885040283,32.102691650390625,3.801624298095703,-1.5551812648773193,2959,1137
2011_09_26_drive_0015_sync,0000000281,2,0.6079406142234802,36.54593276977539,20.043045043945312,-1.3350714445114136,True,90,0.5407440066337585,0.8352937698364258,0.23375128209590912,36.77882385253906,20.04151725769043,-1.3550481796264648,2959,1137
2011_09_26_drive_0015_sync,0000000281,3,0.79576176404953,33.415714263916016,0.30939194560050964,-1.467162013053894,True,77,0.8339020013809204,0.8290888667106628,0.13658802211284637,33.33262252807617,0.20235145092010498,-1.4843196868896484,2959,1137
2011_09_26_drive_0015_sync,0000000281,4,0.8640618324279785,13.054398536682129,19.953731536865234,-1.6006190776824951,True,44,0.887675404548645,0.9215612411499023,0.04245378077030182,13.0388822555542,19.9150390625,-1.59259033203125,2959,1137
2011_09_26_drive_0015_sync,0000000281,5,0.8788831233978271,9.017496109008789,3.840101718902588,-1.652966022491455,True,87,0.8832527995109558,0.9223309755325317,0.10454840213060379,9.113856315612793,3.8486011028289795,-1.613306999206543,2959,1137
2011_09_26_drive_0015_sync,0000000282,0,0.8790708184242249,6.391132354736328,3.7892918586730957,-1.6457231044769287,True,88,0.8598994612693787,0.884967029094696,0.10309591889381409,6.310048580169678,3.8508191108703613,-1.662111759185791,2852,1244
2011_09_26_drive_0015_sync,0000000282,1,0.8464637994766235,11.583272933959961,19.909761428833008,-1.6808382272720337,True,53,0.8198214173316956,0.917279064655304,0.03455532342195511,11.552848815917969,19.89598846435547,-1.6897122859954834,2852,1244
2011_09_26_drive_0015_sync,0000000282,2,0.6052953600883484,33.04501724243164,0.22045139968395233,-1.4827568531036377,True,68,0.5580262541770935,0.7916195392608643,0.1475730687379837,32.97412872314453,0.3355204164981842,-1.4234968423843384,2852,1244
2011_09_26_drive_0015_sync,0000000282,3,0.8589484095573425,29.13558006286621,3.94184947013855,-1.5432932376861572,True,26,0.8186201453208923,0.897098183631897,0.09002742171287537,29.046911239624023,3.951854705810547,-1.5552377700805664,2852,1244
2011_09_26_drive_0015_sync,0000000283,0,0.6056622266769409,32.91947937011719,0.28116512298583984,-1.3974204063415527,True,87,0.48281270265579224,0.7353928089141846,0.176165372133255,32.93741226196289,0.20912662148475647,-1.5571799278259277,2745,1351
2011_09_26_drive_0015_sync,0000000283,1,0.6933185458183289,3.748319149017334,3.8134336471557617,-1.7179502248764038,True,53,0.7994340062141418,0.9183448553085327,0.0456395260989666,3.7381651401519775,3.835940361022949,-1.7563339471817017,2745,1351
2011_09_26_drive_0015_sync,0000000283,2,0.8088076114654541,10.021595001220703,19.950227737426758,-1.7783123254776,True,82,0.8707505464553833,0.8589473366737366,0.08590807020664215,9.978218078613281,19.921316146850586,-1.7100279331207275,2745,1351
2011_09_26_drive_0015_sync,0000000283,3,0.5423820614814758,33.418758392333984,19.684871673583984,-1.4782534837722778,True,45,0.6211866736412048,0.7503023743629456,0.1844473034143448,33.49463653564453,19.846376419067383,-1.4315680265426636,2745,1351
2011_09_26_drive_0015_sync,0000000283,4,0.857741117477417,26.493207931518555,3.994676113128662,-1.5768637657165527,True,83,0.8654030561447144,0.9190671443939209,0.014501032419502735,26.507198333740234,3.993440866470337,-1.580472469329834,2745,1351
2011_09_26_drive_0015_sync,0000000284,0,0.7100968956947327,31.57499122619629,19.932373046875,-1.4188683032989502,True,56,0.678464949131012,0.6095146536827087,0.2956707775592804,31.803115844726562,20.097047805786133,-1.3279695510864258,2631,1465
2011_09_26_drive_0015_sync,0000000284,1,0.7974920868873596,32.93296432495117,0.1973881870508194,-1.3248963356018066,True,97,0.8422912955284119,0.6469385623931885,0.3458402454853058,33.1968879699707,-0.011401763185858727,-1.4046242237091064,2631,1465
2011_09_26_drive_0015_sync,0000000284,2,0.605258584022522,1.0319074392318726,3.746434211730957,-1.7088764905929565,True,81,0.5900376439094543,0.7719358205795288,0.12187328934669495,0.9160935878753662,3.7182540893554688,-1.683457374572754,2631,1465
2011_09_26_drive_0015_sync,0000000284,3,0.8887394070625305,23.743284225463867,3.93776798248291,-1.6196460723876953,True,16,0.8962734937667847,0.8799651861190796,0.11562985181808472,23.854719161987305,3.913567066192627,-1.6004931926727295,2631,1465
2011_09_26_drive_0015_sync,0000000284,4,0.8767849206924438,26.30067253112793,19.907018661499023,-1.4923616647720337,True,58,0.8590112328529358,0.8444986343383789,0.13499242067337036,26.31886100769043,19.934240341186523,-1.3613994121551514,2631,1465
2011_09_26_drive_0015_sync,0000000285,0,0.8648012280464172,24.702999114990234,19.913835525512695,-1.396048665046692,True,81,0.8531423807144165,0.8750073909759521,0.05231895670294762,24.742712020874023,19.94013023376465,-1.4176992177963257,2821,1275
2011_09_26_drive_0015_sync,0000000285,1,0.7750763297080994,33.04616928100586,0.03133422136306763,-1.6270184516906738,True,25,0.8525779247283936,0.6923397779464722,0.22320450842380524,33.128944396972656,-0.15768401324748993,-1.5419265031814575,2821,1275
2011_09_26_drive_0015_sync,0000000285,2,0.8657049536705017,20.929962158203125,3.8692469596862793,-1.5552897453308105,True,92,0.8402255773544312,0.8397435545921326,0.18468071520328522,20.745983123779297,3.854158878326416,-1.5608603954315186,2821,1275
2011_09_26_drive_0015_sync,0000000285,3,0.8840785026550293,6.846234321594238,19.827852249145508,-1.6274913549423218,True,75,0.8318646550178528,0.847359299659729,0.08883832395076752,6.8349385261535645,19.824546813964844,-1.7155466079711914,2821,1275
2011_09_26_drive_0015_sync,0000000285,4,0.7813615798950195,30.40327262878418,19.882431030273438,-1.4033015966415405,True,97,0.5534501671791077,0.8327720165252686,0.051517125219106674,30.364599227905273,19.89548110961914,-1.4347352981567383,2821,1275
2011_09_26_drive_0015_sync,0000000285,5,0.4315052926540375,-1.3742867708206177,4.04571008682251,-1.5576751232147217,False,,,0.0,,,,,2821,1275
2011_09_26_drive_0015_sync,0000000286,0,0.8304605484008789,5.2449188232421875,19.881820678710938,-1.6207845211029053,True,84,0.8586263656616211,0.8278928399085999,0.10743968933820724,5.317431449890137,19.85991096496582,-1.6969761848449707,2974,1122
2011_09_26_drive_0015_sync,0000000286,1,0.5843065977096558,32.74494552612305,0.0017439723014831543,-1.6027041673660278,True,35,0.8419493436813354,0.7592493891716003,0.1748146414756775,32.86579895019531,-0.007906430400907993,-1.476761817932129,2974,1122
2011_09_26_drive_0015_sync,0000000286,2,0.8020743727684021,28.612632751464844,19.80099868774414,-1.3786176443099976,True,46,0.27997416257858276,0.6385012269020081,0.249013289809227,28.602014541625977,20.036951065063477,-1.4574931859970093,2974,1122
2011_09_26_drive_0015_sync,0000000286,3,0.8995997309684753,18.309553146362305,3.9547338485717773,-1.6811323165893555,True,93,0.8856120109558105,0.9016979336738586,0.04189363121986389,18.286130905151367,3.9709761142730713,-1.6504294872283936,2974,1122
2011_09_26_drive_0015_sync,0000000286,4,0.8577319383621216,23.230815887451172,19.89786148071289,-1.4878530502319336,True,59,0.8064143061637878,0.8899506330490112,0.04070214554667473,23.209936141967773,19.89455223083496,-1.4530715942382812,2974,1122
2011_09_26_drive_0015_sync,0000000287,0,0.7961915135383606,21.657352447509766,19.889080047607422,-1.4942755699157715,True,71,0.8053297400474548,0.9277791976928711,0.054348427802324295,21.65897560119629,19.888507843017578,-1.439954400062561,2981,1115
2011_09_26_drive_0015_sync,0000000287,1,0.7692121863365173,26.943790435791016,19.736284255981445,-1.4762141704559326,True,51,0.8127850890159607,0.6797899007797241,0.3960462212562561,27.32224464416504,19.79240608215332,-1.373865008354187,2981,1115
2011_09_26_drive_0015_sync,0000000287,2,0.8933155536651611,15.531883239746094,3.9263854026794434,-1.6519484519958496,True,30,0.8769538998603821,0.8882963061332703,0.046009212732315063,15.546813011169434,3.9446425437927246,-1.6124436855316162,2981,1115
2011_09_26_drive_0015_sync,0000000287,3,0.8103102445602417,3.6285557746887207,19.939617156982422,-1.6725091934204102,True,64,0.8170180916786194,0.8068584203720093,0.08081809431314468,3.5819454193115234,19.879741668701172,-1.7003294229507446,2981,1115
2011_09_26_drive_0015_sync,0000000287,4,0.8021981120109558,32.799888610839844,0.09194386750459671,-1.4725561141967773,True,39,0.8635613322257996,0.6986242532730103,0.24982886016368866,32.8754997253418,-0.1450977623462677,-1.4500020742416382,2981,1115
2011_09_26_drive_0015_sync,0000000288,0,0.56063312292099,26.03729248046875,19.75766944885254,-1.387892723083496,True,57,0.3704514503479004,0.5009271502494812,0.7400179505348206,25.33462905883789,19.8044490814209,-1.61527419090271,2925,1171
2011_09_26_drive_0015_sync,0000000288,1,0.8830465078353882,20.016267776489258,19.889366149902344,-1.4640798568725586,True,35,0.862856924533844,0.8412044048309326,0.04483773186802864,20.03603744506836,19.874229431152344,-1.4267909526824951,2925,1171
2011_09_26_drive_0015_sync,0000000288,2,0.8314787745475769,32.652008056640625,0.1447027325630188,-1.4593422412872314,True,44,0.8064322471618652,0.6925305724143982,0.2377229779958725,32.66359329223633,0.22820836305618286,-1.2370703220367432,2925,1171
2011_09_26_drive_0015_sync,0000000288,3,0.8987706899642944,12.82726001739502,3.919377565383911,-1.6243665218353271,True,60,0.9017630815505981,0.9178149700164795,0.04732619225978851,12.86609172821045,3.9255776405334473,-1.5980335474014282,2925,1171
2011_09_26_drive_0015_sync,0000000288,4,0.7393860220909119,1.7041550874710083,19.804893493652344,-1.6905477046966553,True,99,0.6418662071228027,0.8198490738868713,0.07893303781747818,1.743550419807434,19.837125778198242,-1.7508760690689087,2925,1171
2011_09_26_drive_0015_sync,0000000289,0,0.8522493839263916,24.268611907958984,19.9042911529541,-1.3013253211975098,True,83,0.8394296169281006,0.8839737772941589,0.05184360221028328,24.233869552612305,19.878625869750977,-1.3299962282180786,2954,1142
2011_09_26_drive_0015_sync,0000000289,1,0.8976197242736816,18.515132904052734,19.875892639160156,-1.454161524772644,True,64,0.8609722256660461,0.8196446895599365,0.1061011478304863,18.434616088867188,19.93828773498535,-1.483849048614502,2954,1142
2011_09_26_drive_0015_sync,0000000289,2,0.7644039392471313,32.7369270324707,0.35533571243286133,-1.331441879272461,True,46,0.340499609708786,0.7636008858680725,0.20599310100078583,32.55064010620117,0.268746018409729,-1.3466918468475342,2954,1142
2011_09_26_drive_0015_sync,0000000289,3,0.9116544723510742,10.186616897583008,3.879488706588745,-1.6731442213058472,True,85,0.8957169651985168,0.9201269745826721,0.03048842027783394,10.189268112182617,3.896939992904663,-1.6482852697372437,2954,1142
2011_09_26_drive_0015_sync,0000000290,0,0.9064080715179443,7.480952739715576,3.90102481842041,-1.6457550525665283,True,87,0.9146890640258789,0.8806140422821045,0.06088229641318321,7.452229022979736,3.8503639698028564,-1.628004550933838,2871,1225
2011_09_26_drive_0015_sync,0000000290,1,0.8711799383163452,32.75287628173828,-0.1471167951822281,-1.4740607738494873,True,36,0.880928099155426,0.846035361289978,0.13125942647457123,32.80805587768555,-0.028494171798229218,-1.4634342193603516,2871,1225
2011_09_26_drive_0015_sync,0000000290,2,0.8088849186897278,22.64156150817871,19.823179244995117,-1.3042426109313965,True,98,0.8667964339256287,0.8264541625976562,0.1432320922613144,22.50948715209961,19.769489288330078,-1.3179969787597656,2871,1225
2011_09_26_drive_0015_sync,0000000290,3,0.8467180728912354,16.797216415405273,19.866985321044922,-1.3934426307678223,True,74,0.8609196543693542,0.7844769358634949,0.13485516607761383,16.915935516357422,19.823637008666992,-1.4404810667037964,2871,1225
2011_09_26_drive_0015_sync,0000000291,0,0.8441271185874939,21.129066467285156,19.82393455505371,-1.4368014335632324,True,75,0.8177071809768677,0.8785983324050903,0.09122682362794876,21.167686462402344,19.86977195739746,-1.368028163909912,2820,1276
2011_09_26_drive_0015_sync,0000000291,1,0.8312307000160217,32.539093017578125,0.0792011171579361,-1.318804383277893,True,44,0.8342341184616089,0.7892178893089294,0.15842773020267487,32.620704650878906,0.20712910592556,-1.3643380403518677,2820,1276
2011_09_26_drive_0015_sync,0000000291,2,0.8653639554977417,15.337071418762207,19.841148376464844,-1.4348258972167969,True,98,0.8622207045555115,0.9156256914138794,0.04878170043230057,15.310386657714844,19.870079040527344,-1.406005859375,2820,1276
2011_09_26_drive_0015_sync,0000000291,3,0.8985979557037354,4.83083963394165,3.88203501701355,-1.6973552703857422,True,38,0.8993001580238342,0.9193094968795776,0.06596554815769196,4.865011692047119,3.874530553817749,-1.6414320468902588,2820,1276
2011_09_26_drive_0015_sync,0000000292,0,0.8901985287666321,13.809240341186523,19.81875991821289,-1.3818111419677734,True,95,0.8764007091522217,0.8395721316337585,0.07570968568325043,13.835464477539062,19.835918426513672,-1.4507302045822144,2749,1347
2011_09_26_drive_0015_sync,0000000292,1,0.6212954521179199,19.94980812072754,19.758644104003906,-1.3109873533248901,True,25,0.5017685890197754,0.6063690781593323,0.6779181361198425,19.303152084350586,19.959665298461914,-1.3426024913787842,2749,1347
2011_09_26_drive_0015_sync,0000000292,2,0.899028480052948,2.298029899597168,3.8331520557403564,-1.738710641860962,True,92,0.9089436531066895,0.9253022074699402,0.01886025257408619,2.3157947063446045,3.8363003730773926,-1.7442069053649902,2749,1347
2011_09_26_drive_0015_sync,0000000292,3,0.8518104553222656,32.520301818847656,0.030019622296094894,-1.4218788146972656,True,91,0.857215940952301,0.9239240884780884,0.0547790452837944,32.574405670166016,0.03083217702805996,-1.4133431911468506,2749,1347
2011_09_26_drive_0015_sync,0000000293,0,0.8332447409629822,32.26715087890625,0.11081622540950775,-1.2136762142181396,True,69,0.8212845921516418,0.8146002292633057,0.12788400053977966,32.28472137451172,0.18690092861652374,-1.112400770187378,2736,1360
2011_09_26_drive_0015_sync,0000000293,1,0.8787636160850525,18.13628578186035,19.802902221679688,-1.3860340118408203,True,87,0.8500759601593018,0.8712314963340759,0.17375493049621582,17.96805763244629,19.77115249633789,-1.356335163116455,2736,1360
2011_09_26_drive_0015_sync,0000000293,2,0.8297870755195618,12.301400184631348,19.862136840820312,-1.4953372478485107,True,63,0.840625524520874,0.8565729260444641,0.12956096231937408,12.182832717895508,19.824697494506836,-1.5317528247833252,2736,1360
2011_09_26_drive_0015_sync,0000000293,3,0.7329930663108826,0.010600373148918152,3.8126771450042725,-1.723908543586731,True,78,0.7716730833053589,0.9072844982147217,0.03677573427557945,-0.02167251706123352,3.8014092445373535,-1.71034574508667,2736,1360
2011_09_26_drive_0015_sync,0000000294,0,0.8311004638671875,32.247684478759766,0.06792879849672318,-1.5254789590835571,True,92,0.8704971075057983,0.8382689952850342,0.10692738741636276,32.32355880737305,0.1338474601507187,-1.5619657039642334,2908,1188
2011_09_26_drive_0015_sync,0000000294,1,0.8953582644462585,10.77753734588623,19.77849578857422,-1.476284384727478,True,36,0.8492140769958496,0.8919660449028015,0.08447211235761642,10.77680778503418,19.825712203979492,-1.5463244915008545,2908,1188
2011_09_26_drive_0015_sync,0000000294,2,0.8361186385154724,16.360971450805664,19.746051788330078,-1.3333417177200317,True,78,0.83329838514328,0.9172600507736206,0.054973188787698746,16.31436538696289,19.769235610961914,-1.3510175943374634,2908,1188
2011_09_26_drive_0015_sync,0000000295,0,0.8439571857452393,9.163053512573242,19.895374298095703,-1.527971863746643,True,32,0.8444403409957886,0.8902003765106201,0.0723845437169075,9.153971672058105,19.853370666503906,-1.4697246551513672,2931,1165
2011_09_26_drive_0015_sync,0000000295,1,0.8584861159324646,14.848556518554688,19.74538803100586,-1.48850417137146,True,93,0.85001540184021,0.9119215607643127,0.07497061043977737,14.881460189819336,19.757535934448242,-1.4222443103790283,2931,1165
2011_09_26_drive_0015_sync,0000000295,2,0.4619334638118744,31.581039428710938,-1.331892728805542,-1.4744853973388672,False,,,0.0,,,,,2931,1165
2011_09_26_drive_0015_sync,0000000296,0,0.882347583770752,7.6225996017456055,19.808063507080078,-1.484006643295288,True,59,0.8738124966621399,0.8746300935745239,0.04539833217859268,7.602585315704346,19.79258155822754,-1.5216994285583496,2190,1906
2011_09_26_drive_0015_sync,0000000296,1,0.8443834781646729,32.15546798706055,0.16145816445350647,-1.4558337926864624,True,52,0.8806517124176025,0.8228442072868347,0.10107783228158951,32.2104606628418,0.07668714225292206,-1.453302264213562,2190,1906
2011_09_26_drive_0015_sync,0000000296,2,0.8387380242347717,13.32426929473877,19.819740295410156,-1.443995475769043,True,39,0.8677445650100708,0.8700988292694092,0.07801316678524017,13.385310173034668,19.775922775268555,-1.423017144203186,2190,1906
2011_09_26_drive_0017_sync,0000000000,0,0.5078545212745667,-1.2293789386749268,-8.387161254882812,-1.7465722560882568,True,16,0.5078545212745667,1.0,0.0,-1.2293789386749268,-8.387161254882812,-1.7465722560882568,0,0
2011_09_26_drive_0017_sync,0000000000,1,0.8674785494804382,13.08856201171875,-3.9420766830444336,-1.632840871810913,True,32,0.8674785494804382,1.0,0.0,13.08856201171875,-3.9420766830444336,-1.632840871810913,0,0
2011_09_26_drive_0017_sync,0000000000,2,0.7798231244087219,19.36927604675293,32.94601821899414,-1.0150279998779297,True,53,0.7798231244087219,1.0,0.0,19.36927604675293,32.94601821899414,-1.0150279998779297,0,0
2011_09_26_drive_0017_sync,0000000000,3,0.8589375019073486,16.662172317504883,14.318016052246094,-1.508656620979309,True,75,0.8589375019073486,1.0,0.0,16.662172317504883,14.318016052246094,-1.508656620979309,0,0
2011_09_26_drive_0017_sync,0000000001,0,0.8717095851898193,12.935866355895996,-5.098893165588379,-1.6373076438903809,True,56,0.9006102681159973,0.7966238260269165,0.12879648804664612,12.866710662841797,-5.076113700866699,-1.7435485124588013,3514,582
2011_09_26_drive_0017_sync,0000000001,1,0.7044966220855713,16.817018508911133,-20.65238380432129,-1.8465521335601807,True,32,0.7501205205917358,0.7122131586074829,0.2031628042459488,16.962635040283203,-20.5239200592041,-1.7868192195892334,3514,582
2011_09_26_drive_0017_sync,0000000001,2,0.8367648124694824,16.4868106842041,13.333650588989258,-1.5118213891983032,True,60,0.856425940990448,0.871467113494873,0.07082522660493851,16.50615882873535,13.266579627990723,-1.523794174194336,3514,582
2011_09_26_drive_0017_sync,0000000002,0,0.8791199326515198,12.578093528747559,-6.100299835205078,-1.621891736984253,True,10,0.8696491718292236,0.9086397290229797,0.05878255143761635,12.619997024536133,-6.141453742980957,-1.6243085861206055,3481,615
2011_09_26_drive_0017_sync,0000000002,1,0.5700039267539978,-1.2886085510253906,-8.448143005371094,-1.745470643043518,True,0,0.5863945484161377,0.7273845076560974,0.18555963039398193,-1.3866617679595947,-8.31834888458252,-1.8347535133361816,3481,615
2011_09_26_drive_0017_sync,0000000002,2,0.8653380870819092,16.34262466430664,12.138630867004395,-1.4689626693725586,True,58,0.838223934173584,0.7941896319389343,0.12067509442567825,16.34507179260254,12.229969024658203,-1.54779052734375,3481,615
2011_09_26_drive_0017_sync,0000000002,3,0.30419936776161194,17.06304168701172,-20.53571319580078,-1.7680416107177734,False,,,0.0,,,,,3481,615
2011_09_26_drive_0017_sync,0000000003,0,0.8715735673904419,12.452287673950195,-7.194703578948975,-1.5687670707702637,True,76,0.8939139246940613,0.911988377571106,0.09390201419591904,12.434957504272461,-7.255756855010986,-1.6379750967025757,3437,659
2011_09_26_drive_0017_sync,0000000003,1,0.5935574173927307,17.03765296936035,-20.523527145385742,-1.7219969034194946,True,41,0.705848753452301,0.7023648023605347,0.129313126206398,16.968154907226562,-20.632509231567383,-1.7258450984954834,3437,659
2011_09_26_drive_0017_sync,0000000003,2,0.8372353315353394,16.126785278320312,11.1749267578125,-1.625327229499817,True,94,0.8074577450752258,0.8456592559814453,0.11998256295919418,16.18397331237793,11.070870399475098,-1.6080756187438965,3437,659
2011_09_26_drive_0017_sync,0000000004,0,0.8843458890914917,12.19819450378418,-8.271919250488281,-1.6640523672103882,True,71,0.8443713188171387,0.9020926356315613,0.07969020307064056,12.249692916870117,-8.21929931640625,-1.6945414543151855,3502,594
2011_09_26_drive_0017_sync,0000000004,1,0.7874792218208313,15.973442077636719,10.073610305786133,-1.571502685546875,True,15,0.838636040687561,0.793956458568573,0.10819723457098007,16.054441452026367,10.142151832580566,-1.5503413677215576,3502,594
2011_09_26_drive_0017_sync,0000000004,2,0.7561978101730347,16.91134262084961,-20.471477508544922,-1.7579244375228882,True,42,0.6970956921577454,0.5635213255882263,0.437957227230072,17.349252700805664,-20.469030380249023,-1.7519824504852295,3502,594
2011_09_26_drive_0017_sync,0000000005,0,0.5132095813751221,-1.4532055854797363,-7.996679782867432,-1.8155790567398071,True,7,0.2521224021911621,0.8664212822914124,0.17280595004558563,-1.2817412614822388,-7.975925922393799,-1.8211610317230225,3442,654
2011_09_26_drive_0017_sync,0000000005,1,0.830929160118103,15.77365779876709,8.936073303222656,-1.53760826587677,True,79,0.8630408048629761,0.8245611190795898,0.1086537167429924,15.808753967285156,9.033366203308105,-1.5708945989608765,3442,654
2011_09_26_drive_0017_sync,0000000005,2,0.6607378125190735,17.038898468017578,-20.43634033203125,-1.6932487487792969,True,87,0.6502296924591064,0.7881247997283936,0.11133181303739548,16.9637451171875,-20.515296936035156,-1.7158894538879395,3442,654
2011_09_26_drive_0017_sync,0000000005,3,0.8619489669799805,12.018062591552734,-9.325976371765137,-1.6351637840270996,True,92,0.8552736043930054,0.8737627267837524,0.06741773337125778,11.971839904785156,-9.29898738861084,-1.5941734313964844,3442,654
2011_09_26_drive_0017_sync,0000000006,0,0.8731237649917603,15.629776000976562,7.833844184875488,-1.5020580291748047,True,92,0.806126594543457,0.8475809097290039,0.038413770496845245,15.646236419677734,7.81892728805542,-1.4707186222076416,3488,608
2011_09_26_drive_0017_sync,0000000006,1,0.8118740320205688,16.973949432373047,-20.511308670043945,-1.7283849716186523,True,97,0.7997348308563232,0.8151378035545349,0.10672257840633392,16.869041442871094,-20.508678436279297,-1.70896577835083,3488,608
2011_09_26_drive_0017_sync,0000000006,2,0.3294476568698883,19.222454071044922,27.023405075073242,-1.2152937650680542,True,59,0.5366028547286987,0.5257909893989563,0.433607816696167,18.86241340637207,27.256237030029297,-1.1506738662719727,3488,608
2011_09_26_drive_0017_sync,0000000006,3,0.8981170058250427,11.71973991394043,-10.460288047790527,-1.641042709350586,True,87,0.853994607925415,0.9027707576751709,0.07487144321203232,11.734953880310059,-10.397965431213379,-1.6024401187896729,3488,608
2011_09_26_drive_0017_sync,0000000007,0,0.8895962238311768,11.530194282531738,-11.454774856567383,-1.6504302024841309,True,94,0.8703407645225525,0.9151780009269714,0.04758680611848831,11.536867141723633,-11.421748161315918,-1.6168264150619507,3468,628
2011_09_26_drive_0017_sync,0000000007,1,0.8326972723007202,15.456385612487793,6.837478160858154,-1.5441927909851074,True,20,0.8530299663543701,0.882544755935669,0.10858114808797836,15.471386909484863,6.765469074249268,-1.6240646839141846,3468,628
2011_09_26_drive_0017_sync,0000000007,2,0.3875402510166168,-1.4015494585037231,-8.102965354919434,-1.8613028526306152,True,35,0.19318251311779022,0.5838557481765747,0.3980315625667572,-1.1139202117919922,-8.35861873626709,-1.759617567062378,3468,628
2011_09_26_drive_0017_sync,0000000008,0,0.771205484867096,15.317086219787598,5.667577743530273,-1.571047306060791,True,57,0.6841185092926025,0.6657158136367798,0.25622063875198364,15.476167678833008,5.474259376525879,-1.5165486335754395,3527,569
2011_09_26_drive_0017_sync,0000000008,1,0.5137947201728821,18.509233474731445,25.51849365234375,-1.1652220487594604,False,,,0.0,,,,,3527,569
2011_09_26_drive_0017_sync,0000000008,2,0.8706813454627991,11.319042205810547,-12.619465827941895,-1.6582597494125366,True,29,0.8502821922302246,0.8857847452163696,0.11972710490226746,11.308206558227539,-12.500515937805176,-1.650007963180542,3527,569
2011_09_26_drive_0017_sync,0000000009,0,0.757910430431366,20.23112678527832,39.4282341003418,-0.7854704856872559,True,8,0.626658022403717,0.8752433061599731,0.047349538654088974,20.275400161743164,39.41201400756836,-0.7898012399673462,3480,616
2011_09_26_drive_0017_sync,0000000009,1,0.8372135162353516,15.113873481750488,4.678951740264893,-1.6790108680725098,True,44,0.8612555265426636,0.8227749466896057,0.12809717655181885,15.050226211547852,4.590968608856201,-1.6110632419586182,3480,616
2011_09_26_drive_0017_sync,0000000009,2,0.4813311696052551,18.404897689819336,24.312820434570312,-1.1415951251983643,True,4,0.6078378558158875,0.6158061623573303,0.1514333337545395,18.355743408203125,24.42527961730957,-1.2303016185760498,3480,616
2011_09_26_drive_0017_sync,0000000009,3,0.8710938096046448,11.136591911315918,-13.568259239196777,-1.6563881635665894,True,55,0.8508058786392212,0.8452638387680054,0.08480485528707504,11.135766983032227,-13.631502151489258,-1.7128816843032837,3480,616
2011_09_26_drive_0017_sync,0000000010,0,0.3475726842880249,-1.1184202432632446,-8.195647239685059,-1.8035974502563477,False,,,0.0,,,,,3502,594
2011_09_26_drive_0017_sync,0000000010,1,0.875632107257843,10.866776466369629,-14.514598846435547,-1.6383123397827148,True,27,0.866493284702301,0.8842217922210693,0.14472711086273193,10.830170631408691,-14.652568817138672,-1.614432692527771,3502,594
2011_09_26_drive_0017_sync,0000000010,2,0.7647494673728943,14.865619659423828,3.3794243335723877,-1.5424633026123047,True,40,0.7774959802627563,0.8252614140510559,0.22040177881717682,14.940160751342773,3.580186367034912,-1.4903559684753418,3502,594
2011_09_26_drive_0017_sync,0000000010,3,0.7689171433448792,18.172143936157227,23.809186935424805,-1.1527693271636963,True,87,0.7622899413108826,0.669660747051239,0.10931858420372009,18.163928985595703,23.765745162963867,-1.252748727798462,3502,594
2011_09_26_drive_0017_sync,0000000011,0,0.32052716612815857,-1.2824097871780396,-7.997642517089844,-1.810732364654541,True,56,0.4195714592933655,0.5527151823043823,0.19541539251804352,-1.2683875560760498,-8.19192886352539,-1.7951321601867676,3462,634
2011_09_26_drive_0017_sync,0000000011,1,0.7113833427429199,19.96283721923828,37.90693283081055,-0.8232073783874512,True,20,0.1282319724559784,0.6560038328170776,0.30171316862106323,19.760398864746094,38.12067413330078,-0.7571452260017395,3462,634
2011_09_26_drive_0017_sync,0000000011,2,0.7522870302200317,18.253618240356445,22.800060272216797,-1.236687183380127,True,59,0.690481424331665,0.745438814163208,0.07991526275873184,18.185354232788086,22.841371536254883,-1.2411428689956665,3462,634
2011_09_26_drive_0017_sync,0000000011,3,0.8487045168876648,10.620342254638672,-15.60757827758789,-1.5656967163085938,True,84,0.869735062122345,0.83102947473526,0.14881271123886108,10.611632347106934,-15.739917755126953,-1.6331920623779297,3462,634
2011_09_26_drive_0017_sync,0000000011,4,0.7780643105506897,14.72448444366455,2.124269962310791,-1.6182608604431152,True,26,0.8277027010917664,0.6950611472129822,0.2693605124950409,14.610479354858398,2.3674850463867188,-1.6383693218231201,3462,634
2011_09_26_drive_0017_sync,0000000012,0,0.8595559597015381,14.409797668457031,1.1539678573608398,-1.5755256414413452,True,94,0.8374302387237549,0.7828988432884216,0.18908599019050598,14.485901832580566,1.016196846961975,-1.6803150177001953,3488,608
2011_09_26_drive_0017_sync,0000000012,1,0.6224334836006165,19.831911087036133,37.01588821411133,-0.9106698632240295,True,64,0.7524114847183228,0.7888500094413757,0.12987932562828064,19.815340042114258,37.093955993652344,-0.8082029819488525,3488,608
2011_09_26_drive_0017_sync,0000000012,2,0.3260882496833801,17.854930877685547,21.666339874267578,-1.4153034687042236,True,76,0.47080904245376587,0.5211728811264038,0.5564054846763611,18.057886123657227,21.14854621887207,-1.4322140216827393,3488,608
2011_09_26_drive_0017_sync,0000000012,3,0.8477004766464233,10.393754005432129,-16.719453811645508,-1.6533422470092773,True,31,0.8387057781219482,0.8795009255409241,0.11954014748334885,10.396904945373535,-16.828914642333984,-1.6054022312164307,3488,608
2011_09_26_drive_0017_sync,0000000012,4,0.6140138506889343,17.207902908325195,-20.52260398864746,-1.7163121700286865,False,,,0.0,,,,,3488,608
2011_09_26_drive_0017_sync,0000000013,0,0.3771103322505951,-1.0737770795822144,-8.33138370513916,-1.8258934020996094,True,5,0.2721121609210968,0.5336652994155884,0.2504911720752716,-1.0535473823547363,-8.57729721069336,-1.8690574169158936,3505,591
2011_09_26_drive_0017_sync,0000000013,1,0.4498560428619385,19.646732330322266,36.28582763671875,-0.9254320859909058,True,52,0.7206552028656006,0.7417221069335938,0.21877340972423553,19.839435577392578,36.189537048339844,-0.8872825503349304,3505,591
2011_09_26_drive_0017_sync,0000000013,2,0.8522465229034424,10.158337593078613,-17.960813522338867,-1.7254517078399658,True,56,0.830116331577301,0.7962995767593384,0.23827700316905975,10.161890983581543,-17.724689483642578,-1.6936910152435303,3505,591
2011_09_26_drive_0017_sync,0000000013,3,0.7030344605445862,17.76142120361328,20.816598892211914,-1.360785961151123,True,35,0.7742461562156677,0.779704213142395,0.07201545685529709,17.697998046875,20.802335739135742,-1.3917745351791382,3505,591
2011_09_26_drive_0017_sync,0000000013,4,0.565125048160553,17.17057228088379,-20.594741821289062,-1.7863551378250122,True,86,0.7994696497917175,0.6412604451179504,0.30438846349716187,16.915878295898438,-20.444198608398438,-1.7148005962371826,3505,591
2011_09_26_drive_0017_sync,0000000013,5,0.8699005246162415,14.20611572265625,0.14849555492401123,-1.6455787420272827,True,63,0.8690569400787354,0.8293218016624451,0.153376042842865,14.19992733001709,-0.0023399721831083298,-1.6184760332107544,3505,591
2011_09_26_drive_0017_sync,0000000014,0,0.5657498240470886,19.690656661987305,35.60395431518555,-0.8035674095153809,True,73,0.21662595868110657,0.6879792809486389,0.2729811668395996,19.586952209472656,35.384456634521484,-0.928406834602356,3493,603
2011_09_26_drive_0017_sync,0000000014,1,0.3182355761528015,17.71889877319336,19.4052734375,-1.4242758750915527,True,97,0.6844558715820312,0.6427428126335144,0.3132692277431488,17.607656478881836,19.67599105834961,-1.3125855922698975,3493,603
2011_09_26_drive_0017_sync,0000000014,2,0.31791165471076965,-0.5361495018005371,-8.734139442443848,-1.8359112739562988,False,,,0.0,,,,,3493,603
2011_09_26_drive_0017_sync,0000000014,3,0.8223311305046082,14.000282287597656,-1.1044254302978516,-1.6281278133392334,True,36,0.7864565849304199,0.9103558659553528,0.11225207149982452,13.98886775970459,-1.2114295959472656,-1.5961849689483643,3493,603
2011_09_26_drive_0017_sync,0000000014,4,0.7566336989402771,9.970715522766113,-18.94352912902832,-1.7378346920013428,True,74,0.7881464958190918,0.8596132397651672,0.10768050700426102,9.943050384521484,-18.883567810058594,-1.6527795791625977,3493,603
2011_09_26_drive_0017_sync,0000000014,5,0.771142303943634,16.945878982543945,-20.531435012817383,-1.7051883935928345,True,92,0.6713581085205078,0.6729456186294556,0.3134060800075531,16.81538963317871,-20.792072296142578,-1.8203582763671875,3493,603
2011_09_26_drive_0017_sync,0000000015,0,0.6809326410293579,17.498659133911133,18.401094436645508,-1.3739426136016846,True,28,0.6433062553405762,0.6759772896766663,0.18163837492465973,17.51736831665039,18.57740592956543,-1.4133979082107544,3461,635
2011_09_26_drive_0017_sync,0000000015,1,0.3144349157810211,-1.2617785930633545,-8.34871768951416,-1.8168201446533203,True,53,0.2488744556903839,0.7926961183547974,0.16696849465370178,-1.342903971672058,-8.203827857971191,-1.799381971359253,3461,635
2011_09_26_drive_0017_sync,0000000015,2,0.8376728296279907,9.672019004821777,-20.180116653442383,-1.733038306236267,True,47,0.8519845008850098,0.7967984676361084,0.15083228051662445,9.563953399658203,-20.081689834594727,-1.7702453136444092,3461,635
2011_09_26_drive_0017_sync,0000000015,3,0.8575000166893005,13.737228393554688,-2.23884916305542,-1.5802958011627197,True,30,0.859434962272644,0.9440051317214966,0.039858944714069366,13.741771697998047,-2.200523853302002,-1.570332646369934,3461,635
2011_09_26_drive_0017_sync,0000000015,4,0.5991312861442566,16.956811904907227,-20.457290649414062,-1.7397971153259277,True,88,0.6252902746200562,0.8293425440788269,0.10492104291915894,17.060867309570312,-20.44622039794922,-1.7474355697631836,3461,635
2011_09_26_drive_0017_sync,0000000016,0,0.48273295164108276,19.44940948486328,33.474876403808594,-1.024376630783081,True,39,0.29031693935394287,0.6888595819473267,0.2086702585220337,19.554988861083984,33.353816986083984,-1.15757155418396,3508,588
2011_09_26_drive_0017_sync,0000000016,1,0.8623018860816956,13.455979347229004,-3.288087844848633,-1.6520085334777832,True,50,0.8543904423713684,0.815936803817749,0.12685194611549377,13.535901069641113,-3.3741514682769775,-1.604081630706787,3508,588
2011_09_26_drive_0017_sync,0000000016,2,0.5487235188484192,16.967296600341797,-20.63646697998047,-1.707165002822876,True,86,0.6298650503158569,0.8018167018890381,0.1388903260231018,16.87172508239746,-20.732494354248047,-1.7377485036849976,3508,588
2011_09_26_drive_0017_sync,0000000016,3,0.8254262208938599,17.284242630004883,17.846723556518555,-1.4249290227890015,True,40,0.8039777874946594,0.925429105758667,0.027218623086810112,17.28080177307129,17.822223663330078,-1.413581371307373,3508,588
2011_09_26_drive_0017_sync,0000000016,4,0.8180001378059387,9.322554588317871,-21.05535125732422,-1.600649118423462,True,54,0.8159976005554199,0.7917786836624146,0.11887891590595245,9.36093521118164,-21.023029327392578,-1.7084193229675293,3508,588
2011_09_26_drive_0017_sync,0000000017,0,0.77162766456604,13.345730781555176,-4.50117826461792,-1.621260643005371,True,96,0.8078988194465637,0.869925856590271,0.06887905299663544,13.350946426391602,-4.449938774108887,-1.6669950485229492,3462,634
2011_09_26_drive_0017_sync,0000000017,1,0.7397686839103699,19.195388793945312,32.59371566772461,-1.039416790008545,True,65,0.7578522562980652,0.6516143679618835,0.24658583104610443,19.40876007080078,32.64754104614258,-0.9281508922576904,3462,634
2011_09_26_drive_0017_sync,0000000017,2,0.8184269666671753,17.326034545898438,16.652769088745117,-1.3713918924331665,True,47,0.7464087009429932,0.9160171747207642,0.031994931399822235,17.317594528198242,16.6450138092041,-1.4012632369995117,3462,634
2011_09_26_drive_0017_sync,0000000017,3,0.8460445404052734,9.038634300231934,-22.270328521728516,-1.6757862567901611,True,94,0.8361713290214539,0.8447880744934082,0.11337526142597198,9.055728912353516,-22.165037155151367,-1.6373746395111084,3462,634
2011_09_26_drive_0017_sync,0000000017,4,0.6891497373580933,16.800416946411133,-20.692073822021484,-1.7323760986328125,True,25,0.5714098215103149,0.8810601830482483,0.048534706234931946,16.84298324584961,-20.714488983154297,-1.7259504795074463,3462,634
2011_09_26_drive_0017_sync,0000000018,0,0.843068540096283,16.882787704467773,15.614381790161133,-1.4218904972076416,True,23,0.8174578547477722,0.8152702450752258,0.12490301579236984,16.9996395111084,15.571415901184082,-1.4118729829788208,3451,645
2011_09_26_drive_0017_sync,0000000018,1,0.38502582907676697,19.307052612304688,31.881807327270508,-1.0351847410202026,True,98,0.7039284110069275,0.7753291130065918,0.18458834290504456,19.211824417114258,31.72372055053711,-1.03157639503479,3451,645
2011_09_26_drive_0017_sync,0000000018,2,0.4220322370529175,-1.2658700942993164,-8.069487571716309,-1.763791799545288,True,14,0.3980816900730133,0.7147771120071411,0.2147684097290039,-1.283860206604004,-8.269956588745117,-1.8387184143066406,3451,645
2011_09_26_drive_0017_sync,0000000018,3,0.7816698551177979,8.756973266601562,-23.60016632080078,-1.7234536409378052,True,92,0.8417624235153198,0.8196882605552673,0.21554167568683624,8.808443069458008,-23.398761749267578,-1.666486382484436,3451,645
2011_09_26_drive_0017_sync,0000000018,4,0.8785491585731506,13.034164428710938,-5.573884010314941,-1.6103893518447876,True,44,0.7955664992332458,0.8064153790473938,0.13418307900428772,13.056620597839355,-5.706172466278076,-1.611154556274414,3451,645
2011_09_26_drive_0017_sync,0000000018,5,0.7134263515472412,17.03640365600586,-20.465965270996094,-1.7424688339233398,True,99,0.5279751420021057,0.714295506477356,0.2350560575723648,17.26774024963379,-20.503170013427734,-1.761191487312317,3451,645
2011_09_26_drive_0017_sync,0000000019,0,0.8516708612442017,12.759422302246094,-6.804634094238281,-1.6101658344268799,True,23,0.8494271636009216,0.8859589695930481,0.08183573186397552,12.82502555847168,-6.75572395324707,-1.6112136840820312,3479,617
2011_09_26_drive_0017_sync,0000000019,1,0.8342800736427307,17.0179443359375,14.870691299438477,-1.5132423639297485,True,83,0.868598997592926,0.8247341513633728,0.09675716608762741,16.930259704589844,14.856427192687988,-1.4749032258987427,3479,617
2011_09_26_drive_0017_sync,0000000019,2,0.3594854772090912,-1.3600471019744873,-8.150805473327637,-1.8036363124847412,True,78,0.40739187598228455,0.5162116885185242,0.46601182222366333,-1.0940093994140625,-8.530444145202637,-1.7560398578643799,3479,617
2011_09_26_drive_0017_sync,0000000019,3,0.7745522260665894,16.91303825378418,-20.41331672668457,-1.681422472000122,True,34,0.7815506458282471,0.8064973950386047,0.12420868873596191,16.828996658325195,-20.468902587890625,-1.7540518045425415,3479,617
2011_09_26_drive_0017_sync,0000000019,4,0.8407247066497803,8.498875617980957,-24.68376350402832,-1.8476980924606323,True,61,0.828637957572937,0.8357434272766113,0.12540864944458008,8.60063362121582,-24.61056900024414,-1.8515971899032593,3479,617
2011_09_26_drive_0017_sync,0000000020,0,0.47602781653404236,-1.2745423316955566,-8.247428894042969,-1.7453513145446777,True,29,0.4861031472682953,0.719049870967865,0.23405879735946655,-1.4667978286743164,-8.124897003173828,-1.6923675537109375,3453,643
2011_09_26_drive_0017_sync,0000000020,1,0.812748908996582,17.1641788482666,-20.477617263793945,-1.7007464170455933,True,51,0.8099443316459656,0.8004481196403503,0.10233795642852783,17.076871871948242,-20.50762939453125,-1.7449032068252563,3453,643
2011_09_26_drive_0017_sync,0000000020,2,0.7350742220878601,8.221516609191895,-25.686668395996094,-1.760857343673706,True,93,0.7145940661430359,0.8258327841758728,0.10306854546070099,8.28562068939209,-25.626007080078125,-1.8140926361083984,3453,643
2011_09_26_drive_0017_sync,0000000020,3,0.8238438367843628,12.600397109985352,-7.934895038604736,-1.5700359344482422,True,82,0.820858895778656,0.8385546207427979,0.1039954274892807,12.517640113830566,-7.874593257904053,-1.5518693923950195,3453,643
2011_09_26_drive_0017_sync,0000000020,4,0.8385557532310486,16.705881118774414,13.738017082214355,-1.4639331102371216,True,19,0.8147047758102417,0.922996997833252,0.08194489032030106,16.74048614501953,13.811263084411621,-1.4762814044952393,3453,643
2011_09_26_drive_0017_sync,0000000020,5,0.7253850698471069,18.89548110961914,29.686216354370117,-1.1526060104370117,True,50,0.6639755964279175,0.8477523326873779,0.12515035271644592,18.893983840942383,29.806161880493164,-1.1169207096099854,3453,643
2011_09_26_drive_0017_sync,0000000021,0,0.7299793362617493,17.065500259399414,-20.482528686523438,-1.7544581890106201,True,52,0.6128525733947754,0.6753301024436951,0.31459808349609375,17.2952880859375,-20.270183563232422,-1.7873071432113647,3459,637
2011_09_26_drive_0017_sync,0000000021,1,0.794209897518158,12.314788818359375,-9.172182083129883,-1.6769299507141113,True,48,0.7554840445518494,0.8127301931381226,0.11702937632799149,12.222977638244629,-9.105706214904785,-1.6478173732757568,3459,637
2011_09_26_drive_0017_sync,0000000021,2,0.7326748967170715,7.9209723472595215,-26.82138442993164,-1.7600818872451782,True,92,0.7560030221939087,0.7898905277252197,0.17863380908966064,7.9242682456970215,-26.65114974975586,-1.7060511112213135,3459,637
2011_09_26_drive_0017_sync,0000000021,3,0.3788672685623169,18.738994598388672,28.9432373046875,-1.1025222539901733,True,71,0.5523992776870728,0.7042683362960815,0.11919455230236053,18.84775733947754,28.991880416870117,-1.105965256690979,3459,637
2011_09_26_drive_0017_sync,0000000021,4,0.8660365343093872,16.58584976196289,12.61894702911377,-1.550000786781311,True,86,0.8509685397148132,0.8597549796104431,0.0811004787683487,16.579683303833008,12.54240608215332,-1.5239096879959106,3459,637
2011_09_26_drive_0017_sync,0000000022,0,0.7354685068130493,18.575435638427734,28.007347106933594,-1.0043635368347168,True,46,0.7822685241699219,0.8254886269569397,0.07335304468870163,18.629316329956055,27.979230880737305,-1.0454368591308594,3499,597
2011_09_26_drive_0017_sync,0000000022,1,0.3927609920501709,16.952613830566406,-20.7281494140625,-1.7647374868392944,True,81,0.2887263894081116,0.7105737328529358,0.35871589183807373,17.10101890563965,-20.40228271484375,-1.7431988716125488,3499,597
2011_09_26_drive_0017_sync,0000000022,2,0.8804914951324463,16.353120803833008,11.718049049377441,-1.560757040977478,True,10,0.8858756422996521,0.9314641952514648,0.06546894460916519,16.367237091064453,11.740514755249023,-1.6206085681915283,3499,597
2011_09_26_drive_0017_sync,0000000022,3,0.8389051556587219,12.014328956604004,-10.220786094665527,-1.6562364101409912,True,11,0.8544410467147827,0.8637163043022156,0.16488918662071228,11.994806289672852,-10.379617691040039,-1.616489291191101,3499,597
2011_09_26_drive_0017_sync,0000000022,4,0.7865300178527832,7.698493003845215,-27.920534133911133,-1.8309370279312134,True,57,0.7480271458625793,0.786655068397522,0.14590764045715332,7.59287166595459,-27.832286834716797,-1.782505750656128,3499,597
2011_09_26_drive_0017_sync,0000000023,0,0.6351808905601501,16.89537239074707,-20.55229949951172,-1.7478668689727783,True,50,0.5622106194496155,0.8236654996871948,0.10074504464864731,16.81222915649414,-20.605152130126953,-1.7689231634140015,3478,618
2011_09_26_drive_0017_sync,0000000023,1,0.7126991152763367,7.451009273529053,-29.26767349243164,-1.8006070852279663,True,39,0.7377126216888428,0.8706733584403992,0.12348940968513489,7.433311462402344,-29.286020278930664,-1.9214367866516113,3478,618
2011_09_26_drive_0017_sync,0000000023,2,0.8605228066444397,11.718080520629883,-11.440643310546875,-1.5827412605285645,True,62,0.8243970274925232,0.8390254974365234,0.09627388417720795,11.669848442077637,-11.475008964538574,-1.658644676208496,3478,618
2011_09_26_drive_0017_sync,0000000023,3,0.8581169247627258,16.158958435058594,10.608890533447266,-1.5771238803863525,True,75,0.8769465684890747,0.8480908870697021,0.11410348862409592,16.253036499023438,10.562567710876465,-1.622102975845337,3478,618
2011_09_26_drive_0017_sync,0000000023,4,0.5174832940101624,18.573299407958984,26.978816986083984,-1.1030972003936768,True,90,0.39726364612579346,0.8484702110290527,0.13936153054237366,18.66238784790039,27.08596420288086,-1.1010091304779053,3478,618
2011_09_26_drive_0017_sync,0000000024,0,0.6852356195449829,18.258926391601562,26.205869674682617,-1.1176726818084717,True,59,0.7697628140449524,0.8203577399253845,0.17041084170341492,18.325109481811523,26.04883575439453,-1.117695689201355,3473,623
2011_09_26_drive_0017_sync,0000000024,1,0.854073703289032,16.004745483398438,9.612716674804688,-1.5927402973175049,True,23,0.8547008633613586,0.9565120935440063,0.03105987422168255,16.005935668945312,9.582362174987793,-1.5862669944763184,3473,623
2011_09_26_drive_0017_sync,0000000024,2,0.7774578332901001,11.49916934967041,-12.765715599060059,-1.582580804824829,True,78,0.8523180484771729,0.8380429148674011,0.1333044022321701,11.466240882873535,-12.656582832336426,-1.6516880989074707,3473,623
2011_09_26_drive_0017_sync,0000000024,3,0.7397913932800293,7.06727409362793,-30.168598175048828,-1.9017502069473267,True,97,0.7635076642036438,0.7437268495559692,0.20025022327899933,7.211704730987549,-30.270780563354492,-1.995551586151123,3473,623
2011_09_26_drive_0017_sync,0000000025,0,0.7574889659881592,18.168283462524414,24.8898868560791,-1.2298400402069092,True,82,0.5327222347259521,0.8024654388427734,0.12394838035106659,18.282039642333984,24.86438751220703,-1.1877387762069702,3476,620
2011_09_26_drive_0017_sync,0000000025,1,0.5273181200027466,-1.4727274179458618,-8.067120552062988,-1.7660365104675293,True,31,0.42260509729385376,0.5944714546203613,0.33447980880737305,-1.302943468093872,-8.348445892333984,-1.703536868095398,3476,620
2011_09_26_drive_0017_sync,0000000025,2,0.7372056841850281,6.698524475097656,-31.423423767089844,-1.8235235214233398,True,77,0.7482318878173828,0.9007343649864197,0.07656615972518921,6.725467205047607,-31.38311195373535,-1.8827807903289795,3476,620
2011_09_26_drive_0017_sync,0000000025,3,0.8537022471427917,11.183416366577148,-13.799729347229004,-1.515021562576294,True,71,0.8464069366455078,0.8397414088249207,0.15605485439300537,11.168249130249023,-13.90039348602295,-1.6333000659942627,3476,620
2011_09_26_drive_0017_sync,0000000025,4,0.8621470332145691,15.787639617919922,8.476360321044922,-1.5200722217559814,True,94,0.8609607219696045,0.8696008324623108,0.07834184169769287,15.784950256347656,8.41592788696289,-1.5698530673980713,3476,620
2011_09_26_drive_0017_sync,0000000026,0,0.8243059515953064,10.921060562133789,-14.898260116577148,-1.5765494108200073,True,61,0.8216966986656189,0.7448607683181763,0.3208101987838745,10.905494689941406,-15.211740493774414,-1.6429342031478882,3455,641
2011_09_26_drive_0017_sync,0000000026,1,0.720319390296936,6.404311656951904,-32.44623565673828,-1.9061044454574585,True,20,0.666185736656189,0.7263637781143188,0.10109324008226395,6.434335231781006,-32.357791900634766,-1.8674246072769165,3455,641
2011_09_26_drive_0017_sync,0000000026,2,0.8648102283477783,15.591907501220703,7.360957622528076,-1.6023228168487549,True,71,0.8453434109687805,0.8283752799034119,0.20193271338939667,15.664607048034668,7.5408711433410645,-1.6582040786743164,3455,641
2011_09_26_drive_0017_sync,0000000026,3,0.8453371524810791,18.028810501098633,23.863252639770508,-1.127843976020813,True,75,0.7952960729598999,0.8137567639350891,0.1105220690369606,18.119815826416016,23.87269401550293,-1.1898441314697266,3455,641
2011_09_26_drive_0017_sync,0000000027,0,0.8281692862510681,15.471270561218262,6.718831539154053,-1.5876293182373047,True,28,0.81081622838974,0.826043963432312,0.19818511605262756,15.550742149353027,6.893064022064209,-1.6386650800704956,3506,590
2011_09_26_drive_0017_sync,0000000027,1,0.5712530016899109,17.13634490966797,-20.65434455871582,-1.769484043121338,True,79,0.7122098207473755,0.665416955947876,0.23358142375946045,16.992263793945312,-20.48036003112793,-1.7100677490234375,3506,590
2011_09_26_drive_0017_sync,0000000027,2,0.8043555617332458,10.61681842803955,-16.193376541137695,-1.6733534336090088,True,24,0.7174452543258667,0.8232797384262085,0.1535489708185196,10.589995384216309,-16.322437286376953,-1.5946061611175537,3506,590
2011_09_26_drive_0017_sync,0000000027,3,0.7479835748672485,6.05121374130249,-33.58623504638672,-1.9904474020004272,True,83,0.6533305644989014,0.7333089113235474,0.19620002806186676,5.8778839111328125,-33.623023986816406,-2.0746958255767822,3506,590
2011_09_26_drive_0017_sync,0000000027,4,0.3064519464969635,-1.2434427738189697,-8.45254898071289,-1.754328727722168,True,69,0.25271928310394287,0.7597397565841675,0.15894971787929535,-1.2056591510772705,-8.29907512664795,-1.771156907081604,3506,590
2011_09_26_drive_0017_sync,0000000027,5,0.8348051309585571,17.93932342529297,23.123435974121094,-1.1359915733337402,True,99,0.8467788696289062,0.9122066497802734,0.06179666891694069,17.95077133178711,23.064023971557617,-1.148560881614685,3506,590
2011_09_26_drive_0017_sync,0000000028,0,0.8109212517738342,17.765199661254883,21.789169311523438,-1.2487784624099731,True,59,0.7780705094337463,0.9153305888175964,0.06534163653850555,17.795560836791992,21.768753051757812,-1.3029162883758545,3503,593
2011_09_26_drive_0017_sync,0000000028,1,0.8394345641136169,15.144317626953125,5.122807502746582,-1.601081371307373,True,99,0.7840755581855774,0.8905993700027466,0.024880098178982735,15.141383171081543,5.109377384185791,-1.5803439617156982,3503,593
2011_09_26_drive_0017_sync,0000000028,2,0.789121150970459,10.374513626098633,-17.37995147705078,-1.7166541814804077,True,77,0.7985502481460571,0.694652259349823,0.21434657275676727,10.212776184082031,-17.49754524230957,-1.6394715309143066,3503,593
2011_09_26_drive_0017_sync,0000000028,3,0.5554172992706299,16.89535903930664,-20.53772735595703,-1.7344398498535156,True,61,0.3145264983177185,0.825920045375824,0.12458385527133942,16.925086975097656,-20.618207931518555,-1.8247740268707275,3503,593
2011_09_26_drive_0017_sync,0000000028,4,0.7474495768547058,6.049271583557129,-34.746307373046875,-2.0585367679595947,True,74,0.5932979583740234,0.7682687640190125,0.291103720664978,6.008120059967041,-34.46053695678711,-2.021345615386963,3503,593
2011_09_26_drive_0017_sync,0000000029,0,0.7484105825424194,17.18389129638672,-20.58131217956543,-1.794525384902954,True,67,0.5264933109283447,0.7544252276420593,0.1989622861146927,17.050546646118164,-20.434343338012695,-1.8088555335998535,3499,597
2011_09_26_drive_0017_sync,0000000029,1,0.888534665107727,14.974738121032715,4.069356441497803,-1.6339664459228516,True,93,0.8820313215255737,0.8319486975669861,0.1350158154964447,14.892333030700684,4.089012622833252,-1.7390964031219482,3499,597
2011_09_26_drive_0017_sync,0000000029,2,0.6031900644302368,17.78392219543457,21.29122543334961,-1.1687909364700317,True,94,0.7745005488395691,0.6006030440330505,0.49419474601745605,17.622034072875977,20.854076385498047,-1.3328683376312256,3499,597
2011_09_26_drive_0017_sync,0000000029,3,0.8089832067489624,10.201149940490723,-18.53314971923828,-1.739639401435852,True,49,0.8238369822502136,0.9297938346862793,0.08793547004461288,10.172981262207031,-18.6147403717041,-1.7228424549102783,3499,597
2011_09_26_drive_0017_sync,0000000030,0,0.8853603601455688,14.726086616516113,2.8780899047851562,-1.6382454633712769,True,9,0.8637538552284241,0.859565258026123,0.09288995712995529,14.648774147033691,2.85278582572937,-1.6830899715423584,3488,608
2011_09_26_drive_0017_sync,0000000030,1,0.3208937644958496,5.435846328735352,-36.967567443847656,-2.1483755111694336,True,46,0.16517199575901031,0.7538147568702698,0.18276755511760712,5.602367401123047,-36.9577751159668,-2.073683977127075,3488,608
2011_09_26_drive_0017_sync,0000000030,2,0.3346836268901825,-1.525033950805664,-7.8127593994140625,-1.7631709575653076,True,50,0.28711575269699097,0.6532952189445496,0.37100788950920105,-1.2330175638198853,-8.040511131286621,-1.7855861186981201,3488,608
2011_09_26_drive_0017_sync,0000000030,3,0.7791963219642639,16.857044219970703,-20.52821159362793,-1.7704399824142456,True,22,0.7900682687759399,0.9117250442504883,0.053990621119737625,16.854854583740234,-20.538494110107422,-1.7174828052520752,3488,608
2011_09_26_drive_0017_sync,0000000030,4,0.7058048248291016,17.515155792236328,19.886856079101562,-1.3235604763031006,True,28,0.7599213719367981,0.8349395394325256,0.11691490560770035,17.498655319213867,19.845354080200195,-1.2155122756958008,3488,608
2011_09_26_drive_0017_sync,0000000030,5,0.8284797072410583,9.746831893920898,-19.581506729125977,-1.745948076248169,True,58,0.8198519349098206,0.8374185562133789,0.10327884554862976,9.769580841064453,-19.63522720336914,-1.66072416305542,3488,608
2011_09_26_drive_0017_sync,0000000031,0,0.6469046473503113,4.918258190155029,-38.15581512451172,-2.130587100982666,True,7,0.45690786838531494,0.7929041385650635,0.16580452024936676,4.947961330413818,-38.02046585083008,-2.0395407676696777,3453,643
2011_09_26_drive_0017_sync,0000000031,1,0.7968961596488953,9.449203491210938,-20.8149356842041,-1.7422332763671875,True,59,0.7562046051025391,0.7837668061256409,0.13694864511489868,9.547039985656738,-20.889415740966797,-1.8025298118591309,3453,643
2011_09_26_drive_0017_sync,0000000031,2,0.8632504940032959,14.54517936706543,1.8153949975967407,-1.6507879495620728,True,40,0.8832207322120667,0.9196476936340332,0.05193587392568588,14.54249382019043,1.8563741445541382,-1.6189943552017212,3453,643
2011_09_26_drive_0017_sync,0000000031,3,0.6701974272727966,17.229671478271484,-20.472957611083984,-1.7356607913970947,True,66,0.6162262558937073,0.5262829661369324,0.2536047697067261,17.05693244934082,-20.388010025024414,-1.9007683992385864,3453,643
2011_09_26_drive_0017_sync,0000000032,0,0.35797375440597534,-1.244137167930603,-8.032535552978516,-1.8435839414596558,True,14,0.49082088470458984,0.6739116311073303,0.25785118341445923,-1.3820958137512207,-7.831200122833252,-1.7604053020477295,3492,604
2011_09_26_drive_0017_sync,0000000032,1,0.7842476963996887,17.193912506103516,17.769161224365234,-1.3726887702941895,True,22,0.8347871899604797,0.7848191261291504,0.12498729676008224,17.07452964782715,17.80254554748535,-1.388658881187439,3492,604
2011_09_26_drive_0017_sync,0000000032,2,0.8165915608406067,9.200641632080078,-21.964061737060547,-1.7294021844863892,True,87,0.8062366247177124,0.7690712213516235,0.15130746364593506,9.238543510437012,-22.075939178466797,-1.823958158493042,3492,604
2011_09_26_drive_0017_sync,0000000032,3,0.8858466148376465,14.345242500305176,0.7807369828224182,-1.7514342069625854,True,24,0.8805974125862122,0.8522166609764099,0.11945291608572006,14.317620277404785,0.7097629308700562,-1.659408688545227,3492,604
2011_09_26_drive_0017_sync,0000000032,4,0.3894072473049164,16.914335250854492,-20.528644561767578,-1.9196890592575073,True,27,0.7626796364784241,0.5837547779083252,0.287967324256897,17.04031753540039,-20.383272171020508,-1.7053983211517334,3492,604
2011_09_26_drive_0017_sync,0000000033,0,0.8535820245742798,9.009923934936523,-23.14975929260254,-1.7550280094146729,True,88,0.8322723507881165,0.9200652837753296,0.05545399710536003,8.989328384399414,-23.13238525390625,-1.8034956455230713,3485,611
2011_09_26_drive_0017_sync,0000000033,1,0.798119843006134,17.01032829284668,-20.474567413330078,-1.6964868307113647,True,61,0.7033050656318665,0.8433806300163269,0.08415921777486801,17.0452880859375,-20.44655990600586,-1.7677340507507324,3485,611
2011_09_26_drive_0017_sync,0000000033,2,0.5125353932380676,-1.2269744873046875,-8.333806991577148,-1.7926589250564575,False,,,0.0,,,,,3485,611
2011_09_26_drive_0017_sync,0000000033,3,0.8338039517402649,16.869131088256836,16.548669815063477,-1.4391237497329712,True,39,0.8640693426132202,0.8398333787918091,0.08514983206987381,16.908939361572266,16.489267349243164,-1.3928945064544678,3485,611
2011_09_26_drive_0017_sync,0000000033,4,0.6038172245025635,3.790720224380493,-39.958072662353516,-2.2149484157562256,True,62,0.5958920121192932,0.7302544116973877,0.19518756866455078,3.9174461364746094,-40.10322570800781,-2.183814525604248,3485,611
2011_09_26_drive_0017_sync,0000000033,5,0.8930057287216187,14.072829246520996,-0.3819674551486969,-1.680371642112732,True,44,0.8830015063285828,0.8047863841056824,0.14154432713985443,14.11750602722168,-0.4858999252319336,-1.5953021049499512,3485,611
2011_09_26_drive_0017_sync,0000000034,0,0.8364177346229553,16.83022117614746,15.612800598144531,-1.45194673538208,True,53,0.6315761208534241,0.7523539662361145,0.18384933471679688,16.675704956054688,15.711297035217285,-1.4369878768920898,3458,638
2011_09_26_drive_0017_sync,0000000034,1,0.7481545209884644,16.963417053222656,-20.60527229309082,-1.8351125717163086,True,88,0.7073364853858948,0.8315939903259277,0.05824000760912895,16.951007843017578,-20.59893035888672,-1.778564453125,3458,638
2011_09_26_drive_0017_sync,0000000034,2,0.324631929397583,5.519640922546387,-37.935516357421875,-2.0659685134887695,True,45,0.1751331388950348,0.6824440360069275,0.29986727237701416,5.25416898727417,-37.79610061645508,-2.068847179412842,3458,638
2011_09_26_drive_0017_sync,0000000034,3,0.9026891589164734,13.881011009216309,-1.583573341369629,-1.636795997619629,True,67,0.8875546455383301,0.911522626876831,0.04272188991308212,13.864363670349121,-1.5497597455978394,-1.6569123268127441,3458,638
2011_09_26_drive_0017_sync,0000000034,4,0.5340442061424255,8.488852500915527,-24.321622848510742,-1.8227553367614746,True,43,0.7192061543464661,0.7668313384056091,0.1848522573709488,8.606432914733887,-24.46376609802246,-1.8109021186828613,3458,638
2011_09_26_drive_0017_sync,0000000035,0,0.8623211979866028,13.66865348815918,-2.7716867923736572,-1.6675126552581787,True,81,0.8709677457809448,0.8827040195465088,0.06884142756462097,13.625207901000977,-2.726419687271118,-1.6391839981079102,3450,646
2011_09_26_drive_0017_sync,0000000035,1,0.8190749287605286,16.973941802978516,-20.514019012451172,-1.7582507133483887,True,30,0.7976524829864502,0.8799465298652649,0.09956764429807663,17.031421661376953,-20.595033645629883,-1.7514381408691406,3450,646
2011_09_26_drive_0017_sync,0000000035,2,0.843422532081604,16.647855758666992,14.605698585510254,-1.4569556713104248,True,86,0.8560884594917297,0.8254399299621582,0.158221036195755,16.635644912719727,14.451807975769043,-1.491632342338562,3450,646
2011_09_26_drive_0017_sync,0000000035,3,0.8012387752532959,8.425800323486328,-25.51416015625,-1.7783029079437256,True,66,0.7533743381500244,0.811145007610321,0.08542785793542862,8.357605934143066,-25.47170066833496,-1.8073655366897583,3450,646
2011_09_26_drive_0017_sync,0000000036,0,0.7673677802085876,16.88806915283203,-20.524572372436523,-1.6919453144073486,True,6,0.7198686599731445,0.8085198402404785,0.12724284827709198,17.01129913330078,-20.53738021850586,-1.6629440784454346,3499,597
2011_09_26_drive_0017_sync,0000000036,1,0.7551864385604858,16.459930419921875,13.58752155303955,-1.4947757720947266,True,76,0.8104876279830933,0.8725100755691528,0.0901256799697876,16.534229278564453,13.536526679992676,-1.4934192895889282,3499,597
2011_09_26_drive_0017_sync,0000000036,2,0.8324581384658813,13.475872039794922,-3.764026403427124,-1.7109966278076172,True,95,0.8700333833694458,0.9033347368240356,0.10610516369342804,13.454795837402344,-3.8665246963500977,-1.6934410333633423,3499,597
2011_09_26_drive_0017_sync,0000000036,3,0.791357159614563,8.13604736328125,-26.690143585205078,-1.8765562772750854,True,32,0.7806820273399353,0.8122920989990234,0.19046644866466522,8.064149856567383,-26.85934066772461,-1.8267509937286377,3499,597
2011_09_26_drive_0017_sync,0000000037,0,0.8388054966926575,16.29248046875,12.473636627197266,-1.5869483947753906,True,24,0.8691373467445374,0.8701730966567993,0.09559350460767746,16.208253860473633,12.471872329711914,-1.6321245431900024,3415,681
2011_09_26_drive_0017_sync,0000000037,1,0.8263705968856812,13.197440147399902,-5.275587558746338,-1.7230885028839111,True,81,0.8879796862602234,0.8154700398445129,0.24361300468444824,13.166213989257812,-5.034030437469482,-1.718358039855957,3415,681
2011_09_26_drive_0017_sync,0000000037,2,0.7593945860862732,16.974584579467773,-20.37465476989746,-1.7838807106018066,True,25,0.7276803255081177,0.8433507084846497,0.08245602995157242,16.915756225585938,-20.43240737915039,-1.7821903228759766,3415,681
2011_09_26_drive_0017_sync,0000000037,3,0.7566884160041809,7.92414665222168,-27.819171905517578,-1.869596004486084,True,14,0.8013599514961243,0.6967992782592773,0.223781019449234,7.723111629486084,-27.84334945678711,-1.9648761749267578,3415,681
2011_09_26_drive_0017_sync,0000000038,0,0.8922922611236572,12.886446952819824,-6.125603199005127,-1.6634819507598877,True,30,0.8930884003639221,0.8318841457366943,0.11600005626678467,12.954455375671387,-6.108001232147217,-1.755791425704956,3453,643
2011_09_26_drive_0017_sync,0000000038,1,0.8422048687934875,16.124897003173828,11.269213676452637,-1.6194159984588623,True,56,0.8792831301689148,0.8544135689735413,0.1609921008348465,16.163219451904297,11.409834861755371,-1.551038146018982,3453,643
2011_09_26_drive_0017_sync,0000000038,2,0.3794594705104828,-1.2056188583374023,-8.09988784790039,-1.8450417518615723,False,,,0.0,,,,,3453,643
2011_09_26_drive_0017_sync,0000000038,3,0.7558642625808716,7.556421279907227,-28.880475997924805,-1.935225009918213,True,66,0.7447057366371155,0.7918394207954407,0.1322113275527954,7.47590970993042,-28.982759475708008,-1.9583725929260254,3453,643
2011_09_26_drive_0017_sync,0000000038,4,0.5318295359611511,17.17949867248535,-20.419986724853516,-1.7054853439331055,True,60,0.3022644817829132,0.6752709746360779,0.19942252337932587,17.002649307250977,-20.334827423095703,-1.7407208681106567,3453,643
2011_09_26_drive_0017_sync,0000000039,0,0.8663264513015747,12.693408966064453,-7.129184722900391,-1.722931146621704,True,92,0.8865731358528137,0.8758688569068909,0.1327049285173416,12.69676685333252,-7.260553359985352,-1.7044485807418823,3482,614
2011_09_26_drive_0017_sync,0000000039,1,0.72556072473526,17.016555786132812,-20.367931365966797,-1.656562089920044,True,96,0.7057163715362549,0.7988024950027466,0.12945464253425598,17.05141830444336,-20.428842544555664,-1.7653414011001587,3482,614
2011_09_26_drive_0017_sync,0000000039,2,0.40822896361351013,7.22239351272583,-30.03575325012207,-2.0271522998809814,True,52,0.639284074306488,0.6666386127471924,0.08938577771186829,7.308362007141113,-30.045888900756836,-2.0048699378967285,3482,614
2011_09_26_drive_0017_sync,0000000039,3,0.8620732426643372,15.967008590698242,10.303454399108887,-1.6568689346313477,True,37,0.8712466955184937,0.7706081867218018,0.1517406851053238,15.88507080078125,10.193794250488281,-1.5914007425308228,3482,614
2011_09_26_drive_0017_sync,0000000040,0,0.39646291732788086,16.96771240234375,-20.53136444091797,-1.7468189001083374,False,,,0.0,,,,,3453,643
2011_09_26_drive_0017_sync,0000000040,1,0.8623573780059814,12.425390243530273,-8.284430503845215,-1.691420555114746,True,35,0.8426430225372314,0.9320266246795654,0.08814676851034164,12.399394035339355,-8.368370056152344,-1.6844778060913086,3453,643
2011_09_26_drive_0017_sync,0000000040,2,0.8748337030410767,15.734097480773926,9.045246124267578,-1.5633656978607178,True,96,0.8870818614959717,0.9275065064430237,0.04141846299171448,15.713714599609375,9.054337501525879,-1.5982565879821777,3453,643
2011_09_26_drive_0017_sync,0000000040,3,0.7261855602264404,6.891726016998291,-31.164508819580078,-1.9941356182098389,True,32,0.7049294710159302,0.916220486164093,0.06443361937999725,6.909613609313965,-31.223705291748047,-1.9760385751724243,3453,643
2011_09_26_drive_0017_sync,0000000041,0,0.8665037155151367,12.213214874267578,-9.543170928955078,-1.642371654510498,True,77,0.8753364086151123,0.904876708984375,0.09397602826356888,12.185855865478516,-9.453856468200684,-1.6320805549621582,3442,654
2011_09_26_drive_0017_sync,0000000041,1,0.8702792525291443,15.5564546585083,8.016164779663086,-1.5279560089111328,True,66,0.8446795344352722,0.920347273349762,0.016671618446707726,15.544804573059082,8.005098342895508,-1.532400369644165,3442,654
2011_09_26_drive_0017_sync,0000000041,2,0.7737342119216919,16.894338607788086,-20.525636672973633,-1.7788130044937134,True,14,0.7781815528869629,0.9282068014144897,0.06449059396982193,16.88990020751953,-20.578908920288086,-1.7427380084991455,3442,654
2011_09_26_drive_0017_sync,0000000041,3,0.7110903859138489,6.609713077545166,-32.25072479248047,-2.0300936698913574,True,88,0.6086021065711975,0.7805094122886658,0.1716993749141693,6.686001777648926,-32.38162612915039,-1.9493128061294556,3442,654
2011_09_26_drive_0017_sync,0000000042,0,0.4945148229598999,-1.1536349058151245,-8.21617603302002,-1.7845544815063477,True,73,0.24721312522888184,0.7006388306617737,0.24331985414028168,-1.0012328624725342,-8.401284217834473,-1.825944423675537,3428,668
2011_09_26_drive_0017_sync,0000000042,1,0.509312093257904,16.82553482055664,-20.446998596191406,-1.7288384437561035,True,16,0.05750085413455963,0.5353686213493347,0.1734950691461563,16.775379180908203,-20.543338775634766,-1.8641289472579956,3428,668
2011_09_26_drive_0017_sync,0000000042,2,0.7363114356994629,6.302468299865723,-33.306026458740234,-2.0310044288635254,True,52,0.7111441493034363,0.8690701723098755,0.08515916019678116,6.2936601638793945,-33.37831115722656,-2.0751566886901855,3428,668
2011_09_26_drive_0017_sync,0000000042,3,0.8714633584022522,11.910894393920898,-10.626852035522461,-1.6758408546447754,True,69,0.8867542147636414,0.9170851707458496,0.09875080734491348,11.89174747467041,-10.712339401245117,-1.7214152812957764,3428,668
2011_09_26_drive_0017_sync,0000000042,4,0.8798558115959167,15.309952735900879,6.982305526733398,-1.5612351894378662,True,88,0.8458612561225891,0.8398251533508301,0.13678963482379913,15.327948570251465,6.850909233093262,-1.5277304649353027,3428,668
2011_09_26_drive_0017_sync,0000000043,0,0.8743720054626465,11.66659164428711,-11.727337837219238,-1.6516152620315552,True,86,0.8672701120376587,0.9434024691581726,0.02922305092215538,11.672211647033691,-11.704492568969727,-1.668950080871582,3499,597
2011_09_26_drive_0017_sync,0000000043,1,0.7727735638618469,5.8842597007751465,-34.488037109375,-1.9159228801727295,True,53,0.7393393516540527,0.723662257194519,0.25517240166664124,5.979269504547119,-34.72282028198242,-1.8848915100097656,3499,597
2011_09_26_drive_0017_sync,0000000043,2,0.32666587829589844,-1.1984682083129883,-8.281438827514648,-1.737314224243164,True,3,0.46224135160446167,0.6726287007331848,0.18504329025745392,-1.3807504177093506,-8.253107070922852,-1.7227702140808105,3499,597
2011_09_26_drive_0017_sync,0000000043,3,0.7736485004425049,15.14441204071045,5.901736259460449,-1.5692204236984253,True,92,0.8483809232711792,0.805858850479126,0.16260987520217896,15.13079833984375,5.749965667724609,-1.6259859800338745,3499,597
2011_09_26_drive_0017_sync,0000000044,0,0.6812009215354919,5.546175479888916,-35.77582550048828,-2.0622119903564453,True,30,0.731723964214325,0.755209743976593,0.17179939150810242,5.696977615356445,-35.85474395751953,-2.0855705738067627,3491,605
2011_09_26_drive_0017_sync,0000000044,1,0.860397219657898,14.91197395324707,4.636760234832764,-1.5926629304885864,True,41,0.8569983243942261,0.917904794216156,0.06343445181846619,14.889860153198242,4.580999374389648,-1.6132938861846924,3491,605
2011_09_26_drive_0017_sync,0000000044,2,0.8591341972351074,11.43271255493164,-13.095512390136719,-1.666227102279663,True,52,0.8729953765869141,0.8697701096534729,0.07946395874023438,11.501357078552246,-13.058454513549805,-1.6510889530181885,3491,605
2011_09_26_drive_0017_sync,0000000045,0,0.8625537753105164,14.6940279006958,3.6115169525146484,-1.6010985374450684,True,14,0.8490149974822998,0.8450618386268616,0.11666039377450943,14.767658233642578,3.523501396179199,-1.5800870656967163,3465,631
2011_09_26_drive_0017_sync,0000000045,1,0.6161326766014099,5.201183795928955,-36.870479583740234,-2.022853374481201,True,48,0.4935620427131653,0.7654930353164673,0.1310957372188568,5.141735076904297,-36.93086624145508,-1.9228264093399048,3465,631
2011_09_26_drive_0017_sync,0000000045,2,0.871817946434021,11.1869478225708,-14.123820304870605,-1.737414836883545,True,81,0.83464115858078,0.9118626713752747,0.08975666016340256,11.186345100402832,-14.042723655700684,-1.6989541053771973,3465,631
2011_09_26_drive_0017_sync,0000000046,0,0.5176061391830444,5.054450988769531,-38.13195037841797,-2.0632052421569824,True,54,0.5031074285507202,0.701229453086853,0.2517164349555969,5.017807483673096,-37.888607025146484,-2.0102672576904297,3492,604
2011_09_26_drive_0017_sync,0000000046,1,0.8604306578636169,14.562278747558594,2.3762154579162598,-1.54896879196167,True,35,0.8625752329826355,0.8575363755226135,0.06469345837831497,14.533141136169434,2.3469531536102295,-1.5987679958343506,3492,604
2011_09_26_drive_0017_sync,0000000046,2,0.8624035716056824,10.978018760681152,-15.255598068237305,-1.7054778337478638,True,87,0.8417240381240845,0.8617408871650696,0.0955718457698822,10.901188850402832,-15.208490371704102,-1.6736657619476318,3492,604
2011_09_26_drive_0017_sync,0000000047,0,0.690440833568573,4.54350471496582,-39.02889633178711,-2.159956932067871,True,51,0.6524562835693359,0.8371652364730835,0.10808572173118591,4.64889669418335,-39.04020690917969,-2.1388115882873535,3457,639
2011_09_26_drive_0017_sync,0000000047,1,0.3078996241092682,-1.2890639305114746,-8.03718376159668,-1.8010011911392212,False,,,0.0,,,,,3457,639
2011_09_26_drive_0017_sync,0000000047,2,0.5506250262260437,17.223718643188477,-20.486875534057617,-1.7656834125518799,True,93,0.37997689843177795,0.6840928792953491,0.21120427548885345,17.152565002441406,-20.645854949951172,-1.6462265253067017,3457,639
2011_09_26_drive_0017_sync,0000000047,3,0.8698717355728149,10.684814453125,-16.542821884155273,-1.771899700164795,True,99,0.8420212268829346,0.8495727777481079,0.132599875330925,10.652497291564941,-16.50606918334961,-1.6486618518829346,3457,639
2011_09_26_drive_0017_sync,0000000047,4,0.8910341262817383,14.358770370483398,1.260432243347168,-1.671229362487793,True,58,0.8661088347434998,0.8394192457199097,0.12809628248214722,14.36457633972168,1.375778079032898,-1.6158192157745361,3457,639
2011_09_26_drive_0017_sync,0000000047,5,0.33287087082862854,22.890565872192383,16.076982498168945,-1.045264720916748,True,75,0.05395534262061119,0.6471419334411621,0.2600965201854706,23.024158477783203,16.240957260131836,-0.8938860893249512,3457,639
2011_09_26_drive_0017_sync,0000000048,0,0.8147428035736084,10.335217475891113,-17.649980545043945,-1.7401134967803955,True,87,0.7521259188652039,0.8599865436553955,0.08719668537378311,10.370715141296387,-17.600038528442383,-1.6780734062194824,3487,609
2011_09_26_drive_0017_sync,0000000048,1,0.49564626812934875,-1.104813814163208,-8.500886917114258,-1.76327383518219,True,14,0.18224552273750305,0.6768255233764648,0.29607272148132324,-0.8089696764945984,-8.507527351379395,-1.7728246450424194,3487,609
2011_09_26_drive_0017_sync,0000000048,2,0.5526803731918335,16.977243423461914,-20.361547470092773,-1.6569499969482422,True,79,0.446942001581192,0.5863043665885925,0.31183573603630066,16.830928802490234,-20.63335418701172,-1.7011616230010986,3487,609
2011_09_26_drive_0017_sync,0000000048,3,0.8708609342575073,14.175797462463379,0.24875903129577637,-1.6423852443695068,True,9,0.8528871536254883,0.8496503233909607,0.10118189454078674,14.133001327514648,0.16067907214164734,-1.6678447723388672,3487,609
2011_09_26_drive_0017_sync,0000000049,0,0.47961530089378357,-1.3070299625396729,-8.343857765197754,-1.822413682937622,True,68,0.3534387946128845,0.6862481236457825,0.2969883978366852,-1.039936900138855,-8.473716735839844,-1.8221781253814697,3458,638
2011_09_26_drive_0017_sync,0000000049,1,0.5314677357673645,16.72654914855957,-20.38711166381836,-1.7567367553710938,True,79,0.6299940943717957,0.6733162999153137,0.2726220190525055,16.954692840576172,-20.534130096435547,-1.731069803237915,3458,638
2011_09_26_drive_0017_sync,0000000049,2,0.8671157956123352,13.999250411987305,-0.9972894787788391,-1.591016173362732,True,67,0.8129553198814392,0.8349671363830566,0.11780786514282227,13.925226211547852,-0.9087921977043152,-1.6148351430892944,3458,638
2011_09_26_drive_0017_sync,0000000049,3,0.7626364231109619,10.187954902648926,-18.827051162719727,-1.6045150756835938,True,69,0.6701173186302185,0.7523702383041382,0.16533562541007996,10.07885456085205,-18.71480369567871,-1.657745599746704,3458,638
2011_09_26_drive_0017_sync,0000000050,0,0.3010888993740082,9.44259262084961,-19.751867294311523,-1.7434124946594238,True,86,0.1637854129076004,0.6547738313674927,0.20914380252361298,9.637950897216797,-19.810476303100586,-1.7896862030029297,3482,614
2011_09_26_drive_0017_sync,0000000050,1,0.39004626870155334,-0.7430787682533264,-8.606179237365723,-1.7551398277282715,False,,,0.0,,,,,3482,614
2011_09_26_drive_0017_sync,0000000050,2,0.8815720081329346,13.799664497375488,-2.1490769386291504,-1.6360197067260742,True,56,0.8905615210533142,0.8979509472846985,0.03976549208164215,13.76915168762207,-2.1729211807250977,-1.6269800662994385,3482,614
2011_09_26_drive_0017_sync,0000000051,0,0.855924665927887,13.625855445861816,-3.165595531463623,-1.6554176807403564,True,28,0.8766583800315857,0.9342418909072876,0.08565402030944824,13.609621047973633,-3.2489728927612305,-1.6664299964904785,3471,625
2011_09_26_drive_0017_sync,0000000051,1,0.7607780694961548,9.618546485900879,-21.156770706176758,-1.7753021717071533,True,73,0.7396453619003296,0.8139429688453674,0.11828964203596115,9.706032752990723,-21.145376205444336,-1.6965065002441406,3471,625
2011_09_26_drive_0017_sync,0000000051,2,0.7345454692840576,16.911638259887695,-20.53592872619629,-1.7697341442108154,True,7,0.604627788066864,0.6661989688873291,0.27667126059532166,16.676815032958984,-20.68012809753418,-1.7450039386749268,3471,625
2011_09_26_drive_0017_sync,0000000052,0,0.86726975440979,13.38740062713623,-4.298693656921387,-1.6585967540740967,True,82,0.8234321475028992,0.8308660984039307,0.11080563068389893,13.337357521057129,-4.370418071746826,-1.7266348600387573,3466,630
2011_09_26_drive_0017_sync,0000000052,1,0.3532298803329468,-1.4115370512008667,-7.968730926513672,-1.8035796880722046,True,56,0.38646721839904785,0.584038496017456,0.15893925726413727,-1.3647525310516357,-8.10970401763916,-1.7470157146453857,3466,630
2011_09_26_drive_0017_sync,0000000052,2,0.8101556301116943,9.360156059265137,-22.47679901123047,-1.8047319650650024,True,10,0.7724278569221497,0.8002389073371887,0.08057262748479843,9.353389739990234,-22.41387367248535,-1.8545974493026733,3466,630
2011_09_26_drive_0017_sync,0000000052,3,0.767232358455658,16.95004653930664,-20.347251892089844,-1.7063267230987549,True,28,0.6009053587913513,0.6518297791481018,0.49349114298820496,16.94206428527832,-20.840431213378906,-1.7219457626342773,3466,630
2011_09_26_drive_0017_sync,0000000053,0,0.8718604445457458,13.176374435424805,-5.540804386138916,-1.6297005414962769,True,72,0.8886646628379822,0.8361186981201172,0.10399991273880005,13.241677284240723,-5.5250749588012695,-1.7090989351272583,3482,614
2011_09_26_drive_0017_sync,0000000053,1,0.6837720274925232,8.869604110717773,-23.506986618041992,-1.7743070125579834,True,76,0.6795712113380432,0.8451003432273865,0.13728009164333344,8.9382963180542,-23.624950408935547,-1.7888585329055786,3482,614
2011_09_26_drive_0017_sync,0000000053,2,0.5507341027259827,16.976036071777344,-20.51591682434082,-1.7522393465042114,True,91,0.6788349747657776,0.7773575782775879,0.2083309292793274,16.865942001342773,-20.692703247070312,-1.7574959993362427,3482,614
2011_09_26_drive_0017_sync,0000000054,0,0.856515109539032,13.030617713928223,-6.741137981414795,-1.7067177295684814,True,88,0.8785714507102966,0.9011422991752625,0.04535743594169617,13.03246021270752,-6.724993705749512,-1.6643707752227783,3460,636
2011_09_26_drive_0017_sync,0000000054,1,0.7782506942749023,8.823325157165527,-24.86738395690918,-1.770625352859497,True,77,0.7534119486808777,0.8266574740409851,0.0645674467086792,8.856254577636719,-24.825265884399414,-1.7344220876693726,3460,636
2011_09_26_drive_0017_sync,0000000054,2,0.6861393451690674,16.914506912231445,-20.48653793334961,-1.75014328956604,True,84,0.8127458691596985,0.8498153686523438,0.12182691693305969,16.8896427154541,-20.369239807128906,-1.728585958480835,3460,636
2011_09_26_drive_0017_sync,0000000054,3,0.3924245238304138,-1.178285002708435,-8.32458209991455,-1.82032310962677,True,71,0.371247261762619,0.7896751165390015,0.15143431723117828,-1.3239203691482544,-8.319366455078125,-1.7791467905044556,3460,636
2011_09_26_drive_0017_sync,0000000055,0,0.8757519125938416,12.856472969055176,-7.770236968994141,-1.6220496892929077,True,37,0.8883305191993713,0.8641123175621033,0.11324460804462433,12.818181991577148,-7.865159034729004,-1.6705052852630615,3505,591
2011_09_26_drive_0017_sync,0000000055,1,0.5002753734588623,17.240142822265625,-20.48251724243164,-1.8092485666275024,True,80,0.5356742739677429,0.7482895255088806,0.21208898723125458,17.128128051757812,-20.645673751831055,-1.7329964637756348,3505,591
2011_09_26_drive_0017_sync,0000000055,2,0.6557742357254028,8.619379043579102,-25.99481773376465,-1.803990125656128,True,84,0.7509053349494934,0.8240625262260437,0.11527486145496368,8.585047721862793,-26.005943298339844,-1.9134701490402222,3505,591
2011_09_26_drive_0017_sync,0000000056,0,0.7613308429718018,8.254199028015137,-27.077125549316406,-1.856902837753296,True,40,0.7996745705604553,0.8607035875320435,0.07741712033748627,8.302787780761719,-27.11794090270996,-1.8125559091567993,3456,640
2011_09_26_drive_0017_sync,0000000056,1,0.8557355403900146,12.561098098754883,-8.97718620300293,-1.6778793334960938,True,53,0.8688145875930786,0.8571213483810425,0.06409057974815369,12.549070358276367,-8.930641174316406,-1.7202644348144531,3456,640
2011_09_26_drive_0017_sync,0000000056,2,0.40359076857566833,-1.2010010480880737,-8.256985664367676,-1.731147050857544,True,41,0.3528405725955963,0.6119412183761597,0.14246031641960144,-1.3397648334503174,-8.248373031616211,-1.7622175216674805,3456,640
2011_09_26_drive_0017_sync,0000000056,3,0.7386518716812134,17.11252784729004,-20.588886260986328,-1.72185480594635,True,79,0.7509129047393799,0.6487773060798645,0.29896488785743713,16.81924819946289,-20.6070499420166,-1.7769649028778076,3456,640
2011_09_26_drive_0017_sync,0000000057,0,0.8257797956466675,7.863415718078613,-28.266935348510742,-1.9536550045013428,True,16,0.8151119947433472,0.9148626327514648,0.05040499567985535,7.896369934082031,-28.233726501464844,-1.9348971843719482,3482,614
2011_09_26_drive_0017_sync,0000000057,1,0.4371243715286255,-1.3431681394577026,-8.229735374450684,-1.8209120035171509,True,31,0.586475133895874,0.7151615023612976,0.20575547218322754,-1.2475770711898804,-8.404807090759277,-1.7704386711120605,3482,614
2011_09_26_drive_0017_sync,0000000057,2,0.8872761130332947,12.365306854248047,-10.017754554748535,-1.7447612285614014,True,57,0.8675447702407837,0.819152295589447,0.14960193634033203,12.422720909118652,-10.153511047363281,-1.71917724609375,3482,614
2011_09_26_drive_0017_sync,0000000057,3,0.4951331913471222,16.852941513061523,-20.52670669555664,-1.7932764291763306,True,98,0.6927032470703125,0.9266999959945679,0.05566456541419029,16.85625648498535,-20.578411102294922,-1.7729243040084839,3482,614
2011_09_26_drive_0017_sync,0000000058,0,0.8682230710983276,12.093368530273438,-11.332884788513184,-1.7282400131225586,True,39,0.8815947771072388,0.8712220191955566,0.11660601198673248,12.113624572753906,-11.220748901367188,-1.7034974098205566,3469,627
2011_09_26_drive_0017_sync,0000000058,1,0.715182363986969,7.95820951461792,-29.417505264282227,-1.9159998893737793,True,65,0.7729873061180115,0.7722318172454834,0.1974438726902008,8.11898136138916,-29.523550033569336,-1.9594855308532715,3469,627
2011_09_26_drive_0017_sync,0000000058,2,0.6348909735679626,16.87977409362793,-20.410202026367188,-1.7482830286026,True,82,0.4345390200614929,0.8004913926124573,0.13095681369304657,16.814096450805664,-20.502094268798828,-1.8145548105239868,3469,627
2011_09_26_drive_0017_sync,0000000058,3,0.4013875722885132,-1.1224472522735596,-8.209580421447754,-1.7942198514938354,True,55,0.32762518525123596,0.6017130017280579,0.3670903444290161,-1.143418788909912,-8.574227333068848,-1.757502794265747,3469,627
2011_09_26_drive_0017_sync,0000000059,0,0.8615044951438904,11.907269477844238,-12.362372398376465,-1.7578115463256836,True,45,0.8000440001487732,0.8157840967178345,0.10062462836503983,11.867441177368164,-12.305671691894531,-1.6848454475402832,3539,557
2011_09_26_drive_0017_sync,0000000060,0,0.4084235429763794,-1.420711636543274,-8.100711822509766,-1.73876953125,True,55,0.16220273077487946,0.6510677933692932,0.3282581865787506,-1.1615300178527832,-8.299478530883789,-1.771482229232788,3511,585
2011_09_26_drive_0017_sync,0000000060,1,0.437722384929657,6.8653669357299805,-31.693721771240234,-1.9497793912887573,False,,,0.0,,,,,3511,585
2011_09_26_drive_0017_sync,0000000060,2,0.8759632706642151,11.66738510131836,-13.582467079162598,-1.7259302139282227,True,81,0.861823558807373,0.796681821346283,0.08584844321012497,11.620443344116211,-13.510674476623535,-1.7224304676055908,3511,585
2011_09_26_drive_0017_sync,0000000061,0,0.5333665609359741,6.854767322540283,-32.70449447631836,-2.051591157913208,True,24,0.5736736059188843,0.6195477247238159,0.3297249376773834,6.577712059020996,-32.54839324951172,-1.9644629955291748,3522,574
2011_09_26_drive_0017_sync,0000000061,1,0.48190057277679443,-1.257928490638733,-8.446694374084473,-1.7231688499450684,True,94,0.34962666034698486,0.6841983795166016,0.24533884227275848,-1.0757311582565308,-8.578634262084961,-1.8210828304290771,3522,574
2011_09_26_drive_0017_sync,0000000061,2,0.8798507452011108,11.375055313110352,-14.729434967041016,-1.6979055404663086,True,91,0.8470079898834229,0.9103888273239136,0.03736123815178871,11.410805702209473,-14.720727920532227,-1.704383134841919,3522,574
2011_09_26_drive_0017_sync,0000000062,0,0.41868847608566284,-1.4246375560760498,-8.056591987609863,-1.7212302684783936,True,3,0.42691847681999207,0.6616197228431702,0.2194194495677948,-1.3294169902801514,-8.232505798339844,-1.8114093542099,3509,587
2011_09_26_drive_0017_sync,0000000062,1,0.3765982389450073,7.667757511138916,-30.468189239501953,-1.926120638847351,False,,,0.0,,,,,3509,587
2011_09_26_drive_0017_sync,0000000062,2,0.8214322328567505,11.197307586669922,-15.770855903625488,-1.7577824592590332,True,97,0.820355236530304,0.7835163474082947,0.15792371332645416,11.175668716430664,-15.806022644042969,-1.6053522825241089,3509,587
2011_09_26_drive_0017_sync,0000000062,3,0.42697495222091675,17.71014404296875,-20.078907012939453,-1.73710298538208,False,,,0.0,,,,,3509,587
2011_09_26_drive_0017_sync,0000000062,4,0.46035897731781006,6.347943305969238,-33.91545486450195,-1.9345136880874634,True,21,0.6643185615539551,0.7571973204612732,0.22115787863731384,6.337980270385742,-33.710601806640625,-1.8517684936523438,3509,587
2011_09_26_drive_0017_sync,0000000063,0,0.34793621301651,-1.209812045097351,-8.354869842529297,-1.807781457901001,False,,,0.0,,,,,3507,589
2011_09_26_drive_0017_sync,0000000063,1,0.3118544816970825,17.908023834228516,-19.9560546875,-1.8054449558258057,True,4,0.19444888830184937,0.6544182896614075,0.13167952001094818,17.884815216064453,-20.054759979248047,-1.7214323282241821,3507,589
2011_09_26_drive_0017_sync,0000000063,2,0.8283888697624207,10.96277141571045,-16.90024185180664,-1.7465832233428955,True,82,0.8241786360740662,0.9289584159851074,0.05298580974340439,10.997960090637207,-16.939855575561523,-1.746504783630371,3507,589
2011_09_26_drive_0017_sync,0000000063,3,0.6196987628936768,5.926919937133789,-35.094085693359375,-2.0780396461486816,True,78,0.6056557893753052,0.5570999383926392,0.3775547444820404,6.2747673988342285,-35.15863800048828,-1.9461960792541504,3507,589
2011_09_26_drive_0017_sync,0000000064,0,0.45149552822113037,5.949004650115967,-36.08594512939453,-1.9310578107833862,True,53,0.2550913691520691,0.5088831782341003,0.3633902966976166,5.601276397705078,-35.98815155029297,-1.891384243965149,3553,543
2011_09_26_drive_0017_sync,0000000064,1,0.7402969002723694,16.9598388671875,-20.484092712402344,-1.6808977127075195,True,34,0.7735815644264221,0.7756189107894897,0.17831648886203766,16.993059158325195,-20.645641326904297,-1.7486858367919922,3553,543
2011_09_26_drive_0017_sync,0000000064,2,0.8707732558250427,10.675494194030762,-17.965452194213867,-1.7689576148986816,True,16,0.7660142183303833,0.8247610926628113,0.09607481956481934,10.700216293334961,-18.045368194580078,-1.7217069864273071,3553,543
2011_09_26_drive_0017_sync,0000000065,0,0.8113228678703308,10.431045532226562,-19.171619415283203,-1.7027816772460938,True,97,0.8263033628463745,0.9312050342559814,0.02868594601750374,10.407200813293457,-19.17282485961914,-1.7186832427978516,3562,534
2011_09_26_drive_0017_sync,0000000065,1,0.4284818172454834,-1.4281429052352905,-7.847053527832031,-1.857338309288025,True,55,0.2599031329154968,0.5831181406974792,0.41246816515922546,-1.1587419509887695,-8.154757499694824,-1.8037528991699219,3562,534
2011_09_26_drive_0017_sync,0000000065,2,0.6993414759635925,5.191180229187012,-37.393280029296875,-2.0789458751678467,True,49,0.7107787728309631,0.8831608891487122,0.09734594821929932,5.118398189544678,-37.427330017089844,-2.133896827697754,3562,534
2011_09_26_drive_0017_sync,0000000066,0,0.4617338180541992,16.803417205810547,-20.62531089782715,-1.7003222703933716,False,,,0.0,,,,,3541,555
2011_09_26_drive_0017_sync,0000000066,1,0.8615802526473999,10.138165473937988,-20.405845642089844,-1.7784833908081055,True,52,0.857623279094696,0.8901674151420593,0.09251571446657181,10.212343215942383,-20.35247039794922,-1.7640645503997803,3541,555
2011_09_26_drive_0017_sync,0000000067,0,0.8397327661514282,9.851853370666504,-21.29962730407715,-1.755800724029541,True,76,0.8246804475784302,0.9009260535240173,0.11773638427257538,9.843679428100586,-21.408042907714844,-1.7106221914291382,3533,563
2011_09_26_drive_0017_sync,0000000067,1,0.7571102976799011,16.99666976928711,-20.601369857788086,-1.7426813840866089,True,64,0.7067558169364929,0.8034166693687439,0.1638452410697937,17.058835983276367,-20.480628967285156,-1.6510175466537476,3533,563
2011_09_26_drive_0017_sync,0000000068,0,0.3587266802787781,-1.1671841144561768,-8.239276885986328,-1.7807159423828125,True,3,0.3772455155849457,0.6593022346496582,0.25025656819343567,-1.0776208639144897,-8.455626487731934,-1.8690314292907715,3527,569
2011_09_26_drive_0017_sync,0000000068,1,0.706921398639679,16.862913131713867,-20.641210556030273,-1.739287257194519,True,42,0.7748121619224548,0.8909053802490234,0.06251241266727448,16.859779357910156,-20.58042335510254,-1.7250430583953857,3527,569
2011_09_26_drive_0017_sync,0000000068,2,0.7897080779075623,9.61148452758789,-22.341585159301758,-1.805497407913208,True,73,0.5311248302459717,0.7519808411598206,0.03644604980945587,9.594450950622559,-22.369338989257812,-1.7891298532485962,3527,569
2011_09_26_drive_0017_sync,0000000069,0,0.46733754873275757,-1.166337013244629,-8.429877281188965,-1.7691330909729004,True,41,0.2974403202533722,0.829417884349823,0.14059829711914062,-1.0538913011550903,-8.347272872924805,-1.7864638566970825,3553,543
2011_09_26_drive_0017_sync,0000000069,1,0.7934848070144653,16.957618713378906,-20.634931564331055,-1.7411105632781982,True,6,0.6541258692741394,0.7492735981941223,0.1945825219154358,16.811649322509766,-20.714380264282227,-1.8423192501068115,3553,543
2011_09_26_drive_0017_sync,0000000069,2,0.8021475672721863,9.363479614257812,-23.622787475585938,-1.7187628746032715,True,51,0.8242464065551758,0.904576301574707,0.06709684431552887,9.386619567871094,-23.643972396850586,-1.7780733108520508,3553,543
2011_09_26_drive_0017_sync,0000000070,0,0.8174343705177307,9.174356460571289,-24.765926361083984,-1.7853524684906006,True,46,0.7813509702682495,0.8578090667724609,0.10265222191810608,9.087421417236328,-24.77402114868164,-1.8393362760543823,3570,526
2011_09_26_drive_0017_sync,0000000070,1,0.7908689975738525,16.877323150634766,-20.644182205200195,-1.71858549118042,True,8,0.7762001752853394,0.8003941178321838,0.21012187004089355,16.991273880004883,-20.47010612487793,-1.7479784488677979,3570,526
2011_09_26_drive_0017_sync,0000000071,0,0.34695374965667725,-1.295157790184021,-8.043045997619629,-1.8129324913024902,False,,,0.0,,,,,3526,570
2011_09_26_drive_0017_sync,0000000071,1,0.80640709400177,8.852799415588379,-25.844331741333008,-1.9522554874420166,True,80,0.7133598923683167,0.6450517177581787,0.2498929500579834,8.801639556884766,-25.750425338745117,-1.7263998985290527,3526,570
2011_09_26_drive_0017_sync,0000000072,0,0.39383402466773987,-0.9269530177116394,-8.295496940612793,-1.7994729280471802,True,56,0.2556232810020447,0.8401291370391846,0.18291470408439636,-1.0349016189575195,-8.443124771118164,-1.8027763366699219,3573,523
2011_09_26_drive_0017_sync,0000000072,1,0.49865683913230896,8.786359786987305,-27.046485900878906,-1.902496099472046,True,55,0.7417890429496765,0.6959856152534485,0.24479801952838898,8.543917655944824,-27.074554443359375,-1.883521318435669,3573,523
2011_09_26_drive_0017_sync,0000000072,2,0.4721944332122803,16.960281372070312,-20.728715896606445,-1.7330219745635986,True,67,0.4731866717338562,0.5603736042976379,0.42818519473075867,17.29916000366211,-20.472110748291016,-1.784574270248413,3573,523
2011_09_26_drive_0017_sync,0000000073,0,0.6779351234436035,8.358817100524902,-28.040603637695312,-1.8661437034606934,True,52,0.7324681878089905,0.5870253443717957,0.4085707664489746,8.75971508026123,-28.119386672973633,-1.8641146421432495,3572,524
2011_09_26_drive_0017_sync,0000000073,1,0.770581841468811,16.822418212890625,-20.60820960998535,-1.7636088132858276,True,3,0.7248298525810242,0.9077807068824768,0.059392958879470825,16.862098693847656,-20.60476303100586,-1.7195508480072021,3572,524
2011_09_26_drive_0017_sync,0000000074,0,0.5518185496330261,23.482698440551758,16.09817123413086,-1.241771936416626,True,68,0.3941039443016052,0.7082580327987671,0.04352107271552086,23.464162826538086,16.09117889404297,-1.2805227041244507,3562,534
2011_09_26_drive_0017_sync,0000000074,1,0.7173458933830261,17.061281204223633,-20.464797973632812,-1.724684476852417,True,25,0.685081422328949,0.5444808006286621,0.3992197513580322,16.685739517211914,-20.59431266784668,-1.6850513219833374,3562,534
2011_09_26_drive_0017_sync,0000000074,2,0.5676437020301819,8.106764793395996,-29.31422996520996,-1.9306550025939941,True,37,0.6282235980033875,0.8178484439849854,0.10254647582769394,8.063462257385254,-29.320993423461914,-1.8379461765289307,3562,534
2011_09_26_drive_0017_sync,0000000075,0,0.7778787016868591,7.899710178375244,-30.466266632080078,-1.8888698816299438,True,26,0.6856706142425537,0.8929202556610107,0.07468899339437485,7.875324249267578,-30.40179443359375,-1.917629361152649,3552,544
2011_09_26_drive_0017_sync,0000000075,1,0.6127757430076599,16.863107681274414,-20.732372283935547,-1.726364016532898,True,4,0.7657735347747803,0.7835206389427185,0.17534947395324707,17.0084285736084,-20.634323120117188,-1.730318307876587,3552,544
2011_09_26_drive_0017_sync,0000000076,0,0.8047422766685486,16.84142303466797,-20.473709106445312,-1.7519046068191528,True,78,0.6020606160163879,0.7663413286209106,0.16172455251216888,16.886852264404297,-20.625978469848633,-1.7218204736709595,3560,536
2011_09_26_drive_0017_sync,0000000076,1,0.6396386027336121,7.746295928955078,-31.388437271118164,-2.003031015396118,True,67,0.6437876224517822,0.6487907767295837,0.18152394890785217,7.610722541809082,-31.303722381591797,-1.917041540145874,3560,536
2011_09_26_drive_0017_sync,0000000077,0,0.43658632040023804,-1.4981870651245117,-8.091227531433105,-1.7293689250946045,True,38,0.27796563506126404,0.5302813649177551,0.436053603887558,-1.1588091850280762,-8.356329917907715,-1.7978241443634033,3540,556
2011_09_26_drive_0017_sync,0000000077,1,0.7091790437698364,17.09977149963379,-20.62600326538086,-1.8326294422149658,True,55,0.673699676990509,0.7050843238830566,0.24871166050434113,16.905420303344727,-20.48400115966797,-1.7700154781341553,3540,556
2011_09_26_drive_0017_sync,0000000077,2,0.7023607492446899,7.165775775909424,-32.55813217163086,-2.010542869567871,True,30,0.7833462357521057,0.7814313173294067,0.11690527200698853,7.231074333190918,-32.580482482910156,-1.9161850214004517,3540,556
2011_09_26_drive_0017_sync,0000000078,0,0.7090482115745544,7.028488636016846,-33.65361404418945,-1.923797845840454,True,79,0.7076016664505005,0.8624106049537659,0.08756411820650101,6.996563911437988,-33.7100944519043,-1.982604742050171,3555,541
2011_09_26_drive_0017_sync,0000000078,1,0.492841899394989,-0.3882145881652832,-19.548660278320312,-1.934807300567627,True,66,0.3601831793785095,0.7063137888908386,0.2492266446352005,-0.14916670322418213,-19.47884178161621,-1.9445750713348389,3555,541
2011_09_26_drive_0017_sync,0000000078,2,0.3786396384239197,-0.9565470218658447,-8.706957817077637,-1.78076171875,False,,,0.0,,,,,3555,541
2011_09_26_drive_0017_sync,0000000078,3,0.6708126664161682,16.878643035888672,-20.5989990234375,-1.7378168106079102,True,3,0.3740730881690979,0.8006271123886108,0.18574900925159454,16.857378005981445,-20.772855758666992,-1.6759756803512573,3555,541
2011_09_26_drive_0017_sync,0000000079,0,0.6925526857376099,16.80791473388672,-20.56328773498535,-1.6902656555175781,False,,,0.0,,,,,3514,582
2011_09_26_drive_0017_sync,0000000079,1,0.6219116449356079,6.7768402099609375,-34.78467559814453,-2.1228621006011963,True,64,0.47724097967147827,0.9333280920982361,0.06584315001964569,6.78387451171875,-34.84785842895508,-2.1400017738342285,3514,582
2011_09_26_drive_0017_sync,0000000080,0,0.7272320985794067,0.5483297109603882,-20.80603790283203,-1.8856306076049805,True,65,0.7807873487472534,0.6204225420951843,0.24057666957378387,0.7269653081893921,-20.722827911376953,-2.023625373840332,3555,541
2011_09_26_drive_0017_sync,0000000080,1,0.4123888611793518,-1.0988106727600098,-8.436651229858398,-1.8525933027267456,True,67,0.277403324842453,0.8136635422706604,0.19195716083049774,-0.9901439547538757,-8.279651641845703,-1.872347354888916,3555,541
2011_09_26_drive_0017_sync,0000000080,2,0.49736058712005615,6.240078926086426,-36.04597854614258,-2.2391743659973145,True,37,0.399793416261673,0.6882704496383667,0.1741216629743576,6.273996829986572,-36.20655822753906,-2.181018590927124,3555,541
2011_09_26_drive_0017_sync,0000000080,3,0.6013185381889343,16.899898529052734,-20.58819580078125,-1.8237550258636475,True,90,0.14060719311237335,0.5387955904006958,0.29698947072029114,16.656307220458984,-20.483592987060547,-1.689873456954956,3555,541
2011_09_26_drive_0017_sync,0000000081,0,0.6982619762420654,16.90084457397461,-20.551876068115234,-1.804861307144165,True,93,0.6979280710220337,0.8911300897598267,0.09744153916835785,16.887025833129883,-20.55930519104004,-1.708691120147705,3558,538
2011_09_26_drive_0017_sync,0000000081,1,0.31925761699676514,-1.404750943183899,-8.200688362121582,-1.7152031660079956,False,,,0.0,,,,,3558,538
2011_09_26_drive_0017_sync,0000000081,2,0.8405463695526123,1.137812614440918,-21.106647491455078,-1.8845617771148682,True,60,0.8088824152946472,0.89857417345047,0.07852713018655777,1.1277875900268555,-21.10805892944336,-1.806689977645874,3558,538
2011_09_26_drive_0017_sync,0000000082,0,0.33291903138160706,-1.0927822589874268,-8.449862480163574,-1.8072385787963867,True,8,0.20717036724090576,0.8935287594795227,0.06769083440303802,-1.1319539546966553,-8.402215003967285,-1.779357671737671,3555,541
2011_09_26_drive_0017_sync,0000000082,1,0.8497512936592102,1.4558866024017334,-21.700674057006836,-1.910886526107788,True,64,0.7606501579284668,0.8423864245414734,0.09947198629379272,1.4778860807418823,-21.64461898803711,-1.990060567855835,3555,541
2011_09_26_drive_0017_sync,0000000082,2,0.30158481001853943,5.737051010131836,-38.16345977783203,-2.1069700717926025,False,,,0.0,,,,,3555,541
2011_09_26_drive_0017_sync,0000000083,0,0.6896697282791138,16.827058792114258,-20.69407844543457,-1.8146111965179443,True,57,0.7155082821846008,0.7233521342277527,0.13100376725196838,16.87073516845703,-20.643503189086914,-1.701932430267334,3565,531
2011_09_26_drive_0017_sync,0000000083,1,0.8682694435119629,1.7930909395217896,-22.17402458190918,-1.9529184103012085,True,61,0.8286698460578918,0.8494200110435486,0.09886100888252258,1.767028570175171,-22.246427536010742,-2.0149834156036377,3565,531
2011_09_26_drive_0017_sync,0000000084,0,0.7706312537193298,16.955293655395508,-20.458324432373047,-1.7681894302368164,True,66,0.7774801254272461,0.8105841875076294,0.14235801994800568,16.870983123779297,-20.566431045532227,-1.8065365552902222,3531,565
2011_09_26_drive_0017_sync,0000000084,1,0.4165318012237549,-1.4208418130874634,-8.085977554321289,-1.9064326286315918,True,61,0.28869515657424927,0.5752489566802979,0.19456776976585388,-1.2657737731933594,-8.012041091918945,-1.8150875568389893,3531,565
2011_09_26_drive_0017_sync,0000000084,2,0.7624154686927795,2.1183841228485107,-22.714061737060547,-1.891262173652649,True,94,0.7994853258132935,0.8231022953987122,0.062234535813331604,2.1230268478393555,-22.67582893371582,-1.940148115158081,3531,565
2011_09_26_drive_0017_sync,0000000085,0,0.573552668094635,17.14754867553711,-20.568218231201172,-1.7743308544158936,True,78,0.673006534576416,0.7063981294631958,0.2117587774991989,16.996219635009766,-20.43239402770996,-1.71522855758667,3535,561
2011_09_26_drive_0017_sync,0000000085,1,0.38746699690818787,-1.4912548065185547,-8.182798385620117,-1.86436128616333,True,52,0.381297767162323,0.623969554901123,0.3407617211341858,-1.2138760089874268,-8.378252029418945,-1.8330974578857422,3535,561
2011_09_26_drive_0017_sync,0000000085,2,0.7124074101448059,2.5093319416046143,-23.189964294433594,-1.9215086698532104,True,77,0.660679280757904,0.7304540872573853,0.23597167432308197,2.4076755046844482,-23.29488754272461,-2.106818437576294,3535,561
2011_09_26_drive_0017_sync,0000000086,0,0.7355434894561768,17.11491584777832,-20.425132751464844,-1.747813105583191,True,22,0.6747100353240967,0.8194767832756042,0.12442934513092041,17.00551414489746,-20.480724334716797,-1.72723388671875,3594,502
2011_09_26_drive_0017_sync,0000000086,1,0.8134701251983643,2.809037208557129,-23.762821197509766,-1.9413613080978394,True,87,0.7703026533126831,0.7065612077713013,0.1562776416540146,2.846555233001709,-23.62876319885254,-1.8703433275222778,3594,502
2011_09_26_drive_0017_sync,0000000087,0,0.8385739326477051,3.124939203262329,-24.355573654174805,-1.86329185962677,True,48,0.8530299067497253,0.8049816489219666,0.13243377208709717,3.1056363582611084,-24.22524070739746,-1.8766868114471436,3523,573
2011_09_26_drive_0017_sync,0000000087,1,0.49291524291038513,-1.1626670360565186,-8.281323432922363,-1.827709674835205,False,,,0.0,,,,,3523,573
2011_09_26_drive_0017_sync,0000000087,2,0.3890700936317444,5.6759514808654785,37.23945617675781,-0.8512610793113708,False,,,0.0,,,,,3523,573
2011_09_26_drive_0017_sync,0000000088,0,0.8339206576347351,3.430112838745117,-24.97254753112793,-2.0412192344665527,True,60,0.8055004477500916,0.8259979486465454,0.16102604568004608,3.4069554805755615,-25.014135360717773,-1.8873895406723022,3537,559
2011_09_26_drive_0017_sync,0000000089,0,0.7342044711112976,16.897117614746094,-20.386192321777344,-1.7476791143417358,True,91,0.4584653377532959,0.7953115701675415,0.1920090615749359,16.784570693969727,-20.537124633789062,-1.7853634357452393,3560,536
2011_09_26_drive_0017_sync,0000000089,1,0.832877516746521,3.713102340698242,-25.580047607421875,-1.9444459676742554,True,48,0.8241362571716309,0.8166692852973938,0.19931237399578094,3.6448588371276855,-25.439502716064453,-2.0682013034820557,3560,536
2011_09_26_drive_0017_sync,0000000090,0,0.8217740058898926,3.9699690341949463,-26.30213737487793,-1.9417918920516968,True,83,0.4849814772605896,0.7743555307388306,0.19372262060642242,3.9046993255615234,-26.185983657836914,-2.08242130279541,3528,568
2011_09_26_drive_0017_sync,0000000090,1,0.6810598969459534,16.99757194519043,-20.62491798400879,-1.7733359336853027,True,97,0.7379258871078491,0.7734156847000122,0.11693090945482254,16.897672653198242,-20.603254318237305,-1.7165586948394775,3528,568
2011_09_26_drive_0017_sync,0000000091,0,0.6822127103805542,4.089990615844727,-26.71124839782715,-1.907785177230835,True,66,0.30045562982559204,0.799725353717804,0.22076310217380524,4.138221263885498,-26.884742736816406,-2.0354952812194824,3524,572
2011_09_26_drive_0017_sync,0000000091,1,0.7712757587432861,16.914295196533203,-20.538618087768555,-1.7544372081756592,True,91,0.42429158091545105,0.6111801266670227,0.21144093573093414,16.708295822143555,-20.50285530090332,-1.7859419584274292,3524,572
2011_09_26_drive_0017_sync,0000000092,0,0.819317638874054,16.93577003479004,-20.409631729125977,-1.7498831748962402,True,59,0.81928950548172,0.7769902348518372,0.1301439255475998,16.954185485839844,-20.538164138793945,-1.758699893951416,3528,568
2011_09_26_drive_0017_sync,0000000092,1,0.8770639300346375,4.284204959869385,-27.565189361572266,-2.0323829650878906,True,77,0.8568156957626343,0.8526272773742676,0.10178195685148239,4.311604976654053,-27.592098236083984,-1.938124179840088,3528,568
2011_09_26_drive_0017_sync,0000000093,0,0.3688679337501526,-1.299301266670227,-8.060246467590332,-1.7603576183319092,True,74,0.39989152550697327,0.5791789889335632,0.1732325255870819,-1.2414460182189941,-7.897881507873535,-1.7776752710342407,3558,538
2011_09_26_drive_0017_sync,0000000093,1,0.8197000622749329,4.609518051147461,-28.391630172729492,-1.8597049713134766,True,44,0.803074300289154,0.8559173345565796,0.07483495026826859,4.606532096862793,-28.427051544189453,-1.9255584478378296,3558,538
2011_09_26_drive_0017_sync,0000000093,2,0.7623753547668457,16.87885093688965,-20.57413673400879,-1.7427074909210205,True,95,0.7181040048599243,0.8047989010810852,0.1936473399400711,16.952672958374023,-20.406503677368164,-1.6798683404922485,3558,538
2011_09_26_drive_0017_sync,0000000094,0,0.5001082420349121,16.7634334564209,-20.835519790649414,-1.8987680673599243,True,94,0.6692284345626831,0.5260425806045532,0.32927510142326355,16.575410842895508,-20.610078811645508,-1.749617338180542,3530,566
2011_09_26_drive_0017_sync,0000000094,1,0.3890332877635956,-1.456697940826416,-7.783748626708984,-1.7538273334503174,False,,,0.0,,,,,3530,566
2011_09_26_drive_0017_sync,0000000094,2,0.8001869916915894,4.733334064483643,-29.04478645324707,-1.913984775543213,True,11,0.7932125926017761,0.816774308681488,0.059994544833898544,4.786710262298584,-29.052141189575195,-1.8875985145568848,3530,566
2011_09_26_drive_0017_sync,0000000095,0,0.438863068819046,-1.2701549530029297,-8.199751853942871,-1.7351624965667725,True,88,0.3577456772327423,0.8177093267440796,0.12425172328948975,-1.2893052101135254,-8.10068130493164,-1.8076661825180054,3538,558
2011_09_26_drive_0017_sync,0000000095,1,0.7518402934074402,5.019109725952148,-29.945934295654297,-1.9501991271972656,True,37,0.7918931245803833,0.7603304386138916,0.13843946158885956,4.91113805770874,-29.95746421813965,-1.8643232583999634,3538,558
2011_09_26_drive_0017_sync,0000000095,2,0.6750960946083069,16.989835739135742,-20.64055633544922,-1.7930285930633545,True,60,0.6304420828819275,0.6857882738113403,0.23619629442691803,17.209409713745117,-20.662654876708984,-1.7088406085968018,3538,558
2011_09_26_drive_0017_sync,0000000096,0,0.37222129106521606,32.97562026977539,15.730598449707031,0.18564528226852417,True,38,0.27192991971969604,0.8455294370651245,0.1109677329659462,33.083885192871094,15.753786087036133,0.1930532455444336,3555,541
2011_09_26_drive_0017_sync,0000000096,1,0.7692014575004578,4.9089226722717285,-30.623149871826172,-1.9445078372955322,True,53,0.6530168652534485,0.8390659093856812,0.14161179959774017,4.912880897521973,-30.693798065185547,-1.8218413591384888,3555,541
2011_09_26_drive_0017_sync,0000000096,2,0.6716603636741638,16.85785675048828,-20.637845993041992,-1.7370820045471191,True,92,0.7748287916183472,0.8005476593971252,0.09120743721723557,16.82700538635254,-20.57986831665039,-1.8003716468811035,3555,541
2011_09_26_drive_0017_sync,0000000097,0,0.506683886051178,17.017696380615234,-20.461978912353516,-1.7231223583221436,True,75,0.8103049993515015,0.8126439452171326,0.09858966618776321,16.943832397460938,-20.525142669677734,-1.706558108329773,3611,485
2011_09_26_drive_0017_sync,0000000098,0,0.7386428713798523,17.203338623046875,-20.490327835083008,-1.7981877326965332,True,91,0.6414240598678589,0.7114664912223816,0.25367313623428345,16.962331771850586,-20.56800079345703,-1.8134413957595825,3555,541
2011_09_26_drive_0017_sync,0000000098,1,0.4969686269760132,-1.3727140426635742,-8.271315574645996,-1.7569580078125,True,32,0.47925132513046265,0.7650628089904785,0.1723414659500122,-1.2393001317977905,-8.192229270935059,-1.832108974456787,3555,541
2011_09_26_drive_0017_sync,0000000098,2,0.7685198187828064,5.115620136260986,-31.952566146850586,-2.0403733253479004,True,35,0.7280818223953247,0.8592353463172913,0.12535785138607025,5.150445938110352,-32.07289123535156,-2.0355124473571777,3555,541
2011_09_26_drive_0017_sync,0000000099,0,0.6740841269493103,16.919599533081055,-20.6900634765625,-1.743321180343628,True,24,0.7248424291610718,0.7591239213943481,0.06033457815647125,16.9324893951416,-20.669708251953125,-1.7986364364624023,3511,585
2011_09_26_drive_0017_sync,0000000099,1,0.7656636834144592,5.102682590484619,-32.76802062988281,-2.0371010303497314,True,28,0.6358808875083923,0.7482866644859314,0.14129161834716797,5.091886520385742,-32.87617492675781,-1.9468269348144531,3511,585
2011_09_26_drive_0017_sync,0000000100,0,0.3723394274711609,-1.3075284957885742,-8.306994438171387,-1.703503131866455,True,21,0.2186291664838791,0.7293872237205505,0.18375949561595917,-1.179195523262024,-8.293883323669434,-1.8343706130981445,3594,502
2011_09_26_drive_0017_sync,0000000100,1,0.785237193107605,5.013052940368652,-33.56463623046875,-1.7696940898895264,True,85,0.6302204728126526,0.6160458922386169,0.32154175639152527,5.291646480560303,-33.723106384277344,-1.7954225540161133,3594,502
2011_09_26_drive_0017_sync,0000000100,2,0.3030995726585388,17.289396286010742,-20.435993194580078,-1.8084523677825928,True,40,0.3854849636554718,0.5478752255439758,0.3643913269042969,16.987958908081055,-20.625045776367188,-1.7298669815063477,3594,502
2011_09_26_drive_0017_sync,0000000101,0,0.32849398255348206,24.213781356811523,-24.50502586364746,-1.53584885597229,False,,,0.0,,,,,3587,509
2011_09_26_drive_0017_sync,0000000101,1,0.817348837852478,5.2635064125061035,-34.394649505615234,-1.9249727725982666,True,88,0.83704674243927,0.7789796590805054,0.14457789063453674,5.179192543029785,-34.33149337768555,-1.825951337814331,3587,509
2011_09_26_drive_0017_sync,0000000101,2,0.7161715030670166,16.867748260498047,-20.575164794921875,-1.7183185815811157,True,73,0.6273736357688904,0.7572792172431946,0.10060280561447144,16.959842681884766,-20.544597625732422,-1.7448740005493164,3587,509
2011_09_26_drive_0017_sync,0000000101,3,0.5239097476005554,-1.0047775506973267,-8.358760833740234,-1.7860565185546875,True,79,0.14968319237232208,0.5234784483909607,0.4428485035896301,-0.5979005098342896,-8.532389640808105,-1.8065241575241089,3587,509
2011_09_26_drive_0017_sync,0000000102,0,0.5153761506080627,-1.313889980316162,-8.232779502868652,-1.768319010734558,True,5,0.4010760486125946,0.7494750618934631,0.19613017141819,-1.2077232599258423,-8.397677421569824,-1.7704036235809326,3542,554
2011_09_26_drive_0017_sync,0000000102,1,0.8093997836112976,16.943317413330078,-20.502899169921875,-1.7698544263839722,True,91,0.7509676814079285,0.8929190635681152,0.17185983061790466,16.89469337463379,-20.66766929626465,-1.7745778560638428,3542,554
2011_09_26_drive_0017_sync,0000000102,2,0.7621879577636719,5.265226364135742,-35.23860168457031,-2.047907829284668,True,46,0.6605976223945618,0.6437253355979919,0.3329089879989624,5.045493125915527,-35.011959075927734,-1.9421778917312622,3542,554
2011_09_26_drive_0017_sync,0000000103,0,0.8009471893310547,16.995859146118164,-20.677478790283203,-1.6226083040237427,True,96,0.532487154006958,0.7668412327766418,0.15524017810821533,16.919490814208984,-20.566829681396484,-1.7002238035202026,3560,536
2011_09_26_drive_0017_sync,0000000104,0,0.6497059464454651,17.135208129882812,-20.45706558227539,-1.8264936208724976,True,31,0.59067302942276,0.6020135879516602,0.17260690033435822,17.021181106567383,-20.52974510192871,-1.7192151546478271,3560,536
2011_09_26_drive_0017_sync,0000000104,1,0.3378247618675232,4.829162120819092,-36.80512619018555,-2.118471622467041,True,91,0.053109701722860336,0.8564156889915466,0.13758379220962524,4.882095813751221,-36.6805419921875,-2.1430907249450684,3560,536
2011_09_26_drive_0017_sync,0000000105,0,0.5883381962776184,4.686659812927246,-37.54397964477539,-1.9341850280761719,True,41,0.25831708312034607,0.7320290803909302,0.20651234686374664,4.796175956726074,-37.445987701416016,-2.079275131225586,3557,539
2011_09_26_drive_0017_sync,0000000105,1,0.38073575496673584,17.19472312927246,-20.694093704223633,-1.7695893049240112,True,58,0.7330554723739624,0.6702665090560913,0.26961442828178406,16.929386138916016,-20.678438186645508,-1.7243883609771729,3557,539
2011_09_26_drive_0017_sync,0000000106,0,0.31202584505081177,4.703660488128662,-38.53062057495117,-1.982079267501831,True,35,0.35383445024490356,0.64405757188797,0.23547250032424927,4.579743385314941,-38.4055290222168,-2.138424873352051,3546,550
2011_09_26_drive_0017_sync,0000000106,1,0.8131173253059387,16.899635314941406,-20.503910064697266,-1.7732638120651245,True,89,0.7414056062698364,0.8001521229743958,0.06018570438027382,16.94557762145996,-20.53910255432129,-1.7567377090454102,3546,550
2011_09_26_drive_0017_sync,0000000107,0,0.41506120562553406,-0.9035385847091675,-8.43538761138916,-1.8110284805297852,False,,,0.0,,,,,3559,537
2011_09_26_drive_0017_sync,0000000107,1,0.7386937737464905,16.874135971069336,-20.5758056640625,-1.7053905725479126,True,25,0.5573170185089111,0.7548233866691589,0.15807321667671204,16.896921157836914,-20.428876876831055,-1.6517257690429688,3559,537
2011_09_26_drive_0017_sync,0000000108,0,0.3049531877040863,-1.2857301235198975,-8.262812614440918,-1.7682197093963623,True,63,0.3147958815097809,0.6989652514457703,0.20673078298568726,-1.1274549961090088,-8.39262866973877,-1.7971055507659912,3562,534
2011_09_26_drive_0017_sync,0000000108,1,0.6992765069007874,16.962858200073242,-20.555002212524414,-1.693071961402893,True,33,0.6491124629974365,0.6918279528617859,0.3541247248649597,17.0322208404541,-20.887521743774414,-1.7931914329528809,3562,534
2011_09_26_drive_0017_sync,0000000109,0,0.5715217590332031,4.473433494567871,-40.71114730834961,-2.2073800563812256,False,,,0.0,,,,,3544,552
2011_09_26_drive_0017_sync,0000000110,0,0.7466001510620117,0.42507269978523254,-18.79906463623047,-1.9186919927597046,True,40,0.6421186327934265,0.7872152328491211,0.3457886576652527,0.13954070210456848,-18.606456756591797,-1.8879759311676025,3587,509
2011_09_26_drive_0017_sync,0000000110,1,0.3568510115146637,-1.4622286558151245,-7.912189960479736,-1.7568144798278809,True,79,0.4714600145816803,0.7615413069725037,0.18146175146102905,-1.3976033926010132,-8.076667785644531,-1.7980332374572754,3587,509
2011_09_26_drive_0017_sync,0000000111,0,0.6285689473152161,17.019868850708008,-20.487136840820312,-1.7035863399505615,True,69,0.6483023762702942,0.7999284267425537,0.14101392030715942,16.92535972595215,-20.405893325805664,-1.769559383392334,3545,551
2011_09_26_drive_0017_sync,0000000111,1,0.38992616534233093,-0.9133329391479492,-8.706693649291992,-1.7950600385665894,True,20,0.5297212600708008,0.5158820748329163,0.47467586398124695,-1.2064712047576904,-8.33395004272461,-1.8162569999694824,3545,551
2011_09_26_drive_0017_sync,0000000111,2,0.8226919174194336,0.7648218870162964,-19.318845748901367,-1.9465587139129639,True,81,0.8434016704559326,0.861940324306488,0.08190512657165527,0.836914598941803,-19.313352584838867,-1.9850413799285889,3545,551
2011_09_26_drive_0017_sync,0000000112,0,0.8403223156929016,1.2285641431808472,-19.801837921142578,-1.948899507522583,True,52,0.8120763897895813,0.866951584815979,0.0528881698846817,1.2039413452148438,-19.843414306640625,-1.9704002141952515,3545,551
2011_09_26_drive_0017_sync,0000000112,1,0.764825701713562,16.97574806213379,-20.53152847290039,-1.6827287673950195,True,44,0.7257905006408691,0.7703701853752136,0.1457875818014145,16.958396911621094,-20.65519142150879,-1.7579646110534668,3545,551
2011_09_26_drive_0017_sync,0000000113,0,0.880561351776123,1.7437831163406372,-20.350570678710938,-1.9848084449768066,True,68,0.8125654458999634,0.8965169191360474,0.01762646995484829,1.7275477647781372,-20.350191116333008,-1.9779555797576904,3576,520
2011_09_26_drive_0017_sync,0000000113,1,0.5001944303512573,-1.3935438394546509,-8.1317720413208,-1.755096435546875,True,35,0.21957549452781677,0.6261605620384216,0.05829882621765137,-1.4135714769363403,-8.107555389404297,-1.8042004108428955,3576,520
2011_09_26_drive_0017_sync,0000000113,2,0.7867904305458069,17.004695892333984,-20.37286949157715,-1.7700213193893433,True,74,0.8047155141830444,0.8064568042755127,0.12992966175079346,16.87488555908203,-20.37807846069336,-1.7680563926696777,3576,520
2011_09_26_drive_0018_sync,0000000000,0,0.8921899199485779,12.123905181884766,3.2648751735687256,-1.5845239162445068,True,43,0.8921899199485779,1.0,0.0,12.123905181884766,3.2648751735687256,-1.5845239162445068,0,0
2011_09_26_drive_0018_sync,0000000000,1,0.43037503957748413,-1.2766447067260742,-8.311066627502441,-1.7984907627105713,True,67,0.43037503957748413,1.0,0.0,-1.2766447067260742,-8.311066627502441,-1.7984907627105713,0,0
2011_09_26_drive_0018_sync,0000000000,2,0.359075129032135,25.4260196685791,-28.888946533203125,-1.9366726875305176,True,78,0.359075129032135,1.0,0.0,25.4260196685791,-28.888946533203125,-1.9366726875305176,0,0
2011_09_26_drive_0018_sync,0000000001,0,0.35508352518081665,-1.0551007986068726,-8.484041213989258,-1.8169503211975098,True,53,0.24863232672214508,0.5366314649581909,0.4571857750415802,-1.2994416952133179,-8.101844787597656,-1.7600094079971313,3566,530
2011_09_26_drive_0018_sync,0000000001,1,0.8709398508071899,11.397546768188477,3.8772168159484863,-1.5945394039154053,True,39,0.8506040573120117,0.9342460632324219,0.0454866997897625,11.435638427734375,3.853328227996826,-1.601424217224121,3566,530
2011_09_26_drive_0018_sync,0000000002,0,0.843980610370636,10.691937446594238,4.518234729766846,-1.5175318717956543,True,61,0.8515388369560242,0.8417534828186035,0.11658093333244324,10.639540672302246,4.563621997833252,-1.6112638711929321,3510,586
2011_09_26_drive_0018_sync,0000000002,1,0.47785621881484985,-1.1645734310150146,-8.578628540039062,-1.759161353111267,False,,,0.0,,,,,3510,586
2011_09_26_drive_0018_sync,0000000003,0,0.4000886380672455,-1.423633098602295,-8.20519733428955,-1.8085488080978394,True,63,0.5634573101997375,0.8754182457923889,0.05210563540458679,-1.4205490350723267,-8.24617862701416,-1.7765172719955444,3485,611
2011_09_26_drive_0018_sync,0000000003,1,0.8719466328620911,9.863675117492676,5.0856404304504395,-1.6399192810058594,True,99,0.9011940360069275,0.9097625613212585,0.04822574928402901,9.82137393951416,5.104331016540527,-1.6262446641921997,3485,611
2011_09_26_drive_0018_sync,0000000004,0,0.8894237279891968,9.081899642944336,5.6386637687683105,-1.562279462814331,True,81,0.887131929397583,0.8613231778144836,0.06928808987140656,9.066727638244629,5.576524257659912,-1.5356462001800537,3480,616
2011_09_26_drive_0018_sync,0000000004,1,0.44337528944015503,-1.2069625854492188,-8.361324310302734,-1.7659237384796143,True,65,0.4012489914894104,0.7426128387451172,0.19730588793754578,-1.341266393661499,-8.219979286193848,-1.73569655418396,3480,616
2011_09_26_drive_0018_sync,0000000005,0,0.48671969771385193,-1.4807454347610474,-7.981074810028076,-1.7279086112976074,True,34,0.4272650182247162,0.8443762063980103,0.11732877790927887,-1.4645575284957886,-7.869466304779053,-1.7602742910385132,3481,615
2011_09_26_drive_0018_sync,0000000005,1,0.8961570262908936,8.10336685180664,6.14345645904541,-1.648306965827942,True,15,0.8793415427207947,0.8662487268447876,0.06800655275583267,8.102095603942871,6.167394161224365,-1.584665298461914,3481,615
2011_09_26_drive_0018_sync,0000000005,2,0.5364266037940979,28.8204288482666,-24.55223274230957,-1.848065972328186,True,99,0.4710024297237396,0.592416524887085,0.31240010261535645,28.665292739868164,-24.819019317626953,-1.8965585231781006,3481,615
2011_09_26_drive_0018_sync,0000000006,0,0.47849395871162415,-1.3842800855636597,-8.18249225616455,-1.780900239944458,True,41,0.4284864664077759,0.5860062837600708,0.2023739069700241,-1.4375749826431274,-7.989978313446045,-1.7484467029571533,3486,610
2011_09_26_drive_0018_sync,0000000006,1,0.8847740292549133,7.270693778991699,6.553740978240967,-1.6273772716522217,True,92,0.8764851689338684,0.8847590684890747,0.07690547406673431,7.209935188293457,6.570239543914795,-1.5832111835479736,3486,610
2011_09_26_drive_0018_sync,0000000007,0,0.8792756795883179,6.288179397583008,7.041309356689453,-1.6445915699005127,True,34,0.9043290615081787,0.8629583716392517,0.0374932698905468,6.268158912658691,7.024677753448486,-1.6715788841247559,3478,618
2011_09_26_drive_0018_sync,0000000008,0,0.8802247643470764,5.215022563934326,7.418312072753906,-1.6427327394485474,True,80,0.842138409614563,0.8390111327171326,0.10075477510690689,5.280354976654053,7.349103927612305,-1.6096656322479248,3457,639
2011_09_26_drive_0018_sync,0000000008,1,0.5468834042549133,29.739234924316406,-21.939136505126953,-1.898529052734375,True,72,0.28757843375205994,0.5041296482086182,0.3950115740299225,29.992338180541992,-22.215272903442383,-1.7731434106826782,3457,639
2011_09_26_drive_0018_sync,0000000009,0,0.5361398458480835,30.63197135925293,-21.234081268310547,-1.9097150564193726,True,88,0.6783241629600525,0.6269818544387817,0.24760176241397858,30.674072265625,-20.99039077758789,-1.8975048065185547,3439,657
2011_09_26_drive_0018_sync,0000000009,1,0.8440077900886536,4.256954193115234,7.8670268058776855,-1.6745080947875977,True,31,0.8681859374046326,0.8628974556922913,0.09220627695322037,4.2309160232543945,7.784387111663818,-1.6429693698883057,3439,657
2011_09_26_drive_0018_sync,0000000009,2,0.4294591248035431,-1.1000727415084839,-8.370936393737793,-1.8789265155792236,False,,,0.0,,,,,3439,657
2011_09_26_drive_0018_sync,0000000010,0,0.8687669634819031,3.2193827629089355,8.037479400634766,-1.6210684776306152,True,33,0.8941733837127686,0.8907873034477234,0.07184746861457825,3.238201856613159,8.044903755187988,-1.6900088787078857,3422,674
2011_09_26_drive_0018_sync,0000000010,1,0.33008459210395813,-0.809709906578064,-8.590693473815918,-1.770638346672058,False,,,0.0,,,,,3422,674
2011_09_26_drive_0018_sync,0000000011,0,0.8727898001670837,2.1142232418060303,8.364398956298828,-1.7222285270690918,True,32,0.8534696102142334,0.8813325762748718,0.07657088339328766,2.1480135917663574,8.385510444641113,-1.6568403244018555,3431,665
2011_09_26_drive_0018_sync,0000000011,1,0.4131893515586853,-1.3014544248580933,-8.089327812194824,-1.8768500089645386,False,,,0.0,,,,,3431,665
2011_09_26_drive_0018_sync,0000000012,0,0.8178148865699768,1.1408624649047852,8.496017456054688,-1.6539134979248047,True,59,0.8224918842315674,0.7857851982116699,0.12637828290462494,1.0756378173828125,8.393387794494629,-1.6883281469345093,3455,641
2011_09_26_drive_0018_sync,0000000013,0,0.7802051901817322,-0.2664276659488678,8.7559175491333,-1.6841013431549072,True,91,0.7694581151008606,0.8740977644920349,0.11391347646713257,-0.1555231511592865,8.755375862121582,-1.7101047039031982,3507,589
2011_09_26_drive_0018_sync,0000000014,0,0.38876667618751526,34.876319885253906,-17.23981475830078,-1.7431163787841797,True,9,0.17870976030826569,0.7019833922386169,0.13290564715862274,34.76642608642578,-17.16510772705078,-1.7406411170959473,3514,582
2011_09_26_drive_0018_sync,0000000014,1,0.3465556800365448,-0.9277582168579102,-8.679810523986816,-1.8064532279968262,True,56,0.29460445046424866,0.5259541273117065,0.4626941978931427,-1.1249186992645264,-8.262097358703613,-1.7794461250305176,3514,582
2011_09_26_drive_0018_sync,0000000014,2,0.6749148964881897,-1.0984597206115723,8.765314102172852,-1.7192423343658447,True,99,0.6886647939682007,0.9088315367698669,0.04863559082150459,-1.1408741474151611,8.773858070373535,-1.6970288753509521,3514,582
2011_09_26_drive_0018_sync,0000000015,0,0.35853931307792664,-1.2899489402770996,-8.271615028381348,-1.764365315437317,True,28,0.38760098814964294,0.7846119403839111,0.17545463144779205,-1.3869507312774658,-8.127456665039062,-1.7887239456176758,3549,547
2011_09_26_drive_0018_sync,0000000017,0,0.4205091595649719,-1.4888556003570557,-7.780440330505371,-1.8297897577285767,False,,,0.0,,,,,3552,544
2011_09_26_drive_0018_sync,0000000018,0,0.4205864667892456,-1.2410080432891846,-8.03196907043457,-1.7895961999893188,True,74,0.42439332604408264,0.5056498646736145,0.32465001940727234,-1.1754395961761475,-8.349020957946777,-1.8136067390441895,3559,537
2011_09_26_drive_0018_sync,0000000019,0,0.39174214005470276,-1.1103427410125732,-7.904636859893799,-1.8400347232818604,True,54,0.36187154054641724,0.6316120028495789,0.28663504123687744,-1.2457770109176636,-8.15394401550293,-1.799252986907959,3545,551
2011_09_26_drive_0018_sync,0000000020,0,0.5225253105163574,-1.0400816202163696,-8.180013656616211,-1.7939680814743042,True,77,0.3864653706550598,0.5382708311080933,0.33794018626213074,-1.2694144248962402,-7.932267189025879,-1.8091905117034912,3572,524
2011_09_26_drive_0018_sync,0000000021,0,0.5178059339523315,-1.1164664030075073,-7.834096908569336,-1.841890573501587,True,67,0.5116217136383057,0.530864953994751,0.44493842124938965,-1.2110059261322021,-8.256736755371094,-1.7398706674575806,3534,562
2011_09_26_drive_0018_sync,0000000022,0,0.5068438053131104,-1.1432561874389648,-7.877691745758057,-1.7951891422271729,False,,,0.0,,,,,3541,555
2011_09_26_drive_0018_sync,0000000022,1,0.38972413539886475,42.15300369262695,-12.173486709594727,-1.4174444675445557,False,,,0.0,,,,,3541,555
2011_09_26_drive_0018_sync,0000000023,0,0.559718132019043,-0.8504006862640381,-7.745594501495361,-1.8909491300582886,True,61,0.5171501040458679,0.6197109222412109,0.25236350297927856,-0.8142858147621155,-7.964869499206543,-1.771360158920288,3536,560
2011_09_26_drive_0018_sync,0000000024,0,0.6268078684806824,-0.8400113582611084,-7.780279636383057,-1.7576252222061157,True,90,0.6508153676986694,0.790974497795105,0.1373167484998703,-0.7923150062561035,-7.658379554748535,-1.7161364555358887,3522,574
2011_09_26_drive_0018_sync,0000000025,0,0.33962079882621765,23.750713348388672,15.569294929504395,-1.3834761381149292,True,87,0.3507351279258728,0.681155264377594,0.4172046184539795,23.868450164794922,15.956365585327148,-1.485329270362854,3571,525
2011_09_26_drive_0018_sync,0000000025,1,0.7421540021896362,-0.6727983951568604,-7.723137855529785,-1.743988037109375,True,73,0.7812104225158691,0.8636380434036255,0.13042590022087097,-0.7924115657806396,-7.772290229797363,-1.7609481811523438,3571,525
2011_09_26_drive_0018_sync,0000000026,0,0.627964198589325,-0.42314964532852173,-7.655705451965332,-1.7078709602355957,True,40,0.6035436987876892,0.6158050894737244,0.4595108926296234,-0.8455550670623779,-7.814938545227051,-1.7937123775482178,3498,598
2011_09_26_drive_0018_sync,0000000027,0,0.40552911162376404,0.16280782222747803,-7.8381805419921875,-1.7509560585021973,True,13,0.3686373233795166,0.5658179521560669,0.5639183521270752,-0.3605703115463257,-8.047807693481445,-1.7626028060913086,3554,542
2011_09_26_drive_0018_sync,0000000028,0,0.804434061050415,0.2410079836845398,-7.787586688995361,-1.7589867115020752,True,73,0.7669569849967957,0.7839407324790955,0.16921615600585938,0.4075946807861328,-7.787116527557373,-1.7886979579925537,3543,553
2011_09_26_drive_0018_sync,0000000029,0,0.45647528767585754,-1.2331353425979614,-4.170408725738525,-1.748367190361023,True,88,0.411416620016098,0.5487594604492188,0.4154323637485504,-1.100942850112915,-4.563673496246338,-1.727107048034668,3475,621
2011_09_26_drive_0018_sync,0000000029,1,0.785795271396637,0.8467507362365723,-7.765826225280762,-1.835378885269165,True,68,0.7315352559089661,0.657543420791626,0.23735080659389496,0.6285786032676697,-7.7627058029174805,-1.7419626712799072,3475,621
2011_09_26_drive_0018_sync,0000000029,2,0.37149038910865784,49.6036491394043,-8.870205879211426,-1.3463472127914429,True,97,0.23380069434642792,0.870593249797821,0.10244444757699966,49.50876235961914,-8.843430519104004,-1.3185184001922607,3475,621
2011_09_26_drive_0018_sync,0000000030,0,0.7290894985198975,0.9553033709526062,-7.752353668212891,-1.7660373449325562,True,42,0.8097988963127136,0.9209743142127991,0.03790630027651787,0.9812577366828918,-7.775341987609863,-1.781360387802124,3530,566
2011_09_26_drive_0018_sync,0000000030,1,0.376494824886322,2.5224225521087646,-13.537459373474121,-4.191108226776123,False,,,0.0,,,,,3530,566
2011_09_26_drive_0018_sync,0000000030,2,0.3354981541633606,24.131118774414062,15.686004638671875,-1.1215558052062988,False,,,0.0,,,,,3530,566
2011_09_26_drive_0018_sync,0000000030,3,0.5578153729438782,-0.9544607996940613,-4.223080158233643,-1.7813992500305176,True,18,0.16738761961460114,0.5516489148139954,0.39738115668296814,-0.9091901779174805,-3.8320939540863037,-1.726698875427246,3530,566
2011_09_26_drive_0018_sync,0000000031,0,0.6176561713218689,-0.3426731824874878,-4.053088665008545,-1.7674921751022339,True,73,0.5764375329017639,0.504155695438385,0.8942136764526367,0.5506324768066406,-4.05574893951416,-1.8076916933059692,3503,593
2011_09_26_drive_0018_sync,0000000031,1,0.6750253438949585,-0.5856542587280273,-18.874208450317383,-2.028944969177246,True,97,0.6438459753990173,0.8263570070266724,0.2156451940536499,-0.7011480331420898,-18.69356346130371,-2.051997661590576,3503,593
2011_09_26_drive_0018_sync,0000000031,2,0.7321226000785828,1.4088671207427979,-7.834357261657715,-1.7361335754394531,True,81,0.7561029195785522,0.6974025368690491,0.4579012989997864,0.9611743688583374,-7.9206743240356445,-1.6937761306762695,3503,593
2011_09_26_drive_0018_sync,0000000032,0,0.703647255897522,1.6839797496795654,-7.863398551940918,-1.678575038909912,True,99,0.7417312264442444,0.9204294085502625,0.03671180456876755,1.711728811264038,-7.882429122924805,-1.6932578086853027,3445,651
2011_09_26_drive_0018_sync,0000000032,1,0.5212475657463074,0.05526815727353096,-3.9437255859375,-1.6891342401504517,True,52,0.6849620342254639,0.7786438465118408,0.10690252482891083,0.07158517837524414,-4.041467666625977,-1.7292389869689941,3445,651
2011_09_26_drive_0018_sync,0000000033,0,0.7151284217834473,0.4213126301765442,-20.10256576538086,-1.8903963565826416,True,92,0.6951598525047302,0.7176766991615295,0.24650472402572632,0.6570268273353577,-20.170108795166016,-1.9157209396362305,3456,640
2011_09_26_drive_0018_sync,0000000033,1,0.7012403011322021,2.41597580909729,-7.808909893035889,-1.6989585161209106,True,39,0.7258513569831848,0.8271101117134094,0.1793256253004074,2.2368545532226562,-7.813793182373047,-1.6919293403625488,3456,640
2011_09_26_drive_0018_sync,0000000033,2,0.7748090624809265,1.0176808834075928,-4.038444519042969,-1.7663601636886597,True,18,0.7886940240859985,0.8195496797561646,0.16748353838920593,1.1776118278503418,-4.062983989715576,-1.723109245300293,3456,640
2011_09_26_drive_0018_sync,0000000034,0,0.4386330544948578,2.2927463054656982,-7.765611171722412,-1.6704448461532593,True,64,0.46810126304626465,0.8280362486839294,0.10801295936107635,2.185883045196533,-7.780902862548828,-1.6740789413452148,3448,648
2011_09_26_drive_0018_sync,0000000034,1,0.8879072070121765,1.7776992321014404,-3.957350969314575,-1.7972698211669922,True,46,0.8851563334465027,0.8168057203292847,0.08728339523077011,1.8125576972961426,-3.910471200942993,-1.732419490814209,3448,648
2011_09_26_drive_0018_sync,0000000034,2,0.7456295490264893,0.9620422124862671,-20.697668075561523,-2.0529963970184326,True,51,0.7683960199356079,0.8169781565666199,0.06937761604785919,0.900111973285675,-20.719051361083984,-2.0758142471313477,3448,648
2011_09_26_drive_0018_sync,0000000035,0,0.8651025891304016,1.3223642110824585,-21.31501007080078,-1.8597620725631714,True,62,0.8508672118186951,0.8618394136428833,0.17962348461151123,1.3549606800079346,-21.367326736450195,-2.028477907180786,3436,660
2011_09_26_drive_0018_sync,0000000035,1,0.9024989008903503,2.5052971839904785,-3.941819667816162,-1.682434320449829,True,16,0.894848108291626,0.9129226207733154,0.04597977176308632,2.4648942947387695,-3.9615416526794434,-1.6728016138076782,3436,660
2011_09_26_drive_0018_sync,0000000035,2,0.6317763924598694,3.5414483547210693,-7.881894111633301,-1.8331003189086914,True,64,0.6594135165214539,0.6947261691093445,0.25974351167678833,3.326641321182251,-7.92454719543457,-1.6934387683868408,3436,660
2011_09_26_drive_0018_sync,0000000036,0,0.8848893046379089,3.1341054439544678,-3.9200081825256348,-1.6922805309295654,True,60,0.8765369057655334,0.8669553399085999,0.08352991938591003,3.1091935634613037,-3.9989027976989746,-1.680778980255127,3416,680
2011_09_26_drive_0018_sync,0000000036,1,0.796491265296936,3.8928322792053223,-7.801200866699219,-1.7170284986495972,True,86,0.7937188148498535,0.816007137298584,0.12986652553081512,3.865468740463257,-7.927464485168457,-1.7302212715148926,3416,680
2011_09_26_drive_0018_sync,0000000036,2,0.8375328183174133,1.6913909912109375,-21.900482177734375,-2.022904872894287,True,41,0.8676143288612366,0.9124200940132141,0.04356502741575241,1.6692485809326172,-21.902667999267578,-1.985450267791748,3416,680
2011_09_26_drive_0018_sync,0000000037,0,0.841575026512146,2.0523784160614014,-22.618083953857422,-1.9448835849761963,True,34,0.8184770345687866,0.8425005078315735,0.12524524331092834,2.115039110183716,-22.71310806274414,-1.9971370697021484,3423,673
2011_09_26_drive_0018_sync,0000000037,1,0.7821430563926697,4.480066299438477,-7.750072479248047,-1.7386517524719238,True,87,0.7884659171104431,0.8745912909507751,0.0753079354763031,4.552545547485352,-7.755148887634277,-1.7584576606750488,3423,673
2011_09_26_drive_0018_sync,0000000037,2,0.8865103721618652,3.7911503314971924,-3.900240659713745,-1.7596369981765747,True,77,0.8636698126792908,0.8662269711494446,0.088280588388443,3.845993995666504,-3.9439780712127686,-1.7060396671295166,3423,673
2011_09_26_drive_0018_sync,0000000038,0,0.8539134860038757,5.199185371398926,-7.68787956237793,-1.7397576570510864,True,42,0.8453319668769836,0.9003793597221375,0.02877875603735447,5.1923112869262695,-7.69038200378418,-1.7119241952896118,3409,687
2011_09_26_drive_0018_sync,0000000038,1,0.8859900832176208,4.5004119873046875,-3.8493189811706543,-1.724665880203247,True,26,0.8928716778755188,0.8756610751152039,0.0460653156042099,4.498361587524414,-3.853147029876709,-1.6788057088851929,3409,687
2011_09_26_drive_0018_sync,0000000038,2,0.8430730700492859,2.4444570541381836,-23.211320877075195,-1.951992154121399,True,17,0.8526294231414795,0.8786634206771851,0.07044986635446548,2.4781060218811035,-23.27187728881836,-1.9647926092147827,3409,687
2011_09_26_drive_0018_sync,0000000039,0,0.9000200629234314,5.264307498931885,-3.838205575942993,-1.685307264328003,True,33,0.8785712718963623,0.9023126363754272,0.08028658479452133,5.337353706359863,-3.870940923690796,-1.6915189027786255,3421,675
2011_09_26_drive_0018_sync,0000000039,1,0.8428047895431519,5.774082660675049,-7.734716892242432,-1.7269772291183472,True,32,0.8221267461776733,0.768387496471405,0.16372382640838623,5.617958068847656,-7.693324089050293,-1.7001959085464478,3421,675
2011_09_26_drive_0018_sync,0000000039,2,0.8649381399154663,2.772064685821533,-24.016033172607422,-1.9258577823638916,True,63,0.8256405591964722,0.7830050587654114,0.20179417729377747,2.7810721397399902,-23.816877365112305,-1.894605278968811,3421,675
2011_09_26_drive_0018_sync,0000000040,0,0.8915736675262451,6.024746894836426,-3.8259313106536865,-1.6400115489959717,True,35,0.896909773349762,0.8758313655853271,0.11078158020973206,6.131924152374268,-3.8535618782043457,-1.6447174549102783,3440,656
2011_09_26_drive_0018_sync,0000000040,1,0.8209497928619385,3.131075143814087,-24.808082580566406,-1.9412767887115479,True,28,0.8660211563110352,0.8412758111953735,0.11884045600891113,3.1456551551818848,-24.69375228881836,-1.9702433347702026,3440,656
2011_09_26_drive_0018_sync,0000000040,2,0.8753109574317932,6.230166435241699,-7.75469970703125,-1.7181776762008667,True,0,0.8414823412895203,0.796981930732727,0.10377372056245804,6.152585983276367,-7.6880903244018555,-1.7358821630477905,3440,656
2011_09_26_drive_0018_sync,0000000041,0,0.9053313136100769,6.826690673828125,-3.79651141166687,-1.637773036956787,True,50,0.895079493522644,0.9052795171737671,0.02361610345542431,6.818770885467529,-3.8178486824035645,-1.631470799446106,3415,681
2011_09_26_drive_0018_sync,0000000041,1,0.3349854052066803,-0.595146656036377,-7.848596096038818,-1.8174219131469727,True,59,0.5439023971557617,0.8566141724586487,0.13812081515789032,-0.4669193625450134,-7.899878025054932,-1.8197201490402222,3415,681
2011_09_26_drive_0018_sync,0000000041,2,0.8574061393737793,3.4236085414886475,-25.585573196411133,-2.0422327518463135,True,98,0.8148136138916016,0.9024738073348999,0.07135961949825287,3.4692323207855225,-25.613142013549805,-1.9947919845581055,3415,681
2011_09_26_drive_0018_sync,0000000041,3,0.8524189591407776,6.861248016357422,-7.665162563323975,-1.679551124572754,True,57,0.8658653497695923,0.9404925107955933,0.03638819605112076,6.883444309234619,-7.638429164886475,-1.6903562545776367,3415,681
2011_09_26_drive_0018_sync,0000000042,0,0.8790875673294067,7.627081394195557,-7.693638801574707,-1.723670482635498,True,40,0.8866971135139465,0.8382330536842346,0.09968359023332596,7.68159294128418,-7.726691722869873,-1.6470361948013306,3405,691
2011_09_26_drive_0018_sync,0000000042,1,0.3224160969257355,0.19092899560928345,-8.248272895812988,-1.8010175228118896,False,,,0.0,,,,,3405,691
2011_09_26_drive_0018_sync,0000000042,2,0.8963053822517395,7.747527122497559,-3.810575008392334,-1.6610370874404907,True,95,0.8910297751426697,0.9158854484558105,0.04495859891176224,7.734009265899658,-3.7702083587646484,-1.6465775966644287,3405,691
2011_09_26_drive_0018_sync,0000000042,3,0.8753737807273865,3.7712438106536865,-26.324430465698242,-2.0076956748962402,True,74,0.8683276772499084,0.9084974527359009,0.07755401730537415,3.761462926864624,-26.24861717224121,-1.9946073293685913,3405,691
2011_09_26_drive_0018_sync,0000000043,0,0.9017636775970459,8.544092178344727,-3.7505366802215576,-1.6314775943756104,True,83,0.9112558960914612,0.9307159185409546,0.05149790644645691,8.586712837219238,-3.7675087451934814,-1.6080796718597412,3360,736
2011_09_26_drive_0018_sync,0000000043,1,0.8985763192176819,8.371280670166016,-7.692486763000488,-1.7033485174179077,True,71,0.8611640930175781,0.9071485996246338,0.043211694806814194,8.39712905883789,-7.722802639007568,-1.720083475112915,3360,736
2011_09_26_drive_0018_sync,0000000043,2,0.7472102046012878,3.874218702316284,-27.025672912597656,-1.912803053855896,True,57,0.7980058789253235,0.9637962579727173,0.026279373094439507,3.8968300819396973,-27.038972854614258,-1.9143658876419067,3360,736
2011_09_26_drive_0018_sync,0000000043,3,0.7276632189750671,1.0746145248413086,-7.856332778930664,-1.7499322891235352,True,80,0.7685805559158325,0.7202272415161133,0.33772075176239014,0.7498716115951538,-7.7647318840026855,-1.764306664466858,3360,736
2011_09_26_drive_0018_sync,0000000044,0,0.8674752712249756,9.132782936096191,-7.731117248535156,-1.659860610961914,True,33,0.8783132433891296,0.9176024794578552,0.042979657649993896,9.136113166809082,-7.77394437789917,-1.658447265625,3388,708
2011_09_26_drive_0018_sync,0000000044,1,0.8163853883743286,4.075971603393555,-27.759410858154297,-1.8203845024108887,True,80,0.7834958434104919,0.9074733853340149,0.07652793079614639,4.082759857177734,-27.688371658325195,-1.8480228185653687,3388,708
2011_09_26_drive_0018_sync,0000000044,2,0.8860833644866943,9.34494400024414,-3.7247517108917236,-1.6228969097137451,True,46,0.8939322233200073,0.9544416666030884,0.019549529999494553,9.335923194885254,-3.738445520401001,-1.6335406303405762,3388,708
2011_09_26_drive_0018_sync,0000000044,3,0.8418136239051819,1.3052210807800293,-7.847843170166016,-1.7415008544921875,True,35,0.8004831075668335,0.8941543698310852,0.06459938734769821,1.3516079187393188,-7.885768890380859,-1.7173558473587036,3388,708
2011_09_26_drive_0018_sync,0000000045,0,0.7662832140922546,4.249673366546631,-28.47751808166504,-1.9485204219818115,True,11,0.6590173244476318,0.685762882232666,0.20033033192157745,4.326554298400879,-28.638172149658203,-1.856804370880127,3409,687
2011_09_26_drive_0018_sync,0000000045,1,0.31630924344062805,17.02852439880371,-39.935550689697266,-2.1202878952026367,True,12,0.2927907705307007,0.7575743794441223,0.205227330327034,17.205890655517578,-39.84029006958008,-2.080477237701416,3409,687
2011_09_26_drive_0018_sync,0000000045,2,0.9074519276618958,10.229670524597168,-3.737034797668457,-1.6739518642425537,True,50,0.8820502161979675,0.8762715458869934,0.05703378841280937,10.208514213562012,-3.701514720916748,-1.6346633434295654,3409,687
2011_09_26_drive_0018_sync,0000000045,3,0.8771651387214661,9.911216735839844,-7.666492462158203,-1.6893762350082397,True,73,0.8749909996986389,0.8860970139503479,0.04725552722811699,9.899455070495605,-7.712255001068115,-1.6886425018310547,3409,687
2011_09_26_drive_0018_sync,0000000045,4,0.8575912714004517,1.7515840530395508,-7.80997371673584,-1.782426118850708,True,39,0.838209331035614,0.86529141664505,0.08524458110332489,1.688785195350647,-7.8526740074157715,-1.7437011003494263,3409,687
2011_09_26_drive_0018_sync,0000000046,0,0.8979392647743225,2.3325440883636475,-7.777857780456543,-1.7390822172164917,True,61,0.8860067129135132,0.9040161371231079,0.058284658938646317,2.3124730587005615,-7.830170154571533,-1.7551343441009521,3404,692
2011_09_26_drive_0018_sync,0000000046,1,0.6845728754997253,4.467044353485107,-29.382617950439453,-1.8819527626037598,True,43,0.809790849685669,0.8405449390411377,0.08812689036130905,4.398214340209961,-29.36980438232422,-1.9354746341705322,3404,692
2011_09_26_drive_0018_sync,0000000046,2,0.8866184949874878,10.990791320800781,-3.7304556369781494,-1.6327297687530518,True,21,0.899618923664093,0.8806868195533752,0.08541971445083618,11.063413619995117,-3.689709424972534,-1.6136962175369263,3404,692
2011_09_26_drive_0018_sync,0000000046,3,0.3447403311729431,17.45008659362793,-39.20366668701172,-2.171090841293335,True,91,0.48771747946739197,0.6563050746917725,0.24518099427223206,17.365947723388672,-39.051475524902344,-1.9982550144195557,3404,692
2011_09_26_drive_0018_sync,0000000046,4,0.8932274580001831,10.745344161987305,-7.707395553588867,-1.6571855545043945,True,90,0.8826947212219238,0.8616728186607361,0.06758908927440643,10.730510711669922,-7.654309272766113,-1.618069052696228,3404,692
2011_09_26_drive_0018_sync,0000000047,0,0.6548140645027161,4.839064598083496,-30.482112884521484,-2.1380088329315186,True,88,0.7653664946556091,0.7885974645614624,0.14838731288909912,4.8094987869262695,-30.378305435180664,-2.036182165145874,3410,686
2011_09_26_drive_0018_sync,0000000047,1,0.9043535590171814,2.863797187805176,-7.8112640380859375,-1.7857205867767334,True,85,0.8996679186820984,0.8466213941574097,0.0766507163643837,2.9057953357696533,-7.816804885864258,-1.7218395471572876,3410,686
2011_09_26_drive_0018_sync,0000000047,2,0.8899040818214417,11.94399356842041,-3.701434850692749,-1.6935150623321533,True,42,0.8624789118766785,0.8528743386268616,0.0546799898147583,11.95433521270752,-3.6844892501831055,-1.6425660848617554,3410,686
2011_09_26_drive_0018_sync,0000000047,3,0.6691740155220032,17.72347640991211,-38.55902099609375,-2.0034902095794678,True,63,0.6243749260902405,0.8597368001937866,0.15449608862400055,17.67527961730957,-38.70561218261719,-2.0110490322113037,3410,686
2011_09_26_drive_0018_sync,0000000047,4,0.8896296620368958,11.641026496887207,-7.6673150062561035,-1.6817172765731812,True,12,0.8871317505836487,0.8840137720108032,0.06989748030900955,11.578436851501465,-7.65778923034668,-1.6520954370498657,3410,686
2011_09_26_drive_0018_sync,0000000048,0,0.7086856961250305,4.864396572113037,-31.24566650390625,-2.0522799491882324,True,44,0.7341643571853638,0.681542158126831,0.2687118351459503,4.659234523773193,-31.09624481201172,-1.9640318155288696,3457,639
2011_09_26_drive_0018_sync,0000000048,1,0.5515756607055664,17.88425064086914,-38.11190414428711,-2.095811605453491,True,22,0.7163997888565063,0.7418211102485657,0.24729721248149872,18.088176727294922,-37.97626495361328,-2.130047082901001,3457,639
2011_09_26_drive_0018_sync,0000000048,2,0.8863067626953125,12.415952682495117,-7.650932312011719,-1.6873841285705566,True,18,0.8795121312141418,0.86179119348526,0.07800887525081635,12.477685928344727,-7.69857120513916,-1.6851645708084106,3457,639
2011_09_26_drive_0018_sync,0000000048,3,0.8805601596832275,12.767191886901855,-3.6256024837493896,-1.62558913230896,True,97,0.828904926776886,0.830999493598938,0.12407447397708893,12.852757453918457,-3.6433417797088623,-1.5375077724456787,3457,639
2011_09_26_drive_0018_sync,0000000048,4,0.8856850862503052,3.485891342163086,-7.797124862670898,-1.7685143947601318,True,51,0.8850624561309814,0.9098941683769226,0.04197559133172035,3.4934637546539307,-7.821414947509766,-1.7351287603378296,3457,639
2011_09_26_drive_0018_sync,0000000049,0,0.8966422080993652,13.727544784545898,-3.6061222553253174,-1.6752865314483643,True,94,0.872016966342926,0.862305760383606,0.11361120641231537,13.619102478027344,-3.6101503372192383,-1.7089250087738037,3426,670
2011_09_26_drive_0018_sync,0000000049,1,0.738605260848999,4.728822708129883,-32.131431579589844,-2.024235248565674,True,99,0.7728356719017029,0.8731489181518555,0.09624088555574417,4.749366760253906,-32.03874969482422,-2.008413791656494,3426,670
2011_09_26_drive_0018_sync,0000000049,2,0.8985359072685242,4.036305904388428,-7.765047073364258,-1.7456148862838745,True,29,0.8806176781654358,0.8434563875198364,0.12415304034948349,4.022886753082275,-7.888378143310547,-1.7504470348358154,3426,670
2011_09_26_drive_0018_sync,0000000049,3,0.5624226927757263,-1.5592782497406006,-3.6014742851257324,-1.7059226036071777,True,10,0.36922013759613037,0.6630760431289673,0.2827286124229431,-1.5576015710830688,-3.320312738418579,-1.676243543624878,3426,670
2011_09_26_drive_0018_sync,0000000049,4,0.3227182924747467,18.42377471923828,-37.514060974121094,-2.198071002960205,True,69,0.5246255397796631,0.8930906057357788,0.0894336998462677,18.380468368530273,-37.58396530151367,-2.162909507751465,3426,670
2011_09_26_drive_0018_sync,0000000049,5,0.8765183091163635,13.468960762023926,-7.587365627288818,-1.6558029651641846,True,96,0.8558964729309082,0.9440378546714783,0.045511890202760696,13.510919570922852,-7.594846725463867,-1.6717661619186401,3426,670
2011_09_26_drive_0018_sync,0000000050,0,0.8780689239501953,14.339105606079102,-7.557746410369873,-1.663419485092163,True,45,0.9128674268722534,0.8343639373779297,0.10639430582523346,14.256207466125488,-7.6186137199401855,-1.6906741857528687,3434,662
2011_09_26_drive_0018_sync,0000000050,1,0.8678423762321472,4.763085842132568,-7.795162200927734,-1.758866310119629,True,68,0.8702968955039978,0.8537614941596985,0.08622328191995621,4.682799339294434,-7.781303882598877,-1.7306443452835083,3434,662
2011_09_26_drive_0018_sync,0000000050,2,0.46683964133262634,4.764361381530762,-33.01717758178711,-1.9719412326812744,True,42,0.3932904899120331,0.7703181505203247,0.2112199366092682,4.727819919586182,-32.84466552734375,-2.0882089138031006,3434,662
2011_09_26_drive_0018_sync,0000000050,3,0.8984194397926331,14.786952018737793,-3.6117024421691895,-1.6545851230621338,True,69,0.8621165752410889,0.8647572994232178,0.11765208095312119,14.679720878601074,-3.608393669128418,-1.6062886714935303,3434,662
2011_09_26_drive_0018_sync,0000000051,0,0.426669180393219,-0.8000587821006775,-3.2564008235931396,-1.751011848449707,True,32,0.32827794551849365,0.5809412002563477,0.4598400890827179,-0.4016772210597992,-3.0337390899658203,-1.8072861433029175,3404,692
2011_09_26_drive_0018_sync,0000000051,1,0.8916994333267212,15.55130672454834,-3.5499184131622314,-1.689904808998108,True,64,0.879482626914978,0.7924379706382751,0.17053867876529694,15.705063819885254,-3.563717842102051,-1.6174356937408447,3404,692
2011_09_26_drive_0018_sync,0000000051,2,0.8660049438476562,15.24137020111084,-7.5857038497924805,-1.6262669563293457,True,57,0.8539900183677673,0.9372463822364807,0.032673075795173645,15.212396621704102,-7.572299957275391,-1.6193101406097412,3404,692
2011_09_26_drive_0018_sync,0000000051,3,0.5388122797012329,4.905719757080078,-33.75724411010742,-2.0167765617370605,True,45,0.6600158214569092,0.7093987464904785,0.20316770672798157,4.710705280303955,-33.70713424682617,-2.043896198272705,3404,692
2011_09_26_drive_0018_sync,0000000051,4,0.8948038220405579,5.423502445220947,-7.828879356384277,-1.7384953498840332,True,21,0.9002580642700195,0.8713206648826599,0.08755180239677429,5.401994228363037,-7.750437259674072,-1.7060985565185547,3404,692
2011_09_26_drive_0018_sync,0000000052,0,0.9021528959274292,16.681217193603516,-3.5540919303894043,-1.6467986106872559,True,91,0.9010052680969238,0.923819363117218,0.03728821128606796,16.692190170288086,-3.5484681129455566,-1.6116080284118652,3428,668
2011_09_26_drive_0018_sync,0000000052,1,0.5523576140403748,0.09079086780548096,-3.2278966903686523,-1.7602922916412354,True,80,0.49184757471084595,0.6385592818260193,0.33655112981796265,-0.09867703914642334,-3.5055782794952393,-1.7764636278152466,3428,668
2011_09_26_drive_0018_sync,0000000052,2,0.907968282699585,6.122270584106445,-7.822514533996582,-1.7864274978637695,True,30,0.9055400490760803,0.9056183695793152,0.05891240015625954,6.1134467124938965,-7.7716264724731445,-1.7580864429473877,3428,668
2011_09_26_drive_0018_sync,0000000052,3,0.8364635705947876,16.1167049407959,-7.5771636962890625,-1.6269108057022095,True,87,0.8605176210403442,0.8249508738517761,0.11097432672977448,16.188827514648438,-7.4944987297058105,-1.6436481475830078,3428,668
2011_09_26_drive_0018_sync,0000000052,4,0.5922501087188721,4.830324649810791,-34.67329788208008,-2.0476746559143066,True,39,0.7183443903923035,0.8627424836158752,0.06231389939785004,4.786927223205566,-34.6766357421875,-2.0922677516937256,3428,668
2011_09_26_drive_0018_sync,0000000053,0,0.6683844327926636,4.8015241622924805,-35.52197265625,-2.007032632827759,True,37,0.6495345830917358,0.6666995882987976,0.3215598165988922,4.6645941734313965,-35.785221099853516,-1.883132815361023,3394,702
2011_09_26_drive_0018_sync,0000000053,1,0.8334828615188599,17.6894474029541,-3.4893600940704346,-1.608514428138733,True,56,0.8758997321128845,0.885515034198761,0.04519640654325485,17.724973678588867,-3.4665448665618896,-1.5923879146575928,3394,702
2011_09_26_drive_0018_sync,0000000053,2,0.8229016065597534,17.112842559814453,-7.502682209014893,-1.676712989807129,True,64,0.8589641451835632,0.803595244884491,0.10866070538759232,17.055084228515625,-7.5613179206848145,-1.6057695150375366,3394,702
2011_09_26_drive_0018_sync,0000000053,3,0.906468391418457,6.7486114501953125,-7.810177326202393,-1.7487804889678955,True,55,0.8832269906997681,0.8883361220359802,0.03645062819123268,6.73291540145874,-7.806548595428467,-1.7814778089523315,3394,702
2011_09_26_drive_0018_sync,0000000053,4,0.7937675714492798,0.7312618494033813,-3.458786725997925,-1.724902629852295,True,65,0.7824605703353882,0.7521923184394836,0.2972792088985443,1.0224088430404663,-3.518482208251953,-1.7182101011276245,3394,702
2011_09_26_drive_0018_sync,0000000054,0,0.8975824117660522,18.007091522216797,-7.571659088134766,-1.6677064895629883,True,92,0.8752265572547913,0.8462205529212952,0.12504813075065613,18.12224006652832,-7.531099319458008,-1.6406370401382446,3395,701
2011_09_26_drive_0018_sync,0000000054,1,0.8918324112892151,18.731277465820312,-3.4885013103485107,-1.546447992324829,True,50,0.8896081447601318,0.909843385219574,0.05336679518222809,18.775287628173828,-3.5184600353240967,-1.5427608489990234,3395,701
2011_09_26_drive_0018_sync,0000000054,2,0.7820311188697815,1.0408008098602295,-3.521941900253296,-1.708568811416626,True,83,0.8212361931800842,0.7458770871162415,0.22592268884181976,1.25674569606781,-3.5586752891540527,-1.763881802558899,3395,701
2011_09_26_drive_0018_sync,0000000054,3,0.36803001165390015,21.172405242919922,-35.84104537963867,-2.1125354766845703,False,,,0.0,,,,,3395,701
2011_09_26_drive_0018_sync,0000000054,4,0.9065556526184082,7.538419723510742,-7.777793884277344,-1.7040570974349976,True,61,0.9039296507835388,0.8738836646080017,0.06595445424318314,7.504256248474121,-7.780701160430908,-1.7603988647460938,3395,701
2011_09_26_drive_0018_sync,0000000055,0,0.8535867929458618,1.9069021940231323,-3.3569135665893555,-1.8351271152496338,True,38,0.8644545078277588,0.8844694495201111,0.05064128711819649,1.8731005191802979,-3.392481565475464,-1.8476532697677612,3413,683
2011_09_26_drive_0018_sync,0000000055,1,0.824997067451477,19.030147552490234,-7.472192287445068,-1.6205886602401733,True,10,0.8178104162216187,0.8736588954925537,0.10304687172174454,18.934307098388672,-7.436829090118408,-1.6070716381072998,3413,683
2011_09_26_drive_0018_sync,0000000055,2,0.907969057559967,8.238667488098145,-7.742860317230225,-1.6974469423294067,True,94,0.8914684057235718,0.9110917448997498,0.06048400327563286,8.18528938293457,-7.715463161468506,-1.7050946950912476,3413,683
2011_09_26_drive_0018_sync,0000000055,3,0.6293959021568298,4.484367370605469,-37.283103942871094,-2.017723560333252,True,98,0.6334474682807922,0.8580252528190613,0.1522296816110611,4.434535026550293,-37.42377853393555,-2.0477447509765625,3413,683
2011_09_26_drive_0018_sync,0000000055,4,0.8951222896575928,19.890155792236328,-3.494720935821533,-1.5953692197799683,True,86,0.8935009837150574,0.8719518184661865,0.14063993096351624,19.75152015686035,-3.4731249809265137,-1.6050317287445068,3413,683
2011_09_26_drive_0018_sync,0000000056,0,0.8976368308067322,8.951001167297363,-7.762013912200928,-1.6700098514556885,True,28,0.9055049419403076,0.9189950823783875,0.06666965782642365,9.016037940979004,-7.753840446472168,-1.6578338146209717,3429,667
2011_09_26_drive_0018_sync,0000000056,1,0.5838025212287903,21.062376022338867,-33.690277099609375,-2.1472413539886475,True,96,0.46571749448776245,0.5958727598190308,0.6516944766044617,21.445770263671875,-33.17759323120117,-2.025299549102783,3429,667
2011_09_26_drive_0018_sync,0000000056,2,0.842885434627533,20.96878433227539,-3.4820425510406494,-1.5621360540390015,True,61,0.8746503591537476,0.8478444814682007,0.10252775251865387,20.903690338134766,-3.413557767868042,-1.6019424200057983,3429,667
2011_09_26_drive_0018_sync,0000000056,3,0.8611451983451843,2.1777851581573486,-3.392043113708496,-1.8331183195114136,True,90,0.7988828420639038,0.7397723197937012,0.23058368265628815,1.9997470378875732,-3.532269239425659,-1.7905988693237305,3429,667
2011_09_26_drive_0018_sync,0000000056,4,0.8182029724121094,19.891550064086914,-7.380157470703125,-1.5346040725708008,True,92,0.8393325805664062,0.8052399158477783,0.10209900140762329,19.910194396972656,-7.399218559265137,-1.6331599950790405,3429,667
2011_09_26_drive_0018_sync,0000000057,0,0.8454874157905579,3.2876131534576416,-3.3323657512664795,-1.771876335144043,True,70,0.867353081703186,0.8725453019142151,0.09911125153303146,3.1954519748687744,-3.3076717853546143,-1.7987010478973389,3426,670
2011_09_26_drive_0018_sync,0000000057,1,0.8835808634757996,9.692797660827637,-7.712961673736572,-1.6751601696014404,True,67,0.8788776993751526,0.9177148938179016,0.0554867722094059,9.718659400939941,-7.720921516418457,-1.626718521118164,3426,670
2011_09_26_drive_0018_sync,0000000057,2,0.8018714189529419,22.251962661743164,-3.3343982696533203,-1.6453222036361694,True,76,0.8305457830429077,0.7435232400894165,0.23685798048973083,22.04781150817871,-3.3819079399108887,-1.535018801689148,3426,670
2011_09_26_drive_0018_sync,0000000057,3,0.3013857305049896,4.140341281890869,-38.85927963256836,-2.18171763420105,False,,,0.0,,,,,3426,670
2011_09_26_drive_0018_sync,0000000057,4,0.8561848402023315,20.916372299194336,-7.413031101226807,-1.5349222421646118,True,52,0.852034330368042,0.9541454315185547,0.015120653435587883,20.910921096801758,-7.4152703285217285,-1.5488471984863281,3426,670
2011_09_26_drive_0018_sync,0000000058,0,0.7601566314697266,23.461288452148438,-3.2820398807525635,-1.5244954824447632,True,98,0.7491793632507324,0.7710450887680054,0.20239102840423584,23.26826286315918,-3.3405823707580566,-1.5078814029693604,3399,697
2011_09_26_drive_0018_sync,0000000058,1,0.8853965997695923,3.8389358520507812,-3.3610260486602783,-1.6746437549591064,True,58,0.8920638561248779,0.9036912322044373,0.05763687938451767,3.8371481895446777,-3.316227674484253,-1.7108641862869263,3399,697
2011_09_26_drive_0018_sync,0000000058,2,0.7746803760528564,21.950902938842773,-32.42516326904297,-2.034891128540039,True,42,0.7523841857910156,0.9180512428283691,0.054646626114845276,21.90168571472168,-32.44814682006836,-2.0408639907836914,3399,697
2011_09_26_drive_0018_sync,0000000058,3,0.8861052989959717,10.477340698242188,-7.648186206817627,-1.6687278747558594,True,85,0.883718729019165,0.8785250186920166,0.07548023015260696,10.533374786376953,-7.679411888122559,-1.628948450088501,3399,697
2011_09_26_drive_0018_sync,0000000058,4,0.7652736306190491,22.01507568359375,-7.514580726623535,-1.6217751502990723,True,75,0.7782843112945557,0.850696861743927,0.09695325791835785,22.0351619720459,-7.422874450683594,-1.5975587368011475,3399,697
2011_09_26_drive_0018_sync,0000000058,5,0.4989883005619049,4.489154815673828,-39.85126495361328,-2.227311134338379,True,2,0.46187901496887207,0.5637682676315308,0.39217689633369446,4.101266384124756,-39.896995544433594,-2.262722969055176,3399,697
2011_09_26_drive_0018_sync,0000000059,0,0.8664574027061462,11.366135597229004,-7.687714576721191,-1.638899564743042,True,59,0.8336485028266907,0.8297587633132935,0.11842150241136551,11.272881507873535,-7.703819274902344,-1.5677099227905273,3318,778
2011_09_26_drive_0018_sync,0000000059,1,0.7558188438415527,22.215219497680664,-31.92749786376953,-2.0703115463256836,True,78,0.8072549104690552,0.8445567488670349,0.09822205454111099,22.309289932250977,-31.920543670654297,-2.042926073074341,3318,778
2011_09_26_drive_0018_sync,0000000059,2,0.5599538683891296,23.026063919067383,-7.429131031036377,-1.512239694595337,True,94,0.6781980991363525,0.8549919724464417,0.14161676168441772,22.908742904663086,-7.443511486053467,-1.4342378377914429,3318,778
2011_09_26_drive_0018_sync,0000000059,3,0.8745701909065247,4.511990070343018,-3.3256020545959473,-1.729743242263794,True,29,0.8841559290885925,0.8738077282905579,0.11611869186162949,4.613279819488525,-3.288653612136841,-1.6866300106048584,3318,778
2011_09_26_drive_0018_sync,0000000059,4,0.8667963743209839,24.361902236938477,-3.344395160675049,-1.5284442901611328,True,99,0.8618379831314087,0.9443265795707703,0.0284589733928442,24.360671997070312,-3.342846632003784,-1.500054121017456,3318,778
2011_09_26_drive_0018_sync,0000000060,0,0.7987734079360962,23.90149688720703,-7.309375762939453,-1.479013442993164,True,59,0.8199415802955627,0.8692708611488342,0.08420749753713608,23.95275115966797,-7.292359828948975,-1.4144041538238525,3375,721
2011_09_26_drive_0018_sync,0000000060,1,0.8974069356918335,5.18174409866333,-3.301492691040039,-1.6457438468933105,True,42,0.8892077207565308,0.8693320155143738,0.08400419354438782,5.2099080085754395,-3.2261109352111816,-1.6698496341705322,3375,721
2011_09_26_drive_0018_sync,0000000060,2,0.8935076594352722,25.59756851196289,-3.291233777999878,-1.4503629207611084,True,63,0.8519741892814636,0.8982376456260681,0.06855226308107376,25.558439254760742,-3.347510814666748,-1.4514623880386353,3375,721
2011_09_26_drive_0018_sync,0000000060,3,0.8109216094017029,12.274765968322754,-7.668247699737549,-1.635119915008545,True,52,0.8506878018379211,0.93449866771698,0.04070426896214485,12.235840797424316,-7.660728454589844,-1.6443464756011963,3375,721
2011_09_26_drive_0018_sync,0000000061,0,0.3606727719306946,23.155498504638672,-31.014188766479492,-2.0019381046295166,True,64,0.5000180602073669,0.7087162733078003,0.21671162545681,22.945709228515625,-30.965280532836914,-2.0256102085113525,3295,801
2011_09_26_drive_0018_sync,0000000061,1,0.7303062081336975,25.125385284423828,-7.376328468322754,-1.5467013120651245,True,17,0.673664927482605,0.8856576085090637,0.09004119038581848,25.064189910888672,-7.442081451416016,-1.5529532432556152,3295,801
2011_09_26_drive_0018_sync,0000000061,2,0.8866993188858032,5.967523097991943,-3.291783094406128,-1.6981933116912842,True,86,0.8875684142112732,0.8945139050483704,0.10010333359241486,6.062583923339844,-3.260504961013794,-1.700600504875183,3295,801
2011_09_26_drive_0018_sync,0000000061,3,0.8599987030029297,26.886117935180664,-3.277005434036255,-1.4876456260681152,True,59,0.8242892622947693,0.9300119280815125,0.02309681475162506,26.872177124023438,-3.258674144744873,-1.485890507698059,3295,801
2011_09_26_drive_0018_sync,0000000061,4,0.7740593552589417,13.032279968261719,-7.719453811645508,-1.7122793197631836,True,13,0.7656890749931335,0.8285783529281616,0.13534504175186157,13.128865242004395,-7.704244613647461,-1.6186938285827637,3295,801
2011_09_26_drive_0018_sync,0000000062,0,0.8816333413124084,6.808807849884033,-3.252821683883667,-1.7087284326553345,True,49,0.8850204348564148,0.8590793013572693,0.09189990162849426,6.766280651092529,-3.2207517623901367,-1.633838176727295,3345,751
2011_09_26_drive_0018_sync,0000000062,1,0.8291956782341003,26.35488510131836,-7.254252910614014,-1.5305461883544922,True,99,0.8296372294425964,0.8817327618598938,0.06831883639097214,26.401836395263672,-7.303875923156738,-1.5297744274139404,3345,751
2011_09_26_drive_0018_sync,0000000062,2,0.7495030760765076,23.49493408203125,-30.413698196411133,-2.0320043563842773,True,61,0.8071458339691162,0.8746412992477417,0.08291672170162201,23.416675567626953,-30.41922950744629,-2.0051679611206055,3345,751
2011_09_26_drive_0018_sync,0000000062,3,0.8477903008460999,28.09150505065918,-3.252500057220459,-1.4585195779800415,True,32,0.8543790578842163,0.8963668942451477,0.03383520990610123,28.10700225830078,-3.2629942893981934,-1.4303321838378906,3345,751
2011_09_26_drive_0018_sync,0000000062,4,0.7903218269348145,14.194648742675781,-7.628159046173096,-1.4275519847869873,True,94,0.7872596383094788,0.7615904808044434,0.10549548268318176,14.161055564880371,-7.648103713989258,-1.525546908378601,3345,751
2011_09_26_drive_0018_sync,0000000063,0,0.8094378709793091,23.829252243041992,-29.805511474609375,-1.9886224269866943,True,43,0.8029780387878418,0.8039803504943848,0.08746250718832016,23.863203048706055,-29.73805046081543,-1.94450843334198,3331,765
2011_09_26_drive_0018_sync,0000000063,1,0.9059109091758728,7.456485748291016,-3.199099063873291,-1.6670093536376953,True,46,0.9117679595947266,0.8998420834541321,0.06894335895776749,7.401332855224609,-3.237290620803833,-1.6829074621200562,3331,765
2011_09_26_drive_0018_sync,0000000063,2,0.7779332399368286,29.45746612548828,-3.1083266735076904,-1.5332224369049072,True,78,0.5693072080612183,0.841698169708252,0.07879020273685455,29.439146041870117,-3.1761045455932617,-1.5689775943756104,3331,765
2011_09_26_drive_0018_sync,0000000063,3,0.834537148475647,14.910482406616211,-7.533034324645996,-1.614149570465088,True,66,0.7674863934516907,0.8170680403709412,0.1829947978258133,15.050793647766113,-7.532385349273682,-1.7316205501556396,3331,765
2011_09_26_drive_0018_sync,0000000063,4,0.402337908744812,-1.3651199340820312,-4.2100677490234375,-1.740659236907959,True,4,0.5416324734687805,0.6861385107040405,0.1906939595937729,-1.3269466161727905,-4.031785011291504,-1.7965363264083862,3331,765
2011_09_26_drive_0018_sync,0000000063,5,0.8323621153831482,27.545738220214844,-7.275707244873047,-1.5257970094680786,True,92,0.5546675324440002,0.7783938050270081,0.1489444524049759,27.56104278564453,-7.190566539764404,-1.6470458507537842,3331,765
2011_09_26_drive_0018_sync,0000000064,0,0.8074458837509155,24.1378116607666,-29.351099014282227,-2.0163683891296387,True,75,0.6321666836738586,0.5824929475784302,0.6012581586837769,23.929649353027344,-29.911970138549805,-1.956339955329895,3281,815
2011_09_26_drive_0018_sync,0000000064,1,0.8509809970855713,15.807219505310059,-7.499712944030762,-1.57003653049469,True,32,0.8540016412734985,0.8106579184532166,0.11360339820384979,15.851868629455566,-7.55792236328125,-1.6567766666412354,3281,815
2011_09_26_drive_0018_sync,0000000064,2,0.8112424612045288,30.855937957763672,-3.0678176879882812,-1.4781107902526855,True,34,0.7997519969940186,0.8730166554450989,0.08951248973608017,30.77124786376953,-3.073122262954712,-1.4496163129806519,3281,815
2011_09_26_drive_0018_sync,0000000064,3,0.6817592978477478,28.50081443786621,-7.245725631713867,-1.534186840057373,True,7,0.7675052285194397,0.8676781058311462,0.08787553757429123,28.435209274291992,-7.302556037902832,-1.5204617977142334,3281,815
2011_09_26_drive_0018_sync,0000000064,4,0.37977635860443115,-1.2266801595687866,-3.971773862838745,-1.7034046649932861,True,76,0.23524264991283417,0.5538219213485718,0.4208541214466095,-0.8905924558639526,-4.20884895324707,-1.7926158905029297,3281,815
2011_09_26_drive_0018_sync,0000000064,5,0.887975811958313,8.393776893615723,-3.1891021728515625,-1.651569128036499,True,68,0.9094579219818115,0.9152892827987671,0.11618563532829285,8.27814769744873,-3.1963911056518555,-1.6602790355682373,3281,815
2011_09_26_drive_0018_sync,0000000065,0,0.9073755741119385,9.09812068939209,-3.167705774307251,-1.5933364629745483,True,29,0.8992705345153809,0.8887970447540283,0.06252358108758926,9.150113105773926,-3.1747262477874756,-1.6273467540740967,3282,814
2011_09_26_drive_0018_sync,0000000065,1,0.3800032436847687,-0.5098665952682495,-3.755319118499756,-1.7723197937011719,True,78,0.5020978450775146,0.7432307004928589,0.1846739649772644,-0.36898723244667053,-3.865748643875122,-1.8177378177642822,3282,814
2011_09_26_drive_0018_sync,0000000065,2,0.820625901222229,16.939298629760742,-7.4870429039001465,-1.5877861976623535,True,19,0.8205939531326294,0.8923525214195251,0.05753805488348007,16.945484161376953,-7.544244766235352,-1.5872259140014648,3282,814
2011_09_26_drive_0018_sync,0000000065,3,0.3256738483905792,23.54569435119629,-30.215608596801758,-1.902992844581604,True,74,0.3801676630973816,0.8513520956039429,0.15261490643024445,23.63473129272461,-30.12156105041504,-1.9837318658828735,3282,814
2011_09_26_drive_0018_sync,0000000065,4,0.6912698745727539,29.85366439819336,-7.415040493011475,-1.5183346271514893,True,82,0.6734640002250671,0.8770927786827087,0.09443368762731552,29.935155868530273,-7.461872100830078,-1.5274813175201416,3282,814
2011_09_26_drive_0018_sync,0000000065,5,0.7976481318473816,32.12541580200195,-3.0364222526550293,-1.4393467903137207,True,73,0.7339543700218201,0.8833107352256775,0.07536353170871735,32.10927200317383,-3.0912628173828125,-1.4884543418884277,3282,814
2011_09_26_drive_0018_sync,0000000066,0,0.7397134304046631,33.593544006347656,-3.215991735458374,-1.394073247909546,True,79,0.7513522505760193,0.7865699529647827,0.12127168476581573,33.60220718383789,-3.3296468257904053,-1.3526692390441895,3278,818
2011_09_26_drive_0018_sync,0000000066,1,0.9089263677597046,9.9636812210083,-3.1598167419433594,-1.6398273706436157,True,67,0.9118990898132324,0.9388457536697388,0.05366244167089462,10.016690254211426,-3.1614010334014893,-1.6316304206848145,3278,818
2011_09_26_drive_0018_sync,0000000066,2,0.7105955481529236,0.6516656279563904,-3.79286527633667,-1.7616136074066162,True,36,0.6905937790870667,0.8514582514762878,0.1362755000591278,0.7800664305686951,-3.766550302505493,-1.7243071794509888,3278,818
2011_09_26_drive_0018_sync,0000000066,3,0.8349994421005249,17.93901824951172,-7.433813095092773,-1.6005535125732422,True,16,0.8061251640319824,0.9020683765411377,0.08892329782247543,18.025907516479492,-7.4512834548950195,-1.6077919006347656,3278,818
2011_09_26_drive_0018_sync,0000000067,0,0.8468719720840454,19.050363540649414,-7.513876914978027,-1.627253770828247,True,83,0.8627232909202576,0.8891041874885559,0.06931565701961517,19.023649215698242,-7.4532246589660645,-1.6069483757019043,3251,845
2011_09_26_drive_0018_sync,0000000067,1,0.8329659700393677,34.8265380859375,-3.0711867809295654,-1.4305815696716309,True,9,0.8316270709037781,0.8576605319976807,0.08488526195287704,34.90380859375,-3.0622639656066895,-1.3965939283370972,3251,845
2011_09_26_drive_0018_sync,0000000067,2,0.713657021522522,32.02001953125,-7.043572902679443,-1.5495047569274902,True,89,0.36881762742996216,0.7192068696022034,0.3374547064304352,31.712167739868164,-7.177765369415283,-1.582600474357605,3251,845
2011_09_26_drive_0018_sync,0000000067,3,0.8355023860931396,1.2965024709701538,-3.6947991847991943,-1.7011406421661377,True,61,0.8679315447807312,0.8411068320274353,0.07642975449562073,1.3312408924102783,-3.749579668045044,-1.7415615320205688,3251,845
2011_09_26_drive_0018_sync,0000000067,4,0.8986151218414307,10.781558990478516,-3.1006171703338623,-1.6275150775909424,True,94,0.9030240774154663,0.8528440594673157,0.10828448832035065,10.843121528625488,-3.1374971866607666,-1.5464259386062622,3251,845
2011_09_26_drive_0018_sync,0000000068,0,0.8574474453926086,1.6701884269714355,-3.694291591644287,-1.7270939350128174,True,17,0.8436780571937561,0.8579604029655457,0.09101324528455734,1.715240716934204,-3.7715682983398438,-1.7103006839752197,3258,838
2011_09_26_drive_0018_sync,0000000068,1,0.32610565423965454,6.166175842285156,36.904964447021484,-0.4471721649169922,True,96,0.09798531979322433,0.6865022778511047,0.3650458753108978,5.977802276611328,36.592899322509766,-0.42744284868240356,3258,838
2011_09_26_drive_0018_sync,0000000068,2,0.894005537033081,11.606996536254883,-3.080834150314331,-1.6371049880981445,True,67,0.8915450572967529,0.900206446647644,0.04543692618608475,11.644639015197754,-3.104598045349121,-1.6280035972595215,3258,838
2011_09_26_drive_0018_sync,0000000068,3,0.7855876088142395,20.215553283691406,-7.317358016967773,-1.5963897705078125,True,14,0.8147796392440796,0.9686046838760376,0.03893965855240822,20.177003860473633,-7.318197727203369,-1.6018242835998535,3258,838
2011_09_26_drive_0018_sync,0000000068,4,0.8341772556304932,36.313079833984375,-2.9896230697631836,-1.4038689136505127,True,30,0.807431161403656,0.9627715945243835,0.020074252039194107,36.30531692504883,-3.002362012863159,-1.4173014163970947,3258,838
2011_09_26_drive_0018_sync,0000000068,5,0.3766023516654968,33.147884368896484,-7.248719692230225,-1.408894658088684,False,,,0.0,,,,,3258,838
2011_09_26_drive_0018_sync,0000000069,0,0.7845441699028015,37.97362518310547,-2.913335084915161,-1.3724148273468018,True,58,0.5263799428939819,0.8880369067192078,0.052903976291418076,37.978782653808594,-2.86136794090271,-1.3639503717422485,3280,816
2011_09_26_drive_0018_sync,0000000069,1,0.8851869702339172,2.3475544452667236,-3.7431602478027344,-1.7535805702209473,True,9,0.8776730895042419,0.8034822344779968,0.20399126410484314,2.161374807357788,-3.6697170734405518,-1.7141385078430176,3280,816
2011_09_26_drive_0018_sync,0000000069,2,0.8553083539009094,21.380088806152344,-7.448723793029785,-1.5923265218734741,True,23,0.8436185717582703,0.9036745429039001,0.047455254942178726,21.422786712646484,-7.4281005859375,-1.5942168235778809,3280,816
2011_09_26_drive_0018_sync,0000000069,3,0.8845081329345703,12.586621284484863,-3.089604139328003,-1.5553083419799805,True,93,0.8789363503456116,0.8352189660072327,0.12543077766895294,12.692465782165527,-3.119288921356201,-1.615712285041809,3280,816
2011_09_26_drive_0018_sync,0000000070,0,0.8830274343490601,13.488253593444824,-3.037277936935425,-1.5786919593811035,True,65,0.8664276003837585,0.9024344682693481,0.05692431703209877,13.541789054870605,-3.055060386657715,-1.586315393447876,3289,807
2011_09_26_drive_0018_sync,0000000070,1,0.6631491184234619,39.40215301513672,-2.830531358718872,-1.3525677919387817,True,47,0.6200119853019714,0.8747320771217346,0.11719664186239243,39.294288635253906,-2.8752191066741943,-1.3627331256866455,3289,807
2011_09_26_drive_0018_sync,0000000070,2,0.3339542746543884,35.552852630615234,-6.565260887145996,-1.3894410133361816,True,85,0.14030803740024567,0.6237120628356934,0.31772246956825256,35.62312316894531,-6.872680187225342,-1.4282095432281494,3289,807
2011_09_26_drive_0018_sync,0000000070,3,0.8970276713371277,2.8583359718322754,-3.625166893005371,-1.6798551082611084,True,58,0.8932895660400391,0.8999626636505127,0.08558646589517593,2.9397737979888916,-3.6470274925231934,-1.694519281387329,3289,807
2011_09_26_drive_0018_sync,0000000070,4,0.8317739367485046,22.44331169128418,-7.456194877624512,-1.5760232210159302,True,52,0.8335641622543335,0.8723587393760681,0.09524889290332794,22.352218627929688,-7.428661823272705,-1.5719813108444214,3289,807
2011_09_26_drive_0018_sync,0000000071,0,0.8192991614341736,23.72210121154785,-7.3831095695495605,-1.5105340480804443,True,55,0.8316941857337952,0.880862295627594,0.05894850566983223,23.744544982910156,-7.340445518493652,-1.4766079187393188,3319,777
2011_09_26_drive_0018_sync,0000000071,1,0.8999082446098328,3.654142379760742,-3.610342264175415,-1.7128173112869263,True,63,0.8872851729393005,0.8666398525238037,0.14386263489723206,3.5110182762145996,-3.5958430767059326,-1.7115041017532349,3319,777
2011_09_26_drive_0018_sync,0000000071,2,0.5295108556747437,37.10184860229492,-7.0803351402282715,-1.4402780532836914,True,58,0.289544939994812,0.7012683153152466,0.21307310461997986,37.2160758972168,-6.939241409301758,-1.3287216424942017,3319,777
2011_09_26_drive_0018_sync,0000000071,3,0.8938570618629456,14.500336647033691,-3.0345311164855957,-1.6079857349395752,True,90,0.9129577279090881,0.8931064009666443,0.08479661494493484,14.505331993103027,-3.0496857166290283,-1.691267490386963,3319,777
2011_09_26_drive_0018_sync,0000000071,4,0.673811137676239,40.869529724121094,-3.239452838897705,-1.4212697744369507,True,67,0.48080843687057495,0.6829324960708618,0.24322831630706787,40.63427734375,-3.2909975051879883,-1.3872185945510864,3319,777
2011_09_26_drive_0018_sync,0000000072,0,0.9070826768875122,15.42835521697998,-3.0043559074401855,-1.5666308403015137,True,22,0.8970546126365662,0.8200798034667969,0.11768054217100143,15.341597557067871,-2.9379589557647705,-1.610371708869934,3316,780
2011_09_26_drive_0018_sync,0000000072,1,0.8545069098472595,24.930524826049805,-7.532855033874512,-1.5511155128479004,True,99,0.8193938732147217,0.884864091873169,0.07526087760925293,24.958574295043945,-7.4631218910217285,-1.5472793579101562,3316,780
2011_09_26_drive_0018_sync,0000000072,2,0.6884232759475708,42.46549987792969,-2.578038215637207,-1.364607334136963,True,88,0.6718727350234985,0.8846971988677979,0.09614314883947372,42.386993408203125,-2.6125495433807373,-1.321142315864563,3316,780
2011_09_26_drive_0018_sync,0000000072,3,0.9010671377182007,4.35860013961792,-3.5996482372283936,-1.6700211763381958,True,94,0.8991024494171143,0.9074283242225647,0.051555730402469635,4.336630821228027,-3.644171714782715,-1.6561286449432373,3316,780
2011_09_26_drive_0018_sync,0000000073,0,0.5817278623580933,43.85503387451172,-2.773866653442383,-1.3116140365600586,True,74,0.3948736786842346,0.7556542754173279,0.22539277374744415,43.996253967285156,-2.949122905731201,-1.3236154317855835,3352,744
2011_09_26_drive_0018_sync,0000000073,1,0.8724138140678406,16.530017852783203,-2.9830963611602783,-1.6430904865264893,True,75,0.8999349474906921,0.9152733087539673,0.06525727361440659,16.466899871826172,-2.96822190284729,-1.6357841491699219,3352,744
2011_09_26_drive_0018_sync,0000000073,2,0.7960358262062073,26.251728057861328,-7.265040397644043,-1.4698482751846313,True,85,0.8379856944084167,0.8144310116767883,0.12907230854034424,26.27427101135254,-7.390199661254883,-1.491908073425293,3352,744
2011_09_26_drive_0018_sync,0000000073,3,0.8948179483413696,5.007266998291016,-3.5663115978240967,-1.6538245677947998,True,62,0.8850700259208679,0.9374831914901733,0.02637159265577793,4.983087062835693,-3.575531005859375,-1.6487457752227783,3352,744
2011_09_26_drive_0018_sync,0000000074,0,0.7161505222320557,27.600465774536133,-7.195179462432861,-1.4826505184173584,True,36,0.7832799553871155,0.9283353090286255,0.07245440036058426,27.672138214111328,-7.205389499664307,-1.4855585098266602,3406,690
2011_09_26_drive_0018_sync,0000000074,1,0.4873376786708832,45.277828216552734,-2.620560646057129,-1.2329267263412476,True,79,0.4559456408023834,0.8089430928230286,0.11179918795824051,45.350223541259766,-2.6554620265960693,-1.1552101373672485,3406,690
2011_09_26_drive_0018_sync,0000000074,2,0.8632329702377319,17.528038024902344,-2.970130681991577,-1.6051971912384033,True,49,0.9023116230964661,0.8786479234695435,0.1213187500834465,17.418075561523438,-3.0085694789886475,-1.6390933990478516,3406,690
2011_09_26_drive_0018_sync,0000000074,3,0.894570529460907,5.750009059906006,-3.596217155456543,-1.6638169288635254,True,82,0.8998193144798279,0.8896452188491821,0.08686459064483643,5.836114406585693,-3.6038658618927,-1.6723506450653076,3406,690
2011_09_26_drive_0018_sync,0000000075,0,0.8983857035636902,18.44961166381836,-2.920315980911255,-1.5845911502838135,True,89,0.8966578245162964,0.9183785319328308,0.04125043377280235,18.472824096679688,-2.89047908782959,-1.568082332611084,3391,705
2011_09_26_drive_0018_sync,0000000075,1,0.9079487919807434,6.574645042419434,-3.545275926589966,-1.6923985481262207,True,93,0.8999118804931641,0.9299231767654419,0.04070749133825302,6.542236804962158,-3.566765546798706,-1.6803568601608276,3391,705
2011_09_26_drive_0018_sync,0000000075,2,0.5010594725608826,28.767995834350586,-7.128520488739014,-1.5487189292907715,True,40,0.706529438495636,0.7258018851280212,0.19004444777965546,28.69449806213379,-7.291958332061768,-1.6119885444641113,3391,705
2011_09_26_drive_0018_sync,0000000075,3,0.36423158645629883,46.90828323364258,-2.4983959197998047,-1.3521738052368164,True,92,0.1968240737915039,0.7739277482032776,0.16331131756305695,46.96961212158203,-2.6481528282165527,-1.330214262008667,3391,705
2011_09_26_drive_0018_sync,0000000076,0,0.824813723564148,30.339719772338867,-7.200002193450928,-1.4682164192199707,True,84,0.7959432005882263,0.8693424463272095,0.03863617777824402,30.330280303955078,-7.180048942565918,-1.4365065097808838,3430,666
2011_09_26_drive_0018_sync,0000000076,1,0.8998726010322571,7.4171905517578125,-3.5241074562072754,-1.6819462776184082,True,58,0.8956167697906494,0.9267275929450989,0.021633919328451157,7.43157434463501,-3.517303466796875,-1.667288899421692,3430,666
2011_09_26_drive_0018_sync,0000000076,2,0.8592207431793213,19.58940887451172,-2.8851351737976074,-1.5999369621276855,True,87,0.8546093702316284,0.9127975702285767,0.04996613413095474,19.581573486328125,-2.9222090244293213,-1.6325061321258545,3430,666
2011_09_26_drive_0018_sync,0000000077,0,0.8380353450775146,31.51681137084961,-7.131966590881348,-1.4537125825881958,True,56,0.827242910861969,0.924494206905365,0.04946074262261391,31.55006217956543,-7.120866298675537,-1.4886057376861572,3468,628
2011_09_26_drive_0018_sync,0000000077,1,0.8004274964332581,20.621253967285156,-2.9341962337493896,-1.5926897525787354,True,82,0.8333754539489746,0.842617928981781,0.10096488893032074,20.676145553588867,-2.900846004486084,-1.5147886276245117,3468,628
2011_09_26_drive_0018_sync,0000000077,2,0.8971814513206482,8.125984191894531,-3.5641705989837646,-1.6417118310928345,True,80,0.8863037824630737,0.8978568315505981,0.10446097701787949,8.22885799407959,-3.561690092086792,-1.6237417459487915,3468,628
2011_09_26_drive_0018_sync,0000000078,0,0.8837106227874756,21.7299747467041,-2.841219186782837,-1.5182087421417236,True,51,0.8610429763793945,0.856880247592926,0.062344130128622055,21.74656105041504,-2.7901110649108887,-1.54982590675354,3418,678
2011_09_26_drive_0018_sync,0000000078,1,0.5565330982208252,32.943965911865234,-7.164541721343994,-1.524592638015747,True,69,0.6923713088035583,0.8639405965805054,0.07680173963308334,32.98419189453125,-7.110387325286865,-1.4878818988800049,3418,678
2011_09_26_drive_0018_sync,0000000078,2,0.9101725220680237,9.171152114868164,-3.530975580215454,-1.64117431640625,True,54,0.906896710395813,0.9064064621925354,0.05550965666770935,9.154837608337402,-3.4992074966430664,-1.6836707592010498,3418,678
2011_09_26_drive_0018_sync,0000000079,0,0.41304048895835876,-1.7947182655334473,-4.067849636077881,-1.6692332029342651,True,53,0.17482253909111023,0.5240097641944885,0.41273221373558044,-1.6683179140090942,-3.694709300994873,-1.7922661304473877,3436,660
2011_09_26_drive_0018_sync,0000000079,1,0.5256712436676025,34.17515563964844,-6.98953104019165,-1.4888930320739746,True,49,0.7168481945991516,0.8112022876739502,0.09670408815145493,34.152950286865234,-6.8954291343688965,-1.490746021270752,3436,660
2011_09_26_drive_0018_sync,0000000079,2,0.878053605556488,22.761606216430664,-2.794276475906372,-1.5376901626586914,True,62,0.8155221343040466,0.8800248503684998,0.04677845165133476,22.789901733398438,-2.7578773498535156,-1.5456079244613647,3436,660
2011_09_26_drive_0018_sync,0000000079,3,0.907581090927124,10.07540225982666,-3.4850239753723145,-1.6669787168502808,True,64,0.9095968008041382,0.9230154156684875,0.04126190394163132,10.03719711303711,-3.5005240440368652,-1.6686094999313354,3436,660
2011_09_26_drive_0018_sync,0000000080,0,0.5752159357070923,35.39977264404297,-6.919137954711914,-1.5107674598693848,True,22,0.6063312292098999,0.8159528374671936,0.05154353752732277,35.37679672241211,-6.886823654174805,-1.4778337478637695,3432,664
2011_09_26_drive_0018_sync,0000000080,1,0.802964448928833,23.869417190551758,-2.7229409217834473,-1.5229756832122803,True,96,0.8066117167472839,0.8438016176223755,0.08829066902399063,23.937440872192383,-2.734905242919922,-1.4679768085479736,3432,664
2011_09_26_drive_0018_sync,0000000080,2,0.8831579089164734,10.851621627807617,-3.452944278717041,-1.6691834926605225,True,75,0.892674446105957,0.9309813976287842,0.04344207048416138,10.875936508178711,-3.4374334812164307,-1.6366963386535645,3432,664
2011_09_26_drive_0018_sync,0000000080,3,0.5953294038772583,-1.081390380859375,-3.622265338897705,-1.8125373125076294,True,95,0.4329816997051239,0.7443674206733704,0.19221360981464386,-1.1255728006362915,-3.807234048843384,-1.8404757976531982,3432,664
2011_09_26_drive_0018_sync,0000000081,0,0.5585391521453857,-0.8509860038757324,-3.599259376525879,-1.7588759660720825,True,14,0.5741686820983887,0.8704211115837097,0.14013879001140594,-0.7142835259437561,-3.6003761291503906,-1.7896990776062012,3445,651
2011_09_26_drive_0018_sync,0000000081,1,0.8854526281356812,11.94135856628418,-3.4056873321533203,-1.624207615852356,True,34,0.9021391868591309,0.8282992839813232,0.11961740255355835,12.009652137756348,-3.4859302043914795,-1.680823802947998,3445,651
2011_09_26_drive_0018_sync,0000000081,2,0.5209714770317078,36.76692581176758,-6.969793319702148,-1.4269745349884033,True,26,0.6267855763435364,0.8507620096206665,0.08396236598491669,36.765953063964844,-6.913819313049316,-1.4895496368408203,3445,651
2011_09_26_drive_0018_sync,0000000081,3,0.8292860984802246,25.118999481201172,-2.9403984546661377,-1.3982939720153809,True,70,0.8472623229026794,0.7109695672988892,0.24588452279567719,24.935279846191406,-2.777460813522339,-1.410848617553711,3445,651
2011_09_26_drive_0018_sync,0000000082,0,0.8222618699073792,26.18874740600586,-2.65738844871521,-1.457834243774414,True,89,0.778283953666687,0.8860864043235779,0.05462659150362015,26.146556854248047,-2.689439296722412,-1.444538950920105,3394,702
2011_09_26_drive_0018_sync,0000000082,1,0.4729449152946472,-0.1165991723537445,-3.602177143096924,-1.6897287368774414,True,77,0.6577157974243164,0.7867187261581421,0.16998428106307983,-0.010011881589889526,-3.7291743755340576,-1.6522386074066162,3394,702
2011_09_26_drive_0018_sync,0000000082,2,0.9068083167076111,12.854891777038574,-3.457315444946289,-1.657113790512085,True,41,0.8935914039611816,0.8515270352363586,0.179786816239357,12.67994499206543,-3.4436874389648438,-1.6179832220077515,3394,702
2011_09_26_drive_0018_sync,0000000083,0,0.7925788760185242,0.8571061491966248,-3.78774356842041,-1.6163947582244873,True,51,0.7030176520347595,0.7661340236663818,0.3379104435443878,0.5199734568595886,-3.7650656700134277,-1.6131181716918945,3306,790
2011_09_26_drive_0018_sync,0000000083,1,0.8360803127288818,27.398672103881836,-2.6773719787597656,-1.493722677230835,True,67,0.832389771938324,0.8745771050453186,0.09645429998636246,27.31068229675293,-2.6481943130493164,-1.4670789241790771,3306,790
2011_09_26_drive_0018_sync,0000000083,2,0.8993687033653259,13.832554817199707,-3.3820955753326416,-1.6211793422698975,True,44,0.9081434011459351,0.8956877589225769,0.054287198930978775,13.866084098815918,-3.416959524154663,-1.645824670791626,3306,790
2011_09_26_drive_0018_sync,0000000084,0,0.5983297228813171,40.87562561035156,-6.843698978424072,-1.3241798877716064,True,31,0.5371372699737549,0.8147082924842834,0.12096496671438217,40.91427993774414,-6.736263275146484,-1.3641290664672852,3313,783
2011_09_26_drive_0018_sync,0000000084,1,0.4779513478279114,32.6397705078125,-19.360733032226562,-1.7656878232955933,True,34,0.2861452102661133,0.6589946746826172,0.3656989336013794,32.632530212402344,-18.9952335357666,-1.7753527164459229,3313,783
2011_09_26_drive_0018_sync,0000000084,2,0.9156628251075745,14.84150505065918,-3.389881134033203,-1.608724594116211,True,47,0.9053855538368225,0.918393611907959,0.0628795325756073,14.859089851379395,-3.3794782161712646,-1.5492570400238037,3313,783
2011_09_26_drive_0018_sync,0000000084,3,0.8042261004447937,28.24199104309082,-2.5506680011749268,-1.4610246419906616,True,79,0.7714654207229614,0.8539928793907166,0.09260988980531693,28.30352210998535,-2.5514862537384033,-1.530233383178711,3313,783
2011_09_26_drive_0018_sync,0000000084,4,0.7716824412345886,1.463287115097046,-3.744180679321289,-1.8087164163589478,True,56,0.6614380478858948,0.8039829730987549,0.2937927842140198,1.1714506149291992,-3.748765468597412,-1.7751808166503906,3313,783
2011_09_26_drive_0018_sync,0000000085,0,0.44218188524246216,33.08068084716797,-19.152067184448242,-1.8067607879638672,False,,,0.0,,,,,3300,796
2011_09_26_drive_0018_sync,0000000085,1,0.5365716814994812,42.202247619628906,-6.754567623138428,-1.4822227954864502,True,88,0.4935578405857086,0.7083339095115662,0.19523802399635315,42.186004638671875,-6.899051666259766,-1.351921558380127,3300,796
2011_09_26_drive_0018_sync,0000000085,2,0.8894428014755249,15.957486152648926,-3.3413479328155518,-1.6220139265060425,True,21,0.8912590146064758,0.9290828704833984,0.049633096903562546,16.001386642456055,-3.364497661590576,-1.621483564376831,3300,796
2011_09_26_drive_0018_sync,0000000085,3,0.8817527890205383,2.113468885421753,-3.705406427383423,-1.6226941347122192,True,79,0.8784354329109192,0.9221293926239014,0.06746814399957657,2.0517098903656006,-3.678553581237793,-1.6186072826385498,3300,796
2011_09_26_drive_0018_sync,0000000085,4,0.7947136759757996,29.62911033630371,-2.5165491104125977,-1.417818307876587,True,81,0.7063180208206177,0.8321277499198914,0.08793381601572037,29.646631240844727,-2.5825047492980957,-1.4732730388641357,3300,796
2011_09_26_drive_0018_sync,0000000086,0,0.7836519479751587,30.972360610961914,-2.624423027038574,-1.4355242252349854,True,88,0.8125776648521423,0.8920418620109558,0.13011913001537323,30.842370986938477,-2.6193408966064453,-1.4383277893066406,3293,803
2011_09_26_drive_0018_sync,0000000086,1,0.839285671710968,2.74450945854187,-3.6765246391296387,-1.7365648746490479,True,99,0.8004971146583557,0.8971713781356812,0.10399094223976135,2.840059280395508,-3.7175021171569824,-1.7342860698699951,3293,803
2011_09_26_drive_0018_sync,0000000086,2,0.8985922932624817,16.937271118164062,-3.3575057983398438,-1.6194605827331543,True,26,0.8930245041847229,0.8563616871833801,0.10804837942123413,16.842620849609375,-3.3128485679626465,-1.592599630355835,3293,803
2011_09_26_drive_0018_sync,0000000086,3,0.4452485740184784,33.01790237426758,-19.318096160888672,-1.843316674232483,True,5,0.3717895746231079,0.5875081419944763,0.7958440184593201,33.52426528930664,-18.70844268798828,-1.7706055641174316,3293,803
2011_09_26_drive_0018_sync,0000000087,0,0.8973917365074158,18.08789825439453,-3.2871289253234863,-1.5797518491744995,True,40,0.900725781917572,0.9007330536842346,0.06939107179641724,18.052949905395508,-3.331634759902954,-1.6199135780334473,3307,789
2011_09_26_drive_0018_sync,0000000087,1,0.7036411762237549,31.700817108154297,-2.578834056854248,-1.4098014831542969,True,96,0.7210596203804016,0.8952209949493408,0.06339841336011887,31.724851608276367,-2.520303964614868,-1.4137927293777466,3307,789
2011_09_26_drive_0018_sync,0000000087,2,0.3627757728099823,34.03319549560547,-18.43684196472168,-1.7200827598571777,True,84,0.2813737392425537,0.6800944209098816,0.13596072793006897,34.15715789794922,-18.441308975219727,-1.775748610496521,3307,789
2011_09_26_drive_0018_sync,0000000087,3,0.8934290409088135,3.505280017852783,-3.6989922523498535,-1.6815271377563477,True,37,0.8467887043952942,0.8579660654067993,0.16874174773693085,3.3400416374206543,-3.6695733070373535,-1.6640748977661133,3307,789
2011_09_26_drive_0018_sync,0000000088,0,0.7371824383735657,33.27650833129883,-2.5007405281066895,-1.3777029514312744,True,20,0.7925649881362915,0.7203112840652466,0.19200536608695984,33.341270446777344,-2.6347463130950928,-1.4990057945251465,3348,748
2011_09_26_drive_0018_sync,0000000088,1,0.8536680340766907,18.861366271972656,-3.278468370437622,-1.5332248210906982,True,62,0.840290367603302,0.8628872036933899,0.17642714083194733,19.0339298248291,-3.2505288124084473,-1.5570520162582397,3348,748
2011_09_26_drive_0018_sync,0000000088,2,0.8935080170631409,4.216876983642578,-3.677022695541382,-1.6935594081878662,True,57,0.8719999194145203,0.9246036410331726,0.042636264115571976,4.184687614440918,-3.6555943489074707,-1.7115182876586914,3348,748
2011_09_26_drive_0018_sync,0000000089,0,0.8676282167434692,20.183507919311523,-3.2264106273651123,-1.5572214126586914,True,50,0.8858200907707214,0.8827152252197266,0.1164497435092926,20.287321090698242,-3.240746021270752,-1.6079940795898438,3385,711
2011_09_26_drive_0018_sync,0000000089,1,0.5940819382667542,34.5550537109375,-17.616689682006836,-1.7738444805145264,True,42,0.8123360276222229,0.7662553787231445,0.11433586478233337,34.51314926147461,-17.71352767944336,-1.8178797960281372,3385,711
2011_09_26_drive_0018_sync,0000000089,2,0.8683873414993286,5.0063700675964355,-3.6684188842773438,-1.6844321489334106,True,19,0.8719006776809692,0.8853226900100708,0.09060713648796082,4.925860404968262,-3.7007036209106445,-1.7106150388717651,3385,711
2011_09_26_drive_0018_sync,0000000089,3,0.7831567525863647,34.29427719116211,-2.472445487976074,-1.4013622999191284,True,74,0.7303702235221863,0.859029233455658,0.11529366672039032,34.20347595214844,-2.4710705280303955,-1.4723966121673584,3385,711
2011_09_26_drive_0018_sync,0000000090,0,0.5662050843238831,35.329437255859375,-2.309657096862793,-1.4643406867980957,True,2,0.3444846272468567,0.8891974091529846,0.04500407353043556,35.29569625854492,-2.3001861572265625,-1.4925756454467773,3390,706
2011_09_26_drive_0018_sync,0000000090,1,0.9064005017280579,5.803311347961426,-3.655040979385376,-1.66102933883667,True,34,0.8962621092796326,0.929802417755127,0.028569601476192474,5.804882049560547,-3.645686626434326,-1.6340802907943726,3390,706
2011_09_26_drive_0018_sync,0000000090,2,0.7617491483688354,35.034912109375,-17.275524139404297,-1.5743587017059326,True,61,0.7551183104515076,0.8530372381210327,0.07422532141208649,35.06718444824219,-17.244632720947266,-1.6336344480514526,3390,706
2011_09_26_drive_0018_sync,0000000090,3,0.880233883857727,21.518173217773438,-3.197350025177002,-1.505903720855713,True,96,0.8962684273719788,0.8649197220802307,0.11102095991373062,21.61451530456543,-3.252204418182373,-1.500000238418579,3390,706
2011_09_26_drive_0018_sync,0000000091,0,0.8880203366279602,22.477235794067383,-3.2045767307281494,-1.4833884239196777,True,64,0.8702740669250488,0.7737005949020386,0.23879662156105042,22.709575653076172,-3.1991970539093018,-1.5382798910140991,3432,664
2011_09_26_drive_0018_sync,0000000091,1,0.878743052482605,6.498598098754883,-3.6191372871398926,-1.649285078048706,True,80,0.9019632339477539,0.8195643424987793,0.15986204147338867,6.355888366699219,-3.598395586013794,-1.5802953243255615,3432,664
2011_09_26_drive_0018_sync,0000000091,2,0.6585544943809509,36.806243896484375,-2.5480616092681885,-1.3857908248901367,True,50,0.2725330889225006,0.9348254203796387,0.051424216479063034,36.75798416137695,-2.533641815185547,-1.3961598873138428,3432,664
2011_09_26_drive_0018_sync,0000000091,3,0.4283619225025177,35.45183181762695,-17.091829299926758,-1.6251468658447266,True,69,0.2577437460422516,0.8239994645118713,0.11261115968227386,35.506019592285156,-17.01089096069336,-1.568631887435913,3432,664
2011_09_26_drive_0018_sync,0000000092,0,0.5972792506217957,33.48169708251953,15.607687950134277,0.32447147369384766,True,51,0.010086514987051487,0.8189042210578918,0.13485269248485565,33.479248046875,15.492338180541992,0.2546597123146057,3440,656
2011_09_26_drive_0018_sync,0000000092,1,0.7834047079086304,37.96242904663086,-2.3708384037017822,-1.4216166734695435,True,42,0.7826203107833862,0.9165520668029785,0.06411222368478775,37.915306091308594,-2.3548030853271484,-1.4620230197906494,3440,656
2011_09_26_drive_0018_sync,0000000092,2,0.8911195397377014,7.471652984619141,-3.580080986022949,-1.6216084957122803,True,36,0.8873849511146545,0.8553032875061035,0.1321781724691391,7.354429244995117,-3.6399972438812256,-1.6334283351898193,3440,656
2011_09_26_drive_0018_sync,0000000092,3,0.867155134677887,23.83842658996582,-3.168013334274292,-1.4298677444458008,True,26,0.8554407954216003,0.899571418762207,0.07222013920545578,23.827959060668945,-3.2392101287841797,-1.4359666109085083,3440,656
2011_09_26_drive_0018_sync,0000000093,0,0.6762455105781555,39.24013137817383,-2.1479270458221436,-1.468445062637329,True,91,0.6165952086448669,0.8051785826683044,0.14735332131385803,39.13715744018555,-2.0434727668762207,-1.4543498754501343,3437,659
2011_09_26_drive_0018_sync,0000000093,1,0.8782826066017151,8.165617942810059,-3.6189589500427246,-1.5586225986480713,True,57,0.8939927220344543,0.8588147759437561,0.13768193125724792,8.266166687011719,-3.6313652992248535,-1.6518553495407104,3437,659
2011_09_26_drive_0018_sync,0000000093,2,0.713664174079895,0.179701566696167,-3.435349702835083,-1.7804820537567139,True,13,0.3996986448764801,0.5693099498748779,0.6809043288230896,-0.4839526414871216,-3.5728437900543213,-1.7149899005889893,3437,659
2011_09_26_drive_0018_sync,0000000093,3,0.8701034188270569,25.090852737426758,-3.1248624324798584,-1.458730697631836,True,64,0.8611819744110107,0.8605260848999023,0.11795501410961151,25.00238037109375,-3.158392906188965,-1.529170274734497,3437,659
2011_09_26_drive_0018_sync,0000000094,0,0.8826188445091248,8.976491928100586,-3.5215516090393066,-1.6241364479064941,True,96,0.9017359614372253,0.8843212127685547,0.07085984945297241,9.006646156311035,-3.585477590560913,-1.619105577468872,3326,770
2011_09_26_drive_0018_sync,0000000094,1,0.799285888671875,0.7328034043312073,-3.702894449234009,-1.7095165252685547,True,55,0.700144350528717,0.8444404602050781,0.13013491034507751,0.6290811896324158,-3.776968240737915,-1.7357819080352783,3326,770
2011_09_26_drive_0018_sync,0000000094,2,0.8570252656936646,26.47203826904297,-3.147949695587158,-1.4764409065246582,True,97,0.8365861177444458,0.8637200593948364,0.08585800975561142,26.493017196655273,-3.2215702533721924,-1.4375629425048828,3326,770
2011_09_26_drive_0018_sync,0000000095,0,0.43186989426612854,1.0594751834869385,-7.875146865844727,-1.7863507270812988,False,,,0.0,,,,,3365,731
2011_09_26_drive_0018_sync,0000000095,1,0.881471574306488,9.867246627807617,-3.557464838027954,-1.6823996305465698,True,87,0.8878254294395447,0.9161782264709473,0.06840987503528595,9.853857040405273,-3.55867338180542,-1.615323781967163,3365,731
2011_09_26_drive_0018_sync,0000000095,2,0.8337475657463074,27.797880172729492,-3.084766387939453,-1.514545202255249,True,77,0.8327292203903198,0.8385659456253052,0.11452120542526245,27.703596115112305,-3.0380661487579346,-1.4693267345428467,3365,731
2011_09_26_drive_0018_sync,0000000095,3,0.895455539226532,1.7807185649871826,-3.542508125305176,-1.7669384479522705,True,67,0.8267768025398254,0.8321605920791626,0.10127994418144226,1.7097457647323608,-3.58455753326416,-1.7081818580627441,3365,731
2011_09_26_drive_0018_sync,0000000095,4,0.6190805435180664,41.76160430908203,-2.2934839725494385,-1.3463581800460815,True,89,0.72414231300354,0.9008751511573792,0.07045727968215942,41.81986999511719,-2.2741053104400635,-1.3809096813201904,3365,731
2011_09_26_drive_0018_sync,0000000096,0,0.5559898614883423,42.94253921508789,-2.2337212562561035,-1.3614461421966553,True,85,0.5415956377983093,0.8907195925712585,0.06007327139377594,42.929107666015625,-2.292267322540283,-1.362311840057373,3314,782
2011_09_26_drive_0018_sync,0000000096,1,0.8222043514251709,1.8540098667144775,-7.603484630584717,-1.748504877090454,True,12,0.8158077597618103,0.8941487669944763,0.03458471596240997,1.820218563079834,-7.610438823699951,-1.750931739807129,3314,782
2011_09_26_drive_0018_sync,0000000096,2,0.8210035562515259,29.076148986816406,-3.1015586853027344,-1.4126064777374268,True,60,0.8466472625732422,0.8999244570732117,0.05192987993359566,29.099632263183594,-3.074735164642334,-1.4503655433654785,3314,782
2011_09_26_drive_0018_sync,0000000096,3,0.8995959162712097,10.831436157226562,-3.5348851680755615,-1.5932679176330566,True,68,0.8892472386360168,0.8470653295516968,0.12476640194654465,10.718904495239258,-3.571934938430786,-1.554145097732544,3314,782
2011_09_26_drive_0018_sync,0000000096,4,0.8256508708000183,2.5257821083068848,-3.5397603511810303,-1.815657377243042,True,71,0.8510540127754211,0.8377483487129211,0.11247868835926056,2.466348171234131,-3.623077154159546,-1.7689950466156006,3314,782
2011_09_26_drive_0018_sync,0000000097,0,0.8666796684265137,11.655388832092285,-3.6014163494110107,-1.5933070182800293,True,93,0.8659130334854126,0.8413956761360168,0.08549057692289352,11.627827644348145,-3.521965980529785,-1.6086907386779785,3333,763
2011_09_26_drive_0018_sync,0000000097,1,0.45619505643844604,44.2827262878418,-2.1086649894714355,-1.306343674659729,False,,,0.0,,,,,3333,763
2011_09_26_drive_0018_sync,0000000097,2,0.8362767696380615,30.455432891845703,-3.0047006607055664,-1.3558859825134277,True,40,0.8087893724441528,0.9295011162757874,0.03481690213084221,30.485395431518555,-3.010650157928467,-1.372591257095337,3333,763
2011_09_26_drive_0018_sync,0000000097,3,0.9107377529144287,3.3928050994873047,-3.605051040649414,-1.7216087579727173,True,25,0.8935218453407288,0.9172849655151367,0.07181607931852341,3.464223623275757,-3.608179807662964,-1.7284756898880005,3333,763
2011_09_26_drive_0018_sync,0000000097,4,0.8139057755470276,2.8952865600585938,-7.450576305389404,-1.7266976833343506,True,73,0.8573663830757141,0.798717200756073,0.1426410675048828,2.864180326461792,-7.588925361633301,-1.711256980895996,3333,763
2011_09_26_drive_0018_sync,0000000098,0,0.8940719962120056,12.677728652954102,-3.482469081878662,-1.66353440284729,True,65,0.8873091340065002,0.8994990587234497,0.07747561484575272,12.738821983337402,-3.5047478675842285,-1.6214187145233154,3331,765
2011_09_26_drive_0018_sync,0000000098,1,0.8748247623443604,3.671985626220703,-7.5373945236206055,-1.7080473899841309,True,48,0.8529493808746338,0.9121658802032471,0.059196386486291885,3.626183271408081,-7.5748291015625,-1.7058093547821045,3331,765
2011_09_26_drive_0018_sync,0000000098,2,0.9122592806816101,4.11214017868042,-3.551779270172119,-1.6810517311096191,True,80,0.8566772937774658,0.9302119612693787,0.04635324701666832,4.158242225646973,-3.556530475616455,-1.6818585395812988,3331,765
2011_09_26_drive_0018_sync,0000000098,3,0.8171073794364929,31.803585052490234,-2.9717824459075928,-1.4113855361938477,True,64,0.8146587610244751,0.8831161856651306,0.08040227741003036,31.724212646484375,-2.9612011909484863,-1.4186370372772217,3331,765
2011_09_26_drive_0018_sync,0000000099,0,0.5411145091056824,38.33395767211914,-14.88454532623291,-1.5311115980148315,True,27,0.389832079410553,0.7666792273521423,0.1692131757736206,38.28832244873047,-14.976014137268066,-1.396263599395752,3350,746
2011_09_26_drive_0018_sync,0000000099,1,0.873755156993866,13.599608421325684,-3.466700315475464,-1.5454397201538086,True,97,0.887373685836792,0.815049409866333,0.1289309412240982,13.611027717590332,-3.387507438659668,-1.6465400457382202,3350,746
2011_09_26_drive_0018_sync,0000000099,2,0.7949878573417664,4.4625773429870605,-7.591328144073486,-1.698625922203064,True,75,0.8868309855461121,0.8158882856369019,0.10920197516679764,4.538553237915039,-7.559849262237549,-1.6267801523208618,3350,746
2011_09_26_drive_0018_sync,0000000099,3,0.7982191443443298,33.32777404785156,-2.95880126953125,-1.4327385425567627,True,95,0.8078290820121765,0.8611231446266174,0.09081517159938812,33.390750885009766,-3.0193729400634766,-1.4079921245574951,3350,746
2011_09_26_drive_0018_sync,0000000099,4,0.8880059719085693,5.0166850090026855,-3.514294385910034,-1.7135436534881592,True,68,0.8675619959831238,0.8265063762664795,0.12321121245622635,5.118854522705078,-3.5661537647247314,-1.6682336330413818,3350,746
2011_09_26_drive_0018_sync,0000000100,0,0.8755713105201721,14.485169410705566,-3.4871985912323,-1.5666166543960571,True,27,0.8570748567581177,0.8614097833633423,0.08803648501634598,14.565635681152344,-3.497999668121338,-1.6006598472595215,3377,719
2011_09_26_drive_0018_sync,0000000100,1,0.8742731213569641,5.897518634796143,-3.5729174613952637,-1.690232515335083,True,56,0.8841931819915771,0.8783358335494995,0.11470752209424973,6.009399890899658,-3.558884382247925,-1.7112913131713867,3377,719
2011_09_26_drive_0018_sync,0000000100,2,0.8794779181480408,5.55772590637207,-7.51254415512085,-1.637337327003479,True,94,0.889385998249054,0.8531480431556702,0.09865154325962067,5.641252040863037,-7.564949989318848,-1.6403603553771973,3377,719
2011_09_26_drive_0018_sync,0000000101,0,0.38973283767700195,38.610172271728516,-14.537853240966797,-1.6257013082504272,True,86,0.06614123284816742,0.8040479421615601,0.14318212866783142,38.7431526184082,-14.589542388916016,-1.613635540008545,3365,731
2011_09_26_drive_0018_sync,0000000101,1,0.885895311832428,6.667541027069092,-7.564174175262451,-1.6165661811828613,True,94,0.8987537622451782,0.8967703580856323,0.11335901916027069,6.562821865081787,-7.540436744689941,-1.6529076099395752,3365,731
2011_09_26_drive_0018_sync,0000000101,2,0.8655321598052979,6.926856517791748,-3.6028683185577393,-1.6511727571487427,True,95,0.8890224695205688,0.8469774723052979,0.08360941708087921,6.894988536834717,-3.5257654190063477,-1.6566599607467651,3365,731
2011_09_26_drive_0018_sync,0000000101,3,0.8616186380386353,15.417872428894043,-3.3973987102508545,-1.54396390914917,True,40,0.8592798709869385,0.7806165218353271,0.29133498668670654,15.70294189453125,-3.433136224746704,-1.5922784805297852,3365,731
2011_09_26_drive_0018_sync,0000000101,4,0.7646204829216003,36.201744079589844,-3.0501110553741455,-1.3820796012878418,True,79,0.7194964289665222,0.8181420564651489,0.1272677630186081,36.27842712402344,-2.9950249195098877,-1.4674160480499268,3365,731
2011_09_26_drive_0018_sync,0000000102,0,0.889108419418335,7.796864032745361,-3.5440409183502197,-1.679802656173706,True,6,0.8944064974784851,0.8576136231422424,0.03730986267328262,7.819102764129639,-3.5693366527557373,-1.695852279663086,3418,678
2011_09_26_drive_0018_sync,0000000102,1,0.8204653859138489,16.40866470336914,-3.4514496326446533,-1.5916621685028076,True,55,0.8609516024589539,0.888266384601593,0.05523569881916046,16.365182876586914,-3.4498910903930664,-1.6256898641586304,3418,678
2011_09_26_drive_0018_sync,0000000102,2,0.6682609915733337,38.95137405395508,-14.293580055236816,-1.5546162128448486,True,5,0.7032761573791504,0.8433998227119446,0.1499232053756714,39.077266693115234,-14.227203369140625,-1.507476568222046,3418,678
2011_09_26_drive_0018_sync,0000000102,3,0.8707977533340454,7.501008033752441,-7.536017417907715,-1.6627542972564697,True,94,0.9132211804389954,0.8789570927619934,0.11347556114196777,7.610315322875977,-7.512632369995117,-1.6822929382324219,3418,678
2011_09_26_drive_0018_sync,0000000102,4,0.5473374128341675,37.788482666015625,-3.1974310874938965,-1.4457021951675415,True,66,0.6232013702392578,0.7599649429321289,0.18091197311878204,37.841251373291016,-3.0423126220703125,-1.369002342224121,3418,678
2011_09_26_drive_0018_sync,0000000103,0,0.7254031896591187,39.240684509277344,-2.537280559539795,-1.3839470148086548,True,42,0.6117821931838989,0.7962938547134399,0.13857153058052063,39.30883026123047,-2.657895803451538,-1.3807551860809326,3408,688
2011_09_26_drive_0018_sync,0000000103,1,0.8807463645935059,17.447599411010742,-3.358013153076172,-1.5744290351867676,True,65,0.839516818523407,0.8677452802658081,0.08101197332143784,17.46337127685547,-3.42954158782959,-1.609039306640625,3408,688
2011_09_26_drive_0018_sync,0000000103,2,0.7923941612243652,39.19715881347656,-14.067712783813477,-1.492903470993042,True,57,0.7510120272636414,0.8065142631530762,0.17188990116119385,39.107200622558594,-14.140674591064453,-1.619908332824707,3408,688
2011_09_26_drive_0018_sync,0000000103,3,0.9056139588356018,8.460172653198242,-7.483620643615723,-1.6277284622192383,True,55,0.8823484778404236,0.8599249124526978,0.09143895655870438,8.53429889678955,-7.5286712646484375,-1.6566563844680786,3408,688
2011_09_26_drive_0018_sync,0000000103,4,0.8830851912498474,8.591752052307129,-3.554063081741333,-1.6114085912704468,True,43,0.8952752947807312,0.8408622741699219,0.07646922767162323,8.603954315185547,-3.5221805572509766,-1.6798348426818848,3408,688
2011_09_26_drive_0018_sync,0000000104,0,0.8991438746452332,9.621777534484863,-3.5072569847106934,-1.6269218921661377,True,52,0.8844727277755737,0.9106049537658691,0.035057708621025085,9.613133430480957,-3.4916908740997314,-1.6571215391159058,3410,686
2011_09_26_drive_0018_sync,0000000104,1,0.5577965378761292,40.87854766845703,-2.6443910598754883,-1.393579363822937,True,75,0.6431632041931152,0.8785791993141174,0.10556520521640778,40.78126525878906,-2.67812180519104,-1.3702902793884277,3410,686
2011_09_26_drive_0018_sync,0000000104,2,0.3003154695034027,39.606346130371094,-13.89026927947998,-1.3272132873535156,True,32,0.25536882877349854,0.7968805432319641,0.13601641356945038,39.51979064941406,-13.955290794372559,-1.4095590114593506,3410,686
2011_09_26_drive_0018_sync,0000000104,3,0.8889913558959961,9.484393119812012,-7.486374855041504,-1.6233868598937988,True,56,0.8480249047279358,0.9258700013160706,0.04549198970198631,9.504692077636719,-7.5046796798706055,-1.6597517728805542,3410,686
2011_09_26_drive_0018_sync,0000000104,4,0.8680334091186523,18.613367080688477,-3.4007315635681152,-1.5320689678192139,True,24,0.8609462976455688,0.8698612451553345,0.07444308698177338,18.563129425048828,-3.3986260890960693,-1.58696448802948,3410,686
2011_09_26_drive_0018_sync,0000000105,0,0.7892810702323914,39.852020263671875,-13.786317825317383,-1.6468172073364258,True,55,0.7609445452690125,0.8111992478370667,0.14949443936347961,39.898616790771484,-13.714554786682129,-1.5242308378219604,3425,671
2011_09_26_drive_0018_sync,0000000105,1,0.886864960193634,10.620576858520508,-3.4863321781158447,-1.671443223953247,True,26,0.8969931602478027,0.9167206883430481,0.06895872950553894,10.559026718139648,-3.517329216003418,-1.6739070415496826,3425,671
2011_09_26_drive_0018_sync,0000000105,2,0.9097477793693542,10.443233489990234,-7.460638046264648,-1.6335630416870117,True,12,0.8884772658348083,0.8496858477592468,0.1258048117160797,10.550657272338867,-7.500183582305908,-1.685746669769287,3425,671
2011_09_26_drive_0018_sync,0000000105,3,0.38189685344696045,42.31917953491211,-2.334311008453369,-1.3636748790740967,True,36,0.2659410834312439,0.6998498439788818,0.1992066204547882,42.2469596862793,-2.5020225048065186,-1.4433016777038574,3425,671
2011_09_26_drive_0018_sync,0000000105,4,0.86866694688797,19.491188049316406,-3.3906352519989014,-1.5144790410995483,True,98,0.8353825211524963,0.8573759198188782,0.15721522271633148,19.629180908203125,-3.3765316009521484,-1.5884768962860107,3425,671
2011_09_26_drive_0018_sync,0000000106,0,0.8111297488212585,39.91072463989258,-13.537582397460938,-1.581751823425293,True,61,0.5823023319244385,0.9206838607788086,0.04309557378292084,39.93761444091797,-13.551433563232422,-1.5510547161102295,3448,648
2011_09_26_drive_0018_sync,0000000106,1,0.901820182800293,11.474553108215332,-3.5121662616729736,-1.632077932357788,True,92,0.8825098276138306,0.8960660696029663,0.07055744528770447,11.498950004577637,-3.4976069927215576,-1.5674933195114136,3448,648
2011_09_26_drive_0018_sync,0000000106,2,0.8892621994018555,11.416285514831543,-7.478001117706299,-1.6056809425354004,True,45,0.9024195671081543,0.9176955819129944,0.11959775537252426,11.533979415893555,-7.487870693206787,-1.6245054006576538,3448,648
2011_09_26_drive_0018_sync,0000000106,3,0.8322436213493347,20.750438690185547,-3.2742085456848145,-1.582956075668335,True,44,0.841354489326477,0.9367139339447021,0.05428595840930939,20.70754051208496,-3.298893928527832,-1.605257272720337,3448,648
2011_09_26_drive_0018_sync,0000000107,0,0.36511293053627014,45.62662124633789,-2.4341084957122803,-1.1761810779571533,True,44,0.3383374512195587,0.8645949363708496,0.08746706694364548,45.57923889160156,-2.497802972793579,-1.2129018306732178,3481,615
2011_09_26_drive_0018_sync,0000000107,1,0.8906880021095276,12.453496932983398,-7.445987701416016,-1.6461715698242188,True,46,0.881818413734436,0.8868014812469482,0.08343244343996048,12.51224136352539,-7.485750675201416,-1.690091609954834,3481,615
2011_09_26_drive_0018_sync,0000000107,2,0.8823449015617371,21.73383331298828,-3.2807016372680664,-1.592850685119629,True,59,0.8513181209564209,0.8526198267936707,0.14039246737957,21.65610694885254,-3.2712714672088623,-1.476318597793579,3481,615
2011_09_26_drive_0018_sync,0000000107,3,0.6477816700935364,40.07718276977539,-13.50318431854248,-1.431164264678955,True,31,0.5739798545837402,0.8920347094535828,0.072330042719841,40.145687103271484,-13.52634334564209,-1.432729721069336,3481,615
2011_09_26_drive_0018_sync,0000000107,4,0.8985257744789124,12.585083961486816,-3.55997371673584,-1.6542361974716187,True,95,0.8783558011054993,0.8892788290977478,0.04625020921230316,12.586129188537598,-3.5138258934020996,-1.6513434648513794,3481,615
2011_09_26_drive_0018_sync,0000000108,0,0.34130436182022095,47.381858825683594,-2.541868209838867,-1.2363324165344238,True,99,0.265291303396225,0.5629757642745972,0.39086586236953735,47.15531539916992,-2.2362241744995117,-1.325975775718689,3484,612
2011_09_26_drive_0018_sync,0000000108,1,0.5986099243164062,40.327388763427734,-13.389957427978516,-1.514215350151062,True,69,0.513823926448822,0.8953511714935303,0.06680469959974289,40.28007125854492,-13.430727005004883,-1.537916898727417,3484,612
2011_09_26_drive_0018_sync,0000000108,2,0.8987005949020386,13.296307563781738,-7.426634788513184,-1.6162331104278564,True,87,0.8752100467681885,0.8632524609565735,0.14625874161720276,13.436144828796387,-7.446260929107666,-1.6543378829956055,3484,612
2011_09_26_drive_0018_sync,0000000108,3,0.8681076169013977,13.552623748779297,-3.46589994430542,-1.6108806133270264,True,81,0.8927456736564636,0.8512766361236572,0.06202758848667145,13.534852027893066,-3.5199670791625977,-1.5862162113189697,3484,612
2011_09_26_drive_0018_sync,0000000108,4,0.8566906452178955,22.908496856689453,-3.2500007152557373,-1.5363746881484985,True,82,0.85152268409729,0.8815955519676208,0.060126207768917084,22.959308624267578,-3.2411108016967773,-1.5672663450241089,3484,612
2011_09_26_drive_0018_sync,0000000109,0,0.8094392418861389,24.06878089904785,-3.1879067420959473,-1.4352362155914307,True,32,0.7780741453170776,0.8468701243400574,0.09751991927623749,24.040956497192383,-3.2327404022216797,-1.5172476768493652,3505,591
2011_09_26_drive_0018_sync,0000000109,1,0.869395911693573,14.337417602539062,-7.388823986053467,-1.5348989963531494,True,88,0.8725561499595642,0.8177086114883423,0.13192637264728546,14.430124282836914,-7.441619396209717,-1.6125049591064453,3505,591
2011_09_26_drive_0018_sync,0000000109,2,0.629099428653717,40.488224029541016,-13.30720329284668,-1.5935654640197754,True,64,0.5190847516059875,0.8708935379981995,0.09910741448402405,40.43235397338867,-13.388739585876465,-1.6008214950561523,3505,591
2011_09_26_drive_0018_sync,0000000109,3,0.8664155602455139,14.63128662109375,-3.478498697280884,-1.590675711631775,True,85,0.9062344431877136,0.9312158226966858,0.016106337308883667,14.641371726989746,-3.4866275787353516,-1.600247859954834,3505,591
2011_09_26_drive_0018_sync,0000000110,0,0.7397471070289612,40.62416458129883,-13.089799880981445,-1.5400233268737793,True,95,0.7651326060295105,0.9060956239700317,0.06845325231552124,40.597347259521484,-13.140484809875488,-1.5774093866348267,3498,598
2011_09_26_drive_0018_sync,0000000110,1,0.8589425086975098,15.408172607421875,-7.389866352081299,-1.6471712589263916,True,65,0.8729047179222107,0.9232993721961975,0.03293193131685257,15.387531280517578,-7.364837169647217,-1.6528270244598389,3498,598
2011_09_26_drive_0018_sync,0000000110,2,0.8328045010566711,25.221752166748047,-3.2341175079345703,-1.4864389896392822,True,61,0.688534677028656,0.8480612635612488,0.07972729951143265,25.16849136352539,-3.288949966430664,-1.5090913772583008,3498,598
2011_09_26_drive_0018_sync,0000000110,3,0.8968695402145386,15.694146156311035,-3.4834961891174316,-1.5794363021850586,True,56,0.8746923804283142,0.8406737446784973,0.14871001243591309,15.838366508483887,-3.45388126373291,-1.600367546081543,3498,598
2011_09_26_drive_0018_sync,0000000110,4,0.3750080168247223,50.248287200927734,-2.705035924911499,-1.1141024827957153,True,76,0.20694969594478607,0.576430082321167,0.1479215770959854,50.11381912231445,-2.7264676094055176,-1.17189359664917,3498,598
2011_09_26_drive_0018_sync,0000000111,0,0.8461349606513977,16.60540199279785,-7.418583393096924,-1.6618847846984863,True,80,0.8798621892929077,0.7742081880569458,0.17525510489940643,16.45170783996582,-7.384837627410889,-1.5847246646881104,3535,561
2011_09_26_drive_0018_sync,0000000111,1,0.6631389260292053,26.412721633911133,-3.1783087253570557,-1.5735223293304443,True,93,0.7432347536087036,0.7664144039154053,0.23889091610908508,26.299741744995117,-3.120673418045044,-1.371080756187439,3535,561
2011_09_26_drive_0018_sync,0000000111,2,0.8511587381362915,16.81184959411621,-3.4547369480133057,-1.6326138973236084,True,21,0.8698189854621887,0.8890914916992188,0.06546029448509216,16.803037643432617,-3.453706741333008,-1.5677576065063477,3535,561
2011_09_26_drive_0018_sync,0000000111,3,0.6634085774421692,40.78623962402344,-13.10478687286377,-1.521256446838379,True,50,0.7544683814048767,0.7967126369476318,0.15330076217651367,40.70009994506836,-12.989500045776367,-1.4684357643127441,3535,561
2011_09_26_drive_0018_sync,0000000112,0,0.8844664692878723,17.8941650390625,-3.428232431411743,-1.5859999656677246,True,68,0.8950265645980835,0.8471382856369019,0.13051529228687286,17.77375030517578,-3.3915603160858154,-1.620491862297058,3468,628
2011_09_26_drive_0018_sync,0000000112,1,0.8429705500602722,27.40498924255371,-3.1598269939422607,-1.3909428119659424,True,89,0.7854560613632202,0.8782371282577515,0.13209986686706543,27.532228469848633,-3.1597142219543457,-1.3554387092590332,3468,628
2011_09_26_drive_0018_sync,0000000112,2,0.8965805768966675,17.44317054748535,-7.382989406585693,-1.5671521425247192,True,87,0.8860160708427429,0.8966057300567627,0.051646921783685684,17.454376220703125,-7.360435485839844,-1.5220615863800049,3468,628
2011_09_26_drive_0018_sync,0000000112,3,0.7572887539863586,40.886810302734375,-12.97897720336914,-1.527623176574707,True,63,0.7960153818130493,0.8997522592544556,0.06778354942798615,40.838165283203125,-12.99089527130127,-1.481947898864746,3468,628
2011_09_26_drive_0018_sync,0000000113,0,0.5042269229888916,41.17517852783203,-12.873556137084961,-1.3211079835891724,True,22,0.5889608263969421,0.6494687795639038,0.4327082335948944,40.829978942871094,-13.09241008758545,-1.4631524085998535,3542,554
2011_09_26_drive_0018_sync,0000000113,1,0.8763492703437805,18.97601890563965,-3.4525368213653564,-1.586794376373291,True,42,0.8619349598884583,0.9184501767158508,0.05503842234611511,19.02789878845215,-3.447679042816162,-1.5690712928771973,3542,554
2011_09_26_drive_0018_sync,0000000113,2,0.8086191415786743,28.492244720458984,-3.0235519409179688,-1.3510663509368896,True,67,0.850527822971344,0.9120528697967529,0.07720930129289627,28.566234588623047,-3.045186758041382,-1.3467408418655396,3542,554
2011_09_26_drive_0018_sync,0000000113,3,0.8761484622955322,18.63735008239746,-7.363327503204346,-1.5634031295776367,True,88,0.8754630088806152,0.9073612689971924,0.12238173186779022,18.518102645874023,-7.3358893394470215,-1.5612857341766357,3542,554
2011_09_26_drive_0018_sync,0000000114,0,0.7683871984481812,29.509723663330078,-3.2269036769866943,-1.3095815181732178,True,50,0.8534247279167175,0.6215341687202454,0.3639909625053406,29.817893981933594,-3.078645944595337,-1.434241533279419,3493,603
2011_09_26_drive_0018_sync,0000000114,1,0.5923239588737488,41.35031509399414,-12.678122520446777,-1.4665850400924683,True,15,0.20633088052272797,0.7386078238487244,0.23727558553218842,41.55135726928711,-12.610105514526367,-1.572676658630371,3493,603
2011_09_26_drive_0018_sync,0000000114,2,0.8977928161621094,20.004169464111328,-3.352592706680298,-1.6214138269424438,True,81,0.8217664361000061,0.906158983707428,0.0823761522769928,20.079421997070312,-3.3802971839904785,-1.6402645111083984,3493,603
2011_09_26_drive_0018_sync,0000000114,3,0.3589555621147156,-1.2210228443145752,-7.160067558288574,-1.7672019004821777,True,88,0.46553006768226624,0.8093053698539734,0.26614105701446533,-1.4788565635681152,-7.217035293579102,-1.7339227199554443,3493,603
2011_09_26_drive_0018_sync,0000000114,4,0.8673628568649292,19.67380142211914,-7.317709922790527,-1.5114442110061646,True,80,0.8872137665748596,0.856329619884491,0.15790745615959167,19.818927764892578,-7.291614532470703,-1.5679432153701782,3493,603
2011_09_26_drive_0018_sync,0000000115,0,0.8569338917732239,21.188629150390625,-3.365464448928833,-1.5547592639923096,True,98,0.8846572041511536,0.9109334349632263,0.07407000660896301,21.125097274780273,-3.3446896076202393,-1.52284574508667,3461,635
2011_09_26_drive_0018_sync,0000000115,1,0.344880074262619,30.739826202392578,-2.979578971862793,-1.31143319606781,True,76,0.5669673085212708,0.7975566983222961,0.14012163877487183,30.82444953918457,-3.0523393154144287,-1.3961615562438965,3461,635
2011_09_26_drive_0018_sync,0000000115,2,0.8187615871429443,20.692163467407227,-7.331550121307373,-1.5118588209152222,True,74,0.8380557894706726,0.8917415142059326,0.10440192371606827,20.59708023071289,-7.288546562194824,-1.5087549686431885,3461,635
2011_09_26_drive_0018_sync,0000000115,3,0.6463040709495544,-0.9651584625244141,-6.919138431549072,-1.719977617263794,True,49,0.5339543223381042,0.7370246648788452,0.17261038720607758,-0.8661015629768372,-7.048695087432861,-1.6634342670440674,3461,635
2011_09_26_drive_0018_sync,0000000116,0,0.8410825133323669,21.889387130737305,-7.31843376159668,-1.494311809539795,True,60,0.8541759848594666,0.8598942160606384,0.09907416254281998,21.822933197021484,-7.363732814788818,-1.552169919013977,3412,684
2011_09_26_drive_0018_sync,0000000116,1,0.7379285097122192,32.097389221191406,-2.9099795818328857,-1.3300707340240479,True,98,0.7541826963424683,0.73701411485672,0.20477379858493805,31.96723175048828,-3.032552480697632,-1.4299067258834839,3412,684
2011_09_26_drive_0018_sync,0000000116,2,0.8971152305603027,22.315223693847656,-3.3600399494171143,-1.568407416343689,True,92,0.8840606212615967,0.9016661643981934,0.08399179577827454,22.25718116760254,-3.375976324081421,-1.5098265409469604,3412,684
2011_09_26_drive_0018_sync,0000000116,3,0.7241941690444946,-0.06209057569503784,-7.068737030029297,-1.7694458961486816,True,63,0.05796036869287491,0.7353817820549011,0.039181217551231384,-0.04545694589614868,-7.076571464538574,-1.734846591949463,3412,684
2011_09_26_drive_0018_sync,0000000117,0,0.3419972062110901,0.7500539422035217,-7.111227035522461,-1.652667760848999,True,58,0.7503369450569153,0.7585532665252686,0.1877138316631317,0.9125334024429321,-7.019896507263184,-1.6304047107696533,3378,718
2011_09_26_drive_0018_sync,0000000117,1,0.7979539036750793,33.04377365112305,-3.0469729900360107,-1.343227744102478,True,81,0.7819898724555969,0.7971309423446655,0.12823878228664398,33.12922668457031,-2.955958127975464,-1.3139146566390991,3378,718
2011_09_26_drive_0018_sync,0000000117,2,0.88649582862854,22.86304473876953,-7.291132926940918,-1.4756994247436523,True,16,0.839811384677887,0.8327555656433105,0.14245077967643738,22.732826232910156,-7.266086578369141,-1.527738332748413,3378,718
2011_09_26_drive_0018_sync,0000000117,3,0.8698649406433105,23.622560501098633,-3.443716049194336,-1.5153226852416992,True,64,0.8557711839675903,0.8983328938484192,0.07748664915561676,23.54975700378418,-3.446774959564209,-1.4889698028564453,3378,718
2011_09_26_drive_0018_sync,0000000118,0,0.8336650729179382,23.999305725097656,-7.267838954925537,-1.4507578611373901,True,97,0.8406564593315125,0.9345670342445374,0.060356125235557556,24.052751541137695,-7.267204284667969,-1.4787936210632324,3359,737
2011_09_26_drive_0018_sync,0000000118,1,0.7458553314208984,34.157447814941406,-2.9026637077331543,-1.4221506118774414,True,84,0.6766077280044556,0.6494011878967285,0.24109749495983124,34.22515106201172,-3.1340291500091553,-1.4183682203292847,3359,737
2011_09_26_drive_0018_sync,0000000118,2,0.8460339903831482,24.720815658569336,-3.2408530712127686,-1.4625928401947021,True,90,0.8780310750007629,0.924612820148468,0.054338354617357254,24.773086547851562,-3.248936414718628,-1.4750455617904663,3359,737
2011_09_26_drive_0018_sync,0000000119,0,0.8225036859512329,25.967506408691406,-3.3562536239624023,-1.50441575050354,True,46,0.8150350451469421,0.8069956302642822,0.1424461454153061,25.861526489257812,-3.261117696762085,-1.5015320777893066,3409,687
2011_09_26_drive_0018_sync,0000000119,1,0.37556546926498413,35.395103454589844,-2.891425609588623,-1.337005615234375,True,53,0.7682986855506897,0.8168357610702515,0.13152369856834412,35.446502685546875,-2.8023624420166016,-1.4190077781677246,3409,687
2011_09_26_drive_0018_sync,0000000119,2,0.4298643171787262,2.5469930171966553,-7.145976543426514,-1.7366496324539185,True,98,0.21577778458595276,0.8709990382194519,0.09045230597257614,2.472921848297119,-7.108563423156738,-1.7726404666900635,3409,687
2011_09_26_drive_0018_sync,0000000119,3,0.8582594990730286,25.04650115966797,-7.174709796905518,-1.4224611520767212,True,73,0.8365228772163391,0.8183925151824951,0.09809177368879318,24.98400115966797,-7.233442783355713,-1.4700655937194824,3409,687
2011_09_26_drive_0018_sync,0000000120,0,0.8632505536079407,26.104875564575195,-7.200031757354736,-1.4654932022094727,True,58,0.8658385872840881,0.8811958432197571,0.08927583694458008,26.02166175842285,-7.187258243560791,-1.4951996803283691,3349,747
2011_09_26_drive_0018_sync,0000000120,1,0.3276016414165497,3.4221107959747314,-7.065802097320557,-1.7395744323730469,True,60,0.19045434892177582,0.895297646522522,0.07180338352918625,3.4503748416900635,-7.12734317779541,-1.71570885181427,3349,747
2011_09_26_drive_0018_sync,0000000120,2,0.8358032703399658,27.094234466552734,-3.178133964538574,-1.4853320121765137,True,74,0.8482605218887329,0.7769139409065247,0.13815708458423615,27.140871047973633,-3.2185440063476562,-1.3617219924926758,3349,747
2011_09_26_drive_0018_sync,0000000121,0,0.3593110740184784,41.32248306274414,-12.549125671386719,-1.5072014331817627,True,68,0.43164411187171936,0.8234041333198547,0.14335893094539642,41.31428146362305,-12.692206382751465,-1.5036760568618774,3348,748
2011_09_26_drive_0018_sync,0000000121,1,0.7168248295783997,28.411407470703125,-3.1991991996765137,-1.4652643203735352,True,83,0.5608281493186951,0.8207359313964844,0.09876464307308197,28.439956665039062,-3.2531282901763916,-1.3876044750213623,3348,748
2011_09_26_drive_0018_sync,0000000121,2,0.8542233109474182,27.264663696289062,-7.228382587432861,-1.5127629041671753,True,42,0.827814519405365,0.8608217835426331,0.133534774184227,27.393064498901367,-7.193163871765137,-1.5025447607040405,3348,748
2011_09_26_drive_0018_sync,0000000122,0,0.5312392711639404,41.46147537231445,-12.612981796264648,-1.4182724952697754,True,57,0.38890400528907776,0.8168256878852844,0.15853345394134521,41.37999725341797,-12.743182182312012,-1.4575412273406982,3355,741
2011_09_26_drive_0018_sync,0000000122,1,0.8443405032157898,29.579727172851562,-3.0970048904418945,-1.5082465410232544,True,42,0.8388825058937073,0.896212100982666,0.06272721290588379,29.626956939697266,-3.133120059967041,-1.5282402038574219,3355,741
2011_09_26_drive_0018_sync,0000000122,2,0.7459859848022461,28.443944931030273,-7.20719051361084,-1.4680407047271729,True,37,0.7636837959289551,0.8766923546791077,0.08544491976499557,28.41710090637207,-7.131640434265137,-1.497577428817749,3355,741
2011_09_26_drive_0018_sync,0000000122,3,0.7461726665496826,39.13447952270508,-2.568901300430298,-1.367261290550232,True,26,0.533565104007721,0.8257546424865723,0.08212900161743164,39.20849609375,-2.57100510597229,-1.3317325115203857,3355,741
2011_09_26_drive_0018_sync,0000000123,0,0.6282113790512085,6.188267707824707,-7.050433158874512,-1.7727479934692383,True,72,0.2606408894062042,0.8724064230918884,0.07289190590381622,6.181270599365234,-7.118849277496338,-1.7969038486480713,3402,694
2011_09_26_drive_0018_sync,0000000123,1,0.5180396437644958,41.19103240966797,-12.684661865234375,-1.443902850151062,True,15,0.4798547625541687,0.8403118252754211,0.1186099424958229,41.281593322753906,-12.619449615478516,-1.4840824604034424,3402,694
2011_09_26_drive_0018_sync,0000000123,2,0.8372334837913513,30.79536247253418,-3.0705368518829346,-1.4041751623153687,True,96,0.8000262975692749,0.8010271787643433,0.08876112103462219,30.79224395751953,-3.063727617263794,-1.4926197528839111,3402,694
2011_09_26_drive_0018_sync,0000000123,3,0.8480530381202698,29.599931716918945,-7.049041748046875,-1.5005310773849487,True,45,0.8452091813087463,0.8412059545516968,0.10683324933052063,29.548913955688477,-7.115969181060791,-1.4347188472747803,3402,694
2011_09_26_drive_0018_sync,0000000123,4,0.6611294746398926,40.28582000732422,-2.7776119709014893,-1.2985470294952393,True,56,0.6340814828872681,0.8942164778709412,0.0869976356625557,40.19903564453125,-2.771547317504883,-1.2980144023895264,3402,694
2011_09_26_drive_0018_sync,0000000124,0,0.6736466288566589,41.38795471191406,-12.596981048583984,-1.402259111404419,True,31,0.6660659909248352,0.9429391622543335,0.052678387612104416,41.348819732666016,-12.623172760009766,-1.4258697032928467,3447,649
2011_09_26_drive_0018_sync,0000000124,1,0.784050703048706,31.87213706970215,-3.0631439685821533,-1.481337070465088,True,94,0.7975913286209106,0.834916353225708,0.09748951345682144,31.821128845214844,-3.0131359100341797,-1.4149928092956543,3447,649
2011_09_26_drive_0018_sync,0000000124,2,0.7551329135894775,30.041603088378906,-7.11942720413208,-1.4118316173553467,True,87,0.7179552912712097,0.6311290264129639,0.5076184272766113,30.54715919494629,-7.14778995513916,-1.4476792812347412,3447,649
2011_09_26_drive_0018_sync,0000000124,3,0.6948233842849731,41.626678466796875,-2.6013588905334473,-1.237572193145752,True,88,0.7691718339920044,0.8238533735275269,0.09032634645700455,41.63551330566406,-2.5160069465637207,-1.2657828330993652,3447,649
2011_09_26_drive_0018_sync,0000000125,0,0.7856015563011169,41.445213317871094,-12.55323600769043,-1.456070899963379,True,76,0.6032213568687439,0.831770122051239,0.12317442148923874,41.3896598815918,-12.662996292114258,-1.4498714208602905,3446,650
2011_09_26_drive_0018_sync,0000000125,1,0.7146763801574707,31.845972061157227,-7.2439751625061035,-1.4360558986663818,True,48,0.7048773765563965,0.850125253200531,0.0758313462138176,31.81842803955078,-7.190408706665039,-1.3899868726730347,3446,650
2011_09_26_drive_0018_sync,0000000125,2,0.5848905444145203,33.310272216796875,-3.0163280963897705,-1.4777376651763916,True,93,0.6886259913444519,0.8079521656036377,0.1207493469119072,33.38251876831055,-3.1109683513641357,-1.4576363563537598,3446,650
2011_09_26_drive_0018_sync,0000000126,0,0.7793834805488586,32.9385871887207,-6.98389196395874,-1.4424434900283813,True,54,0.2072834074497223,0.7812535762786865,0.17502987384796143,33.0965690612793,-6.92903995513916,-1.4941004514694214,3389,707
2011_09_26_drive_0018_sync,0000000126,1,0.5412935018539429,41.39532470703125,-12.608742713928223,-1.4631191492080688,True,96,0.3071610927581787,0.8937561511993408,0.0586797334253788,41.443084716796875,-12.580083847045898,-1.4446539878845215,3389,707
2011_09_26_drive_0018_sync,0000000126,2,0.43563416600227356,43.88990020751953,-2.534844398498535,-1.2594571113586426,False,,,0.0,,,,,3389,707
2011_09_26_drive_0018_sync,0000000126,3,0.5732486844062805,34.544368743896484,-3.1859662532806396,-1.4835731983184814,True,30,0.459929496049881,0.8949084281921387,0.08613992482423782,34.600982666015625,-3.1856441497802734,-1.4186513423919678,3389,707
2011_09_26_drive_0018_sync,0000000127,0,0.8393315672874451,35.70000076293945,-2.9736647605895996,-1.3854029178619385,True,51,0.8153407573699951,0.9419834017753601,0.03253287076950073,35.72589874267578,-2.989870548248291,-1.3965857028961182,3477,619
2011_09_26_drive_0018_sync,0000000127,1,0.7464784383773804,33.994571685791016,-7.002439498901367,-1.4609254598617554,True,43,0.7467795610427856,0.8264614343643188,0.18177542090415955,34.149173736572266,-6.924184799194336,-1.4060008525848389,3477,619
2011_09_26_drive_0018_sync,0000000127,2,0.5038761496543884,40.95655822753906,-13.281815528869629,-1.481136679649353,True,86,0.6370800137519836,0.5564203262329102,0.41839465498924255,41.050323486328125,-12.880021095275879,-1.5505874156951904,3477,619
2011_09_26_drive_0018_sync,0000000128,0,0.8091632127761841,41.41560745239258,-12.612311363220215,-1.559216022491455,True,17,0.7976458668708801,0.8734236359596252,0.05674659088253975,41.42143249511719,-12.633051872253418,-1.5067176818847656,3512,584
2011_09_26_drive_0018_sync,0000000128,1,0.7884981632232666,36.89168930053711,-3.218928575515747,-1.3716278076171875,True,82,0.732570469379425,0.9274511337280273,0.027031414210796356,36.8907470703125,-3.192667245864868,-1.3652912378311157,3512,584
2011_09_26_drive_0018_sync,0000000128,2,0.4121454060077667,45.7247428894043,-3.6534101963043213,-1.2072515487670898,True,8,0.33475467562675476,0.7061798572540283,0.23703891038894653,45.954017639160156,-3.687610626220703,-1.2567577362060547,3512,584
2011_09_26_drive_0018_sync,0000000128,3,0.7610023021697998,35.17116928100586,-6.930933475494385,-1.4263994693756104,True,50,0.6433722376823425,0.8211895823478699,0.14082162082195282,35.15371322631836,-7.070305824279785,-1.41633141040802,3512,584
2011_09_26_drive_0018_sync,0000000129,0,0.684704601764679,41.327720642089844,-12.643110275268555,-1.4479238986968994,True,98,0.5601433515548706,0.7606952786445618,0.16316944360733032,41.33386993408203,-12.805883407592773,-1.457482099533081,3493,603
2011_09_26_drive_0018_sync,0000000129,1,0.6592398881912231,38.02816390991211,-2.737954616546631,-1.469102144241333,True,82,0.6981918215751648,0.6614387035369873,0.26883360743522644,38.230106353759766,-2.890575647354126,-1.3785616159439087,3493,603
2011_09_26_drive_0018_sync,0000000129,2,0.8107450008392334,36.407470703125,-7.006714820861816,-1.4474656581878662,True,46,0.8115653991699219,0.8701818585395813,0.1751737743616104,36.23591995239258,-7.002358436584473,-1.4122916460037231,3493,603
2011_09_26_drive_0018_sync,0000000130,0,0.6252377033233643,13.124309539794922,-6.988062381744385,-1.6247949600219727,True,94,0.6011289954185486,0.8704646825790405,0.10812940448522568,13.052663803100586,-7.032494068145752,-1.6925052404403687,3537,559
2011_09_26_drive_0018_sync,0000000130,1,0.5705817937850952,37.44330596923828,-7.14860725402832,-1.3434321880340576,True,77,0.724759042263031,0.8226503133773804,0.09507406502962112,37.40397644042969,-7.189266204833984,-1.4198462963104248,3537,559
2011_09_26_drive_0018_sync,0000000130,2,0.790340781211853,39.33539581298828,-2.8425445556640625,-1.4213035106658936,True,6,0.7942172884941101,0.7852512001991272,0.15233318507671356,39.37746047973633,-2.9882590770721436,-1.4070472717285156,3537,559
2011_09_26_drive_0018_sync,0000000131,0,0.7338132858276367,41.279396057128906,-12.832846641540527,-1.459373950958252,True,64,0.7057376503944397,0.8768784999847412,0.0877768024802208,41.27408981323242,-12.745235443115234,-1.458431601524353,3500,596
2011_09_26_drive_0018_sync,0000000131,1,0.872209370136261,14.102782249450684,-6.997281074523926,-1.5457544326782227,True,89,0.900251567363739,0.8769857883453369,0.12492872029542923,14.157323837280273,-7.017302513122559,-1.435158133506775,3500,596
2011_09_26_drive_0018_sync,0000000131,2,0.5090399384498596,38.389564514160156,-6.762959957122803,-1.3658102750778198,True,32,0.4569217562675476,0.7460326552391052,0.16198119521141052,38.41038513183594,-6.904186725616455,-1.442357063293457,3500,596
2011_09_26_drive_0018_sync,0000000132,0,0.7437698841094971,39.97254943847656,-6.787534713745117,-1.4063920974731445,True,68,0.6712666153907776,0.7330454587936401,0.23858273029327393,39.80021667480469,-6.952145099639893,-1.4176419973373413,3521,575
2011_09_26_drive_0018_sync,0000000132,1,0.6719847917556763,41.39787673950195,-12.583688735961914,-1.4821252822875977,True,13,0.5921357870101929,0.832573652267456,0.10037422925233841,41.46089553833008,-12.650982856750488,-1.5218130350112915,3521,575
2011_09_26_drive_0018_sync,0000000132,2,0.7630225419998169,15.160526275634766,-7.043152809143066,-1.5724316835403442,True,74,0.879631757736206,0.8958612680435181,0.11442267149686813,15.260823249816895,-6.9888014793396,-1.581319808959961,3521,575
2011_09_26_drive_0018_sync,0000000132,3,0.4492124617099762,41.91229248046875,-2.508744955062866,-1.3537534475326538,True,92,0.28008294105529785,0.708842396736145,0.27637985348701477,42.11415100097656,-2.3252742290496826,-1.3982219696044922,3521,575
2011_09_26_drive_0018_sync,0000000133,0,0.6948364973068237,40.967567443847656,-6.770356178283691,-1.363459825515747,True,53,0.72507643699646,0.7978988289833069,0.19709114730358124,41.15371322631836,-6.735288619995117,-1.3090085983276367,3525,571
2011_09_26_drive_0018_sync,0000000133,1,0.7064591646194458,41.28213119506836,-12.85993766784668,-1.4426865577697754,True,14,0.7453417778015137,0.7935540080070496,0.20955166220664978,41.381866455078125,-12.676047325134277,-1.4548979997634888,3525,571
2011_09_26_drive_0018_sync,0000000133,2,0.7965044379234314,16.31169891357422,-7.008025646209717,-1.6056091785430908,True,60,0.8704843521118164,0.8995192050933838,0.024002522230148315,16.31221580505371,-6.9846110343933105,-1.6108636856079102,3525,571
2011_09_26_drive_0018_sync,0000000134,0,0.3884342908859253,42.4288215637207,-6.2730937004089355,-1.4348406791687012,False,,,0.0,,,,,3568,528
2011_09_26_drive_0018_sync,0000000134,1,0.7709395885467529,17.328083038330078,-6.970822811126709,-1.5620570182800293,True,79,0.3722131550312042,0.8106691241264343,0.24245291948318481,17.380027770996094,-6.919163227081299,-1.7931770086288452,3568,528
2011_09_26_drive_0018_sync,0000000134,2,0.6968879103660583,44.353118896484375,-2.528602123260498,-1.3698694705963135,True,87,0.5201044082641602,0.8450313210487366,0.11285452544689178,44.414268493652344,-2.6216697692871094,-1.3515586853027344,3568,528
2011_09_26_drive_0018_sync,0000000135,0,0.6646760702133179,43.530517578125,-6.716611385345459,-1.2926768064498901,True,90,0.5597171187400818,0.9381753206253052,0.03790612146258354,43.5678596496582,-6.722652912139893,-1.2951147556304932,3546,550
2011_09_26_drive_0018_sync,0000000135,1,0.4656626880168915,41.04084014892578,-12.9779691696167,-1.3941922187805176,True,28,0.10896170884370804,0.7335747480392456,0.21224145591259003,41.20060729980469,-13.111618995666504,-1.4349184036254883,3546,550
2011_09_26_drive_0018_sync,0000000136,0,0.41959425806999207,47.15988540649414,-2.7628517150878906,-1.3032702207565308,True,3,0.44602102041244507,0.7405499815940857,0.21793706715106964,47.02101135253906,-2.597259521484375,-1.3313734531402588,3523,573
2011_09_26_drive_0018_sync,0000000136,1,0.5037782788276672,44.59939193725586,-6.608553409576416,-1.2701060771942139,True,83,0.060577839612960815,0.614195704460144,0.3709367513656616,44.74992752075195,-6.947418212890625,-1.2802925109863281,3523,573
2011_09_26_drive_0018_sync,0000000136,2,0.8571949005126953,19.521154403686523,-6.854430198669434,-1.4698286056518555,True,52,0.8681066036224365,0.7912583947181702,0.25081920623779297,19.439342498779297,-6.829512596130371,-1.705617070198059,3523,573
2011_09_26_drive_0018_sync,0000000137,0,0.4257449507713318,48.37457275390625,-2.0294759273529053,-1.1714017391204834,True,30,0.2279985398054123,0.8517263531684875,0.10559433698654175,48.35755157470703,-1.9364949464797974,-1.2184653282165527,3548,548
2011_09_26_drive_0018_sync,0000000137,1,0.47183164954185486,45.709163665771484,-6.418963432312012,-1.2354087829589844,True,85,0.366652250289917,0.876973032951355,0.10690192878246307,45.80824279785156,-6.381092071533203,-1.2221006155014038,3548,548
2011_09_26_drive_0018_sync,0000000137,2,0.7801108360290527,20.752084732055664,-6.905264377593994,-1.470120906829834,True,42,0.6817218661308289,0.927025556564331,0.061935149133205414,20.698345184326172,-6.93207311630249,-1.4852640628814697,3548,548
2011_09_26_drive_0018_sync,0000000138,0,0.43258050084114075,46.88883590698242,-6.63142728805542,-1.2637755870819092,True,0,0.2916833460330963,0.7204353213310242,0.19542382657527924,47.007259368896484,-6.574868679046631,-1.4085770845413208,3547,549
2011_09_26_drive_0018_sync,0000000138,1,0.7482534646987915,21.683975219726562,-6.924365043640137,-1.473559856414795,True,61,0.8335357308387756,0.8814743161201477,0.0738435685634613,21.73212242126465,-6.868515968322754,-1.4696100950241089,3547,549
2011_09_26_drive_0018_sync,0000000140,0,0.3950708508491516,52.12520217895508,-2.3361895084381104,-1.278212308883667,True,59,0.3717142641544342,0.8446360230445862,0.08863010257482529,52.172515869140625,-2.395735263824463,-1.2327039241790771,3543,553
2011_09_26_drive_0018_sync,0000000140,1,0.3550938069820404,24.10722541809082,-6.836299896240234,-1.5240617990493774,True,68,0.19449466466903687,0.8387486934661865,0.12316448986530304,24.030370712280273,-6.846585273742676,-1.4283692836761475,3543,553
2011_09_26_drive_0018_sync,0000000141,0,0.3095669746398926,25.193750381469727,-6.740645408630371,-1.573793888092041,True,94,0.5188602805137634,0.9050861597061157,0.07302987575531006,25.19173812866211,-6.761621952056885,-1.5038703680038452,3519,577
2011_09_26_drive_0018_sync,0000000142,0,0.8088804483413696,26.19154930114746,-6.7799882888793945,-1.4532966613769531,True,65,0.719093382358551,0.8654890060424805,0.08108200877904892,26.135009765625,-6.785016059875488,-1.395397663116455,3513,583
2011_09_26_drive_0018_sync,0000000142,1,0.3678719699382782,65.65338134765625,-1.7924875020980835,-0.8996760249137878,True,85,0.3377535939216614,0.8333465456962585,0.14127705991268158,65.77994537353516,-1.7487084865570068,-0.8546854257583618,3513,583
2011_09_26_drive_0018_sync,0000000144,0,0.3563758134841919,41.679412841796875,-13.032111167907715,-1.449849009513855,False,,,0.0,,,,,3587,509
2011_09_26_drive_0018_sync,0000000145,0,0.5441768169403076,29.732526779174805,-6.841798782348633,-1.3917956352233887,True,29,0.6632585525512695,0.7463686466217041,0.24292077124118805,29.553333282470703,-6.72048282623291,-1.2814207077026367,3541,555
2011_09_26_drive_0018_sync,0000000145,1,0.5029089450836182,41.90202713012695,-13.521666526794434,-1.4549286365509033,False,,,0.0,,,,,3541,555
2011_09_26_drive_0018_sync,0000000146,0,0.6052858233451843,41.0260009765625,-12.868795394897461,-1.4545652866363525,True,66,0.30259594321250916,0.8411751389503479,0.11776705086231232,41.1339225769043,-12.84650993347168,-1.4961028099060059,3514,582
2011_09_26_drive_0018_sync,0000000147,0,0.6629348397254944,41.309974670410156,-12.707259178161621,-1.4016289710998535,True,44,0.5377181172370911,0.8928881883621216,0.07221312820911407,41.317909240722656,-12.675272941589355,-1.4658836126327515,3537,559
2011_09_26_drive_0018_sync,0000000147,1,0.6439130306243896,31.948820114135742,-6.524858474731445,-1.4765262603759766,True,70,0.18599636852741241,0.7954034209251404,0.158051535487175,31.811017990112305,-6.601829528808594,-1.4683825969696045,3537,559
2011_09_26_drive_0018_sync,0000000148,0,0.5403909683227539,41.37502670288086,-12.635834693908691,-1.4563473463058472,True,88,0.5842240452766418,0.7871456146240234,0.1095803901553154,41.42073059082031,-12.67375373840332,-1.364254117012024,3569,527
2011_09_26_drive_0018_sync,0000000148,1,0.38868796825408936,33.23953628540039,-6.46624231338501,-1.4001284837722778,True,66,0.2600163221359253,0.634071946144104,0.3753916621208191,32.93378448486328,-6.614811897277832,-1.2408745288848877,3569,527
2011_09_26_drive_0018_sync,0000000149,0,0.7555474042892456,41.294189453125,-12.611495018005371,-1.6134862899780273,True,74,0.6404249668121338,0.721877932548523,0.22279462218284607,41.50518035888672,-12.635531425476074,-1.5460879802703857,3567,529
2011_09_26_drive_0018_sync,0000000149,1,0.43377920985221863,34.44077682495117,-6.858401298522949,-1.3360722064971924,True,81,0.2849433720111847,0.7409065365791321,0.20860478281974792,34.31342315673828,-6.701053619384766,-1.2856866121292114,3567,529
2011_09_26_drive_0018_sync,0000000150,0,0.7677854299545288,41.33652114868164,-12.643033027648926,-1.48243248462677,True,25,0.68770831823349,0.7643389105796814,0.18025469779968262,41.42494583129883,-12.584390640258789,-1.6281510591506958,3562,534
2011_09_26_drive_0018_sync,0000000151,0,0.5168918967247009,41.42891311645508,-12.490206718444824,-1.353715419769287,True,58,0.11449430137872696,0.6917572021484375,0.44592809677124023,41.79716110229492,-12.263787269592285,-1.4631664752960205,3563,533
2011_09_26_drive_0018_sync,0000000151,1,0.6104227900505066,36.86653518676758,-6.593502044677734,-1.1066710948944092,True,94,0.5071265697479248,0.7116467356681824,0.22271281480789185,36.77953338623047,-6.478940963745117,-1.2766929864883423,3563,533
2011_09_26_drive_0018_sync,0000000152,0,0.6871336698532104,41.533321380615234,-12.62131404876709,-1.4536540508270264,True,85,0.7349171042442322,0.8790257573127747,0.1542970985174179,41.39962387084961,-12.690298080444336,-1.4193936586380005,3512,584
2011_09_26_drive_0018_sync,0000000152,1,0.3572688400745392,37.70305633544922,-6.473888397216797,-1.1820862293243408,True,59,0.11092714220285416,0.6807472705841064,0.29099810123443604,37.90256881713867,-6.6767578125,-1.121105432510376,3512,584
2011_09_26_drive_0018_sync,0000000153,0,0.6466197967529297,41.640052795410156,-12.46582317352295,-1.4368643760681152,True,72,0.4762410521507263,0.9029268026351929,0.019613221287727356,41.65504837036133,-12.470523834228516,-1.4485995769500732,3566,530
2011_09_26_drive_0018_sync,0000000154,0,0.5937792658805847,41.849971771240234,-12.38121509552002,-1.4794411659240723,True,32,0.6127843856811523,0.8120898604393005,0.19832894206047058,41.73054504394531,-12.522379875183105,-1.407718539237976,3561,535
2011_09_26_drive_0018_sync,0000000154,1,0.7499246597290039,40.43370056152344,-6.45250129699707,-1.4158663749694824,True,9,0.8131189346313477,0.8998965620994568,0.06850414723157883,40.471675872802734,-6.4682722091674805,-1.3610761165618896,3561,535
2011_09_26_drive_0018_sync,0000000155,0,0.5001713037490845,41.58613204956055,-12.462604522705078,-1.494929313659668,True,31,0.5113667845726013,0.748439371585846,0.22997049987316132,41.81467819213867,-12.452160835266113,-1.4716049432754517,3563,533
2011_09_26_drive_0018_sync,0000000155,1,0.5117489695549011,41.83213424682617,-6.321106910705566,-1.2334849834442139,False,,,0.0,,,,,3563,533
2011_09_26_drive_0018_sync,0000000156,0,0.5386500358581543,42.064029693603516,-12.377222061157227,-1.5205047130584717,True,60,0.6543571949005127,0.8416220545768738,0.11445155739784241,41.96322250366211,-12.32922077178955,-1.4953463077545166,3524,572
2011_09_26_drive_0018_sync,0000000156,1,0.7316617369651794,43.02814483642578,-6.448453903198242,-1.2199777364730835,True,9,0.45725956559181213,0.7846663594245911,0.26237204670906067,42.768611907958984,-6.476260662078857,-1.246596097946167,3524,572
2011_09_26_drive_0018_sync,0000000157,0,0.44797462224960327,42.02347183227539,-12.22643756866455,-1.5101583003997803,True,82,0.6869667768478394,0.9019272327423096,0.06769547611474991,42.034637451171875,-12.170859336853027,-1.4731574058532715,3566,530
2011_09_26_drive_0018_sync,0000000158,0,0.643842339515686,45.4294319152832,-6.4441351890563965,-1.2523198127746582,True,37,0.4876248240470886,0.7483087182044983,0.1813141256570816,45.41023254394531,-6.27052116394043,-1.2036950588226318,3561,535
2011_09_26_drive_0018_sync,0000000158,1,0.7620528340339661,42.395408630371094,-12.050541877746582,-1.450681447982788,True,90,0.5005333423614502,0.775277316570282,0.3032728433609009,42.140357971191406,-12.211188316345215,-1.4840925931930542,3561,535
2011_09_26_drive_0018_sync,0000000159,0,0.7003602385520935,42.152523040771484,-12.068811416625977,-1.4288642406463623,True,79,0.5346822738647461,0.8907561898231506,0.09753185510635376,42.155853271484375,-12.10452651977539,-1.51956045627594,3569,527
2011_09_26_drive_0018_sync,0000000160,0,0.4439196288585663,42.292625427246094,-12.06872844696045,-1.4060914516448975,True,67,0.3387846052646637,0.8796378970146179,0.03928953781723976,42.32990264892578,-12.0811185836792,-1.4068405628204346,3566,530
2011_09_26_drive_0018_sync,0000000161,0,0.5512350797653198,42.71229934692383,-11.873540878295898,-1.3724370002746582,True,14,0.6269280910491943,0.7438355088233948,0.17433370649814606,42.76778030395508,-11.742667198181152,-1.4733636379241943,3540,556
2011_09_26_drive_0018_sync,0000000162,0,0.7579125761985779,42.809814453125,-11.69734001159668,-1.3871970176696777,True,60,0.7464801669120789,0.8805292844772339,0.07166071981191635,42.740196228027344,-11.686962127685547,-1.373748540878296,3550,546
2011_09_26_drive_0018_sync,0000000163,0,0.33938997983932495,42.846107482910156,-12.676613807678223,-1.6189472675323486,True,34,0.456662654876709,0.5050995945930481,0.4567849338054657,42.9626579284668,-12.260466575622559,-1.4709947109222412,3579,517
2011_09_26_drive_0018_sync,0000000165,0,0.5764833688735962,43.39738082885742,-11.403755187988281,-1.396034836769104,True,88,0.640453040599823,0.7969086766242981,0.13309335708618164,43.48686981201172,-11.42211627960205,-1.4928255081176758,3570,526
2011_09_26_drive_0018_sync,0000000166,0,0.4235472083091736,43.8740119934082,-11.367217063903809,-1.4969117641448975,True,21,0.5815859436988831,0.7680476307868958,0.13829797506332397,43.84437561035156,-11.254678726196289,-1.4221913814544678,3541,555
2011_09_26_drive_0018_sync,0000000167,0,0.6887760758399963,43.939178466796875,-10.956859588623047,-1.5390803813934326,True,46,0.3214672803878784,0.661035418510437,0.47730058431625366,44.38301086425781,-10.781508445739746,-1.5480597019195557,3589,507
2011_09_26_drive_0018_sync,0000000169,0,0.742784857749939,44.54643630981445,-10.704171180725098,-1.3935972452163696,True,21,0.7972766757011414,0.8401740193367004,0.09645266085863113,44.463661193847656,-10.673068046569824,-1.4321198463439941,3556,540
2011_09_26_drive_0018_sync,0000000170,0,0.5339035391807556,44.79418182373047,-10.461899757385254,-1.426712989807129,True,90,0.1735842227935791,0.6432497501373291,0.22755858302116394,44.97885513305664,-10.587029457092285,-1.4716711044311523,3537,559
2011_09_26_drive_0018_sync,0000000171,0,0.4753435254096985,45.25739288330078,-10.2471342086792,-1.3165881633758545,True,4,0.3534325063228607,0.6927149295806885,0.21766290068626404,45.253047943115234,-10.439239501953125,-1.4188320636749268,3566,530
2011_09_26_drive_0018_sync,0000000172,0,0.500283420085907,45.56414794921875,-10.184534072875977,-1.4053065776824951,True,88,0.5483697056770325,0.8590024709701538,0.0779157429933548,45.5396842956543,-10.164772987365723,-1.3340191841125488,3526,570
2011_09_26_drive_0018_sync,0000000173,0,0.5842674970626831,45.90145492553711,-9.987236976623535,-1.395288109779358,True,81,0.4440622627735138,0.8156213164329529,0.07067567110061646,45.88237762451172,-10.046673774719238,-1.4284298419952393,3550,546
2011_09_26_drive_0018_sync,0000000174,0,0.514918327331543,46.24980163574219,-9.804421424865723,-1.3208969831466675,True,62,0.4412558972835541,0.7758597135543823,0.11976711452007294,46.32849884033203,-9.862253189086914,-1.3902251720428467,3594,502
2011_09_26_drive_0018_sync,0000000175,0,0.48077234625816345,46.86705017089844,-9.879490852355957,-1.3924298286437988,True,75,0.5665877461433411,0.9087165594100952,0.03320850059390068,46.889892578125,-9.900918960571289,-1.3813905715942383,3541,555
2011_09_26_drive_0018_sync,0000000176,0,0.6744107604026794,47.22111892700195,-9.46732234954834,-1.3991665840148926,True,83,0.6466599702835083,0.9375205636024475,0.047364845871925354,47.26351547241211,-9.46810245513916,-1.4202699661254883,3571,525
2011_09_26_drive_0018_sync,0000000177,0,0.3740614652633667,47.32807922363281,-9.628301620483398,-1.3946064710617065,False,,,0.0,,,,,3556,540
2011_09_26_drive_0018_sync,0000000178,0,0.47617611289024353,24.131818771362305,15.88137149810791,-1.3132598400115967,False,,,0.0,,,,,3520,576
2011_09_26_drive_0018_sync,0000000180,0,0.5073831677436829,49.175315856933594,-8.70859432220459,-1.4389313459396362,True,20,0.4618310034275055,0.9346686601638794,0.032024186104536057,49.160945892333984,-8.720866203308105,-1.4647858142852783,3581,515
2011_09_26_drive_0018_sync,0000000188,0,0.4170336127281189,53.68583297729492,-7.823868751525879,-1.6230639219284058,True,65,0.2695310413837433,0.8079443573951721,0.143871009349823,53.748321533203125,-7.709763050079346,-1.684496283531189,3224,872
2011_09_26_drive_0018_sync,0000000192,0,0.6111409068107605,22.625959396362305,16.360145568847656,-1.1345921754837036,True,86,0.04299428313970566,0.7181112766265869,0.21506832540035248,22.748950958251953,16.20246124267578,-1.0554523468017578,3514,582
2011_09_26_drive_0018_sync,0000000207,0,0.49147099256515503,54.5346565246582,13.612661361694336,-1.6542649269104004,True,10,0.2929859757423401,0.7777498364448547,0.12614662945270538,54.490028381347656,13.711170196533203,-1.7192057371139526,3260,836
2011_09_26_drive_0018_sync,0000000212,0,0.4386538863182068,49.70161437988281,12.284098625183105,-1.6937437057495117,True,4,0.34852495789527893,0.791893720626831,0.18766239285469055,49.8748779296875,12.223458290100098,-1.6547608375549316,3128,968
2011_09_26_drive_0018_sync,0000000216,0,0.40515002608299255,45.65170669555664,9.74402904510498,-1.84299635887146,True,85,0.09070596098899841,0.7199414968490601,0.19125226140022278,45.839996337890625,9.741423606872559,-1.8764276504516602,3189,907
2011_09_26_drive_0018_sync,0000000218,0,0.5244095325469971,8.654982566833496,37.763763427734375,-1.9308760166168213,True,96,0.6112105250358582,0.674913227558136,0.11508768051862717,8.612214088439941,37.82830810546875,-1.8457289934158325,3169,927
2011_09_26_drive_0018_sync,0000000218,1,0.4898667633533478,44.03975296020508,7.541732311248779,-1.7618918418884277,True,99,0.6627722978591919,0.8341485261917114,0.13646088540554047,44.0926628112793,7.521226406097412,-1.6377885341644287,3169,927
2011_09_26_drive_0018_sync,0000000220,0,0.3267480134963989,36.613182067871094,9.86738109588623,-1.8485318422317505,True,21,0.0018165211658924818,0.7164009809494019,0.22948606312274933,36.49872589111328,9.700501441955566,-1.9567668437957764,2904,1192
2011_09_26_drive_0018_sync,0000000224,0,0.3548296093940735,9.746633529663086,32.03618240356445,-1.7071245908737183,True,74,0.433346152305603,0.6526554822921753,0.397117555141449,9.487464904785156,31.737329483032227,-1.7420660257339478,2737,1359
2011_09_26_drive_0018_sync,0000000224,1,0.3801310658454895,38.20616149902344,-0.3489954173564911,-1.4299390316009521,True,98,0.41706958413124084,0.6893419027328491,0.1643259972333908,38.063045501708984,-0.39423203468322754,-1.496830701828003,2737,1359
2011_09_26_drive_0018_sync,0000000227,0,0.6563642024993896,9.514118194580078,28.35272216796875,-1.8491381406784058,True,10,0.44274699687957764,0.7514776587486267,0.1217932179570198,9.431658744812012,28.41922378540039,-1.7890418767929077,2888,1208
2011_09_26_drive_0018_sync,0000000228,0,0.7069292664527893,9.21072006225586,27.52798080444336,-1.7857458591461182,True,86,0.7002130150794983,0.7711811065673828,0.17885467410087585,9.334823608398438,27.402141571044922,-1.7583270072937012,2708,1388
2011_09_26_drive_0018_sync,0000000229,0,0.7197905778884888,9.086752891540527,26.600950241088867,-1.7141315937042236,True,70,0.8592549562454224,0.7364386916160583,0.23716852068901062,9.150447845458984,26.375564575195312,-1.7514567375183105,2809,1287
2011_09_26_drive_0018_sync,0000000230,0,0.560494601726532,30.76766014099121,-7.720896244049072,-1.4117629528045654,True,59,0.7633659243583679,0.7999823093414307,0.11972815543413162,30.804920196533203,-7.821761608123779,-1.4644193649291992,2654,1442
2011_09_26_drive_0018_sync,0000000230,1,0.8301347494125366,9.028436660766602,25.57617950439453,-1.7171432971954346,True,9,0.798583984375,0.8597320914268494,0.1021677702665329,9.03074836730957,25.61629867553711,-1.811076045036316,2654,1442
2011_09_26_drive_0018_sync,0000000231,0,0.8126630783081055,8.6725435256958,24.67497444152832,-1.7894258499145508,True,73,0.8193345665931702,0.7573423385620117,0.17753151059150696,8.828888893127441,24.650089263916016,-1.8697644472122192,2716,1380
2011_09_26_drive_0018_sync,0000000232,0,0.8547958135604858,8.428680419921875,23.926115036010742,-1.846098780632019,True,69,0.8611642718315125,0.8351122736930847,0.16171815991401672,8.34175968170166,23.799894332885742,-1.8977309465408325,2748,1348
2011_09_26_drive_0018_sync,0000000233,0,0.7806933522224426,8.0888090133667,23.203876495361328,-1.9294013977050781,True,84,0.7674039602279663,0.7599191069602966,0.14442656934261322,8.127023696899414,23.105470657348633,-1.8308368921279907,2883,1213
2011_09_26_drive_0018_sync,0000000234,0,0.8193597197532654,7.515801429748535,22.4090518951416,-1.8544267416000366,True,95,0.8090143203735352,0.7984303832054138,0.1510612517595291,7.410877227783203,22.356273651123047,-1.9494260549545288,2942,1154
2011_09_26_drive_0018_sync,0000000235,0,0.8661854863166809,7.043820381164551,21.85708999633789,-1.9259114265441895,True,84,0.8512410521507263,0.8151258230209351,0.14962312579154968,6.980859756469727,21.793066024780273,-2.0455942153930664,2859,1237
2011_09_26_drive_0018_sync,0000000236,0,0.839097261428833,6.505425930023193,21.317241668701172,-1.9916330575942993,True,45,0.8588094711303711,0.8712061643600464,0.13958463072776794,6.623193740844727,21.34885597229004,-1.9236981868743896,2846,1250
2011_09_26_drive_0018_sync,0000000237,0,0.8762368559837341,5.948977470397949,20.852828979492188,-1.963437557220459,True,66,0.8424881100654602,0.870941162109375,0.06593669205904007,6.004862308502197,20.866111755371094,-1.995811939239502,2709,1387
2011_09_26_drive_0018_sync,0000000238,0,0.878706693649292,5.435771465301514,20.44567108154297,-1.9438029527664185,True,85,0.8735886812210083,0.9056040048599243,0.06387554109096527,5.383876800537109,20.45945930480957,-1.909206509590149,2766,1330
2011_09_26_drive_0018_sync,0000000239,0,0.8068112134933472,4.708091735839844,20.17926597595215,-1.9099724292755127,True,57,0.8227774500846863,0.8374848365783691,0.13115127384662628,4.719959735870361,20.151214599609375,-1.7824070453643799,2652,1444
2011_09_26_drive_0018_sync,0000000239,1,0.5299301147460938,17.680164337158203,-15.662384033203125,-1.3583952188491821,True,83,0.11475019156932831,0.5230798721313477,0.4677214026451111,17.294849395751953,-15.918947219848633,-1.2915292978286743,2652,1444
2011_09_26_drive_0018_sync,0000000240,0,0.6602618098258972,16.007749557495117,-16.51334571838379,-1.2367953062057495,True,88,0.37886181473731995,0.5638365745544434,0.43111345171928406,15.975076675415039,-16.12957191467285,-1.4304676055908203,2904,1192
2011_09_26_drive_0018_sync,0000000240,1,0.8327774405479431,4.097189426422119,19.928192138671875,-1.9088175296783447,True,94,0.8537693023681641,0.894182026386261,0.10585784912109375,4.191598415374756,19.97027587890625,-1.9316601753234863,2904,1192
2011_09_26_drive_0018_sync,0000000241,0,0.8504160642623901,3.4499261379241943,19.723487854003906,-1.9825210571289062,True,96,0.7882598638534546,0.8663789629936218,0.09416018426418304,3.428212881088257,19.725486755371094,-1.8909204006195068,2694,1402
2011_09_26_drive_0018_sync,0000000242,0,0.8087799549102783,2.6639420986175537,19.670482635498047,-2.023648738861084,True,75,0.8099323511123657,0.9129027724266052,0.07349977642297745,2.7299001216888428,19.65045738220215,-1.9981390237808228,2618,1478
2011_09_26_drive_0018_sync,0000000243,0,0.30195245146751404,11.040026664733887,-17.31475067138672,-1.4179631471633911,True,19,0.22858278453350067,0.7228609919548035,0.14933954179286957,10.98792839050293,-17.44780921936035,-1.3745639324188232,2644,1452
2011_09_26_drive_0018_sync,0000000243,1,0.6742411851882935,1.9418561458587646,19.693592071533203,-1.9422791004180908,True,11,0.7308462262153625,0.9007699489593506,0.05378070846199989,1.8990947008132935,19.6907901763916,-1.9747748374938965,2644,1452
2011_09_26_drive_0018_sync,0000000244,0,0.6817284226417542,1.1672543287277222,19.692445755004883,-2.097966194152832,True,96,0.6842032670974731,0.5621312260627747,0.6478335857391357,1.7841817140579224,19.877704620361328,-2.167017698287964,2659,1437
2011_09_26_drive_0018_sync,0000000245,0,0.7764380574226379,0.44126591086387634,19.911540985107422,-1.963761568069458,True,49,0.7445477247238159,0.8544712662696838,0.11973349004983902,0.3257480263710022,19.893688201904297,-1.989703893661499,2873,1223
2011_09_26_drive_0018_sync,0000000245,1,0.35731035470962524,7.84382438659668,-17.843101501464844,-1.4570013284683228,True,70,0.03850042074918747,0.5037658214569092,1.1502256393432617,8.410593032836914,-18.84343147277832,-1.4906491041183472,2873,1223
2011_09_26_drive_0018_sync,0000000246,0,0.7304955124855042,-0.5699708461761475,20.151323318481445,-1.9782533645629883,True,55,0.7736713290214539,0.838535726070404,0.08968702703714371,-0.5490891337394714,20.198974609375,-2.0513086318969727,2823,1273
2011_09_26_drive_0018_sync,0000000247,0,0.37161433696746826,4.865668296813965,-18.039846420288086,-1.3649038076400757,True,70,0.4610684812068939,0.844253659248352,0.15366210043430328,4.769870281219482,-17.92039680480957,-1.377810001373291,2860,1236
2011_09_26_drive_0018_sync,0000000250,0,0.4546818733215332,0.6120247840881348,-17.477739334106445,-1.4962983131408691,False,,,0.0,,,,,2779,1317
2011_09_26_drive_0018_sync,0000000252,0,0.35865047574043274,37.410728454589844,20.282833099365234,-1.8449424505233765,True,79,0.42640796303749084,0.5774783492088318,0.4737635850906372,37.85685348510742,20.426420211791992,-1.775609016418457,2845,1251
2011_09_26_drive_0018_sync,0000000256,0,0.3920753002166748,34.33197784423828,18.01620101928711,-1.438993215560913,True,47,0.11733946949243546,0.6711571216583252,0.29692769050598145,34.07660675048828,18.149015426635742,-1.366109848022461,3012,1084
2011_09_26_drive_0018_sync,0000000256,1,0.44754844903945923,22.862478256225586,38.30849838256836,0.045455098152160645,False,,,0.0,,,,,3012,1084
2011_09_26_drive_0018_sync,0000000263,0,0.43160006403923035,43.64106750488281,-3.0657107830047607,-1.1295444965362549,True,99,0.2869665026664734,0.810143768787384,0.15006394684314728,43.755027770996094,-3.160752534866333,-1.151889681816101,2949,1147
2011_09_26_drive_0018_sync,0000000268,0,0.4994103014469147,23.8352108001709,17.91311264038086,-0.9144663214683533,True,78,0.15332145988941193,0.7094525098800659,0.27567943930625916,24.067657470703125,17.97962760925293,-1.0469180345535278,2888,1208
2011_09_26_drive_0018_sync,0000000269,0,0.5321530699729919,37.98784255981445,-2.742302656173706,-0.1222994327545166,True,23,0.6195126175880432,0.7712008357048035,0.16665713489055634,37.88288879394531,-2.6177940368652344,-0.08684653043746948,3060,1036
2011_09_26_drive_0018_sync,0000000269,1,0.6247091889381409,21.42947006225586,18.401193618774414,-0.8678249716758728,True,94,0.29626715183258057,0.7863653302192688,0.1685919165611267,21.594701766967773,18.415592193603516,-0.8375859260559082,3060,1036
